Id,Sales
1,4258.01
2,7713.83
3,8775.7
4,6775.37
5,6492.47
6,5750.74
7,8081.26
8,8166.45
9,5893.82
10,5618.79
11,6697.37
12,8164.99
13,7085.36
14,9819.98
15,5575.57
16,5482.55
17,5914.54
18,9142.95
19,10475.31
20,10046.49
21,7525.08
22,5451.66
23,6102.5
24,5085.49
25,7219.65
26,10191.3
27,10510.47
28,5907.65
29,5034.68
30,4876.01
31,7103.1
32,10362.04
33,7432.86
34,5236.61
35,6754.91
36,7665.09
37,3761.96
38,7129.66
39,4266.29
40,8089.47
41,7578.03
42,5323.95
43,7814.84
44,7863.58
45,4628.76
46,6161.92
47,7396.25
48,11868.0
49,5881.82
50,7976.52
51,7262.22
52,9555.59
53,6052.75
54,9512.42
55,5861.51
56,4779.22
57,6079.65
58,5712.85
59,8332.78
60,7950.7
61,5560.27
62,7639.67
63,8034.1
64,10443.08
65,3796.01
66,12841.3
67,4950.37
68,6508.89
69,8538.14
70,5942.12
71,6201.73
72,6309.61
73,7421.81
74,5339.35
75,5776.33
76,8333.12
77,7363.03
78,7372.82
79,5006.91
80,7113.76
81,7989.75
82,6260.49
83,4501.15
84,7139.87
85,5933.24
86,7222.44
87,7411.96
88,3925.9
89,7490.09
90,6143.77
91,7225.81
92,6974.43
93,3904.14
94,5782.05
95,5798.71
96,7552.82
97,11092.72
98,5316.53
99,4714.48
100,7660.91
101,6128.89
102,7235.24
103,9685.95
104,7839.98
105,7715.18
106,5828.7
107,4344.94
108,7697.48
109,9633.63
110,9013.63
111,8300.39
112,7973.2
113,6228.68
114,8341.53
115,5629.85
116,8132.5
117,8887.05
118,8080.28
119,10027.12
120,7524.12
121,8772.05
122,6085.08
123,7056.83
124,8632.36
125,6489.18
126,4343.02
127,5528.6
128,7621.73
129,5554.31
130,4876.23
131,8279.19
132,7230.89
133,6018.74
134,5946.52
135,5255.26
136,7407.84
137,6975.22
138,8019.19
139,5538.66
140,5450.24
141,6518.94
142,4270.45
143,6124.38
144,4956.28
145,8866.52
146,6924.04
147,6415.79
148,5745.92
149,5199.98
150,5295.62
151,10262.26
152,6735.35
153,8346.91
154,7645.61
155,6100.45
156,6223.34
157,5909.73
158,7913.49
159,12003.27
160,6183.89
161,3130.73
162,4971.28
163,8760.19
164,8918.32
165,7675.61
166,7640.22
167,5585.02
168,5918.0
169,3277.87
170,5092.85
171,5753.64
172,6844.64
173,7350.93
174,8708.73
175,7914.46
176,9051.6
177,7218.28
178,5957.05
179,9239.27
180,10768.88
181,6558.2
182,8051.96
183,4969.24
184,6332.54
185,4160.95
186,8755.08
187,5410.32
188,9410.55
189,7246.13
190,8850.81
191,7934.32
192,5224.71
193,8836.6
194,18074.23
195,10533.55
196,5525.88
197,2832.94
198,5976.22
199,9875.55
200,5350.63
201,12221.86
202,17833.81
203,3803.17
204,5036.82
205,10849.34
206,5109.8
207,9548.96
208,6939.71
209,6957.62
210,3902.53
211,8347.1
212,6262.31
213,7056.91
214,6933.67
215,6029.51
216,5997.5
217,7560.84
218,5939.52
219,5036.42
220,8762.15
221,6642.69
222,5966.03
223,7554.26
224,6238.8
225,5613.74
226,7072.19
227,6873.67
228,10848.95
229,7068.71
230,7647.65
231,5849.79
232,3978.47
233,7632.49
234,7399.96
235,5547.28
236,4624.63
237,8681.78
238,7842.35
239,8593.61
240,6849.08
241,5886.42
242,5628.11
243,4395.95
244,9293.41
245,6185.24
246,7798.15
247,15271.62
248,6970.48
249,8426.01
250,5516.42
251,4881.51
252,6823.2
253,4336.81
254,5691.26
255,10903.25
256,5358.03
257,16247.77
258,13575.81
259,4608.78
260,6843.12
261,6350.14
262,6615.92
263,5763.53
264,5513.26
265,7603.71
266,9426.79
267,5162.25
268,7063.36
269,4897.7
270,10027.21
271,7087.69
272,5975.84
273,6144.26
274,5590.48
275,7809.57
276,10256.45
277,5645.17
278,10144.23
279,6363.52
280,11189.04
281,5544.74
282,6390.35
283,5491.92
284,9811.19
285,6520.78
286,7627.24
287,6534.05
288,8545.58
289,4469.41
290,8039.63
291,6859.14
292,4046.51
293,14384.24
294,18213.89
295,8865.72
296,6918.45
297,9135.22
298,10217.44
299,11052.64
300,5734.75
301,7578.79
302,5534.93
303,8035.22
304,3932.87
305,5710.48
306,5614.87
307,6387.9
308,7117.54
309,5083.27
310,5069.38
311,6688.68
312,4872.97
313,4494.92
314,5743.94
315,6452.0
316,8408.47
317,8450.29
318,8762.99
319,6069.42
320,6229.91
321,11500.73
322,8299.13
323,5044.43
324,6501.17
325,7663.64
326,4466.24
327,6497.65
328,3577.57
329,4755.18
330,8938.36
331,7775.79
332,9079.98
333,9558.43
334,9450.67
335,11575.4
336,5917.72
337,11701.05
338,2803.11
339,5190.48
340,6593.3
341,4281.8
342,8257.37
343,5346.84
344,4946.3
345,8131.8
346,11639.25
347,9558.2
348,5685.92
349,5155.15
350,7983.31
351,7172.96
352,6293.78
353,6980.81
354,7088.13
355,10112.49
356,4232.27
357,6449.28
358,7335.81
359,7997.82
360,13278.87
361,5103.11
362,14777.31
363,8433.72
364,4750.64
365,3978.3
366,6047.19
367,7750.77
368,5241.19
369,7401.67
370,7163.12
371,4613.25
372,7260.76
373,3438.31
374,8867.16
375,7014.54
376,8994.23
377,8188.8
378,5114.06
379,9104.21
380,6812.92
381,4893.61
382,7520.7
383,6194.86
384,10848.86
385,6300.85
386,4721.04
387,7695.08
388,8155.11
389,7065.49
390,6474.63
391,8313.81
392,5409.15
393,5586.31
394,6856.59
395,8379.38
396,6068.87
397,5961.7
398,6457.19
399,4943.69
400,3664.52
401,5703.58
402,10358.57
403,8649.77
404,10632.57
405,11442.26
406,7985.99
407,6151.62
408,4782.03
409,9754.34
410,9925.82
411,8783.75
412,8805.96
413,7915.71
414,6018.91
415,3695.9
416,11084.07
417,5268.72
418,6051.43
419,7804.03
420,3231.43
421,11605.18
422,5222.95
423,5048.49
424,4816.7
425,6113.36
426,6534.39
427,9190.64
428,6369.59
429,4780.75
430,6280.91
431,4237.63
432,3649.23
433,6979.58
434,16619.24
435,5573.35
436,5369.62
437,6776.25
438,5196.95
439,5643.42
440,4977.39
441,3991.8
442,8733.79
443,6893.72
444,4473.35
445,7994.83
446,5759.29
447,4630.59
448,8053.6
449,8380.22
450,9707.69
451,5590.26
452,7184.6
453,4866.0
454,5085.99
455,14626.25
456,6703.64
457,6380.8
458,5823.54
459,4765.18
460,5955.92
461,5488.06
462,11786.97
463,4980.67
464,6527.78
465,6729.35
466,4641.06
467,6342.51
468,7535.94
469,9821.01
470,7127.54
471,4056.88
472,6205.83
473,6391.92
474,9187.66
475,8616.04
476,6391.92
477,5448.47
478,6438.69
479,6065.99
480,0.0
481,7197.3
482,7343.08
483,6377.96
484,6032.0
485,6466.18
486,10522.53
487,5469.21
488,6258.56
489,7982.71
490,6759.72
491,12220.66
492,7614.98
493,4803.99
494,12253.26
495,6650.23
496,3394.3
497,7936.73
498,14444.61
499,10183.94
500,5841.01
501,5985.75
502,6740.9
503,7256.7
504,5431.65
505,8672.14
506,3689.24
507,6179.71
508,6497.72
509,5596.0
510,5404.61
511,7047.31
512,8632.11
513,4800.75
514,8745.77
515,6762.37
516,8652.78
517,5999.49
518,7495.88
519,6478.38
520,7714.66
521,8019.46
522,5602.17
523,7935.48
524,10138.97
525,7343.47
526,4039.07
527,3763.38
528,8098.5
529,6308.43
530,8141.67
531,7093.77
532,5739.36
533,8484.24
534,6833.0
535,6864.96
536,8849.61
537,5847.46
538,8366.01
539,10533.46
540,7808.53
541,4802.43
542,7487.83
543,5539.67
544,0.0
545,8428.71
546,7265.89
547,8634.55
548,6124.48
549,9099.44
550,7254.2
551,10577.68
552,4766.91
553,6727.46
554,6126.08
555,8168.03
556,7171.66
557,7061.03
558,7420.46
559,10463.44
560,7212.78
561,6959.33
562,5587.47
563,4837.82
564,5091.88
565,10017.51
566,9497.47
567,6650.86
568,15382.31
569,6315.17
570,6887.31
571,6154.91
572,7803.75
573,8455.5
574,6751.26
575,8053.97
576,7658.42
577,8639.16
578,6997.82
579,6063.07
580,5817.19
581,6436.85
582,4211.63
583,5340.01
584,8371.84
585,15829.55
586,6643.91
587,5112.4
588,6738.51
589,4201.48
590,6171.77
591,4243.98
592,8643.37
593,6230.96
594,6053.87
595,13279.54
596,11034.29
597,6760.35
598,8396.61
599,3932.17
600,6136.31
601,5281.91
602,4961.89
603,4841.4
604,3973.46
605,6560.47
606,5691.16
607,8678.01
608,6678.28
609,3459.32
610,7054.57
611,7726.45
612,7951.15
613,4932.71
614,4398.82
615,7967.74
616,5763.63
617,9144.17
618,4765.77
619,4943.86
620,6967.56
621,5655.02
622,3919.91
623,6496.27
624,8387.54
625,9446.16
626,8969.6
627,5856.82
628,4144.52
629,5617.2
630,8961.42
631,4865.12
632,6706.85
633,6230.07
634,13804.81
635,7507.06
636,6271.43
637,8173.36
638,4840.31
639,8569.71
640,6429.34
641,12966.08
642,6207.23
643,5239.94
644,4958.37
645,4390.82
646,7574.63
647,10607.37
648,4306.17
649,5101.08
650,10332.51
651,6484.36
652,7063.19
653,7978.13
654,6070.72
655,8462.6
656,4950.15
657,9182.01
658,5757.26
659,7202.96
660,6993.22
661,4185.08
662,7424.97
663,5476.48
664,3831.21
665,8254.52
666,8274.93
667,4420.63
668,7271.03
669,7149.18
670,4577.88
671,8882.45
672,6245.7
673,8964.93
674,5029.56
675,5151.47
676,6227.03
677,0.0
678,7448.77
679,4515.11
680,6095.91
681,4430.79
682,8954.95
683,6253.3
684,6739.12
685,6958.76
686,7806.86
687,7223.98
688,7377.72
689,6826.67
690,8563.99
691,9061.09
692,6703.07
693,3518.96
694,5730.11
695,7199.09
696,5143.27
697,6396.76
698,5863.35
699,6619.49
700,11069.11
701,6440.99
702,4416.78
703,12873.39
704,9968.25
705,5505.56
706,9063.34
707,10238.8
708,9278.47
709,5387.14
710,6539.68
711,6694.84
712,6841.38
713,6945.46
714,4786.47
715,6181.64
716,7465.14
717,7394.39
718,7670.49
719,6003.67
720,7024.27
721,4833.8
722,8474.91
723,7114.95
724,6783.21
725,6361.79
726,6839.24
727,9632.38
728,5621.92
729,5935.12
730,6634.83
731,7222.32
732,6849.31
733,4730.39
734,3995.83
735,7708.38
736,6592.1
737,5670.87
738,7830.12
739,7856.5
740,6596.26
741,5270.44
742,3887.21
743,7228.12
744,6084.36
745,6184.87
746,9988.01
747,8788.31
748,4492.27
749,9308.98
750,4056.33
751,3468.48
752,7370.34
753,12378.3
754,8227.37
755,6766.79
756,6165.46
757,6607.81
758,9302.86
759,6002.69
760,7655.55
761,5708.27
762,4610.67
763,5294.08
764,5314.07
765,5714.73
766,4704.68
767,4932.08
768,4129.51
769,7676.09
770,6929.69
771,6209.91
772,6186.49
773,6949.28
774,5600.99
775,5691.78
776,8615.43
777,8170.95
778,8294.97
779,4106.01
780,13585.33
781,6623.26
782,5723.29
783,10590.77
784,8544.0
785,7394.07
786,5896.34
787,7264.4
788,9276.41
789,15556.52
790,4901.97
791,4901.48
792,5610.67
793,6913.45
794,7697.01
795,7716.72
796,8822.72
797,7180.71
798,4365.79
799,6474.52
800,7889.22
801,4794.85
802,6689.56
803,4413.42
804,7484.65
805,7976.56
806,7221.26
807,10222.85
808,6265.61
809,5865.67
810,6560.69
811,6968.71
812,8343.5
813,7113.88
814,7411.16
815,6480.65
816,4399.53
817,9344.53
818,5016.44
819,10694.71
820,5568.42
821,4245.78
822,6852.34
823,6404.8
824,7458.8
825,7221.0
826,3798.39
827,4534.54
828,7363.51
829,8901.82
830,8868.38
831,5029.25
832,6223.78
833,6786.92
834,6195.14
835,5848.54
836,9178.67
837,8666.92
838,12480.09
839,4889.16
840,5715.33
841,0.0
842,8531.57
843,5580.12
844,10677.66
845,7081.04
846,5189.64
847,6398.31
848,4670.5
849,5281.22
850,6861.54
851,5784.77
852,5016.22
853,8601.51
854,7080.03
855,19336.1
856,6527.42
857,4792.8
858,8054.61
859,9057.06
860,6233.71
861,6773.86
862,5811.61
863,9231.36
864,8841.95
865,6211.2
866,5512.92
867,7112.32
868,8715.06
869,7028.9
870,9232.62
871,5779.8
872,5275.84
873,5762.17
874,9526.4
875,10604.51
876,10710.48
877,7694.0
878,5049.24
879,6344.89
880,5272.05
881,7279.48
882,10186.38
883,10438.44
884,5976.35
885,5270.22
886,4833.3
887,7056.45
888,11518.79
889,7047.58
890,5259.43
891,6973.3
892,8449.92
893,3828.48
894,7605.84
895,4351.16
896,7889.59
897,7942.91
898,5535.13
899,7417.41
900,7653.43
901,5342.5
902,6418.85
903,7218.18
904,10770.74
905,5632.16
906,8321.69
907,7845.77
908,9583.62
909,6637.02
910,9717.5
911,5992.58
912,4720.57
913,6695.75
914,5887.23
915,8093.63
916,7716.9
917,5795.66
918,7430.46
919,7842.78
920,9383.71
921,3903.77
922,14363.39
923,5452.2
924,6871.09
925,8960.22
926,6310.24
927,5878.67
928,6387.18
929,7429.05
930,5280.13
931,6151.74
932,8122.73
933,7658.73
934,7743.37
935,4976.75
936,6994.19
937,7230.72
938,6423.72
939,4750.52
940,6403.61
941,6040.38
942,6537.93
943,8080.06
944,4077.73
945,8133.96
946,6838.39
947,7260.98
948,7760.07
949,4389.33
950,5982.91
951,6428.95
952,7941.24
953,11357.51
954,5083.96
955,4678.98
956,7946.77
957,6185.97
958,7629.49
959,9550.83
960,8087.52
961,7900.15
962,5828.76
963,4396.57
964,7414.56
965,9532.75
966,9271.38
967,8440.91
968,8191.0
969,6576.83
970,8665.44
971,6518.28
972,8485.27
973,9121.02
974,8219.11
975,10630.68
976,7740.97
977,8861.6
978,5933.24
979,6937.9
980,8484.02
981,6636.23
982,5033.89
983,5734.05
984,8106.99
985,6105.2
986,5425.8
987,8501.81
988,7376.72
989,6646.4
990,6130.09
991,5738.43
992,7629.53
993,7344.56
994,8064.74
995,5315.54
996,5951.49
997,6328.33
998,4497.27
999,6215.11
1000,4655.81
1001,9062.94
1002,8012.63
1003,7224.17
1004,5679.15
1005,6779.25
1006,5217.09
1007,10674.49
1008,7737.63
1009,8461.59
1010,7999.09
1011,4877.76
1012,5932.73
1013,5891.19
1014,7313.26
1015,12545.67
1016,5572.1
1017,3267.8
1018,5802.88
1019,9278.63
1020,8880.06
1021,8144.75
1022,7605.48
1023,4900.63
1024,5894.43
1025,3671.27
1026,5179.92
1027,5939.48
1028,7562.61
1029,7589.71
1030,8079.92
1031,8181.61
1032,8853.06
1033,7629.52
1034,6417.77
1035,9423.16
1036,11590.31
1037,6193.68
1038,8285.89
1039,4933.91
1040,6295.58
1041,4376.13
1042,9131.24
1043,5558.61
1044,10036.36
1045,7447.5
1046,8702.12
1047,8516.99
1048,5233.12
1049,9123.16
1050,18442.8
1051,11334.08
1052,5729.27
1053,2816.31
1054,6042.72
1055,9626.88
1056,5734.14
1057,12525.74
1058,17564.16
1059,3840.57
1060,5250.37
1061,8431.21
1062,6225.67
1063,10219.69
1064,7207.27
1065,7416.38
1066,3507.11
1067,8959.47
1068,6208.89
1069,7355.14
1070,6969.98
1071,5990.33
1072,5919.34
1073,7848.84
1074,6529.69
1075,5668.6
1076,8597.77
1077,7145.4
1078,5830.0
1079,7491.66
1080,6554.57
1081,5953.26
1082,8007.49
1083,7957.97
1084,11252.34
1085,7297.54
1086,7540.76
1087,5891.33
1088,4127.79
1089,13004.33
1090,9274.47
1091,5580.65
1092,4784.68
1093,9159.62
1094,7123.39
1095,9162.46
1096,7249.83
1097,5713.87
1098,5483.41
1099,4486.76
1100,9504.03
1101,5643.73
1102,8324.69
1103,15504.88
1104,7405.5
1105,6309.19
1106,4966.93
1107,4970.17
1108,6803.79
1109,4201.26
1110,5681.84
1111,10726.4
1112,5332.23
1113,16114.84
1114,14886.22
1115,4500.09
1116,7160.75
1117,6322.59
1118,6910.08
1119,5834.9
1120,5336.75
1121,7348.32
1122,9410.1
1123,5405.3
1124,7304.16
1125,4614.23
1126,10206.91
1127,6861.6
1128,5787.27
1129,6289.06
1130,5519.55
1131,8208.11
1132,9606.66
1133,5685.55
1134,10331.13
1135,6258.2
1136,11282.58
1137,5692.22
1138,6513.45
1139,5781.23
1140,10574.67
1141,6802.85
1142,7050.82
1143,7150.35
1144,8862.72
1145,4553.97
1146,8086.09
1147,6851.92
1148,4400.69
1149,15905.54
1150,17739.69
1151,9327.79
1152,7209.67
1153,9053.22
1154,10404.6
1155,11399.18
1156,5844.58
1157,7644.04
1158,5627.45
1159,8435.59
1160,4004.68
1161,6058.37
1162,6148.96
1163,6409.95
1164,7540.56
1165,5438.57
1166,5172.34
1167,6511.05
1168,4715.71
1169,4425.83
1170,5877.18
1171,7297.33
1172,9213.03
1173,9235.61
1174,8622.5
1175,5792.04
1176,6256.51
1177,11279.53
1178,8610.49
1179,5379.29
1180,6724.07
1181,8049.59
1182,4694.62
1183,6902.8
1184,3665.64
1185,5629.64
1186,8677.71
1187,7677.9
1188,8558.95
1189,8988.68
1190,8822.98
1191,12539.67
1192,6198.54
1193,11099.77
1194,3088.54
1195,5533.77
1196,6773.2
1197,4279.45
1198,8716.48
1199,5580.6
1200,5136.69
1201,8736.52
1202,12052.15
1203,7935.99
1204,5791.76
1205,5351.16
1206,9482.43
1207,7998.49
1208,6312.2
1209,7626.36
1210,7252.91
1211,10779.7
1212,4970.34
1213,6628.96
1214,8066.47
1215,9001.81
1216,13617.77
1217,5661.91
1218,15451.47
1219,8467.11
1220,5302.48
1221,3254.53
1222,6321.95
1223,7474.97
1224,5948.62
1225,6921.41
1226,7046.69
1227,4290.24
1228,7144.34
1229,3831.32
1230,8645.91
1231,7186.04
1232,8969.45
1233,8739.94
1234,4906.96
1235,9581.49
1236,7190.27
1237,5632.68
1238,6782.41
1239,7091.76
1240,11042.58
1241,6518.93
1242,5262.99
1243,8566.46
1244,8399.55
1245,6658.23
1246,6816.33
1247,8908.16
1248,5410.04
1249,5502.37
1250,6862.38
1251,7931.38
1252,5946.08
1253,6105.0
1254,6074.64
1255,4973.41
1256,3936.93
1257,5308.93
1258,10283.72
1259,8372.4
1260,11154.7
1261,11848.14
1262,8013.25
1263,6504.52
1264,5016.79
1265,10013.38
1266,9870.55
1267,8759.09
1268,8773.01
1269,7980.65
1270,6107.17
1271,4026.0
1272,12652.57
1273,5508.73
1274,6247.27
1275,7483.59
1276,3462.09
1277,11759.61
1278,5471.32
1279,5264.59
1280,4746.86
1281,6270.84
1282,6651.76
1283,9975.24
1284,6342.29
1285,4764.53
1286,6408.69
1287,5019.89
1288,3440.5
1289,7075.39
1290,17784.64
1291,5381.63
1292,5207.81
1293,7256.75
1294,5302.36
1295,5841.24
1296,4554.19
1297,4304.18
1298,8419.44
1299,6867.78
1300,5002.14
1301,8623.06
1302,6680.1
1303,4856.44
1304,8318.5
1305,8698.66
1306,10244.87
1307,6377.29
1308,7222.93
1309,4861.55
1310,4992.4
1311,16497.06
1312,6479.22
1313,6086.97
1314,5915.33
1315,4812.02
1316,6136.1
1317,4304.59
1318,9666.52
1319,5417.13
1320,6751.35
1321,7143.44
1322,4982.02
1323,6555.9
1324,7510.68
1325,9685.06
1326,7166.99
1327,3999.64
1328,6386.93
1329,6960.93
1330,9745.83
1331,8510.35
1332,6933.71
1333,5652.23
1334,6990.81
1335,6559.3
1336,0.0
1337,7366.82
1338,7175.07
1339,6710.74
1340,6360.51
1341,6807.81
1342,10524.27
1343,5674.2
1344,6246.27
1345,7892.65
1346,6423.27
1347,11714.3
1348,7606.12
1349,5024.02
1350,11789.06
1351,6081.03
1352,3769.09
1353,8802.71
1354,15294.15
1355,10618.15
1356,5843.56
1357,5697.6
1358,7139.71
1359,7626.36
1360,5595.55
1361,8661.41
1362,3563.47
1363,6623.67
1364,6636.09
1365,6195.69
1366,5359.41
1367,7460.97
1368,9618.25
1369,5047.04
1370,9307.84
1371,6922.29
1372,9129.52
1373,6002.42
1374,8197.72
1375,6632.54
1376,7774.56
1377,8951.02
1378,3824.89
1379,7924.52
1380,10137.35
1381,7271.93
1382,4475.05
1383,3682.64
1384,8389.79
1385,6899.82
1386,8427.54
1387,6796.92
1388,5717.26
1389,8125.71
1390,6967.53
1391,6642.79
1392,8936.62
1393,5739.73
1394,8581.94
1395,10474.45
1396,8183.85
1397,4877.16
1398,7655.08
1399,5488.86
1400,0.0
1401,8427.31
1402,7095.62
1403,8931.3
1404,6320.75
1405,9060.95
1406,8045.56
1407,12337.65
1408,4772.97
1409,6609.8
1410,6151.1
1411,8684.19
1412,7257.94
1413,7538.85
1414,7713.66
1415,10800.81
1416,7194.89
1417,6749.81
1418,5440.38
1419,4805.36
1420,4605.73
1421,10415.59
1422,10086.16
1423,6816.72
1424,15233.95
1425,6251.41
1426,7208.56
1427,6327.52
1428,8076.82
1429,8682.67
1430,6835.03
1431,7939.84
1432,8093.94
1433,8879.06
1434,6505.12
1435,5559.91
1436,5717.68
1437,6399.99
1438,4337.11
1439,5518.29
1440,8645.81
1441,16309.24
1442,6899.08
1443,5162.9
1444,7646.84
1445,4304.35
1446,6087.57
1447,4027.24
1448,9374.12
1449,6200.47
1450,6467.44
1451,13414.12
1452,11075.14
1453,6773.06
1454,7992.26
1455,3673.43
1456,6288.82
1457,5825.72
1458,4937.33
1459,4648.71
1460,3956.06
1461,6656.23
1462,5824.61
1463,8920.46
1464,6367.57
1465,3360.32
1466,6920.97
1467,7885.08
1468,8090.9
1469,5297.46
1470,4637.63
1471,7835.89
1472,5891.74
1473,9169.53
1474,4383.54
1475,4903.88
1476,7051.18
1477,5870.93
1478,3830.95
1479,6721.83
1480,8852.05
1481,9560.3
1482,10293.58
1483,5515.85
1484,4198.96
1485,5877.9
1486,9237.2
1487,4704.08
1488,6687.41
1489,6532.58
1490,14151.17
1491,8797.98
1492,6523.5
1493,8083.03
1494,5185.02
1495,8244.31
1496,6880.92
1497,13775.62
1498,6044.9
1499,5645.94
1500,5087.01
1501,4206.06
1502,8170.82
1503,10957.69
1504,5015.97
1505,4723.0
1506,9893.32
1507,6671.32
1508,7409.12
1509,7841.87
1510,5966.89
1511,8653.3
1512,5011.89
1513,9403.48
1514,5884.97
1515,7435.9
1516,7995.68
1517,5109.79
1518,8337.53
1519,5801.14
1520,3721.78
1521,9319.43
1522,9018.82
1523,4955.11
1524,6934.22
1525,6961.33
1526,4681.6
1527,9156.7
1528,5916.76
1529,8589.73
1530,4790.06
1531,5204.66
1532,7406.93
1533,0.0
1534,7490.43
1535,4987.49
1536,6053.25
1537,4593.51
1538,9217.15
1539,6282.94
1540,6761.96
1541,6904.77
1542,7463.92
1543,6894.7
1544,7750.99
1545,7969.44
1546,9549.87
1547,9348.94
1548,6904.79
1549,3412.67
1550,6664.82
1551,7410.54
1552,6317.92
1553,6269.17
1554,5885.37
1555,6473.14
1556,11168.35
1557,6320.36
1558,4433.66
1559,13174.33
1560,10170.31
1561,5695.82
1562,9671.5
1563,9680.61
1564,8927.82
1565,5543.5
1566,6729.16
1567,6753.67
1568,6704.67
1569,6990.36
1570,5090.19
1571,6748.61
1572,7421.23
1573,7621.91
1574,8332.21
1575,6230.36
1576,7140.19
1577,4152.68
1578,8535.14
1579,7308.95
1580,5984.47
1581,6591.8
1582,6875.67
1583,9702.37
1584,5739.35
1585,6045.66
1586,6264.69
1587,7289.36
1588,7379.87
1589,5060.8
1590,4283.6
1591,9240.37
1592,6631.71
1593,5843.66
1594,7966.27
1595,7989.55
1596,8102.42
1597,4916.82
1598,3940.48
1599,7123.61
1600,6193.13
1601,6352.97
1602,10925.82
1603,9880.33
1604,4657.23
1605,8211.69
1606,4296.74
1607,3433.25
1608,7601.6
1609,14866.04
1610,7640.29
1611,6861.37
1612,5657.84
1613,7300.49
1614,9611.86
1615,6361.81
1616,7637.15
1617,6395.95
1618,4798.01
1619,5584.74
1620,5309.7
1621,5924.73
1622,4825.97
1623,4953.79
1624,4293.11
1625,7834.15
1626,7214.85
1627,6522.99
1628,6128.1
1629,7190.07
1630,6166.82
1631,6125.68
1632,8731.38
1633,8718.31
1634,8321.21
1635,4385.62
1636,13754.87
1637,6177.51
1638,5903.62
1639,11466.69
1640,9080.94
1641,7666.24
1642,5719.07
1643,7292.48
1644,9810.99
1645,16152.18
1646,5336.94
1647,5168.72
1648,4953.3
1649,6617.9
1650,7619.78
1651,8018.78
1652,8729.85
1653,7233.84
1654,4172.44
1655,6594.25
1656,7792.21
1657,4907.96
1658,6847.41
1659,4564.55
1660,7610.25
1661,8227.29
1662,7217.43
1663,10895.44
1664,6723.71
1665,5580.8
1666,6219.35
1667,6925.97
1668,8525.54
1669,6773.59
1670,6985.48
1671,6538.62
1672,4502.16
1673,9259.83
1674,5056.43
1675,10196.98
1676,5665.26
1677,4932.12
1678,7248.35
1679,6198.94
1680,7705.3
1681,7991.26
1682,3875.76
1683,4821.19
1684,8127.12
1685,9461.49
1686,10213.55
1687,5786.01
1688,6092.9
1689,6902.07
1690,6276.67
1691,5542.9
1692,9316.18
1693,8933.88
1694,12535.08
1695,5131.34
1696,5803.9
1697,0.0
1698,7928.04
1699,5621.39
1700,10604.08
1701,7543.66
1702,5252.3
1703,6296.59
1704,5004.32
1705,5395.3
1706,7133.16
1707,5943.59
1708,5084.65
1709,9002.77
1710,6964.55
1711,19608.81
1712,6587.74
1713,5042.24
1714,8774.52
1715,11339.51
1716,7008.36
1717,7714.77
1718,6333.72
1719,8647.6
1720,8799.39
1721,6352.3
1722,6222.11
1723,6992.07
1724,9391.89
1725,8052.13
1726,7172.39
1727,6767.18
1728,5861.54
1729,6604.72
1730,10342.55
1731,11043.7
1732,12086.67
1733,8530.26
1734,6321.25
1735,6465.69
1736,5469.26
1737,8731.77
1738,10887.12
1739,8993.45
1740,7058.95
1741,5693.64
1742,5938.21
1743,9354.7
1744,11021.17
1745,7705.97
1746,5324.76
1747,6310.57
1748,8215.97
1749,4234.72
1750,8266.13
1751,4722.1
1752,6567.93
1753,7017.16
1754,6055.34
1755,7875.71
1756,7144.22
1757,5553.88
1758,7786.58
1759,7441.2
1760,11376.6
1761,6220.04
1762,9095.63
1763,7875.36
1764,9780.72
1765,6835.21
1766,11181.3
1767,6271.25
1768,5591.81
1769,7193.42
1770,6558.98
1771,8308.37
1772,7776.07
1773,6472.2
1774,7448.76
1775,6673.87
1776,11545.84
1777,4526.15
1778,14001.9
1779,6018.64
1780,6838.72
1781,9606.48
1782,6745.84
1783,6461.94
1784,7301.9
1785,7718.75
1786,5889.21
1787,6069.18
1788,7340.2
1789,7813.82
1790,8789.18
1791,5434.3
1792,7682.24
1793,7574.88
1794,7190.95
1795,5255.74
1796,6861.0
1797,6050.85
1798,6749.59
1799,8215.99
1800,4548.0
1801,8350.09
1802,6940.6
1803,7472.55
1804,8281.89
1805,5426.77
1806,6375.29
1807,6342.24
1808,8460.75
1809,11827.59
1810,5526.74
1811,4787.7
1812,8140.89
1813,6195.79
1814,8393.36
1815,10168.34
1816,7816.16
1817,8621.04
1818,6661.26
1819,4696.75
1820,8081.21
1821,9228.64
1822,10436.63
1823,8438.4
1824,8233.5
1825,7915.12
1826,8563.17
1827,6700.02
1828,9403.58
1829,9767.07
1830,8302.75
1831,11811.85
1832,8316.98
1833,7178.02
1834,7009.97
1835,7334.25
1836,8281.23
1837,7626.78
1838,4673.67
1839,6121.36
1840,8810.82
1841,7204.08
1842,5785.9
1843,10728.38
1844,7289.02
1845,6337.34
1846,6869.02
1847,5877.06
1848,8934.74
1849,7972.86
1850,8899.63
1851,6433.48
1852,6182.76
1853,6821.8
1854,4508.86
1855,7646.08
1856,5963.6
1857,8720.66
1858,8515.08
1859,6616.75
1860,6515.49
1861,6528.51
1862,5860.57
1863,11783.65
1864,7141.27
1865,8498.51
1866,8621.81
1867,5339.35
1868,6708.13
1869,6142.16
1870,8502.01
1871,13472.27
1872,7377.09
1873,4213.01
1874,5214.25
1875,9862.31
1876,9345.03
1877,9052.12
1878,8611.82
1879,5874.74
1880,6168.02
1881,3557.1
1882,5856.12
1883,6478.03
1884,7590.44
1885,8183.92
1886,7140.3
1887,7753.59
1888,9257.07
1889,8292.35
1890,6386.43
1891,10548.75
1892,11555.24
1893,7673.51
1894,9167.28
1895,5433.28
1896,6812.47
1897,5021.18
1898,10019.14
1899,6154.23
1900,10498.1
1901,7467.62
1902,8499.32
1903,9589.39
1904,6179.31
1905,9341.58
1906,20132.19
1907,10584.81
1908,6966.94
1909,3869.65
1910,6490.22
1911,11097.29
1912,6082.75
1913,12564.44
1914,18550.45
1915,4104.55
1916,6118.99
1917,7917.45
1918,6009.63
1919,11410.27
1920,8290.64
1921,8327.75
1922,3564.79
1923,7273.27
1924,6595.14
1925,8210.6
1926,7177.88
1927,6261.55
1928,5952.96
1929,7555.37
1930,6698.37
1931,5563.33
1932,7682.17
1933,6799.57
1934,6800.61
1935,8777.65
1936,7223.05
1937,6371.5
1938,8592.11
1939,8532.48
1940,8928.72
1941,6927.66
1942,8744.16
1943,6250.51
1944,4616.14
1945,14086.92
1946,10410.04
1947,6231.32
1948,5504.49
1949,11075.57
1950,7843.53
1951,10226.38
1952,8230.38
1953,7020.04
1954,5985.33
1955,4759.79
1956,10086.18
1957,9209.6
1958,8753.99
1959,16609.1
1960,7467.36
1961,7140.04
1962,5299.1
1963,5320.95
1964,7448.63
1965,4564.79
1966,6269.97
1967,11413.68
1968,5736.28
1969,17987.64
1970,17187.52
1971,5084.97
1972,7884.67
1973,7049.65
1974,7149.29
1975,6388.29
1976,5837.28
1977,7618.93
1978,10773.19
1979,5585.27
1980,7827.68
1981,5394.8
1982,9895.53
1983,7093.72
1984,7058.3
1985,6593.23
1986,5610.33
1987,7997.93
1988,9915.06
1989,6409.93
1990,11242.77
1991,6052.16
1992,9845.98
1993,6352.19
1994,7530.8
1995,6325.18
1996,11689.19
1997,6936.05
1998,6971.09
1999,7459.48
2000,9024.23
2001,5566.87
2002,10330.76
2003,8070.25
2004,4635.34
2005,14994.78
2006,17919.76
2007,7973.2
2008,7453.08
2009,9768.93
2010,12017.0
2011,12275.28
2012,6978.75
2013,8544.94
2014,6254.8
2015,8723.72
2016,4702.38
2017,7209.4
2018,6261.25
2019,6109.94
2020,8355.28
2021,6072.93
2022,6035.2
2023,6653.79
2024,4590.16
2025,5174.02
2026,6940.3
2027,6631.24
2028,8888.76
2029,8865.2
2030,8813.21
2031,5939.3
2032,5949.41
2033,12224.33
2034,9439.32
2035,5981.88
2036,6660.78
2037,7510.23
2038,4979.52
2039,7204.51
2040,4334.26
2041,5981.24
2042,9343.12
2043,5898.1
2044,7898.08
2045,8692.6
2046,8719.86
2047,12719.67
2048,7268.79
2049,10625.53
2050,3389.51
2051,5551.31
2052,6147.99
2053,5319.87
2054,8734.2
2055,5989.35
2056,5638.87
2057,9679.86
2058,12705.64
2059,7959.1
2060,5851.54
2061,6479.55
2062,10058.71
2063,7825.46
2064,7295.86
2065,7048.1
2066,7468.08
2067,11533.14
2068,5005.76
2069,6788.88
2070,7651.6
2071,9607.21
2072,15453.51
2073,5629.45
2074,16295.28
2075,7598.47
2076,5736.3
2077,4002.12
2078,7314.38
2079,6909.79
2080,6011.66
2081,6755.44
2082,7282.26
2083,4888.15
2084,7611.51
2085,4065.45
2086,9061.63
2087,7872.95
2088,9931.74
2089,8842.04
2090,5679.92
2091,10211.87
2092,6956.79
2093,5545.04
2094,7280.22
2095,7403.56
2096,11948.64
2097,6715.83
2098,5559.36
2099,9025.03
2100,8656.18
2101,8107.92
2102,7136.44
2103,9379.91
2104,6085.83
2105,5656.28
2106,6582.36
2107,8592.42
2108,7155.51
2109,7101.01
2110,7651.85
2111,5918.79
2112,4758.03
2113,5403.99
2114,9600.65
2115,9823.28
2116,10891.72
2117,12358.61
2118,8884.91
2119,6537.97
2120,5660.08
2121,10446.35
2122,10814.94
2123,6403.28
2124,9713.9
2125,10278.57
2126,6435.14
2127,4749.46
2128,12277.68
2129,6357.11
2130,7373.34
2131,7914.14
2132,3891.79
2133,12462.59
2134,6051.43
2135,5935.19
2136,4956.25
2137,6124.02
2138,7331.8
2139,10572.14
2140,6202.01
2141,5946.69
2142,6781.6
2143,4590.28
2144,3560.12
2145,7482.49
2146,18063.26
2147,6282.91
2148,5510.61
2149,7496.35
2150,5826.08
2151,6468.9
2152,4934.69
2153,5249.25
2154,8167.24
2155,6997.28
2156,5326.55
2157,8896.88
2158,7630.1
2159,5279.53
2160,9371.21
2161,9070.55
2162,10431.44
2163,7165.4
2164,8997.02
2165,5625.0
2166,5543.99
2167,15711.42
2168,6954.16
2169,6451.05
2170,6398.51
2171,4769.43
2172,6551.14
2173,4853.15
2174,10977.32
2175,5738.36
2176,5806.09
2177,7289.96
2178,5513.59
2179,7846.15
2180,8510.23
2181,7674.29
2182,7305.86
2183,5107.58
2184,6527.7
2185,7246.66
2186,9896.41
2187,9435.99
2188,7247.81
2189,6189.92
2190,7307.99
2191,7069.69
2192,0.0
2193,8312.32
2194,7623.61
2195,7417.95
2196,6596.34
2197,7032.21
2198,8254.24
2199,6735.71
2200,7129.4
2201,8017.38
2202,7795.44
2203,10399.27
2204,8655.27
2205,5760.49
2206,11836.86
2207,7298.91
2208,4507.75
2209,9623.23
2210,7491.33
2211,12317.11
2212,5885.4
2213,6241.75
2214,7332.12
2215,8065.23
2216,7195.38
2217,9396.06
2218,4673.9
2219,7190.38
2220,7061.63
2221,6754.99
2222,5871.77
2223,7984.31
2224,9351.89
2225,5644.31
2226,9748.65
2227,7477.2
2228,9318.57
2229,8459.69
2230,8416.2
2231,6480.28
2232,8389.08
2233,8951.06
2234,4698.28
2235,8172.68
2236,8325.86
2237,7838.04
2238,5164.0
2239,4462.2
2240,8654.86
2241,8142.45
2242,8688.98
2243,7764.04
2244,6853.43
2245,8137.27
2246,8581.3
2247,8642.66
2248,8903.04
2249,6467.56
2250,9256.46
2251,11574.4
2252,8992.62
2253,5601.84
2254,10423.87
2255,5737.01
2256,0.0
2257,10053.42
2258,10142.14
2259,9814.82
2260,8536.85
2261,9199.5
2262,8077.95
2263,12120.32
2264,5019.74
2265,5860.24
2266,6678.74
2267,9840.67
2268,7993.92
2269,7850.85
2270,7714.07
2271,10778.67
2272,7898.22
2273,7118.21
2274,5960.68
2275,5341.82
2276,5299.68
2277,11640.62
2278,11570.55
2279,8052.2
2280,15249.23
2281,7253.74
2282,7947.46
2283,6741.17
2284,8645.46
2285,8862.12
2286,6815.95
2287,9054.97
2288,8411.53
2289,8681.51
2290,7146.9
2291,6261.52
2292,7014.39
2293,6355.76
2294,4703.36
2295,6703.46
2296,9093.67
2297,17527.62
2298,7414.44
2299,5778.22
2300,8530.39
2301,4419.85
2302,6288.24
2303,4031.78
2304,9741.93
2305,6397.49
2306,7584.64
2307,14919.91
2308,11667.88
2309,7576.77
2310,7268.27
2311,4090.21
2312,5980.49
2313,6022.71
2314,6282.62
2315,5991.09
2316,4172.72
2317,7182.53
2318,6094.07
2319,9941.11
2320,7508.18
2321,3452.26
2322,7543.55
2323,8850.28
2324,8677.54
2325,6352.72
2326,5498.17
2327,9023.39
2328,5281.84
2329,9446.57
2330,5148.71
2331,5413.54
2332,7007.96
2333,6007.55
2334,4742.02
2335,6147.81
2336,6648.64
2337,11049.28
2338,11058.96
2339,6108.04
2340,4961.01
2341,6135.88
2342,9957.18
2343,5550.0
2344,7258.78
2345,6900.48
2346,11371.79
2347,8677.95
2348,6655.68
2349,8480.14
2350,4856.48
2351,9735.54
2352,6926.26
2353,15586.3
2354,6807.02
2355,5911.09
2356,5940.12
2357,5138.23
2358,8772.95
2359,11939.76
2360,5092.55
2361,5348.46
2362,12398.41
2363,7318.92
2364,8499.33
2365,7923.16
2366,7155.58
2367,7177.4
2368,5533.08
2369,10702.86
2370,6637.27
2371,7712.92
2372,7590.41
2373,4850.71
2374,7172.85
2375,6194.17
2376,4308.84
2377,10264.36
2378,10144.86
2379,4699.4
2380,6665.11
2381,6841.69
2382,5202.47
2383,9134.89
2384,6075.98
2385,9507.52
2386,5272.17
2387,5948.87
2388,7454.72
2389,0.0
2390,8346.19
2391,5130.28
2392,7051.64
2393,5322.16
2394,8716.52
2395,6683.74
2396,7657.92
2397,7653.77
2398,8133.24
2399,6787.1
2400,8537.26
2401,7414.26
2402,9972.52
2403,10317.51
2404,7453.17
2405,3289.51
2406,6434.32
2407,8308.86
2408,6867.69
2409,8115.36
2410,6385.75
2411,7793.88
2412,14030.88
2413,6938.41
2414,5343.14
2415,12556.57
2416,10952.05
2417,5729.03
2418,11252.37
2419,11058.24
2420,9023.73
2421,6000.89
2422,7709.23
2423,7332.18
2424,6519.24
2425,7461.91
2426,5779.97
2427,7177.99
2428,7877.71
2429,7508.59
2430,8608.56
2431,6542.37
2432,7671.39
2433,4940.49
2434,7647.61
2435,7889.68
2436,6338.44
2437,7716.67
2438,7498.76
2439,11007.96
2440,6383.44
2441,6312.61
2442,6976.16
2443,7605.09
2444,7720.2
2445,4787.61
2446,4883.56
2447,8453.07
2448,6845.31
2449,6405.57
2450,8615.05
2451,8287.09
2452,7687.62
2453,5945.69
2454,4412.42
2455,7741.8
2456,6992.31
2457,8342.59
2458,11878.99
2459,10138.72
2460,5210.74
2461,8899.67
2462,4678.03
2463,4064.79
2464,8186.12
2465,13949.97
2466,8221.0
2467,7999.98
2468,6883.11
2469,8207.87
2470,10846.96
2471,7260.41
2472,8873.87
2473,6661.2
2474,4945.11
2475,5868.22
2476,5496.61
2477,6402.51
2478,5452.51
2479,5402.83
2480,4894.6
2481,7793.9
2482,9282.08
2483,6575.0
2484,6877.63
2485,7277.84
2486,6739.84
2487,6543.77
2488,8223.66
2489,9880.3
2490,7428.8
2491,4728.57
2492,16799.09
2493,6821.5
2494,6706.66
2495,10094.03
2496,9211.64
2497,8541.81
2498,6377.95
2499,8455.65
2500,10868.67
2501,15137.21
2502,6117.11
2503,6514.04
2504,6070.54
2505,7105.69
2506,6466.77
2507,7966.09
2508,10315.38
2509,7780.17
2510,4874.2
2511,7611.25
2512,8263.63
2513,5580.07
2514,7636.79
2515,4500.87
2516,7984.26
2517,8813.52
2518,7805.31
2519,11628.23
2520,7280.49
2521,6069.31
2522,6571.92
2523,9136.37
2524,8957.87
2525,7764.0
2526,7628.09
2527,7233.38
2528,4726.57
2529,9836.85
2530,5356.73
2531,11697.24
2532,5636.24
2533,4953.08
2534,7752.12
2535,7149.26
2536,8352.32
2537,8209.47
2538,4211.74
2539,4799.56
2540,8609.0
2541,11124.11
2542,11138.68
2543,6033.41
2544,7647.49
2545,7899.15
2546,7132.22
2547,6254.68
2548,10526.4
2549,9422.26
2550,12722.35
2551,7914.28
2552,6378.51
2553,0.0
2554,9081.77
2555,6658.69
2556,10988.92
2557,8171.41
2558,6192.83
2559,6642.86
2560,5484.99
2561,5867.23
2562,8181.78
2563,6528.93
2564,5915.71
2565,9686.45
2566,7087.6
2567,20968.84
2568,7000.2
2569,5093.91
2570,9704.22
2571,12041.4
2572,8034.42
2573,9228.08
2574,7402.11
2575,9531.74
2576,10440.52
2577,7561.08
2578,7497.24
2579,8600.9
2580,10509.86
2581,9073.18
2582,9939.83
2583,8777.04
2584,6246.74
2585,8168.42
2586,12888.13
2587,13266.37
2588,13540.8
2589,11674.19
2590,6861.31
2591,7275.0
2592,6228.7
2593,10367.01
2594,14409.45
2595,10771.4
2596,8897.07
2597,7520.56
2598,5431.85
2599,8453.77
2600,13334.22
2601,9058.0
2602,6624.61
2603,8761.46
2604,8760.77
2605,4892.61
2606,10302.1
2607,5612.52
2608,8915.23
2609,9708.06
2610,7171.64
2611,8980.59
2612,10176.8
2613,5922.7
2614,9115.25
2615,8997.26
2616,13967.59
2617,7659.41
2618,11513.04
2619,8230.95
2620,11305.35
2621,9298.77
2622,13858.0
2623,8127.03
2624,6233.63
2625,8503.69
2626,7511.33
2627,12740.98
2628,11169.25
2629,8090.26
2630,9569.86
2631,8446.52
2632,12558.82
2633,5142.14
2634,18053.86
2635,6722.56
2636,8964.11
2637,11115.46
2638,8496.6
2639,9040.4
2640,8328.72
2641,10920.84
2642,7254.06
2643,7423.06
2644,10117.23
2645,8784.89
2646,11459.21
2647,6996.45
2648,9458.53
2649,13526.48
2650,7960.06
2651,5770.42
2652,8961.87
2653,6954.4
2654,8830.51
2655,8933.72
2656,5253.55
2657,11853.25
2658,8241.85
2659,9805.77
2660,9956.62
2661,4994.54
2662,8203.95
2663,8242.5
2664,10611.15
2665,12466.24
2666,6308.19
2667,6510.42
2668,9174.18
2669,7307.66
2670,10300.7
2671,11525.49
2672,9131.09
2673,9323.77
2674,7823.61
2675,5982.44
2676,10037.3
2677,10018.52
2678,10485.19
2679,10910.07
2680,11217.82
2681,9004.42
2682,11301.66
2683,8392.5
2684,10982.98
2685,12565.28
2686,10127.37
2687,13753.82
2688,9392.55
2689,11697.03
2690,7872.43
2691,9100.91
2692,11204.78
2693,9602.02
2694,5795.12
2695,6931.85
2696,11836.82
2697,8830.19
2698,6596.44
2699,12708.28
2700,8621.42
2701,7729.83
2702,7502.46
2703,7930.67
2704,10276.31
2705,8967.33
2706,10481.79
2707,7092.39
2708,7805.97
2709,8324.69
2710,5591.19
2711,8666.05
2712,6983.13
2713,10714.17
2714,9865.47
2715,7635.62
2716,9248.42
2717,7573.93
2718,6509.48
2719,14174.01
2720,8003.87
2721,11384.85
2722,9376.67
2723,6380.44
2724,7740.4
2725,7563.41
2726,9676.05
2727,17185.2
2728,7954.94
2729,4081.5
2730,5876.13
2731,11457.08
2732,12195.9
2733,10007.03
2734,10809.92
2735,6023.63
2736,6695.4
2737,4389.51
2738,6371.39
2739,7665.59
2740,9453.7
2741,9828.8
2742,9366.54
2743,9852.42
2744,10837.33
2745,9732.99
2746,6971.0
2747,12257.62
2748,17715.21
2749,9428.67
2750,10456.06
2751,7118.35
2752,8809.14
2753,6870.01
2754,11069.87
2755,8209.81
2756,11019.02
2757,8761.83
2758,10952.21
2759,10261.56
2760,6573.01
2761,12446.05
2762,22308.31
2763,15156.21
2764,9086.14
2765,4564.87
2766,7870.5
2767,13390.24
2768,7275.54
2769,12496.85
2770,19490.84
2771,4248.28
2772,7600.08
2773,10452.04
2774,7299.85
2775,13769.24
2776,10392.68
2777,10854.52
2778,4023.18
2779,10491.12
2780,9946.11
2781,9378.27
2782,15839.9
2783,7684.81
2784,7069.24
2785,9404.87
2786,8309.97
2787,6453.43
2788,9849.25
2789,8582.62
2790,8552.79
2791,10918.46
2792,8092.96
2793,7608.17
2794,9764.51
2795,10415.53
2796,11331.7
2797,9577.06
2798,9205.17
2799,7056.1
2800,4782.68
2801,11194.23
2802,9175.66
2803,8154.78
2804,6221.89
2805,12367.82
2806,10999.75
2807,12790.27
2808,8364.2
2809,8269.05
2810,7396.9
2811,5214.01
2812,14465.37
2813,7470.53
2814,9507.2
2815,18417.64
2816,9144.8
2817,7788.31
2818,6289.05
2819,5885.08
2820,9134.75
2821,5223.25
2822,7129.38
2823,12751.15
2824,6632.77
2825,19548.41
2826,17987.46
2827,5761.25
2828,9265.79
2829,7007.48
2830,8434.07
2831,7053.06
2832,9295.01
2833,10146.9
2834,12765.78
2835,7295.27
2836,8925.33
2837,5901.32
2838,11530.35
2839,9100.25
2840,8239.61
2841,7665.65
2842,6075.88
2843,10826.31
2844,11549.58
2845,7120.87
2846,14502.11
2847,7875.84
2848,11554.12
2849,6563.15
2850,8151.94
2851,7959.89
2852,14631.03
2853,8383.45
2854,10062.58
2855,9223.18
2856,11603.12
2857,6628.43
2858,9305.59
2859,8450.43
2860,6030.56
2861,18732.33
2862,20820.43
2863,11289.99
2864,9975.74
2865,13179.52
2866,14414.56
2867,13613.76
2868,8759.75
2869,11594.06
2870,8086.43
2871,10035.39
2872,4808.8
2873,8093.85
2874,7193.0
2875,7684.23
2876,9304.79
2877,6492.42
2878,7621.65
2879,8330.67
2880,5767.21
2881,6020.96
2882,7209.33
2883,9542.88
2884,12606.0
2885,11015.92
2886,10030.38
2887,7371.98
2888,7383.04
2889,14262.77
2890,10689.17
2891,7823.2
2892,6933.06
2893,11058.58
2894,5700.12
2895,8873.49
2896,4412.03
2897,7385.89
2898,12646.47
2899,8651.73
2900,7593.93
2901,11079.67
2902,11007.5
2903,13954.25
2904,7619.34
2905,11840.4
2906,4226.31
2907,6718.43
2908,7593.55
2909,5893.94
2910,9173.14
2911,7404.07
2912,6583.21
2913,12451.02
2914,14375.96
2915,9907.54
2916,7260.29
2917,6903.5
2918,11294.64
2919,9874.87
2920,8285.83
2921,7588.22
2922,9586.67
2923,12339.1
2924,6130.21
2925,8922.7
2926,10372.18
2927,11381.75
2928,16907.16
2929,7351.35
2930,17146.26
2931,8972.71
2932,6212.41
2933,5051.47
2934,8630.63
2935,9069.23
2936,7825.67
2937,8536.92
2938,8251.38
2939,6255.53
2940,9290.74
2941,4864.2
2942,10369.24
2943,9866.69
2944,10772.6
2945,12217.24
2946,7643.84
2947,10859.18
2948,8521.14
2949,6186.08
2950,7461.99
2951,7216.33
2952,14557.08
2953,8858.97
2954,6413.7
2955,11026.16
2956,12237.48
2957,9472.35
2958,9094.18
2959,11024.9
2960,6699.71
2961,6045.34
2962,8319.91
2963,10094.84
2964,8519.48
2965,8323.71
2966,9449.96
2967,6696.74
2968,5308.6
2969,6622.35
2970,10272.36
2971,10465.99
2972,12958.24
2973,15198.67
2974,10363.97
2975,7550.9
2976,5637.47
2977,12471.23
2978,12820.67
2979,11085.87
2980,11452.24
2981,10956.74
2982,7235.12
2983,5231.61
2984,13089.28
2985,8651.27
2986,9384.38
2987,8836.64
2988,4511.51
2989,15557.85
2990,6925.03
2991,6710.48
2992,5250.08
2993,7401.19
2994,8215.3
2995,13474.76
2996,7984.8
2997,5940.09
2998,7718.18
2999,5952.22
3000,4037.6
3001,9390.81
3002,19579.41
3003,6724.44
3004,6626.78
3005,9358.93
3006,6340.54
3007,8095.29
3008,6191.11
3009,6099.02
3010,9782.3
3011,8984.88
3012,6078.62
3013,11728.14
3014,10521.86
3015,6195.78
3016,11640.47
3017,12426.75
3018,11461.38
3019,8513.16
3020,9137.8
3021,5782.87
3022,6502.33
3023,17913.02
3024,9900.49
3025,7430.66
3026,8482.54
3027,5992.62
3028,7523.53
3029,5495.7
3030,11569.15
3031,5929.92
3032,7190.76
3033,8908.55
3034,5989.17
3035,8788.91
3036,9016.79
3037,11346.03
3038,9354.38
3039,6746.79
3040,7453.05
3041,8545.13
3042,12884.13
3043,10520.85
3044,8241.9
3045,7085.32
3046,8404.36
3047,7561.77
3048,0.0
3049,9427.87
3050,9969.55
3051,9316.21
3052,8387.65
3053,8165.35
3054,11447.63
3055,7076.63
3056,8216.76
3057,8656.43
3058,10880.46
3059,12236.97
3060,7829.06
3061,6879.81
3062,15986.3
3063,8028.09
3064,4158.81
3065,9737.95
3066,10316.78
3067,12767.21
3068,6432.51
3069,7990.61
3070,8413.19
3071,9916.68
3072,7440.31
3073,12709.05
3074,4171.35
3075,9302.53
3076,8926.93
3077,7402.63
3078,7811.13
3079,8944.64
3080,11866.53
3081,6222.96
3082,11265.04
3083,10147.73
3084,12432.73
3085,6655.3
3086,9927.98
3087,7369.99
3088,10041.81
3089,11642.33
3090,5451.27
3091,8141.3
3092,11855.53
3093,10415.61
3094,5640.35
3095,4553.37
3096,10512.0
3097,9687.97
3098,10355.7
3099,10064.44
3100,7461.74
3101,10108.77
3102,10435.16
3103,11554.61
3104,10604.97
3105,8568.79
3106,10332.73
3107,13968.89
3108,9189.87
3109,6441.02
3110,10132.21
3111,6931.49
3112,0.0
3113,11270.89
3114,8170.47
3115,11674.17
3116,7302.21
3117,10479.06
3118,10211.43
3119,14098.27
3120,6816.61
3121,7423.06
3122,8037.4
3123,10387.17
3124,8742.13
3125,9126.45
3126,8372.53
3127,11921.64
3128,8969.58
3129,8661.76
3130,6463.96
3131,6031.59
3132,5883.41
3133,14907.34
3134,13205.22
3135,9196.66
3136,15942.52
3137,8971.48
3138,8588.12
3139,8678.72
3140,10591.76
3141,12430.54
3142,8947.77
3143,11234.15
3144,11036.17
3145,9947.94
3146,9115.63
3147,8114.91
3148,8604.88
3149,7566.15
3150,4963.96
3151,8770.15
3152,11312.94
3153,19266.7
3154,9555.8
3155,7144.19
3156,9876.61
3157,5954.55
3158,7696.52
3159,4814.96
3160,12146.53
3161,7759.86
3162,8919.48
3163,18743.98
3164,11798.99
3165,9669.5
3166,9793.44
3167,4807.64
3168,7055.79
3169,6808.67
3170,8820.77
3171,6955.8
3172,5277.08
3173,8183.83
3174,7186.57
3175,12075.61
3176,9585.59
3177,3573.75
3178,9154.02
3179,11261.22
3180,10298.25
3181,8351.01
3182,6129.96
3183,10365.53
3184,6747.13
3185,12179.54
3186,6262.73
3187,7050.88
3188,9008.45
3189,7930.36
3190,4638.92
3191,8972.32
3192,10015.72
3193,12603.88
3194,14452.77
3195,7130.48
3196,5028.82
3197,6663.33
3198,13567.58
3199,6039.69
3200,10100.61
3201,8825.13
3202,16048.34
3203,10670.0
3204,7925.07
3205,9537.48
3206,6398.18
3207,11116.82
3208,7456.17
3209,17345.02
3210,8291.67
3211,7357.21
3212,7994.23
3213,5804.94
3214,9546.74
3215,19530.19
3216,6326.37
3217,5997.98
3218,14026.08
3219,8896.6
3220,9269.98
3221,10473.55
3222,9006.05
3223,8816.91
3224,5990.66
3225,11776.45
3226,8069.57
3227,8534.72
3228,8969.79
3229,7276.96
3230,9281.39
3231,7122.86
3232,4302.93
3233,10148.47
3234,10321.45
3235,5407.44
3236,8702.81
3237,8853.52
3238,6527.54
3239,11245.14
3240,7790.31
3241,11179.54
3242,6152.89
3243,6842.74
3244,7662.6
3245,0.0
3246,9623.64
3247,6377.06
3248,7762.29
3249,6395.11
3250,9736.23
3251,6912.59
3252,8446.53
3253,10231.67
3254,10324.7
3255,9402.71
3256,10543.78
3257,8300.04
3258,12382.69
3259,12566.7
3260,8527.86
3261,3838.75
3262,8216.06
3263,9670.65
3264,7285.19
3265,12413.26
3266,8281.5
3267,9478.08
3268,14736.29
3269,7333.5
3270,7308.4
3271,15200.22
3272,13268.75
3273,6563.28
3274,11157.78
3275,12292.13
3276,7913.12
3277,6993.85
3278,9434.83
3279,8757.2
3280,7319.12
3281,9073.94
3282,6669.48
3283,7475.28
3284,10349.97
3285,10446.14
3286,11963.68
3287,7043.69
3288,9228.26
3289,4725.04
3290,8936.67
3291,9458.03
3292,7600.86
3293,8563.29
3294,9675.22
3295,12442.49
3296,7954.35
3297,7688.37
3298,8090.18
3299,8620.32
3300,9287.42
3301,5732.98
3302,5775.4
3303,9006.89
3304,6731.77
3305,8102.37
3306,10251.43
3307,8472.86
3308,9840.78
3309,7037.19
3310,5102.56
3311,9597.71
3312,8254.8
3313,9982.48
3314,13499.88
3315,12300.27
3316,6259.01
3317,11009.74
3318,4273.98
3319,4644.74
3320,9982.72
3321,16071.11
3322,9826.82
3323,10306.41
3324,9570.95
3325,10514.9
3326,12708.94
3327,8431.02
3328,10822.22
3329,7306.32
3330,5901.59
3331,7151.28
3332,6952.62
3333,7701.99
3334,6826.66
3335,7416.03
3336,5602.23
3337,9554.16
3338,10658.65
3339,7711.87
3340,8097.54
3341,9265.23
3342,7452.2
3343,6606.31
3344,11988.68
3345,12051.57
3346,8879.28
3347,6003.2
3348,19223.93
3349,8392.26
3350,8579.86
3351,14231.82
3352,10793.57
3353,10909.6
3354,8212.43
3355,9093.57
3356,12105.85
3357,20570.53
3358,7481.92
3359,7722.09
3360,6451.57
3361,8602.08
3362,8175.37
3363,9687.69
3364,12637.36
3365,7820.45
3366,5587.89
3367,8716.36
3368,10408.63
3369,7020.07
3370,9890.28
3371,5145.63
3372,9780.46
3373,9276.5
3374,10442.48
3375,13279.67
3376,8842.41
3377,6766.18
3378,8075.37
3379,9690.27
3380,10105.72
3381,9555.55
3382,10365.2
3383,8732.28
3384,6033.63
3385,11593.15
3386,6371.83
3387,13384.83
3388,7821.19
3389,6770.48
3390,9656.45
3391,7647.92
3392,9698.62
3393,8853.49
3394,5405.17
3395,6703.64
3396,10439.95
3397,11742.78
3398,12207.5
3399,6244.86
3400,7994.5
3401,11021.43
3402,8226.45
3403,7491.96
3404,13469.16
3405,11562.89
3406,14669.85
3407,6326.25
3408,7669.57
3409,0.0
3410,10965.19
3411,8017.7
3412,14413.17
3413,8653.3
3414,7189.31
3415,7955.67
3416,7402.77
3417,6708.08
3418,10063.35
3419,7861.53
3420,7457.08
3421,15510.01
3422,7662.41
3423,22404.79
3424,7961.86
3425,0.0
3426,0.0
3427,0.0
3428,0.0
3429,0.0
3430,0.0
3431,0.0
3432,0.0
3433,0.0
3434,0.0
3435,0.0
3436,0.0
3437,0.0
3438,0.0
3439,0.0
3440,0.0
3441,0.0
3442,0.0
3443,0.0
3444,0.0
3445,0.0
3446,0.0
3447,0.0
3448,0.0
3449,0.0
3450,0.0
3451,0.0
3452,0.0
3453,0.0
3454,0.0
3455,0.0
3456,0.0
3457,0.0
3458,0.0
3459,0.0
3460,0.0
3461,0.0
3462,0.0
3463,0.0
3464,0.0
3465,0.0
3466,0.0
3467,0.0
3468,0.0
3469,0.0
3470,0.0
3471,0.0
3472,0.0
3473,0.0
3474,0.0
3475,0.0
3476,0.0
3477,0.0
3478,0.0
3479,0.0
3480,0.0
3481,0.0
3482,0.0
3483,0.0
3484,0.0
3485,0.0
3486,0.0
3487,0.0
3488,0.0
3489,0.0
3490,0.0
3491,0.0
3492,0.0
3493,0.0
3494,0.0
3495,0.0
3496,0.0
3497,0.0
3498,0.0
3499,0.0
3500,0.0
3501,0.0
3502,0.0
3503,0.0
3504,0.0
3505,0.0
3506,0.0
3507,0.0
3508,0.0
3509,0.0
3510,0.0
3511,0.0
3512,0.0
3513,0.0
3514,0.0
3515,0.0
3516,2650.7
3517,0.0
3518,0.0
3519,0.0
3520,0.0
3521,0.0
3522,0.0
3523,0.0
3524,0.0
3525,0.0
3526,0.0
3527,0.0
3528,0.0
3529,0.0
3530,0.0
3531,0.0
3532,0.0
3533,0.0
3534,0.0
3535,0.0
3536,0.0
3537,0.0
3538,0.0
3539,0.0
3540,0.0
3541,0.0
3542,0.0
3543,0.0
3544,0.0
3545,0.0
3546,0.0
3547,0.0
3548,0.0
3549,0.0
3550,0.0
3551,0.0
3552,0.0
3553,0.0
3554,0.0
3555,0.0
3556,0.0
3557,0.0
3558,0.0
3559,0.0
3560,0.0
3561,0.0
3562,0.0
3563,0.0
3564,0.0
3565,0.0
3566,0.0
3567,0.0
3568,0.0
3569,0.0
3570,0.0
3571,0.0
3572,0.0
3573,0.0
3574,0.0
3575,0.0
3576,0.0
3577,0.0
3578,0.0
3579,0.0
3580,0.0
3581,0.0
3582,0.0
3583,0.0
3584,2333.09
3585,0.0
3586,0.0
3587,0.0
3588,0.0
3589,0.0
3590,0.0
3591,0.0
3592,0.0
3593,0.0
3594,0.0
3595,0.0
3596,0.0
3597,0.0
3598,0.0
3599,0.0
3600,0.0
3601,0.0
3602,0.0
3603,0.0
3604,0.0
3605,0.0
3606,0.0
3607,0.0
3608,0.0
3609,0.0
3610,0.0
3611,0.0
3612,0.0
3613,0.0
3614,0.0
3615,0.0
3616,0.0
3617,0.0
3618,0.0
3619,0.0
3620,0.0
3621,0.0
3622,0.0
3623,0.0
3624,0.0
3625,16392.42
3626,29008.3
3627,0.0
3628,0.0
3629,0.0
3630,0.0
3631,0.0
3632,0.0
3633,0.0
3634,7242.22
3635,0.0
3636,0.0
3637,0.0
3638,0.0
3639,0.0
3640,0.0
3641,0.0
3642,0.0
3643,0.0
3644,0.0
3645,0.0
3646,0.0
3647,0.0
3648,0.0
3649,0.0
3650,0.0
3651,0.0
3652,0.0
3653,3788.35
3654,0.0
3655,0.0
3656,0.0
3657,0.0
3658,0.0
3659,0.0
3660,0.0
3661,0.0
3662,0.0
3663,2678.77
3664,0.0
3665,0.0
3666,0.0
3667,0.0
3668,0.0
3669,0.0
3670,0.0
3671,0.0
3672,0.0
3673,0.0
3674,0.0
3675,0.0
3676,0.0
3677,0.0
3678,0.0
3679,0.0
3680,0.0
3681,8016.32
3682,0.0
3683,0.0
3684,0.0
3685,0.0
3686,0.0
3687,0.0
3688,0.0
3689,0.0
3690,0.0
3691,0.0
3692,0.0
3693,0.0
3694,0.0
3695,0.0
3696,0.0
3697,0.0
3698,7957.69
3699,0.0
3700,0.0
3701,0.0
3702,0.0
3703,0.0
3704,0.0
3705,0.0
3706,0.0
3707,0.0
3708,0.0
3709,0.0
3710,0.0
3711,0.0
3712,0.0
3713,0.0
3714,0.0
3715,0.0
3716,0.0
3717,0.0
3718,0.0
3719,0.0
3720,0.0
3721,0.0
3722,0.0
3723,0.0
3724,0.0
3725,0.0
3726,0.0
3727,0.0
3728,0.0
3729,0.0
3730,0.0
3731,0.0
3732,0.0
3733,0.0
3734,0.0
3735,0.0
3736,0.0
3737,0.0
3738,0.0
3739,0.0
3740,0.0
3741,0.0
3742,0.0
3743,0.0
3744,0.0
3745,0.0
3746,0.0
3747,0.0
3748,0.0
3749,0.0
3750,0.0
3751,0.0
3752,0.0
3753,0.0
3754,0.0
3755,0.0
3756,0.0
3757,0.0
3758,0.0
3759,0.0
3760,1650.23
3761,0.0
3762,0.0
3763,0.0
3764,0.0
3765,0.0
3766,0.0
3767,0.0
3768,0.0
3769,0.0
3770,0.0
3771,0.0
3772,0.0
3773,0.0
3774,3384.23
3775,0.0
3776,0.0
3777,0.0
3778,0.0
3779,0.0
3780,0.0
3781,0.0
3782,0.0
3783,0.0
3784,0.0
3785,0.0
3786,0.0
3787,0.0
3788,0.0
3789,0.0
3790,0.0
3791,0.0
3792,0.0
3793,0.0
3794,0.0
3795,0.0
3796,0.0
3797,0.0
3798,0.0
3799,0.0
3800,0.0
3801,0.0
3802,0.0
3803,0.0
3804,0.0
3805,0.0
3806,0.0
3807,0.0
3808,0.0
3809,0.0
3810,0.0
3811,0.0
3812,0.0
3813,0.0
3814,0.0
3815,0.0
3816,0.0
3817,6772.22
3818,0.0
3819,0.0
3820,0.0
3821,0.0
3822,0.0
3823,0.0
3824,0.0
3825,0.0
3826,0.0
3827,2352.2
3828,0.0
3829,0.0
3830,0.0
3831,4449.5
3832,0.0
3833,0.0
3834,0.0
3835,0.0
3836,0.0
3837,0.0
3838,0.0
3839,0.0
3840,0.0
3841,0.0
3842,0.0
3843,0.0
3844,0.0
3845,0.0
3846,0.0
3847,0.0
3848,0.0
3849,0.0
3850,0.0
3851,0.0
3852,0.0
3853,0.0
3854,0.0
3855,0.0
3856,0.0
3857,0.0
3858,19853.48
3859,0.0
3860,0.0
3861,0.0
3862,0.0
3863,0.0
3864,0.0
3865,0.0
3866,0.0
3867,0.0
3868,0.0
3869,0.0
3870,0.0
3871,0.0
3872,5695.07
3873,0.0
3874,0.0
3875,0.0
3876,0.0
3877,0.0
3878,0.0
3879,0.0
3880,0.0
3881,0.0
3882,0.0
3883,0.0
3884,0.0
3885,0.0
3886,0.0
3887,0.0
3888,0.0
3889,0.0
3890,0.0
3891,0.0
3892,0.0
3893,0.0
3894,0.0
3895,0.0
3896,0.0
3897,0.0
3898,0.0
3899,0.0
3900,0.0
3901,0.0
3902,0.0
3903,0.0
3904,0.0
3905,0.0
3906,0.0
3907,0.0
3908,0.0
3909,0.0
3910,0.0
3911,0.0
3912,0.0
3913,0.0
3914,0.0
3915,0.0
3916,0.0
3917,0.0
3918,0.0
3919,0.0
3920,0.0
3921,0.0
3922,0.0
3923,0.0
3924,0.0
3925,0.0
3926,0.0
3927,0.0
3928,0.0
3929,0.0
3930,0.0
3931,0.0
3932,0.0
3933,0.0
3934,0.0
3935,0.0
3936,0.0
3937,0.0
3938,0.0
3939,0.0
3940,0.0
3941,0.0
3942,0.0
3943,0.0
3944,0.0
3945,0.0
3946,0.0
3947,12516.98
3948,0.0
3949,0.0
3950,0.0
3951,0.0
3952,0.0
3953,0.0
3954,0.0
3955,0.0
3956,0.0
3957,0.0
3958,0.0
3959,0.0
3960,0.0
3961,0.0
3962,0.0
3963,0.0
3964,0.0
3965,0.0
3966,0.0
3967,0.0
3968,0.0
3969,0.0
3970,0.0
3971,0.0
3972,0.0
3973,0.0
3974,0.0
3975,0.0
3976,0.0
3977,0.0
3978,0.0
3979,0.0
3980,0.0
3981,0.0
3982,0.0
3983,0.0
3984,0.0
3985,0.0
3986,0.0
3987,0.0
3988,0.0
3989,0.0
3990,0.0
3991,2720.6
3992,15600.48
3993,0.0
3994,0.0
3995,0.0
3996,0.0
3997,0.0
3998,0.0
3999,0.0
4000,0.0
4001,0.0
4002,0.0
4003,0.0
4004,0.0
4005,0.0
4006,0.0
4007,0.0
4008,0.0
4009,0.0
4010,0.0
4011,0.0
4012,0.0
4013,0.0
4014,0.0
4015,0.0
4016,0.0
4017,0.0
4018,0.0
4019,0.0
4020,11384.23
4021,0.0
4022,0.0
4023,0.0
4024,0.0
4025,0.0
4026,0.0
4027,0.0
4028,0.0
4029,0.0
4030,0.0
4031,0.0
4032,0.0
4033,0.0
4034,0.0
4035,0.0
4036,0.0
4037,0.0
4038,0.0
4039,0.0
4040,0.0
4041,0.0
4042,0.0
4043,0.0
4044,0.0
4045,0.0
4046,0.0
4047,0.0
4048,0.0
4049,0.0
4050,0.0
4051,0.0
4052,0.0
4053,0.0
4054,0.0
4055,0.0
4056,0.0
4057,0.0
4058,0.0
4059,0.0
4060,0.0
4061,0.0
4062,0.0
4063,0.0
4064,0.0
4065,0.0
4066,0.0
4067,0.0
4068,0.0
4069,0.0
4070,0.0
4071,0.0
4072,0.0
4073,0.0
4074,0.0
4075,0.0
4076,0.0
4077,0.0
4078,0.0
4079,0.0
4080,0.0
4081,0.0
4082,0.0
4083,0.0
4084,0.0
4085,0.0
4086,0.0
4087,0.0
4088,0.0
4089,0.0
4090,2075.95
4091,0.0
4092,0.0
4093,0.0
4094,2293.25
4095,0.0
4096,0.0
4097,0.0
4098,0.0
4099,0.0
4100,0.0
4101,0.0
4102,0.0
4103,0.0
4104,0.0
4105,0.0
4106,0.0
4107,0.0
4108,0.0
4109,0.0
4110,0.0
4111,0.0
4112,0.0
4113,0.0
4114,0.0
4115,0.0
4116,0.0
4117,0.0
4118,0.0
4119,0.0
4120,0.0
4121,0.0
4122,0.0
4123,0.0
4124,0.0
4125,0.0
4126,0.0
4127,0.0
4128,0.0
4129,0.0
4130,0.0
4131,0.0
4132,0.0
4133,0.0
4134,0.0
4135,0.0
4136,0.0
4137,0.0
4138,0.0
4139,0.0
4140,0.0
4141,0.0
4142,0.0
4143,0.0
4144,0.0
4145,1436.34
4146,0.0
4147,0.0
4148,0.0
4149,0.0
4150,0.0
4151,0.0
4152,0.0
4153,0.0
4154,0.0
4155,0.0
4156,0.0
4157,0.0
4158,0.0
4159,0.0
4160,10500.9
4161,0.0
4162,0.0
4163,0.0
4164,0.0
4165,0.0
4166,0.0
4167,0.0
4168,0.0
4169,0.0
4170,0.0
4171,0.0
4172,0.0
4173,0.0
4174,0.0
4175,0.0
4176,0.0
4177,0.0
4178,0.0
4179,0.0
4180,0.0
4181,0.0
4182,0.0
4183,0.0
4184,0.0
4185,0.0
4186,0.0
4187,0.0
4188,0.0
4189,0.0
4190,0.0
4191,0.0
4192,0.0
4193,0.0
4194,0.0
4195,0.0
4196,0.0
4197,0.0
4198,0.0
4199,0.0
4200,0.0
4201,0.0
4202,0.0
4203,0.0
4204,0.0
4205,0.0
4206,0.0
4207,0.0
4208,0.0
4209,0.0
4210,0.0
4211,0.0
4212,0.0
4213,0.0
4214,0.0
4215,0.0
4216,0.0
4217,0.0
4218,0.0
4219,0.0
4220,0.0
4221,0.0
4222,0.0
4223,0.0
4224,2690.93
4225,0.0
4226,0.0
4227,0.0
4228,0.0
4229,0.0
4230,0.0
4231,0.0
4232,0.0
4233,0.0
4234,0.0
4235,0.0
4236,0.0
4237,0.0
4238,0.0
4239,0.0
4240,0.0
4241,0.0
4242,0.0
4243,0.0
4244,0.0
4245,0.0
4246,0.0
4247,0.0
4248,0.0
4249,0.0
4250,0.0
4251,0.0
4252,0.0
4253,0.0
4254,0.0
4255,0.0
4256,0.0
4257,0.0
4258,0.0
4259,0.0
4260,0.0
4261,0.0
4262,0.0
4263,0.0
4264,0.0
4265,12125.96
4266,4231.82
4267,0.0
4268,0.0
4269,0.0
4270,0.0
4271,0.0
4272,0.0
4273,0.0
4274,0.0
4275,0.0
4276,0.0
4277,0.0
4278,0.0
4279,0.0
4280,0.0
4281,4366.47
4282,3780.12
4283,6174.73
4284,3168.81
4285,6318.36
4286,4608.45
4287,5766.98
4288,6029.96
4289,4276.0
4290,3448.25
4291,5280.38
4292,5137.94
4293,3987.84
4294,5585.61
4295,5269.77
4296,3100.85
4297,4210.36
4298,6886.39
4299,8244.59
4300,6836.57
4301,6541.62
4302,4082.75
4303,5315.55
4304,2140.48
4305,7874.66
4306,7611.9
4307,9530.51
4308,5812.3
4309,2513.93
4310,5667.66
4311,5995.19
4312,7944.88
4313,4467.4
4314,5520.45
4315,5074.47
4316,5971.57
4317,2380.85
4318,7368.47
4319,3926.02
4320,7224.09
4321,7341.89
4322,3459.16
4323,7692.48
4324,5844.75
4325,4935.12
4326,3684.38
4327,6963.61
4328,9944.79
4329,5764.08
4330,5093.28
4331,8298.03
4332,7612.48
4333,5521.84
4334,6856.08
4335,2296.78
4336,2162.43
4337,5067.79
4338,6042.46
4339,8505.44
4340,7809.9
4341,3893.07
4342,7783.74
4343,7922.6
4344,5117.62
4345,2932.59
4346,10401.83
4347,3578.72
4348,4440.32
4349,7502.49
4350,5453.59
4351,5646.42
4352,2755.63
4353,5389.2
4354,4544.53
4355,5107.88
4356,8085.17
4357,7115.43
4358,4831.48
4359,3222.43
4360,7523.71
4361,11081.54
4362,4952.8
4363,2839.45
4364,6427.82
4365,5854.67
4366,7124.74
4367,8887.08
4368,2263.37
4369,7362.62
4370,4397.78
4371,5835.29
4372,6266.54
4373,2478.55
4374,5383.49
4375,5047.64
4376,7445.75
4377,7769.24
4378,4422.4
4379,4416.91
4380,6881.69
4381,6321.93
4382,5355.63
4383,6967.63
4384,4342.3
4385,6486.19
4386,4314.94
4387,2915.51
4388,5116.57
4389,6539.96
4390,6280.32
4391,6535.88
4392,7807.42
4393,4104.08
4394,7361.85
4395,3093.28
4396,3735.18
4397,8089.12
4398,6079.78
4399,7031.3
4400,9393.44
4401,5874.01
4402,5205.36
4403,6858.47
4404,7587.2
4405,4037.05
4406,2823.19
4407,5227.6
4408,4530.12
4409,5527.11
4410,4136.81
4411,5408.92
4412,6279.53
4413,6478.42
4414,5971.85
4415,2909.77
4416,6452.0
4417,6756.43
4418,3410.72
4419,5526.22
4420,3159.38
4421,5257.72
4422,3354.75
4423,3899.69
4424,4429.37
4425,7161.02
4426,6339.32
4427,7180.14
4428,9979.91
4429,3845.63
4430,4829.42
4431,10416.88
4432,5217.3
4433,7918.5
4434,6436.94
4435,4898.71
4436,5942.2
4437,4269.23
4438,4437.25
4439,7646.11
4440,5015.6
4441,2876.95
4442,3224.42
4443,7451.47
4444,9083.85
4445,5823.97
4446,6929.59
4447,3892.37
4448,2465.49
4449,1869.47
4450,3519.51
4451,5307.67
4452,7056.83
4453,5619.81
4454,6628.94
4455,7651.67
4456,7293.93
4457,6825.49
4458,5041.93
4459,7664.05
4460,9179.0
4461,3621.55
4462,5473.1
4463,4942.16
4464,6254.52
4465,3102.29
4466,5364.54
4467,4663.13
4468,8158.32
4469,5625.47
4470,7309.56
4471,6841.58
4472,4538.01
4473,7086.3
4474,16803.92
4475,8395.67
4476,3392.35
4477,3242.46
4478,6029.07
4479,8707.38
4480,4505.6
4481,9016.18
4482,16519.0
4483,4609.97
4484,2300.23
4485,9861.43
4486,3028.2
4487,6798.19
4488,3415.76
4489,5800.36
4490,0.0
4491,7271.95
4492,5489.89
4493,5512.61
4494,9233.04
4495,5715.67
4496,5635.37
4497,7067.3
4498,5445.46
4499,6680.64
4500,9016.9
4501,4793.92
4502,5571.16
4503,4141.64
4504,3213.87
4505,4801.78
4506,4714.03
4507,4610.79
4508,8292.09
4509,7060.75
4510,7866.58
4511,4277.16
4512,3904.22
4513,4024.24
4514,5169.42
4515,5596.41
4516,2755.16
4517,7004.75
4518,5436.66
4519,7141.05
4520,5262.68
4521,4007.92
4522,3292.56
4523,2497.39
4524,8341.12
4525,5669.48
4526,5980.05
4527,11339.44
4528,6986.24
4529,4326.93
4530,5012.55
4531,2339.37
4532,3892.57
4533,3993.81
4534,3484.23
4535,8254.54
4536,4097.92
4537,8474.17
4538,10645.73
4539,5431.26
4540,5594.99
4541,4534.95
4542,4796.19
4543,4817.59
4544,11267.23
4545,5934.45
4546,6564.08
4547,3394.01
4548,5159.31
4549,5325.41
4550,7844.29
4551,6302.9
4552,5199.05
4553,6027.72
4554,4203.83
4555,7514.09
4556,6231.13
4557,6213.82
4558,8985.64
4559,6619.01
4560,8580.57
4561,3138.71
4562,5418.33
4563,4532.8
4564,8331.01
4565,7135.45
4566,7189.65
4567,5929.37
4568,7503.71
4569,4720.4
4570,6179.9
4571,5954.66
4572,2902.45
4573,12671.9
4574,17490.8
4575,7099.04
4576,6298.39
4577,6892.96
4578,7811.48
4579,7611.78
4580,2843.91
4581,4382.07
4582,5329.7
4583,7995.12
4584,2393.27
4585,4114.08
4586,4840.33
4587,4700.75
4588,4591.04
4589,2772.17
4590,2817.54
4591,6275.29
4592,3269.35
4593,4717.6
4594,5524.45
4595,4780.71
4596,8848.9
4597,11570.97
4598,4624.34
4599,7294.99
4600,6237.92
4601,10072.13
4602,5360.55
4603,2650.34
4604,5092.25
4605,10666.65
4606,4304.38
4607,6677.7
4608,1987.24
4609,3712.18
4610,6579.73
4611,6811.64
4612,5297.56
4613,8500.37
4614,8005.16
4615,7788.7
4616,3540.64
4617,10727.73
4618,1872.28
4619,3345.19
4620,6071.11
4621,4551.9
4622,10059.29
4623,2544.65
4624,4770.89
4625,5170.12
4626,7835.86
4627,9670.55
4628,4722.53
4629,2915.13
4630,7595.21
4631,10011.2
4632,4583.66
4633,4919.04
4634,9043.1
4635,5415.76
4636,4933.46
4637,3529.08
4638,7258.4
4639,3943.13
4640,13102.87
4641,7529.04
4642,15700.92
4643,6429.53
4644,4150.36
4645,2064.08
4646,6077.51
4647,6140.11
4648,5010.72
4649,9034.11
4650,5313.4
4651,2469.85
4652,7008.25
4653,3385.61
4654,9465.12
4655,7426.54
4656,7134.94
4657,8015.9
4658,4591.98
4659,7177.9
4660,7598.89
4661,4898.83
4662,6015.78
4663,4124.58
4664,9495.84
4665,5846.38
4666,3313.68
4667,5077.68
4668,7869.39
4669,5338.6
4670,3886.08
4671,4931.28
4672,5317.35
4673,4237.13
4674,4866.32
4675,9524.33
4676,4472.01
4677,3224.39
4678,6352.18
4679,4525.44
4680,2789.39
4681,4639.16
4682,7875.87
4683,7062.47
4684,9988.96
4685,7911.72
4686,6764.54
4687,5568.94
4688,4022.84
4689,9646.16
4690,6861.07
4691,6760.92
4692,4966.49
4693,5154.6
4694,4739.13
4695,2119.95
4696,12075.35
4697,5596.72
4698,5617.93
4699,4688.15
4700,1369.56
4701,7649.42
4702,5719.45
4703,6021.1
4704,3642.97
4705,6932.68
4706,4912.38
4707,4086.93
4708,9760.12
4709,4162.77
4710,4966.35
4711,3634.73
4712,2634.16
4713,4545.2
4714,12706.53
4715,5050.1
4716,5085.16
4717,4956.11
4718,3333.18
4719,3253.83
4720,5646.25
4721,2703.39
4722,9713.29
4723,5560.42
4724,2861.65
4725,8225.49
4726,2283.34
4727,3354.58
4728,8465.44
4729,7871.26
4730,8280.8
4731,2294.95
4732,4712.07
4733,4151.12
4734,3709.2
4735,16154.61
4736,10296.94
4737,4743.53
4738,3053.73
4739,5101.89
4740,3936.76
4741,2485.09
4742,7201.93
4743,4617.19
4744,6125.47
4745,6879.61
4746,4898.61
4747,4823.02
4748,5461.34
4749,7299.91
4750,6764.38
4751,2613.23
4752,5522.86
4753,6892.59
4754,8471.75
4755,5643.06
4756,7177.68
4757,2308.7
4758,8369.98
4759,4827.47
4760,0.0
4761,4209.85
4762,4116.48
4763,4397.31
4764,6715.33
4765,3589.18
4766,8198.96
4767,4461.56
4768,6927.71
4769,8244.7
4770,4488.95
4771,7325.36
4772,6142.18
4773,2600.52
4774,9780.82
4775,3631.92
4776,3249.01
4777,6242.56
4778,13121.65
4779,9071.84
4780,4119.06
4781,4683.12
4782,6802.23
4783,6814.8
4784,4255.45
4785,7834.41
4786,3141.24
4787,4802.29
4788,3945.49
4789,3455.31
4790,2534.77
4791,7703.53
4792,6134.83
4793,4632.94
4794,5060.24
4795,7506.72
4796,7937.5
4797,4685.85
4798,4840.67
4799,4785.85
4800,7010.81
4801,4819.35
4802,2244.89
4803,5227.27
4804,7875.57
4805,5892.79
4806,5312.0
4807,2392.56
4808,8451.16
4809,2751.68
4810,8197.23
4811,5019.88
4812,4282.34
4813,7743.73
4814,3660.66
4815,4246.7
4816,8904.68
4817,2380.26
4818,6139.82
4819,9226.85
4820,6806.77
4821,2419.81
4822,4936.57
4823,3843.03
4824,2178.59
4825,4683.67
4826,6146.22
4827,4782.03
4828,4042.45
4829,5298.22
4830,5281.88
4831,10306.02
4832,4649.88
4833,5969.55
4834,3980.93
4835,5939.2
4836,6604.83
4837,5491.06
4838,7495.55
4839,8920.8
4840,7513.25
4841,4845.12
4842,4932.93
4843,2642.14
4844,5194.03
4845,8273.71
4846,6732.97
4847,5876.91
4848,13860.06
4849,3221.57
4850,5140.49
4851,4112.49
4852,7970.25
4853,9042.93
4854,6909.28
4855,7529.98
4856,7141.76
4857,11936.83
4858,6201.92
4859,5292.23
4860,2422.03
4861,4848.35
4862,3462.59
4863,2971.5
4864,6853.4
4865,17715.67
4866,5055.99
4867,3233.35
4868,4482.74
4869,3840.86
4870,5836.68
4871,1857.25
4872,5866.87
4873,5977.2
4874,3111.42
4875,10552.62
4876,10264.79
4877,4210.75
4878,5825.61
4879,3649.86
4880,3953.23
4881,3807.02
4882,8773.84
4883,3937.69
4884,3958.42
4885,5143.19
4886,5420.02
4887,6083.55
4888,6947.04
4889,2616.69
4890,7597.05
4891,6323.98
4892,4907.59
4893,3761.42
4894,3606.64
4895,4286.4
4896,4598.17
4897,9076.38
4898,4113.47
4899,3346.42
4900,6200.89
4901,4724.76
4902,5637.51
4903,5000.51
4904,5659.17
4905,10018.5
4906,6630.03
4907,5803.44
4908,3443.81
4909,4316.55
4910,6692.65
4911,3712.69
4912,4431.35
4913,5232.06
4914,12167.74
4915,6847.72
4916,4343.25
4917,5778.14
4918,4390.08
4919,6074.16
4920,5735.12
4921,9117.37
4922,6598.07
4923,4754.44
4924,3960.89
4925,2041.74
4926,3913.85
4927,19923.24
4928,1909.84
4929,4614.6
4930,6649.77
4931,7061.02
4932,7740.47
4933,7963.21
4934,5656.64
4935,6872.45
4936,2703.98
4937,7012.07
4938,3655.62
4939,6057.36
4940,9241.84
4941,3826.66
4942,8749.18
4943,5930.21
4944,2697.32
4945,5944.05
4946,6378.3
4947,2610.13
4948,7901.63
4949,6335.15
4950,4177.96
4951,9473.95
4952,7592.52
4953,7276.98
4954,4209.48
4955,3454.41
4956,4824.11
4957,0.0
4958,5978.63
4959,2406.16
4960,5661.6
4961,2790.48
4962,5024.2
4963,5568.2
4964,4383.81
4965,5080.02
4966,8164.59
4967,5146.36
4968,8037.39
4969,5660.18
4970,5822.09
4971,8957.53
4972,6792.25
4973,4206.18
4974,5278.1
4975,4775.03
4976,5121.06
4977,11954.96
4978,5708.39
4979,5569.25
4980,9002.51
4981,6326.03
4982,1981.0
4983,8533.03
4984,7773.66
4985,6194.74
4986,7099.17
4987,6349.96
4988,8081.84
4989,5017.92
4990,4209.88
4991,3254.29
4992,5852.03
4993,7520.67
4994,2804.05
4995,7531.59
4996,6667.06
4997,4845.96
4998,6857.32
4999,4289.28
5000,7004.31
5001,2261.64
5002,4385.52
5003,4598.88
5004,3650.52
5005,6153.79
5006,7192.3
5007,7952.14
5008,5628.58
5009,3973.08
5010,5728.48
5011,6492.34
5012,7199.01
5013,2905.49
5014,2574.08
5015,8737.27
5016,5516.47
5017,3691.96
5018,7407.39
5019,7368.71
5020,6513.53
5021,4608.66
5022,1911.28
5023,5995.33
5024,5564.23
5025,4939.52
5026,8880.41
5027,6818.39
5028,3357.78
5029,5790.16
5030,2864.36
5031,1034.7
5032,5954.59
5033,8635.94
5034,5332.3
5035,4220.37
5036,3205.74
5037,5263.37
5038,7934.22
5039,5823.04
5040,8994.32
5041,4393.13
5042,4020.21
5043,3344.37
5044,6187.9
5045,3146.45
5046,2131.51
5047,4175.27
5048,3500.64
5049,7234.02
5050,4301.47
5051,4814.51
5052,5216.39
5053,7711.82
5054,4695.89
5055,3620.9
5056,8894.65
5057,8436.95
5058,6810.17
5059,2198.72
5060,5124.45
5061,4849.69
5062,3566.38
5063,8821.82
5064,9684.53
5065,5829.31
5066,5782.23
5067,5626.69
5068,7352.64
5069,11613.77
5070,3025.59
5071,3807.86
5072,4310.27
5073,5674.89
5074,5239.1
5075,8084.03
5076,6381.14
5077,6375.6
5078,2529.37
5079,6307.28
5080,5960.28
5081,3304.87
5082,5837.26
5083,3206.12
5084,6934.69
5085,5307.67
5086,5357.62
5087,6208.71
5088,3959.09
5089,4881.62
5090,6696.42
5091,4669.26
5092,8156.92
5093,5201.29
5094,8227.96
5095,4823.7
5096,3470.32
5097,7965.31
5098,2598.77
5099,9774.42
5100,5396.94
5101,4804.46
5102,6804.91
5103,4577.8
5104,3762.08
5105,5410.68
5106,2582.64
5107,2798.94
5108,5463.05
5109,5820.88
5110,10298.45
5111,5759.36
5112,5672.34
5113,3857.77
5114,5646.37
5115,2871.38
5116,10225.66
5117,6475.51
5118,13167.59
5119,5238.79
5120,4539.67
5121,6871.17
5122,6722.88
5123,2997.1
5124,8653.23
5125,7132.53
5126,5328.04
5127,5816.69
5128,4060.81
5129,2705.04
5130,5463.79
5131,3306.84
5132,2761.66
5133,7554.83
5134,5699.11
5135,20759.24
5136,6902.42
5137,4060.27
5138,5547.35
5139,8057.74
5140,4517.07
5141,5769.23
5142,5115.26
5143,6925.99
5144,6377.37
5145,4032.08
5146,4693.8
5147,6368.85
5148,6314.6
5149,5821.28
5150,6478.77
5151,4455.29
5152,4459.97
5153,4984.25
5154,7842.53
5155,8809.43
5156,6884.6
5157,5990.34
5158,3557.55
5159,5907.39
5160,3604.26
5161,6924.9
5162,7703.48
5163,8226.54
5164,4354.29
5165,3584.21
5166,4150.31
5167,6149.56
5168,8327.03
5169,5921.03
5170,4650.42
5171,4303.68
5172,6470.87
5173,3284.73
5174,6657.28
5175,3488.63
5176,5975.75
5177,6114.64
5178,4717.39
5179,6359.11
5180,4893.8
5181,3885.52
5182,5428.25
5183,6511.98
5184,9512.81
5185,5169.31
5186,6051.68
5187,6391.71
5188,7847.98
5189,5515.57
5190,7283.21
5191,3938.73
5192,4123.59
5193,4709.72
5194,6195.28
5195,7875.51
5196,6493.69
5197,4191.91
5198,6031.52
5199,5874.27
5200,7524.3
5201,3605.25
5202,10717.3
5203,3847.69
5204,5655.92
5205,6914.52
5206,4508.48
5207,4563.72
5208,6064.17
5209,5955.7
5210,4652.44
5211,4277.36
5212,6572.55
5213,6628.02
5214,4385.75
5215,4032.86
5216,6637.45
5217,9039.11
5218,5578.14
5219,4002.29
5220,6348.24
5221,5674.84
5222,6658.73
5223,7036.54
5224,3845.11
5225,6962.44
5226,5097.74
5227,5930.04
5228,6313.52
5229,4911.59
5230,5654.25
5231,4350.25
5232,5949.46
5233,7766.68
5234,4267.67
5235,4096.85
5236,5590.9
5237,4926.67
5238,5223.08
5239,7116.59
5240,5333.64
5241,6010.28
5242,4437.92
5243,4424.52
5244,5026.56
5245,7387.72
5246,6315.44
5247,6938.46
5248,6933.45
5249,5196.14
5250,7137.8
5251,4660.17
5252,5680.28
5253,6984.24
5254,5853.52
5255,8032.14
5256,6698.71
5257,6086.43
5258,5289.47
5259,6638.52
5260,6347.94
5261,5200.4
5262,3996.41
5263,4609.46
5264,5689.08
5265,6031.33
5266,4911.04
5267,6601.62
5268,5913.01
5269,5343.02
5270,4889.36
5271,4365.73
5272,5571.38
5273,6050.47
5274,5070.93
5275,4934.61
5276,4464.65
5277,5478.65
5278,2902.34
5279,6197.28
5280,3847.44
5281,7219.76
5282,5711.49
5283,5096.58
5284,7635.14
5285,3179.08
5286,4961.81
5287,8625.39
5288,5626.28
5289,6999.5
5290,6620.6
5291,4963.97
5292,5639.83
5293,5388.96
5294,6279.37
5295,8788.43
5296,5823.84
5297,2673.42
5298,4575.32
5299,7457.43
5300,7759.76
5301,5777.63
5302,5965.36
5303,4296.02
5304,4685.22
5305,3053.5
5306,3996.83
5307,5703.13
5308,5684.28
5309,6615.78
5310,12604.46
5311,7105.54
5312,7491.33
5313,6971.7
5314,4363.84
5315,7646.25
5316,8502.9
5317,5321.08
5318,6022.96
5319,4322.91
5320,6009.55
5321,3799.86
5322,5055.55
5323,4240.94
5324,7640.73
5325,6362.05
5326,6863.2
5327,6668.26
5328,5446.9
5329,6366.02
5330,15469.44
5331,8010.31
5332,4416.31
5333,2699.28
5334,5245.61
5335,7674.64
5336,5167.41
5337,11660.65
5338,18440.43
5339,3324.91
5340,3973.1
5341,6849.48
5342,3916.18
5343,7502.1
5344,5287.7
5345,6151.47
5346,0.0
5347,5944.45
5348,6259.65
5349,6624.98
5350,6864.8
5351,5879.1
5352,6176.07
5353,5404.99
5354,4237.72
5355,4433.33
5356,6872.8
5357,4853.65
5358,5163.11
5359,6009.98
5360,4555.7
5361,4332.63
5362,5578.8
5363,5336.5
5364,7860.26
5365,6935.92
5366,6780.03
5367,6053.38
5368,3276.21
5369,5362.22
5370,5901.45
5371,4520.07
5372,3880.0
5373,8187.37
5374,5667.27
5375,7868.88
5376,5669.54
5377,4625.25
5378,4345.29
5379,4249.91
5380,7917.13
5381,5105.95
5382,8002.5
5383,12186.73
5384,6347.86
5385,5258.81
5386,4679.12
5387,3997.34
5388,6084.79
5389,3413.71
5390,4651.64
5391,8163.19
5392,4790.38
5393,11946.5
5394,9724.42
5395,4556.36
5396,5648.77
5397,5524.46
5398,6155.51
5399,4553.65
5400,8918.76
5401,6141.26
5402,6574.03
5403,4688.32
5404,6157.14
5405,4762.56
5406,7906.02
5407,5775.27
5408,5331.46
5409,6354.61
5410,5471.15
5411,6840.94
5412,8313.25
5413,5693.74
5414,7983.78
5415,6514.38
5416,7189.67
5417,4851.49
5418,4612.04
5419,4878.33
5420,7095.99
5421,5773.13
5422,5868.52
5423,5346.62
5424,7572.53
5425,4731.66
5426,6960.46
5427,5437.68
5428,3510.71
5429,10420.81
5430,14207.12
5431,5918.41
5432,5946.56
5433,6587.22
5434,7941.42
5435,8991.6
5436,5557.7
5437,6039.86
5438,5461.57
5439,6808.35
5440,3945.62
5441,4886.3
5442,4855.9
5443,4772.19
5444,6674.89
5445,3423.66
5446,3581.98
5447,6069.11
5448,3750.9
5449,3538.49
5450,5091.68
5451,4561.97
5452,7728.98
5453,7844.47
5454,6393.81
5455,5391.61
5456,5375.46
5457,9424.08
5458,6054.36
5459,4947.85
5460,4515.26
5461,7619.31
5462,4400.57
5463,5581.44
5464,3305.16
5465,4140.01
5466,5847.69
5467,5571.3
5468,5402.07
5469,8262.4
5470,8397.53
5471,9708.69
5472,5146.66
5473,9263.63
5474,2928.13
5475,4399.15
5476,5176.87
5477,3888.58
5478,7278.57
5479,4459.54
5480,4898.22
5481,8225.43
5482,8648.21
5483,6755.72
5484,4532.96
5485,4390.86
5486,7810.38
5487,6553.44
5488,4833.03
5489,4965.06
5490,6393.1
5491,6765.64
5492,4659.81
5493,4426.8
5494,5949.98
5495,7068.27
5496,11875.88
5497,4977.86
5498,12712.58
5499,6000.49
5500,4610.81
5501,3371.38
5502,4948.29
5503,5184.34
5504,4495.45
5505,7333.32
5506,5298.4
5507,4011.97
5508,6565.07
5509,3568.97
5510,6656.38
5511,5974.64
5512,6130.65
5513,7012.94
5514,4315.89
5515,7873.98
5516,6031.47
5517,4512.98
5518,5250.59
5519,5028.46
5520,8589.28
5521,5535.45
5522,3909.45
5523,6172.44
5524,7346.66
5525,6458.37
5526,4897.45
5527,7356.67
5528,5059.39
5529,5519.95
5530,5391.78
5531,8485.36
5532,4727.61
5533,4770.5
5534,5651.34
5535,4664.31
5536,3497.8
5537,4527.25
5538,7926.92
5539,7684.93
5540,9824.94
5541,8971.75
5542,7463.18
5543,5246.16
5544,4717.41
5545,9319.31
5546,8264.97
5547,5713.98
5548,7024.15
5549,7987.24
5550,4519.82
5551,3362.3
5552,8030.13
5553,5865.41
5554,5128.97
5555,5379.32
5556,2198.76
5557,8594.27
5558,6519.33
5559,6310.12
5560,4896.54
5561,5482.71
5562,5622.5
5563,5634.31
5564,5768.95
5565,4562.26
5566,4368.36
5567,2998.06
5568,2674.18
5569,5981.56
5570,16253.36
5571,4586.18
5572,5183.59
5573,5468.88
5574,4724.82
5575,4576.44
5576,4885.45
5577,3616.8
5578,6413.99
5579,5799.8
5580,3651.76
5581,7173.8
5582,3875.11
5583,4606.26
5584,7582.68
5585,6521.62
5586,8411.59
5587,4094.16
5588,5232.11
5589,4243.41
5590,4856.86
5591,11694.9
5592,7985.35
5593,6062.76
5594,3950.34
5595,4364.14
5596,5390.4
5597,3661.64
5598,7853.48
5599,4282.77
5600,4653.15
5601,6574.59
5602,4472.5
5603,4680.43
5604,4609.96
5605,7093.27
5606,6001.09
5607,3616.53
5608,4598.09
5609,6108.76
5610,7472.06
5611,7535.26
5612,6099.71
5613,3894.03
5614,6865.85
5615,4907.64
5616,0.0
5617,6696.32
5618,6507.87
5619,5669.28
5620,4648.95
5621,5509.95
5622,7489.45
5623,5424.1
5624,5590.4
5625,6669.79
5626,4341.62
5627,8256.83
5628,5600.74
5629,4479.74
5630,9433.3
5631,4686.63
5632,2747.8
5633,7027.04
5634,7512.75
5635,7233.92
5636,4763.44
5637,5160.73
5638,5463.61
5639,6115.25
5640,5290.61
5641,7039.54
5642,2710.6
5643,5157.62
5644,5583.71
5645,4258.67
5646,4191.66
5647,6254.2
5648,6114.47
5649,4448.75
5650,6660.65
5651,5456.6
5652,7772.61
5653,5017.6
5654,5735.73
5655,4961.46
5656,6181.64
5657,7294.1
5658,3617.15
5659,7395.97
5660,6723.64
5661,5944.22
5662,4626.23
5663,3275.8
5664,6531.33
5665,5464.45
5666,7110.61
5667,5806.1
5668,4411.31
5669,7216.29
5670,5044.42
5671,4917.06
5672,7030.18
5673,4787.59
5674,7154.22
5675,8805.51
5676,6710.98
5677,3821.27
5678,4361.87
5679,3815.67
5680,2925.05
5681,6875.94
5682,4858.89
5683,8060.21
5684,4322.3
5685,6062.8
5686,6268.92
5687,8905.92
5688,4439.07
5689,5297.93
5690,4342.24
5691,6380.28
5692,5439.63
5693,6444.72
5694,7148.68
5695,8523.27
5696,5589.65
5697,6134.19
5698,5648.0
5699,4161.9
5700,5127.95
5701,8976.07
5702,7496.26
5703,6348.98
5704,15523.51
5705,5115.49
5706,5093.12
5707,5063.17
5708,7357.77
5709,7798.04
5710,5522.49
5711,6483.82
5712,6770.23
5713,6875.07
5714,5510.95
5715,4713.71
5716,4383.49
5717,4508.61
5718,3411.78
5719,4151.58
5720,7042.3
5721,13874.32
5722,5177.47
5723,4255.82
5724,6328.16
5725,3682.74
5726,5741.59
5727,3895.75
5728,7172.1
5729,5427.62
5730,5921.98
5731,10632.06
5732,11193.55
5733,6129.53
5734,6029.67
5735,3271.81
5736,5389.86
5737,4987.01
5738,7512.75
5739,4243.83
5740,3748.58
5741,4968.39
5742,5457.89
5743,7059.77
5744,5467.51
5745,4077.96
5746,6435.92
5747,6156.36
5748,5924.99
5749,3583.6
5750,3268.24
5751,6537.56
5752,4106.68
5753,8488.27
5754,4162.22
5755,4193.48
5756,6086.41
5757,5222.3
5758,4108.45
5759,5293.73
5760,5591.49
5761,7675.89
5762,7442.0
5763,5244.09
5764,3722.4
5765,4455.13
5766,7901.53
5767,4420.41
5768,5139.67
5769,6229.61
5770,10607.26
5771,6193.36
5772,5517.84
5773,6066.62
5774,3903.47
5775,7821.09
5776,4452.42
5777,9647.12
5778,5858.89
5779,4520.27
5780,9024.93
5781,4210.33
5782,6097.93
5783,16791.17
5784,3736.29
5785,4749.76
5786,8804.98
5787,6067.45
5788,6017.62
5789,6435.8
5790,4871.22
5791,6186.28
5792,4078.71
5793,7338.83
5794,4846.44
5795,5636.32
5796,5910.99
5797,4383.73
5798,6261.36
5799,5422.14
5800,3623.8
5801,7597.38
5802,9217.16
5803,3642.1
5804,6128.25
5805,5771.55
5806,4639.62
5807,8002.98
5808,5600.03
5809,8356.85
5810,4407.54
5811,4340.66
5812,5872.29
5813,3606.8
5814,6056.24
5815,3540.32
5816,5157.84
5817,4364.19
5818,5249.45
5819,4793.43
5820,5683.43
5821,5701.44
5822,6974.56
5823,5345.53
5824,6711.98
5825,5859.85
5826,7218.88
5827,7630.32
5828,6452.29
5829,3026.81
5830,5242.15
5831,6199.11
5832,4455.34
5833,9827.68
5834,5317.5
5835,6022.54
5836,8375.34
5837,5759.13
5838,3817.69
5839,8398.98
5840,8849.43
5841,5246.9
5842,6170.88
5843,8432.92
5844,5730.49
5845,4794.64
5846,6487.1
5847,5021.7
5848,5334.22
5849,6527.98
5850,4480.05
5851,5832.24
5852,6409.2
5853,7316.49
5854,6416.18
5855,4928.02
5856,5891.14
5857,3464.44
5858,6616.6
5859,6119.27
5860,5277.93
5861,5588.66
5862,5301.89
5863,7883.75
5864,5161.08
5865,4370.86
5866,5340.15
5867,6170.3
5868,5696.57
5869,4415.73
5870,3735.68
5871,5875.68
5872,6867.51
5873,4634.94
5874,6545.09
5875,6363.95
5876,4904.02
5877,4735.95
5878,3430.41
5879,5357.91
5880,5806.26
5881,5448.82
5882,6431.07
5883,6945.29
5884,4456.68
5885,7214.11
5886,3087.48
5887,2729.04
5888,6161.37
5889,8529.17
5890,6890.3
5891,5695.28
5892,4091.21
5893,5937.98
5894,7352.68
5895,4553.94
5896,7002.25
5897,4457.81
5898,4005.04
5899,4451.67
5900,4722.57
5901,4938.73
5902,4035.22
5903,4082.38
5904,3318.73
5905,6359.22
5906,5766.86
5907,4541.43
5908,5417.23
5909,5949.28
5910,4930.15
5911,4831.74
5912,7476.42
5913,6726.95
5914,6340.14
5915,3639.15
5916,12609.09
5917,5707.14
5918,4198.27
5919,7612.12
5920,6577.16
5921,6012.24
5922,5582.23
5923,5892.45
5924,7790.29
5925,10669.48
5926,4132.99
5927,3422.43
5928,4798.96
5929,6104.04
5930,5540.41
5931,7567.54
5932,7397.43
5933,5661.1
5934,3805.56
5935,5259.8
5936,7747.96
5937,4316.62
5938,5959.93
5939,3655.14
5940,6291.35
5941,5723.12
5942,6509.2
5943,6774.36
5944,5787.82
5945,4041.94
5946,6117.61
5947,6595.82
5948,6699.44
5949,6542.78
5950,6900.78
5951,5015.84
5952,4214.09
5953,8572.29
5954,4972.78
5955,9788.08
5956,5772.09
5957,4343.59
5958,5396.65
5959,5750.19
5960,6291.64
5961,6783.86
5962,3505.34
5963,4235.74
5964,5231.49
5965,6602.24
5966,7934.71
5967,4843.78
5968,4773.27
5969,5237.8
5970,5657.82
5971,4428.1
5972,8387.4
5973,8103.61
5974,9312.36
5975,3988.84
5976,4927.91
5977,8631.62
5978,7073.49
5979,4303.24
5980,9271.58
5981,5165.81
5982,4173.32
5983,4573.98
5984,3829.82
5985,4785.88
5986,4550.7
5987,4189.29
5988,4432.46
5989,7196.0
5990,6236.05
5991,20060.57
5992,5407.16
5993,3442.19
5994,5649.14
5995,7771.03
5996,5188.62
5997,5455.18
5998,4812.11
5999,6907.61
6000,5634.06
6001,3271.78
6002,4851.64
6003,5323.37
6004,6829.95
6005,5765.55
6006,8395.38
6007,3805.58
6008,3770.66
6009,4204.65
6010,7704.35
6011,9050.8
6012,6911.28
6013,5715.77
6014,4409.07
6015,4683.37
6016,3540.65
6017,6723.6
6018,7522.66
6019,8206.59
6020,4082.62
6021,3720.97
6022,4387.99
6023,5221.06
6024,8677.81
6025,5541.79
6026,4236.63
6027,3856.19
6028,6209.46
6029,3121.17
6030,5833.8
6031,3133.11
6032,5265.19
6033,6055.62
6034,4320.47
6035,6396.99
6036,4326.48
6037,4304.16
6038,5975.22
6039,5113.67
6040,8745.74
6041,4842.53
6042,5956.19
6043,6269.6
6044,7629.19
6045,5137.83
6046,6956.93
6047,3528.02
6048,4174.62
6049,5500.41
6050,4725.92
6051,7625.5
6052,6250.2
6053,4109.1
6054,5801.37
6055,5413.4
6056,7877.85
6057,3138.48
6058,11079.22
6059,3703.43
6060,5129.71
6061,6807.91
6062,5147.09
6063,4606.32
6064,5113.26
6065,5767.03
6066,3956.73
6067,4288.92
6068,6684.27
6069,6371.55
6070,5172.81
6071,3928.09
6072,6137.26
6073,8616.17
6074,5447.07
6075,4226.29
6076,5568.58
6077,5584.41
6078,6192.45
6079,6454.01
6080,3295.8
6081,5951.35
6082,4828.37
6083,5772.08
6084,6356.09
6085,3923.62
6086,4566.38
6087,3591.99
6088,5966.12
6089,7885.96
6090,4479.59
6091,3664.34
6092,5731.82
6093,4553.91
6094,4742.54
6095,6888.01
6096,5456.79
6097,7109.53
6098,4234.69
6099,4271.24
6100,4922.46
6101,7393.03
6102,6527.86
6103,6565.72
6104,6290.41
6105,4955.63
6106,6534.6
6107,4588.38
6108,5740.73
6109,7555.56
6110,5424.13
6111,8634.41
6112,6719.75
6113,5218.36
6114,5285.25
6115,6330.97
6116,6120.49
6117,4678.15
6118,3742.51
6119,4766.01
6120,6205.32
6121,4785.25
6122,4299.31
6123,6865.04
6124,5974.09
6125,5240.74
6126,4295.4
6127,4634.52
6128,5580.06
6129,5800.31
6130,5079.66
6131,4361.68
6132,4335.2
6133,5256.46
6134,2786.74
6135,5437.1
6136,3468.66
6137,7213.32
6138,5320.48
6139,4941.7
6140,5508.01
6141,3681.12
6142,4210.39
6143,9391.93
6144,4870.57
6145,6902.51
6146,6715.93
6147,4445.75
6148,5611.18
6149,4945.08
6150,6233.56
6151,8870.71
6152,5722.26
6153,2500.0
6154,4053.57
6155,6801.34
6156,6864.29
6157,4359.79
6158,5775.04
6159,4161.28
6160,4531.19
6161,2721.02
6162,4122.27
6163,5110.41
6164,5473.45
6165,5873.26
6166,3631.94
6167,6492.38
6168,6763.66
6169,6666.21
6170,3759.69
6171,7370.5
6172,7787.25
6173,4443.17
6174,6442.46
6175,3928.03
6176,5232.35
6177,2997.33
6178,5468.51
6179,3553.32
6180,8275.41
6181,5944.68
6182,6669.09
6183,7036.75
6184,4667.58
6185,6280.15
6186,16101.37
6187,8037.55
6188,4272.94
6189,2372.85
6190,4884.39
6191,8062.0
6192,4869.12
6193,11054.51
6194,16920.07
6195,2501.98
6196,3849.49
6197,8409.43
6198,3608.44
6199,6952.17
6200,5161.26
6201,5550.63
6202,3463.17
6203,5452.54
6204,4820.73
6205,6346.77
6206,5290.82
6207,4776.21
6208,4754.16
6209,5667.92
6210,3566.35
6211,4011.68
6212,6803.82
6213,4732.55
6214,4594.04
6215,5881.39
6216,5113.12
6217,4798.59
6218,6257.3
6219,5589.66
6220,7067.59
6221,6113.44
6222,6206.22
6223,4712.89
6224,2887.9
6225,5114.83
6226,5922.37
6227,4666.8
6228,4240.28
6229,6908.55
6230,5664.06
6231,7413.43
6232,6159.57
6233,4620.31
6234,4347.04
6235,4007.03
6236,7339.18
6237,3887.32
6238,6543.77
6239,13106.6
6240,6811.95
6241,6595.78
6242,3856.71
6243,3975.98
6244,5780.32
6245,3244.43
6246,4931.87
6247,8229.25
6248,4305.03
6249,11673.48
6250,10573.3
6251,4236.85
6252,5758.51
6253,5780.31
6254,5013.37
6255,4566.42
6256,8645.24
6257,5817.84
6258,6503.85
6259,4216.73
6260,6305.16
6261,4107.26
6262,7937.49
6263,5325.39
6264,4864.9
6265,5793.95
6266,5200.85
6267,6018.33
6268,8287.28
6269,4592.9
6270,8047.31
6271,5796.58
6272,7479.25
6273,5286.63
6274,3967.58
6275,4204.34
6276,6207.76
6277,5328.91
6278,6020.86
6279,5360.92
6280,6887.75
6281,4421.7
6282,6919.44
6283,6086.92
6284,3228.48
6285,10541.42
6286,15375.11
6287,5340.7
6288,5190.05
6289,7288.73
6290,8319.75
6291,9161.84
6292,4924.0
6293,6026.44
6294,4696.29
6295,6651.8
6296,3556.76
6297,4696.37
6298,4321.4
6299,4604.47
6300,6342.35
6301,4294.72
6302,3576.99
6303,5294.47
6304,3172.29
6305,3344.29
6306,5082.3
6307,4900.27
6308,7010.22
6309,7191.9
6310,5719.38
6311,5369.17
6312,5258.97
6313,10114.63
6314,6280.39
6315,4180.0
6316,3785.81
6317,6699.91
6318,4124.84
6319,5820.99
6320,3239.18
6321,4389.28
6322,5431.22
6323,4984.89
6324,4230.77
6325,7706.66
6326,8453.02
6327,9936.97
6328,4925.08
6329,8081.0
6330,2571.95
6331,4197.28
6332,5039.67
6333,2919.97
6334,6427.89
6335,4036.86
6336,4601.03
6337,7199.01
6338,9454.86
6339,7983.2
6340,4341.92
6341,3933.7
6342,7749.8
6343,6065.69
6344,5261.17
6345,3974.6
6346,5055.63
6347,7832.55
6348,3691.35
6349,4784.74
6350,6634.88
6351,6410.5
6352,11589.5
6353,4375.77
6354,13157.61
6355,5868.77
6356,4088.99
6357,2995.29
6358,5077.74
6359,4783.74
6360,4705.95
6361,5844.92
6362,4453.68
6363,3708.03
6364,5246.28
6365,2941.47
6366,6970.44
6367,5449.12
6368,6496.84
6369,6619.53
6370,3684.45
6371,8007.85
6372,6100.09
6373,4349.43
6374,5116.45
6375,4187.47
6376,8535.06
6377,5833.23
6378,3354.79
6379,6535.72
6380,6487.18
6381,5595.55
6382,4854.74
6383,7024.64
6384,4710.83
6385,5264.68
6386,4852.93
6387,7376.02
6388,4969.3
6389,4810.34
6390,4153.16
6391,3832.19
6392,3105.41
6393,4409.63
6394,6480.57
6395,7285.4
6396,8883.91
6397,8271.31
6398,6461.88
6399,5387.11
6400,4459.97
6401,9485.55
6402,7898.68
6403,5365.4
6404,7641.05
6405,7215.63
6406,4750.69
6407,3068.72
6408,9105.28
6409,7518.16
6410,5303.29
6411,5046.69
6412,2064.57
6413,9409.23
6414,7776.67
6415,7973.98
6416,4161.08
6417,5345.25
6418,5725.12
6419,5998.02
6420,5878.77
6421,4486.37
6422,3976.35
6423,3160.69
6424,2476.68
6425,5764.06
6426,15782.17
6427,4659.46
6428,4359.12
6429,5612.96
6430,4174.42
6431,4523.93
6432,4412.48
6433,3568.07
6434,5536.64
6435,5174.69
6436,3681.92
6437,6655.96
6438,4056.16
6439,4297.12
6440,6945.55
6441,6411.51
6442,8526.52
6443,4158.14
6444,6062.71
6445,3820.12
6446,4517.71
6447,12552.67
6448,7670.46
6449,5618.77
6450,4364.16
6451,3692.4
6452,4901.07
6453,4682.65
6454,9165.95
6455,4317.32
6456,4943.18
6457,5452.21
6458,3836.92
6459,5599.43
6460,5676.16
6461,6604.92
6462,5464.58
6463,3405.11
6464,4907.54
6465,5610.77
6466,7390.05
6467,7755.01
6468,5715.2
6469,3615.41
6470,6485.99
6471,5049.64
6472,0.0
6473,6029.2
6474,6289.19
6475,5360.81
6476,4849.05
6477,5388.77
6478,7097.05
6479,4847.54
6480,5587.39
6481,5772.62
6482,3740.96
6483,7816.26
6484,5061.2
6485,4055.15
6486,8994.63
6487,4952.58
6488,2935.84
6489,6604.32
6490,7805.41
6491,7458.79
6492,4399.92
6493,4890.23
6494,5046.12
6495,6508.09
6496,4859.28
6497,6781.93
6498,2752.29
6499,4878.58
6500,5147.16
6501,4222.61
6502,3693.84
6503,6690.88
6504,5769.76
6505,4915.58
6506,6672.1
6507,4656.81
6508,6817.28
6509,4528.46
6510,5962.0
6511,4567.0
6512,6366.01
6513,6899.12
6514,4383.83
6515,6859.4
6516,7038.68
6517,5954.02
6518,3657.42
6519,3178.7
6520,5945.3
6521,4717.04
6522,6676.01
6523,5430.76
6524,4664.4
6525,6407.22
6526,5166.82
6527,4400.95
6528,6471.54
6529,4293.14
6530,6846.77
6531,8138.16
6532,6237.56
6533,3956.49
6534,4189.57
6535,3629.89
6536,2870.59
6537,7006.37
6538,4686.39
6539,7223.11
6540,3327.53
6541,5832.33
6542,5474.22
6543,9242.84
6544,3708.38
6545,3816.07
6546,3892.07
6547,6788.36
6548,4892.58
6549,5983.22
6550,6226.29
6551,8195.45
6552,5898.31
6553,6329.39
6554,4940.83
6555,3878.02
6556,3974.16
6557,8621.58
6558,7482.29
6559,6247.26
6560,13905.65
6561,4593.42
6562,4383.72
6563,4915.66
6564,6413.87
6565,6518.34
6566,4975.03
6567,6552.7
6568,6224.68
6569,7783.07
6570,5734.81
6571,4325.08
6572,4567.39
6573,4029.12
6574,3165.46
6575,3833.98
6576,6754.63
6577,13669.58
6578,5135.97
6579,4442.31
6580,5940.33
6581,2992.18
6582,4866.06
6583,3562.97
6584,7500.25
6585,4958.07
6586,5250.61
6587,10556.26
6588,10169.08
6589,6004.43
6590,5624.44
6591,3354.74
6592,4707.57
6593,5075.14
6594,7621.17
6595,4038.96
6596,3385.95
6597,4608.87
6598,5140.58
6599,7250.6
6600,5194.26
6601,3497.61
6602,5950.19
6603,6251.99
6604,6106.01
6605,3497.79
6606,3215.64
6607,6158.42
6608,3780.79
6609,8308.68
6610,3910.55
6611,3982.01
6612,5091.43
6613,4680.37
6614,3156.14
6615,4918.64
6616,5139.37
6617,7919.63
6618,7280.36
6619,5144.63
6620,3726.91
6621,4810.36
6622,6805.28
6623,3994.88
6624,4528.95
6625,5480.01
6626,9487.48
6627,5739.19
6628,5056.16
6629,6715.2
6630,3668.26
6631,7819.37
6632,4668.66
6633,10750.99
6634,4739.97
6635,4554.55
6636,1386.44
6637,3779.01
6638,6793.61
6639,14599.21
6640,3209.47
6641,3846.78
6642,7778.05
6643,5818.24
6644,5368.08
6645,6625.14
6646,4731.52
6647,5573.85
6648,3836.67
6649,7977.11
6650,4754.51
6651,5835.43
6652,6024.75
6653,4003.92
6654,6463.5
6655,4464.77
6656,3250.55
6657,7488.63
6658,7433.74
6659,3737.52
6660,5726.81
6661,5165.74
6662,3649.37
6663,7545.0
6664,5460.55
6665,7538.53
6666,3831.99
6667,3945.76
6668,5717.51
6669,2925.73
6670,6105.63
6671,3493.13
6672,5220.45
6673,4261.43
6674,4553.27
6675,5846.98
6676,5553.29
6677,5001.64
6678,6522.55
6679,5594.89
6680,6606.26
6681,5508.48
6682,6142.5
6683,7236.21
6684,5971.42
6685,2633.03
6686,5125.56
6687,6064.21
6688,3965.87
6689,9294.44
6690,4586.36
6691,5324.8
6692,8634.42
6693,6002.98
6694,3012.1
6695,7639.16
6696,7849.39
6697,4528.15
6698,6183.17
6699,8420.71
6700,4601.13
6701,4198.61
6702,5363.32
6703,4601.89
6704,4491.53
6705,5904.92
6706,4080.11
6707,5466.36
6708,5520.21
6709,4901.4
6710,5788.08
6711,4913.83
6712,5418.26
6713,3744.98
6714,6111.75
6715,5762.73
6716,5012.72
6717,5601.33
6718,5213.48
6719,7877.85
6720,4400.71
6721,4190.79
6722,4884.34
6723,6082.29
6724,6244.17
6725,4010.1
6726,3354.18
6727,6456.55
6728,5994.78
6729,4386.64
6730,6469.11
6731,6398.31
6732,5884.63
6733,4162.35
6734,4351.17
6735,5275.85
6736,5081.98
6737,5161.73
6738,8032.77
6739,7193.39
6740,4064.58
6741,8006.74
6742,3177.77
6743,2757.89
6744,6152.92
6745,9043.74
6746,6559.91
6747,5593.36
6748,3945.69
6749,5708.75
6750,7800.05
6751,4489.68
6752,6183.88
6753,4302.77
6754,3817.19
6755,4141.47
6756,4158.54
6757,4916.23
6758,3306.51
6759,3653.82
6760,3228.1
6761,5977.95
6762,5812.68
6763,3350.33
6764,5600.79
6765,5150.37
6766,4118.84
6767,5182.25
6768,6449.22
6769,7328.91
6770,5490.49
6771,3619.0
6772,10949.57
6773,5525.33
6774,3861.23
6775,6835.67
6776,6517.43
6777,5630.1
6778,4346.95
6779,6037.87
6780,7239.51
6781,9630.86
6782,3660.14
6783,3458.08
6784,4217.13
6785,6261.43
6786,4750.77
6787,7522.28
6788,7542.02
6789,5104.59
6790,3665.72
6791,5050.65
6792,7615.85
6793,4140.9
6794,5209.48
6795,3858.97
6796,6354.53
6797,5910.74
6798,6261.11
6799,6532.84
6800,5435.23
6801,2952.75
6802,5440.5
6803,6150.46
6804,6500.23
6805,6211.15
6806,6153.78
6807,4524.4
6808,3437.97
6809,7868.9
6810,3679.68
6811,9855.68
6812,5124.95
6813,3337.89
6814,5801.78
6815,5379.34
6816,6494.67
6817,6648.02
6818,3598.01
6819,3718.89
6820,5374.38
6821,6241.75
6822,8017.3
6823,4626.31
6824,5085.85
6825,4770.51
6826,5195.32
6827,4347.69
6828,8055.62
6829,6261.82
6830,9506.94
6831,3527.23
6832,4542.35
6833,8207.03
6834,7687.2
6835,3864.21
6836,8464.65
6837,5379.05
6838,4276.24
6839,4184.9
6840,3628.12
6841,4565.41
6842,4606.64
6843,3771.4
6844,4048.36
6845,6766.47
6846,6278.31
6847,17864.46
6848,5551.15
6849,3409.41
6850,5504.92
6851,7892.41
6852,4229.52
6853,5270.15
6854,4324.51
6855,6964.91
6856,5991.4
6857,3200.16
6858,4442.09
6859,5169.52
6860,6754.11
6861,5384.78
6862,7898.76
6863,3562.03
6864,3546.92
6865,4042.85
6866,7035.26
6867,8223.2
6868,6903.61
6869,5720.85
6870,3112.06
6871,4442.94
6872,3643.12
6873,5765.32
6874,7831.19
6875,7872.89
6876,4053.09
6877,3419.75
6878,3592.01
6879,5075.82
6880,7816.41
6881,5369.15
6882,3580.16
6883,3889.78
6884,6374.34
6885,3417.78
6886,5659.79
6887,2932.42
6888,5062.24
6889,5767.39
6890,4290.21
6891,6060.85
6892,4292.35
6893,4148.31
6894,5069.29
6895,4834.73
6896,8074.25
6897,4482.84
6898,5923.78
6899,6249.73
6900,7353.05
6901,5020.98
6902,6882.08
6903,3494.37
6904,4037.18
6905,4406.03
6906,4375.87
6907,7400.9
6908,6017.5
6909,4024.22
6910,4731.11
6911,5303.99
6912,6953.18
6913,3183.99
6914,10561.97
6915,3063.49
6916,5201.59
6917,6016.86
6918,5258.1
6919,4595.87
6920,4903.31
6921,5349.14
6922,3910.6
6923,3836.32
6924,6677.05
6925,6041.14
6926,4957.18
6927,3977.86
6928,5643.6
6929,8529.07
6930,5336.88
6931,4227.94
6932,5362.89
6933,4951.13
6934,6345.71
6935,6317.62
6936,3101.88
6937,5898.83
6938,5094.83
6939,5398.01
6940,6259.07
6941,3650.34
6942,4418.34
6943,3618.3
6944,6071.51
6945,7509.37
6946,4385.37
6947,3585.19
6948,5869.85
6949,4402.64
6950,4680.96
6951,6923.55
6952,5322.65
6953,6502.51
6954,4017.52
6955,3964.97
6956,4609.28
6957,6736.19
6958,6676.96
6959,6230.47
6960,6316.54
6961,4742.36
6962,6541.69
6963,4438.77
6964,5425.2
6965,7619.41
6966,5278.54
6967,7761.64
6968,6787.27
6969,5117.66
6970,4840.77
6971,5594.28
6972,5798.62
6973,4740.58
6974,3534.07
6975,4553.65
6976,5760.95
6977,4669.35
6978,3839.19
6979,5854.01
6980,5619.95
6981,5209.67
6982,4297.99
6983,3878.71
6984,4901.51
6985,5770.39
6986,4995.5
6987,4084.8
6988,4547.48
6989,4844.42
6990,2655.06
6991,4950.83
6992,3503.13
6993,6699.58
6994,5531.67
6995,5271.12
6996,5381.41
6997,4161.35
6998,3880.12
6999,8035.17
7000,5058.56
7001,6090.03
7002,6104.1
7003,3565.99
7004,4921.58
7005,4786.18
7006,5546.99
7007,8814.41
7008,5009.85
7009,2270.29
7010,4389.78
7011,6730.23
7012,6677.49
7013,4142.63
7014,5546.7
7015,3864.74
7016,4390.42
7017,2543.93
7018,3453.62
7019,4708.98
7020,5130.61
7021,5962.12
7022,4172.59
7023,6267.19
7024,6320.84
7025,6303.98
7026,3326.16
7027,7458.76
7028,7654.22
7029,4248.43
7030,5937.5
7031,3662.07
7032,4987.58
7033,2747.02
7034,5465.8
7035,3418.0
7036,7843.86
7037,5794.97
7038,6706.26
7039,6863.83
7040,4261.97
7041,6135.96
7042,15545.36
7043,7867.55
7044,3804.07
7045,2081.76
7046,4863.37
7047,6343.77
7048,4709.93
7049,11302.47
7050,16326.93
7051,2870.65
7052,3624.73
7053,6294.7
7054,3943.09
7055,6287.25
7056,4494.71
7057,5343.11
7058,0.0
7059,5770.25
7060,4711.34
7061,6287.53
7062,5235.89
7063,4371.21
7064,4360.29
7065,5615.62
7066,3595.86
7067,3973.14
7068,6311.24
7069,4235.14
7070,4544.77
7071,5476.9
7072,4460.26
7073,4758.8
7074,5407.57
7075,5335.8
7076,6529.15
7077,5867.12
7078,5718.8
7079,4644.11
7080,2787.56
7081,4794.48
7082,5852.81
7083,4237.88
7084,4149.73
7085,6890.98
7086,5662.88
7087,7717.85
7088,6094.99
7089,3966.18
7090,3808.85
7091,3833.96
7092,7078.9
7093,3874.91
7094,6510.7
7095,11950.99
7096,6643.47
7097,4800.45
7098,3813.13
7099,3735.64
7100,5406.62
7101,3099.07
7102,4612.7
7103,8277.18
7104,4108.07
7105,11497.55
7106,10255.07
7107,4150.22
7108,5517.43
7109,5446.33
7110,4935.97
7111,4083.72
7112,8503.04
7113,5201.69
7114,6043.07
7115,3965.61
7116,5881.97
7117,3870.25
7118,7052.67
7119,4653.49
7120,4578.09
7121,5263.07
7122,5144.72
7123,5841.59
7124,7805.47
7125,4658.77
7126,8017.19
7127,5570.75
7128,7929.9
7129,4737.26
7130,3853.99
7131,4011.88
7132,6524.42
7133,4597.83
7134,5786.91
7135,5080.83
7136,6551.21
7137,3926.66
7138,6174.46
7139,4898.24
7140,3171.03
7141,10586.66
7142,14532.39
7143,5352.49
7144,5237.34
7145,7136.66
7146,7815.93
7147,8922.82
7148,4105.61
7149,5715.22
7150,4348.75
7151,6067.73
7152,2992.16
7153,3945.91
7154,4251.25
7155,4649.01
7156,5965.21
7157,4106.04
7158,3302.45
7159,5136.84
7160,2853.66
7161,3514.36
7162,4867.4
7163,4572.28
7164,6804.27
7165,6805.29
7166,5568.92
7167,4786.04
7168,4834.01
7169,9084.35
7170,5953.87
7171,3749.95
7172,3720.04
7173,6302.84
7174,4018.99
7175,5710.11
7176,2462.68
7177,3951.64
7178,5259.72
7179,4818.82
7180,4291.06
7181,7093.52
7182,7010.21
7183,9458.55
7184,4696.33
7185,7890.42
7186,2410.85
7187,4005.34
7188,4775.73
7189,2842.67
7190,5948.54
7191,3892.37
7192,4527.21
7193,7025.69
7194,8975.88
7195,6361.9
7196,4332.09
7197,3600.32
7198,8464.0
7199,6865.16
7200,4492.5
7201,3869.03
7202,5268.98
7203,7109.32
7204,3690.5
7205,4774.32
7206,6333.01
7207,5232.12
7208,10495.11
7209,4158.46
7210,12444.52
7211,5229.46
7212,3883.51
7213,2135.58
7214,4442.93
7215,4611.06
7216,4345.39
7217,5377.32
7218,4254.16
7219,3165.77
7220,4892.26
7221,2981.36
7222,6767.11
7223,5243.42
7224,6417.43
7225,6348.03
7226,3523.01
7227,7169.03
7228,6102.12
7229,4127.69
7230,4707.8
7231,4797.27
7232,7904.42
7233,5705.53
7234,3513.88
7235,6332.13
7236,6236.53
7237,4825.2
7238,4745.68
7239,6479.36
7240,4737.84
7241,5166.28
7242,4649.81
7243,6937.92
7244,4138.42
7245,4423.59
7246,4159.81
7247,3795.96
7248,3342.31
7249,4189.34
7250,6460.29
7251,7008.14
7252,8707.85
7253,7622.41
7254,6067.23
7255,5437.85
7256,4432.6
7257,8735.04
7258,7206.84
7259,5331.03
7260,6146.11
7261,6209.12
7262,4717.39
7263,2918.13
7264,9126.19
7265,7756.29
7266,5346.5
7267,4940.98
7268,2112.39
7269,7840.88
7270,7943.05
7271,8268.63
7272,4455.83
7273,5488.74
7274,5701.51
7275,5493.12
7276,5624.07
7277,4296.64
7278,3960.69
7279,3357.9
7280,2374.89
7281,5648.83
7282,15800.76
7283,3686.74
7284,4319.09
7285,5444.84
7286,3937.23
7287,4261.61
7288,4402.88
7289,3037.93
7290,5270.89
7291,5019.9
7292,3323.42
7293,6367.98
7294,3880.25
7295,3923.6
7296,6839.75
7297,6755.85
7298,8470.91
7299,3758.77
7300,5043.62
7301,3540.64
7302,4254.48
7303,11825.2
7304,7450.16
7305,5695.99
7306,4123.86
7307,3350.62
7308,4523.48
7309,3558.06
7310,7626.34
7311,3896.2
7312,5023.92
7313,5151.73
7314,3424.78
7315,5170.48
7316,5269.36
7317,6478.07
7318,5242.99
7319,2873.67
7320,5057.11
7321,5132.1
7322,7172.74
7323,6835.85
7324,5096.37
7325,3317.61
7326,6449.98
7327,4291.44
7328,0.0
7329,5125.33
7330,5588.27
7331,4980.95
7332,4639.34
7333,5545.29
7334,7196.97
7335,4898.07
7336,5469.24
7337,5719.65
7338,3530.68
7339,7484.75
7340,5019.52
7341,3599.4
7342,8795.13
7343,4149.8
7344,3087.79
7345,6591.78
7346,7653.49
7347,7155.94
7348,4353.38
7349,4239.03
7350,5203.18
7351,5629.2
7352,4658.25
7353,6218.35
7354,2736.95
7355,4187.67
7356,4747.51
7357,4381.49
7358,3601.26
7359,6227.87
7360,5792.68
7361,4578.85
7362,6379.46
7363,4688.3
7364,6848.29
7365,4485.44
7366,5814.39
7367,4604.03
7368,5823.51
7369,6402.71
7370,2779.25
7371,7003.35
7372,6976.01
7373,5663.81
7374,3963.28
7375,2955.15
7376,5641.68
7377,4046.01
7378,6324.76
7379,5076.63
7380,3833.98
7381,5734.2
7382,4634.05
7383,4090.49
7384,6404.97
7385,3647.33
7386,6806.14
7387,7890.72
7388,5872.39
7389,3461.16
7390,4174.44
7391,3460.27
7392,2576.29
7393,6135.23
7394,4481.57
7395,6571.62
7396,3342.71
7397,5946.68
7398,5526.0
7399,8413.19
7400,3664.99
7401,3807.77
7402,3817.96
7403,6315.94
7404,4441.54
7405,6225.28
7406,5994.32
7407,8263.01
7408,5476.5
7409,5826.01
7410,4783.55
7411,3439.49
7412,3756.14
7413,7913.12
7414,7177.72
7415,6206.18
7416,13695.26
7417,3957.59
7418,4108.64
7419,4130.5
7420,6620.5
7421,6693.82
7422,4894.22
7423,6086.25
7424,6037.08
7425,7941.62
7426,5398.39
7427,4267.76
7428,4184.1
7429,4109.07
7430,3069.8
7431,3452.47
7432,6218.51
7433,12291.51
7434,4910.78
7435,4207.0
7436,5143.05
7437,2806.64
7438,4785.11
7439,3011.23
7440,7295.33
7441,4807.06
7442,5152.86
7443,10515.83
7444,10141.56
7445,4716.88
7446,5580.7
7447,3358.53
7448,4880.69
7449,4971.11
7450,7345.64
7451,4001.45
7452,3217.87
7453,4738.81
7454,4842.47
7455,6918.39
7456,4554.31
7457,3583.48
7458,5548.22
7459,5722.8
7460,5456.18
7461,3442.74
7462,3125.03
7463,6111.32
7464,3949.45
7465,7817.57
7466,3481.5
7467,3855.92
7468,4884.65
7469,4539.13
7470,3079.61
7471,4874.96
7472,4967.09
7473,7829.07
7474,6927.27
7475,4735.5
7476,3732.88
7477,4734.03
7478,6950.87
7479,3850.31
7480,4222.71
7481,5272.88
7482,9440.45
7483,5731.69
7484,4723.42
7485,6579.48
7486,3636.61
7487,6943.54
7488,3983.17
7489,9260.48
7490,4574.43
7491,4125.01
7492,1467.95
7493,3355.57
7494,6240.94
7495,13961.15
7496,3327.73
7497,3552.89
7498,7759.68
7499,5454.84
7500,5257.79
7501,6359.92
7502,4878.47
7503,5586.4
7504,3530.05
7505,7531.16
7506,4175.33
7507,5431.45
7508,5634.03
7509,4067.29
7510,6151.94
7511,4442.84
7512,3005.38
7513,7294.69
7514,7119.99
7515,3478.91
7516,5612.75
7517,4847.3
7518,3705.3
7519,7290.04
7520,5178.28
7521,7173.92
7522,3317.93
7523,3642.55
7524,5906.84
7525,2725.06
7526,5985.81
7527,3163.72
7528,4626.86
7529,3834.63
7530,4376.15
7531,4999.04
7532,5369.44
7533,4852.69
7534,6296.74
7535,5208.91
7536,6080.56
7537,5469.7
7538,6470.38
7539,7126.26
7540,5915.81
7541,2403.59
7542,4979.67
7543,5997.26
7544,4302.97
7545,9074.18
7546,4416.83
7547,4804.48
7548,8139.88
7549,4934.46
7550,2852.24
7551,7794.37
7552,7882.69
7553,4690.68
7554,5823.31
7555,7583.71
7556,4430.13
7557,3819.67
7558,4816.14
7559,4595.71
7560,4550.13
7561,5543.34
7562,3555.26
7563,6932.11
7564,5056.62
7565,4814.3
7566,5348.03
7567,4757.9
7568,5126.1
7569,3580.71
7570,5772.96
7571,5178.96
7572,4660.55
7573,4984.27
7574,5261.61
7575,7331.53
7576,4112.86
7577,4279.68
7578,4421.07
7579,5923.1
7580,6294.09
7581,3937.09
7582,3277.72
7583,6773.24
7584,5950.1
7585,4358.01
7586,6100.8
7587,6053.87
7588,5010.93
7589,3655.26
7590,3372.9
7591,5271.23
7592,5091.88
7593,4704.68
7594,7000.14
7595,6754.68
7596,3769.16
7597,5919.03
7598,3104.85
7599,2646.57
7600,6208.84
7601,9287.9
7602,5735.09
7603,5374.81
7604,3741.58
7605,5522.04
7606,6247.17
7607,4233.87
7608,6070.25
7609,4206.49
7610,3898.16
7611,4148.19
7612,3923.63
7613,4597.74
7614,3160.82
7615,3139.98
7616,3456.9
7617,6077.41
7618,4388.28
7619,3306.61
7620,4525.49
7621,4863.29
7622,4139.37
7623,4955.03
7624,6173.21
7625,6508.53
7626,4942.65
7627,3361.96
7628,9877.99
7629,4719.17
7630,3578.48
7631,6727.78
7632,6456.67
7633,5084.53
7634,4294.4
7635,6008.23
7636,6542.87
7637,10111.81
7638,3602.23
7639,3246.87
7640,3866.34
7641,4956.86
7642,4420.05
7643,6350.94
7644,6369.19
7645,5049.87
7646,3267.33
7647,4903.92
7648,7033.02
7649,3652.53
7650,5219.87
7651,3599.52
7652,6279.99
7653,6031.5
7654,5598.56
7655,6637.75
7656,5156.43
7657,2969.43
7658,5094.93
7659,5265.84
7660,6512.53
7661,5647.61
7662,5906.36
7663,4298.25
7664,3482.94
7665,7263.63
7666,3745.94
7667,8371.48
7668,4928.96
7669,3400.78
7670,5937.48
7671,4988.14
7672,5984.59
7673,6026.32
7674,2794.06
7675,3326.61
7676,5450.08
7677,6024.5
7678,7967.05
7679,4761.47
7680,4863.67
7681,4485.2
7682,5034.57
7683,3494.66
7684,7583.5
7685,6096.7
7686,9669.21
7687,3580.11
7688,4212.99
7689,8187.66
7690,6870.86
7691,3432.76
7692,7869.6
7693,5558.27
7694,4375.16
7695,3951.69
7696,3329.37
7697,4548.41
7698,4429.37
7699,3819.64
7700,3629.8
7701,6880.14
7702,5605.17
7703,17631.35
7704,5607.69
7705,3645.0
7706,5660.09
7707,8504.76
7708,4306.26
7709,5022.63
7710,4748.45
7711,6701.53
7712,5491.43
7713,3195.91
7714,4536.44
7715,5497.4
7716,6438.2
7717,5483.92
7718,8172.41
7719,3460.52
7720,3740.63
7721,3740.44
7722,6976.65
7723,8893.76
7724,7238.6
7725,5526.47
7726,3663.09
7727,4698.01
7728,3681.34
7729,6280.23
7730,8004.01
7731,7953.61
7732,4155.97
7733,3637.19
7734,3951.26
7735,5158.4
7736,7872.71
7737,5418.03
7738,3632.38
7739,3829.29
7740,6460.66
7741,3474.34
7742,5768.79
7743,2876.94
7744,5103.51
7745,5778.99
7746,4405.52
7747,6148.52
7748,4371.65
7749,4236.08
7750,5345.73
7751,5555.68
7752,7955.31
7753,4938.64
7754,5942.17
7755,6216.24
7756,7858.06
7757,5292.37
7758,7056.85
7759,3492.51
7760,4421.74
7761,4636.41
7762,5350.9
7763,7751.5
7764,6460.92
7765,4257.02
7766,4944.81
7767,5213.38
7768,7032.2
7769,3277.82
7770,9978.17
7771,3493.96
7772,5282.88
7773,6352.91
7774,5202.62
7775,4413.06
7776,4982.22
7777,5865.76
7778,4121.88
7779,4019.17
7780,6618.17
7781,6497.27
7782,5274.74
7783,3897.85
7784,6055.97
7785,8777.68
7786,5874.01
7787,4375.92
7788,5240.96
7789,5219.42
7790,6196.39
7791,6505.99
7792,3162.42
7793,6034.41
7794,5150.11
7795,5601.74
7796,6681.9
7797,4058.38
7798,4249.91
7799,3590.8
7800,6302.84
7801,7548.29
7802,4624.42
7803,3829.45
7804,5646.56
7805,4425.85
7806,4668.6
7807,7009.15
7808,5462.91
7809,7387.13
7810,4216.79
7811,3583.07
7812,4357.05
7813,7249.17
7814,7078.56
7815,6246.2
7816,6325.9
7817,4586.69
7818,6836.18
7819,4565.44
7820,5365.3
7821,7269.74
7822,5190.53
7823,8431.87
7824,6353.03
7825,5072.2
7826,4933.6
7827,5836.69
7828,6002.02
7829,4587.14
7830,3527.66
7831,4897.52
7832,5819.84
7833,4515.89
7834,3840.35
7835,6583.31
7836,5683.42
7837,5145.92
7838,4405.29
7839,4201.49
7840,5317.01
7841,5819.88
7842,5046.77
7843,4616.59
7844,4601.88
7845,4854.02
7846,2646.71
7847,5553.05
7848,3255.92
7849,6767.53
7850,5562.46
7851,5294.75
7852,5427.92
7853,3617.96
7854,3909.15
7855,8092.65
7856,5043.74
7857,5560.37
7858,6327.9
7859,3705.82
7860,4613.49
7861,4878.19
7862,5870.99
7863,8897.0
7864,5457.95
7865,2478.83
7866,3931.42
7867,6542.53
7868,6472.19
7869,4118.27
7870,4942.91
7871,3977.83
7872,4455.64
7873,2563.15
7874,3838.82
7875,5123.48
7876,5151.4
7877,6320.99
7878,4366.1
7879,6500.08
7880,7073.25
7881,6897.42
7882,3375.35
7883,7293.23
7884,8009.33
7885,4512.38
7886,6008.65
7887,3652.64
7888,5279.96
7889,2509.52
7890,5684.73
7891,3542.05
7892,8271.93
7893,5970.49
7894,6763.9
7895,6861.07
7896,4658.5
7897,6206.1
7898,15795.72
7899,7874.92
7900,4106.09
7901,2289.05
7902,4423.53
7903,7057.76
7904,4901.67
7905,11403.39
7906,16963.87
7907,2563.72
7908,3673.0
7909,6815.12
7910,3712.5
7911,6203.5
7912,4891.01
7913,5291.69
7914,0.0
7915,5594.58
7916,4662.77
7917,6714.44
7918,4950.79
7919,4347.56
7920,4449.37
7921,5736.28
7922,3569.92
7923,4081.29
7924,6315.59
7925,4265.14
7926,4423.64
7927,5837.79
7928,5040.09
7929,3957.83
7930,5829.42
7931,5430.37
7932,6652.96
7933,6708.09
7934,6833.51
7935,5127.09
7936,2843.96
7937,4750.57
7938,5891.51
7939,4408.91
7940,4174.95
7941,6873.75
7942,5641.86
7943,7772.81
7944,6357.67
7945,3984.93
7946,4198.5
7947,4083.47
7948,7628.24
7949,3884.55
7950,6356.55
7951,13071.14
7952,6516.29
7953,5031.41
7954,3832.21
7955,3615.6
7956,5567.05
7957,3252.93
7958,4734.78
7959,8075.31
7960,4303.15
7961,11709.05
7962,10620.11
7963,4378.86
7964,5661.13
7965,5597.79
7966,5196.42
7967,4108.6
7968,8796.05
7969,5179.79
7970,6612.58
7971,3832.69
7972,6254.26
7973,3981.08
7974,6836.13
7975,4943.8
7976,4582.63
7977,5647.2
7978,5440.2
7979,5868.91
7980,8096.76
7981,4659.2
7982,7838.35
7983,5535.25
7984,7597.0
7985,4671.73
7986,3948.87
7987,4223.0
7988,6905.43
7989,5185.12
7990,6005.2
7991,5039.79
7992,6516.61
7993,3712.13
7994,6956.28
7995,5340.8
7996,3322.84
7997,10307.47
7998,14510.66
7999,5205.68
8000,5535.51
8001,7223.19
8002,8047.06
8003,9316.42
8004,4944.32
8005,5455.35
8006,4471.33
8007,5953.69
8008,3300.88
8009,4079.37
8010,4379.24
8011,4547.79
8012,5893.1
8013,3970.05
8014,3444.21
8015,5199.3
8016,2766.52
8017,3322.31
8018,5264.35
8019,4779.13
8020,6552.78
8021,6624.5
8022,5737.06
8023,4835.06
8024,4903.74
8025,9025.66
8026,5929.99
8027,3744.67
8028,3466.36
8029,7121.13
8030,3990.88
8031,5356.93
8032,2463.81
8033,3860.11
8034,5522.73
8035,4821.45
8036,4590.18
8037,7467.14
8038,7564.63
8039,9869.32
8040,5002.69
8041,7917.85
8042,2242.07
8043,4477.69
8044,5042.61
8045,2713.86
8046,5877.09
8047,3949.17
8048,4909.48
8049,6623.1
8050,8853.38
8051,5887.79
8052,4546.33
8053,3924.67
8054,8283.74
8055,6581.1
8056,5005.51
8057,3856.86
8058,4887.94
8059,7188.49
8060,3638.91
8061,4998.8
8062,6319.24
8063,5852.9
8064,11308.93
8065,4362.17
8066,12789.31
8067,5334.61
8068,4387.8
8069,2786.78
8070,4589.24
8071,4697.08
8072,4555.56
8073,5760.17
8074,4520.38
8075,3590.38
8076,5404.5
8077,3214.04
8078,6927.39
8079,5358.28
8080,6542.06
8081,6480.65
8082,3659.34
8083,8050.37
8084,6101.4
8085,4096.38
8086,4647.41
8087,4428.21
8088,9128.31
8089,5617.3
8090,3725.32
8091,5888.81
8092,6612.13
8093,5207.14
8094,4808.5
8095,6874.33
8096,4696.74
8097,5325.92
8098,4794.99
8099,6824.64
8100,4700.17
8101,4736.0
8102,4165.73
8103,3985.43
8104,3419.2
8105,3986.71
8106,6615.8
8107,7329.91
8108,8760.0
8109,8141.42
8110,6782.43
8111,5346.85
8112,4585.26
8113,9244.06
8114,7917.3
8115,5238.9
8116,6467.0
8117,6912.74
8118,4564.21
8119,3503.28
8120,9295.47
8121,8441.46
8122,5352.31
8123,5146.97
8124,1820.14
8125,8451.95
8126,8815.16
8127,9071.49
8128,4281.55
8129,5435.86
8130,6110.19
8131,5591.71
8132,5451.21
8133,4308.23
8134,4032.77
8135,3186.79
8136,2456.49
8137,5812.67
8138,16418.97
8139,4183.32
8140,4372.65
8141,5301.9
8142,4392.69
8143,4400.84
8144,4662.98
8145,3452.08
8146,5305.83
8147,5294.74
8148,3415.07
8149,6555.47
8150,3684.27
8151,4560.88
8152,7190.28
8153,6863.52
8154,8372.54
8155,4029.84
8156,5843.2
8157,3647.02
8158,4559.73
8159,11177.93
8160,7220.1
8161,5602.77
8162,4288.73
8163,3610.66
8164,4667.64
8165,3720.36
8166,7993.41
8167,4079.6
8168,5076.22
8169,5767.87
8170,3876.12
8171,5265.26
8172,5028.02
8173,6360.39
8174,5347.31
8175,3164.52
8176,4986.2
8177,5423.55
8178,7264.76
8179,7541.77
8180,5538.35
8181,3606.7
8182,6363.77
8183,4325.2
8184,0.0
8185,5561.94
8186,5771.12
8187,5181.48
8188,5072.65
8189,5061.22
8190,7316.7
8191,5098.86
8192,5342.27
8193,5493.29
8194,3655.01
8195,7536.76
8196,4859.25
8197,3646.8
8198,9202.21
8199,4602.98
8200,2915.33
8201,6373.25
8202,7627.61
8203,7609.67
8204,4364.63
8205,4861.07
8206,5135.64
8207,5453.99
8208,4520.95
8209,6239.33
8210,2663.38
8211,4375.52
8212,4758.02
8213,4416.41
8214,3649.5
8215,6946.59
8216,5747.81
8217,4527.02
8218,6655.61
8219,4451.92
8220,7017.36
8221,4427.31
8222,5897.52
8223,4611.73
8224,6119.92
8225,6343.65
8226,2866.66
8227,7039.93
8228,6847.53
8229,5698.16
8230,3840.36
8231,3096.26
8232,5841.08
8233,3301.11
8234,6354.58
8235,5349.88
8236,4074.02
8237,5871.93
8238,5240.71
8239,4188.93
8240,6362.47
8241,3911.51
8242,6760.16
8243,8117.35
8244,6772.29
8245,3925.0
8246,4421.91
8247,3833.87
8248,2451.6
8249,6193.01
8250,4675.89
8251,6687.37
8252,3572.73
8253,5733.58
8254,5304.15
8255,7865.22
8256,3348.26
8257,3879.22
8258,3729.63
8259,6426.41
8260,4729.19
8261,5645.32
8262,6329.08
8263,8130.14
8264,6278.44
8265,6022.21
8266,5152.9
8267,3682.87
8268,4020.09
8269,8471.68
8270,7043.29
8271,6721.94
8272,14258.24
8273,4164.06
8274,4401.67
8275,4407.89
8276,6802.34
8277,6912.66
8278,5075.11
8279,6316.56
8280,6203.88
8281,7640.94
8282,5524.83
8283,4207.23
8284,4518.83
8285,4045.28
8286,3008.49
8287,3720.43
8288,6502.23
8289,12112.71
8290,4740.87
8291,4186.16
8292,5022.64
8293,2642.36
8294,4898.79
8295,3234.12
8296,7599.76
8297,4833.75
8298,5392.66
8299,10505.83
8300,10877.6
8301,5068.94
8302,5628.0
8303,3320.85
8304,4913.99
8305,5091.7
8306,7694.8
8307,3898.61
8308,3536.68
8309,4689.37
8310,5048.21
8311,7049.95
8312,4387.0
8313,3775.3
8314,5815.39
8315,6001.09
8316,5433.92
8317,3573.23
8318,2873.93
8319,6386.24
8320,3884.17
8321,8213.76
8322,3544.62
8323,3842.11
8324,5080.85
8325,5153.58
8326,3108.99
8327,5235.99
8328,5204.98
8329,7798.66
8330,7021.52
8331,4766.19
8332,3840.39
8333,4742.66
8334,7159.35
8335,4092.6
8336,4506.53
8337,5574.98
8338,9446.49
8339,5971.07
8340,5150.73
8341,6084.63
8342,3565.65
8343,7381.66
8344,4271.49
8345,9853.19
8346,4428.34
8347,4185.29
8348,2548.44
8349,3573.22
8350,6433.75
8351,14310.34
8352,3132.27
8353,3487.34
8354,8754.86
8355,5739.45
8356,4795.56
8357,6448.98
8358,4749.07
8359,5408.18
8360,3823.97
8361,7719.12
8362,4545.21
8363,5601.47
8364,5383.14
8365,4090.63
8366,6323.25
8367,4728.37
8368,3082.96
8369,7721.73
8370,7718.78
8371,3477.18
8372,5337.24
8373,4718.37
8374,4078.2
8375,7584.61
8376,5721.67
8377,7310.18
8378,3575.27
8379,3754.0
8380,5701.48
8381,2866.15
8382,5806.63
8383,3108.25
8384,4386.78
8385,4082.12
8386,4572.58
8387,5136.67
8388,5609.09
8389,5043.38
8390,6583.97
8391,5285.58
8392,5900.45
8393,5390.3
8394,5736.14
8395,7206.8
8396,6076.33
8397,2666.15
8398,5075.06
8399,6284.61
8400,4196.14
8401,9058.31
8402,4488.33
8403,5006.61
8404,8337.1
8405,5131.45
8406,2916.74
8407,7785.16
8408,8046.81
8409,4946.88
8410,6211.44
8411,8441.78
8412,4413.44
8413,3960.87
8414,5168.62
8415,4799.39
8416,4495.49
8417,5864.86
8418,4195.88
8419,5828.99
8420,5400.03
8421,4711.12
8422,5424.06
8423,5201.14
8424,5355.55
8425,3609.86
8426,5679.44
8427,5487.36
8428,4920.08
8429,4829.51
8430,5365.65
8431,7865.62
8432,4396.04
8433,4294.19
8434,4864.64
8435,5646.46
8436,6749.5
8437,3853.74
8438,3291.92
8439,5942.77
8440,6089.2
8441,4592.87
8442,6136.0
8443,6093.75
8444,4415.77
8445,3717.04
8446,3464.38
8447,5185.65
8448,5527.23
8449,5409.41
8450,7298.37
8451,6887.67
8452,3777.02
8453,6779.81
8454,2921.4
8455,2853.7
8456,6042.61
8457,9926.42
8458,6083.81
8459,5498.18
8460,3928.4
8461,5971.84
8462,6623.26
8463,4135.9
8464,6552.5
8465,4532.32
8466,3831.34
8467,4156.4
8468,3883.96
8469,4584.86
8470,3040.82
8471,3458.6
8472,3504.17
8473,6026.6
8474,4624.34
8475,3277.26
8476,4955.64
8477,5130.77
8478,4118.65
8479,5097.5
8480,6349.05
8481,6726.62
8482,4977.0
8483,3255.08
8484,10661.41
8485,5084.03
8486,4090.48
8487,6737.75
8488,6762.9
8489,5442.86
8490,4858.52
8491,6221.95
8492,7055.05
8493,9875.95
8494,3789.67
8495,3307.97
8496,4124.48
8497,4923.69
8498,4820.82
8499,6072.72
8500,6201.19
8501,4978.62
8502,3362.4
8503,4912.25
8504,7430.22
8505,3725.31
8506,5319.35
8507,3778.49
8508,6322.42
8509,6020.17
8510,5494.85
8511,7143.13
8512,5359.6
8513,3048.93
8514,5604.49
8515,5656.74
8516,6734.55
8517,5663.71
8518,5606.01
8519,4657.75
8520,3376.78
8521,7186.47
8522,3790.45
8523,8919.66
8524,5126.76
8525,3282.88
8526,5878.82
8527,5207.27
8528,6027.67
8529,6077.61
8530,2823.11
8531,3489.51
8532,5174.77
8533,6336.79
8534,7701.63
8535,4813.82
8536,5343.05
8537,4709.2
8538,5229.54
8539,3621.36
8540,7797.18
8541,7018.16
8542,9482.29
8543,3698.57
8544,4226.62
8545,8239.16
8546,6806.97
8547,3831.84
8548,8203.67
8549,5483.33
8550,4736.3
8551,4231.56
8552,3299.96
8553,4798.06
8554,4709.86
8555,3903.79
8556,4058.7
8557,7030.32
8558,5592.42
8559,17523.9
8560,5765.19
8561,3806.26
8562,5975.11
8563,8679.97
8564,5070.87
8565,6540.77
8566,5372.5
8567,7473.31
8568,5777.25
8569,3447.64
8570,5341.68
8571,5448.75
8572,6863.9
8573,6015.66
8574,8914.85
8575,4088.75
8576,3811.4
8577,4095.91
8578,7995.26
8579,10070.68
8580,7339.4
8581,6359.2
8582,4237.91
8583,5175.96
8584,3765.83
8585,7703.6
8586,8233.9
8587,9045.71
8588,4429.48
8589,4382.52
8590,4453.55
8591,5206.78
8592,9046.73
8593,5658.15
8594,3921.32
8595,3729.44
8596,6420.49
8597,3659.39
8598,5710.38
8599,3287.93
8600,5268.35
8601,6088.52
8602,4725.42
8603,6821.77
8604,4585.82
8605,4601.63
8606,6617.89
8607,5571.14
8608,8027.72
8609,5404.59
8610,6166.31
8611,6621.85
8612,7906.64
8613,5620.41
8614,7412.01
8615,3665.46
8616,4959.33
8617,5705.8
8618,5415.41
8619,7669.34
8620,7293.73
8621,4626.06
8622,6271.34
8623,6461.28
8624,7618.02
8625,3952.22
8626,11353.74
8627,4366.9
8628,6121.08
8629,7254.08
8630,5728.76
8631,4944.81
8632,5192.26
8633,6518.99
8634,4623.59
8635,4032.04
8636,7130.78
8637,6682.7
8638,6484.31
8639,4332.64
8640,7004.74
8641,8451.6
8642,6111.05
8643,4798.47
8644,5875.5
8645,6266.73
8646,6600.75
8647,6927.0
8648,3886.6
8649,6789.37
8650,5743.82
8651,6181.85
8652,7412.2
8653,4378.06
8654,4658.12
8655,3760.99
8656,6717.19
8657,7551.76
8658,4887.87
8659,4437.92
8660,6087.69
8661,4845.94
8662,4485.2
8663,6618.49
8664,5772.63
8665,8036.35
8666,4545.91
8667,4482.64
8668,4995.23
8669,7171.74
8670,6993.17
8671,6182.59
8672,6794.63
8673,4996.21
8674,7416.71
8675,5095.52
8676,5858.63
8677,8182.69
8678,5570.99
8679,9225.33
8680,6744.38
8681,5142.27
8682,5199.58
8683,6797.91
8684,6171.28
8685,5527.31
8686,4153.01
8687,5092.41
8688,6550.14
8689,4737.05
8690,4248.43
8691,7393.87
8692,6645.46
8693,5606.3
8694,4718.12
8695,4660.56
8696,6131.37
8697,6365.54
8698,5043.28
8699,4907.98
8700,4999.39
8701,5497.14
8702,3288.54
8703,6037.01
8704,3974.96
8705,7358.7
8706,6009.09
8707,5723.16
8708,5907.1
8709,3984.83
8710,4390.77
8711,10015.6
8712,5565.42
8713,6534.2
8714,7204.37
8715,4365.56
8716,5851.03
8717,5513.24
8718,6149.01
8719,9717.01
8720,6044.47
8721,2589.79
8722,4575.16
8723,6584.71
8724,7449.26
8725,4199.86
8726,6730.08
8727,4232.38
8728,4716.76
8729,3372.73
8730,4510.44
8731,5579.37
8732,5720.34
8733,6526.87
8734,5974.63
8735,6857.37
8736,7430.72
8737,7227.21
8738,3834.58
8739,8687.57
8740,8701.91
8741,4831.79
8742,7298.04
8743,3913.43
8744,5963.5
8745,3083.08
8746,5560.58
8747,4003.69
8748,8808.07
8749,6929.91
8750,7112.83
8751,7583.46
8752,5495.72
8753,6566.86
8754,17126.98
8755,8217.86
8756,4591.58
8757,2605.32
8758,4903.5
8759,7803.07
8760,5248.19
8761,11406.26
8762,17696.15
8763,2806.86
8764,4052.49
8765,7162.14
8766,4254.71
8767,7695.92
8768,4964.89
8769,5923.75
8770,0.0
8771,6432.55
8772,5434.02
8773,7109.03
8774,5707.06
8775,5461.78
8776,5048.69
8777,6128.57
8778,3814.92
8779,4422.59
8780,7394.59
8781,4339.41
8782,4992.84
8783,6010.63
8784,5808.87
8785,4768.01
8786,6328.6
8787,6024.48
8788,7027.13
8789,7993.73
8790,6770.37
8791,5437.79
8792,2948.04
8793,5257.24
8794,6884.71
8795,4824.35
8796,4317.2
8797,7087.09
8798,5308.3
8799,7852.81
8800,7081.01
8801,4437.31
8802,4428.07
8803,4334.76
8804,8015.84
8805,4236.47
8806,7248.41
8807,14178.28
8808,6603.14
8809,5347.3
8810,4220.38
8811,4389.58
8812,6004.9
8813,3583.57
8814,5118.08
8815,8866.35
8816,4824.84
8817,12245.38
8818,11913.22
8819,4862.98
8820,5953.2
8821,6052.03
8822,5776.75
8823,5014.38
8824,8803.51
8825,5702.45
8826,6911.99
8827,4482.5
8828,6538.96
8829,4174.15
8830,6937.51
8831,5113.67
8832,4852.31
8833,6123.82
8834,5494.29
8835,6315.23
8836,8735.85
8837,4962.57
8838,8507.89
8839,6444.0
8840,7858.52
8841,4939.03
8842,4043.85
8843,4336.46
8844,7632.78
8845,6009.55
8846,6422.14
8847,5775.12
8848,6963.31
8849,3842.0
8850,7319.48
8851,6055.1
8852,3481.58
8853,10976.68
8854,16995.03
8855,5592.85
8856,5714.87
8857,7592.91
8858,8673.34
8859,10463.54
8860,5516.35
8861,6360.51
8862,4810.58
8863,6616.47
8864,4102.3
8865,4924.11
8866,4422.59
8867,5058.74
8868,7513.39
8869,4430.42
8870,3392.02
8871,6232.52
8872,3069.11
8873,3566.07
8874,5415.84
8875,5170.37
8876,7443.44
8877,7433.32
8878,6140.19
8879,6451.31
8880,5941.28
8881,10733.47
8882,6818.01
8883,4077.57
8884,4224.92
8885,7311.98
8886,4322.18
8887,6376.81
8888,3400.81
8889,4734.4
8890,5649.17
8891,5006.71
8892,4790.98
8893,7789.3
8894,8990.93
8895,10536.65
8896,5280.5
8897,8079.63
8898,3394.89
8899,4715.63
8900,5295.71
8901,2618.97
8902,7106.48
8903,4569.07
8904,5636.25
8905,7837.29
8906,10094.89
8907,6331.17
8908,4797.65
8909,4116.8
8910,9027.97
8911,6785.93
8912,5277.97
8913,4346.79
8914,5574.88
8915,8052.94
8916,3945.14
8917,6059.19
8918,7004.33
8919,7627.35
8920,12172.93
8921,4538.97
8922,13885.48
8923,5848.57
8924,5083.41
8925,2985.08
8926,5487.76
8927,4914.02
8928,5006.7
8929,6024.88
8930,4697.97
8931,4104.24
8932,5561.73
8933,3585.08
8934,7421.49
8935,5723.33
8936,6695.76
8937,6917.92
8938,3979.24
8939,7962.92
8940,6883.19
8941,4528.52
8942,4836.23
8943,4458.85
8944,9704.44
8945,6346.33
8946,4133.21
8947,6470.66
8948,7157.63
8949,6037.14
8950,5263.49
8951,7457.95
8952,5266.02
8953,5402.96
8954,4923.35
8955,7250.1
8956,5534.74
8957,5239.37
8958,4327.22
8959,4176.41
8960,3584.86
8961,4097.98
8962,6502.57
8963,7986.62
8964,9288.18
8965,8946.98
8966,6988.75
8967,6533.36
8968,5720.22
8969,10603.04
8970,8333.13
8971,5566.12
8972,7695.5
8973,7758.38
8974,4951.56
8975,4010.67
8976,9980.59
8977,9534.04
8978,5508.34
8979,5853.94
8980,1971.2
8981,9306.56
8982,10073.44
8983,10125.74
8984,4564.81
8985,5977.19
8986,6626.21
8987,5847.01
8988,6163.61
8989,5078.68
8990,4024.04
8991,3708.82
8992,2970.79
8993,6033.35
8994,16662.97
8995,4714.04
8996,4532.22
8997,5872.9
8998,4549.97
8999,5193.46
9000,4897.83
9001,3611.36
9002,5719.47
9003,5578.62
9004,3688.5
9005,7296.48
9006,3979.84
9007,4635.44
9008,7993.52
9009,7053.19
9010,9469.7
9011,4703.67
9012,5510.76
9013,3827.79
9014,4934.45
9015,13773.96
9016,7420.19
9017,6035.62
9018,4505.19
9019,4655.02
9020,4929.19
9021,4305.14
9022,8961.56
9023,4700.49
9024,5620.04
9025,5932.41
9026,3910.0
9027,5942.71
9028,5607.48
9029,6508.81
9030,5317.11
9031,3454.84
9032,5209.49
9033,6039.55
9034,7925.3
9035,7685.98
9036,6128.41
9037,4024.0
9038,6765.24
9039,5461.98
9040,0.0
9041,6268.74
9042,6524.41
9043,5853.81
9044,5109.79
9045,5613.86
9046,7665.99
9047,5478.77
9048,6685.26
9049,5871.63
9050,3883.56
9051,7832.9
9052,4797.83
9053,3783.2
9054,9985.09
9055,5154.19
9056,2947.45
9057,6874.22
9058,7687.37
9059,7484.81
9060,4543.18
9061,5327.78
9062,5771.09
9063,7136.12
9064,5682.49
9065,6842.54
9066,2514.77
9067,5086.72
9068,5008.12
9069,4462.58
9070,4417.62
9071,8099.98
9072,6354.71
9073,4865.94
9074,7035.89
9075,4786.24
9076,7515.13
9077,4294.82
9078,6247.25
9079,4917.32
9080,6328.96
9081,7689.14
9082,3700.73
9083,7188.34
9084,7043.36
9085,6569.12
9086,4592.1
9087,3544.79
9088,6003.43
9089,2805.89
9090,6848.28
9091,5948.87
9092,5030.18
9093,6760.13
9094,5604.8
9095,4351.11
9096,6976.32
9097,4604.06
9098,7592.49
9099,8594.22
9100,7290.84
9101,3961.52
9102,4571.41
9103,3590.17
9104,2840.42
9105,7328.52
9106,4587.94
9107,8321.67
9108,3343.27
9109,5919.11
9110,5889.24
9111,9510.92
9112,3861.54
9113,4004.69
9114,4221.57
9115,7097.88
9116,4717.02
9117,6158.96
9118,6660.06
9119,9002.13
9120,6705.96
9121,6926.96
9122,5385.55
9123,4160.58
9124,4029.61
9125,9471.78
9126,6513.73
9127,7820.05
9128,14173.63
9129,4751.17
9130,4442.0
9131,5369.02
9132,7294.81
9133,7370.05
9134,5301.61
9135,6579.95
9136,6801.81
9137,8378.2
9138,5874.67
9139,4515.24
9140,4938.11
9141,4044.81
9142,3525.87
9143,4278.75
9144,7139.62
9145,14481.05
9146,5486.93
9147,4453.82
9148,6243.52
9149,2943.25
9150,5428.83
9151,3328.46
9152,8384.21
9153,4971.81
9154,5879.07
9155,11450.69
9156,11425.56
9157,6415.01
9158,6269.31
9159,3574.64
9160,5381.45
9161,5829.2
9162,7735.48
9163,4035.08
9164,3657.54
9165,5317.06
9166,5250.74
9167,7374.75
9168,5363.7
9169,3528.39
9170,6852.35
9171,6593.17
9172,5769.53
9173,3520.13
9174,3250.69
9175,7113.59
9176,4473.09
9177,9015.95
9178,4027.07
9179,4221.8
9180,5800.04
9181,5130.98
9182,3267.99
9183,5288.68
9184,5353.38
9185,9205.5
9186,7677.36
9187,5053.32
9188,4214.01
9189,5329.51
9190,9300.67
9191,4863.44
9192,5405.84
9193,5806.99
9194,9821.52
9195,6602.34
9196,5556.91
9197,6909.66
9198,4294.45
9199,8116.57
9200,4448.6
9201,11364.49
9202,5166.06
9203,4572.09
9204,3771.37
9205,3653.67
9206,7049.95
9207,14203.09
9208,3718.5
9209,3585.6
9210,9370.48
9211,6351.49
9212,5678.91
9213,6936.81
9214,5653.29
9215,5584.67
9216,3926.6
9217,8145.61
9218,5114.58
9219,6400.96
9220,5938.95
9221,4962.12
9222,6482.66
9223,4857.81
9224,3213.64
9225,8008.45
9226,7781.89
9227,4282.94
9228,6043.85
9229,5140.13
9230,4253.13
9231,8531.51
9232,6222.52
9233,7794.65
9234,4267.57
9235,3955.83
9236,6217.31
9237,2892.51
9238,6747.45
9239,3817.74
9240,5928.42
9241,5148.9
9242,4904.53
9243,5727.78
9244,6210.72
9245,5490.95
9246,7475.55
9247,5574.54
9248,7874.08
9249,5605.38
9250,5927.71
9251,7640.79
9252,6587.7
9253,2808.91
9254,5281.7
9255,6790.52
9256,6727.72
9257,9456.91
9258,4667.08
9259,6371.63
9260,9671.37
9261,5437.24
9262,3316.31
9263,8903.44
9264,9134.37
9265,4839.76
9266,6420.77
9267,8646.44
9268,4855.46
9269,5266.77
9270,6104.75
9271,5433.81
9272,5418.0
9273,6123.32
9274,4388.42
9275,5645.41
9276,6085.88
9277,5840.65
9278,6287.96
9279,5489.07
9280,6447.05
9281,3786.1
9282,6247.19
9283,5835.57
9284,5357.79
9285,6094.87
9286,5582.84
9287,8629.59
9288,4677.67
9289,4841.12
9290,4980.44
9291,6157.94
9292,6677.96
9293,4381.47
9294,3802.7
9295,6946.61
9296,6277.53
9297,4925.43
9298,6372.78
9299,6185.82
9300,5841.08
9301,4117.72
9302,3800.04
9303,5334.15
9304,5552.5
9305,5577.99
9306,8340.36
9307,6596.74
9308,5155.93
9309,6855.0
9310,3168.54
9311,3185.23
9312,6333.63
9313,10132.94
9314,6424.18
9315,5898.33
9316,4390.65
9317,6432.39
9318,7181.13
9319,4544.4
9320,6686.5
9321,4950.13
9322,4308.6
9323,4716.0
9324,4804.5
9325,5400.67
9326,3696.02
9327,3899.07
9328,3736.07
9329,6411.86
9330,5633.52
9331,3387.62
9332,5768.57
9333,5750.88
9334,4429.79
9335,5391.2
9336,7028.25
9337,7548.3
9338,5488.25
9339,4215.0
9340,11809.34
9341,5995.8
9342,4207.38
9343,6914.59
9344,7983.05
9345,6236.85
9346,5258.95
9347,6868.95
9348,7629.67
9349,10631.76
9350,3967.1
9351,4148.43
9352,4201.6
9353,6226.81
9354,5112.22
9355,7563.55
9356,7282.36
9357,5124.56
9358,3796.78
9359,5321.69
9360,8200.11
9361,4118.43
9362,5768.69
9363,3988.82
9364,7169.83
9365,6272.6
9366,6714.51
9367,7700.43
9368,5821.09
9369,3152.2
9370,5640.86
9371,6135.33
9372,7557.63
9373,6612.61
9374,5766.06
9375,4881.24
9376,4253.03
9377,8217.59
9378,4866.56
9379,10206.82
9380,4892.89
9381,3796.28
9382,5659.41
9383,5868.54
9384,6629.21
9385,6929.05
9386,3813.88
9387,3984.53
9388,5146.74
9389,6569.5
9390,8167.88
9391,4953.56
9392,5894.79
9393,4988.57
9394,5477.78
9395,4373.11
9396,8190.54
9397,7781.86
9398,9814.49
9399,3928.21
9400,4926.71
9401,8197.44
9402,8187.99
9403,4010.48
9404,9071.4
9405,6500.34
9406,4756.37
9407,4429.52
9408,4077.64
9409,5072.74
9410,4886.92
9411,4146.55
9412,4855.06
9413,7126.08
9414,5778.4
9415,19779.71
9416,5915.07
9417,0.0
9418,0.0
9419,0.0
9420,0.0
9421,0.0
9422,0.0
9423,0.0
9424,0.0
9425,0.0
9426,0.0
9427,0.0
9428,0.0
9429,0.0
9430,0.0
9431,0.0
9432,0.0
9433,0.0
9434,0.0
9435,0.0
9436,0.0
9437,0.0
9438,0.0
9439,0.0
9440,0.0
9441,0.0
9442,0.0
9443,0.0
9444,0.0
9445,0.0
9446,0.0
9447,0.0
9448,0.0
9449,0.0
9450,0.0
9451,0.0
9452,0.0
9453,0.0
9454,0.0
9455,0.0
9456,0.0
9457,0.0
9458,0.0
9459,0.0
9460,0.0
9461,0.0
9462,0.0
9463,0.0
9464,0.0
9465,0.0
9466,0.0
9467,0.0
9468,0.0
9469,0.0
9470,0.0
9471,0.0
9472,0.0
9473,0.0
9474,0.0
9475,0.0
9476,0.0
9477,0.0
9478,0.0
9479,0.0
9480,0.0
9481,0.0
9482,0.0
9483,0.0
9484,0.0
9485,0.0
9486,0.0
9487,0.0
9488,0.0
9489,0.0
9490,0.0
9491,0.0
9492,0.0
9493,0.0
9494,0.0
9495,0.0
9496,0.0
9497,0.0
9498,0.0
9499,0.0
9500,0.0
9501,0.0
9502,0.0
9503,0.0
9504,0.0
9505,0.0
9506,0.0
9507,0.0
9508,3132.25
9509,0.0
9510,0.0
9511,0.0
9512,0.0
9513,0.0
9514,0.0
9515,0.0
9516,0.0
9517,0.0
9518,0.0
9519,0.0
9520,0.0
9521,0.0
9522,0.0
9523,0.0
9524,0.0
9525,0.0
9526,0.0
9527,0.0
9528,0.0
9529,0.0
9530,0.0
9531,0.0
9532,0.0
9533,0.0
9534,0.0
9535,0.0
9536,0.0
9537,0.0
9538,0.0
9539,0.0
9540,0.0
9541,0.0
9542,0.0
9543,0.0
9544,0.0
9545,0.0
9546,0.0
9547,0.0
9548,0.0
9549,0.0
9550,0.0
9551,0.0
9552,0.0
9553,0.0
9554,0.0
9555,0.0
9556,0.0
9557,0.0
9558,0.0
9559,0.0
9560,0.0
9561,0.0
9562,0.0
9563,0.0
9564,0.0
9565,0.0
9566,0.0
9567,0.0
9568,0.0
9569,0.0
9570,0.0
9571,0.0
9572,0.0
9573,0.0
9574,0.0
9575,0.0
9576,2211.52
9577,0.0
9578,0.0
9579,0.0
9580,0.0
9581,0.0
9582,0.0
9583,0.0
9584,0.0
9585,0.0
9586,0.0
9587,0.0
9588,0.0
9589,0.0
9590,0.0
9591,0.0
9592,0.0
9593,0.0
9594,0.0
9595,0.0
9596,0.0
9597,0.0
9598,0.0
9599,0.0
9600,0.0
9601,0.0
9602,0.0
9603,0.0
9604,0.0
9605,0.0
9606,0.0
9607,0.0
9608,0.0
9609,0.0
9610,0.0
9611,0.0
9612,0.0
9613,0.0
9614,0.0
9615,0.0
9616,0.0
9617,16005.15
9618,28034.54
9619,0.0
9620,0.0
9621,0.0
9622,0.0
9623,0.0
9624,0.0
9625,0.0
9626,6521.59
9627,0.0
9628,0.0
9629,0.0
9630,0.0
9631,0.0
9632,0.0
9633,0.0
9634,0.0
9635,0.0
9636,0.0
9637,0.0
9638,0.0
9639,0.0
9640,0.0
9641,0.0
9642,0.0
9643,0.0
9644,0.0
9645,4076.99
9646,0.0
9647,0.0
9648,0.0
9649,0.0
9650,0.0
9651,0.0
9652,0.0
9653,0.0
9654,0.0
9655,2736.69
9656,0.0
9657,0.0
9658,0.0
9659,0.0
9660,0.0
9661,0.0
9662,0.0
9663,0.0
9664,0.0
9665,0.0
9666,0.0
9667,0.0
9668,0.0
9669,0.0
9670,0.0
9671,0.0
9672,0.0
9673,7819.67
9674,0.0
9675,0.0
9676,0.0
9677,0.0
9678,0.0
9679,0.0
9680,0.0
9681,0.0
9682,0.0
9683,0.0
9684,0.0
9685,0.0
9686,0.0
9687,0.0
9688,0.0
9689,0.0
9690,7785.05
9691,0.0
9692,0.0
9693,0.0
9694,0.0
9695,0.0
9696,0.0
9697,0.0
9698,0.0
9699,0.0
9700,0.0
9701,0.0
9702,0.0
9703,0.0
9704,0.0
9705,0.0
9706,0.0
9707,0.0
9708,0.0
9709,0.0
9710,0.0
9711,0.0
9712,0.0
9713,0.0
9714,0.0
9715,0.0
9716,0.0
9717,0.0
9718,0.0
9719,0.0
9720,0.0
9721,0.0
9722,0.0
9723,0.0
9724,0.0
9725,0.0
9726,0.0
9727,0.0
9728,0.0
9729,0.0
9730,0.0
9731,0.0
9732,0.0
9733,0.0
9734,0.0
9735,0.0
9736,0.0
9737,0.0
9738,0.0
9739,0.0
9740,0.0
9741,0.0
9742,0.0
9743,0.0
9744,0.0
9745,0.0
9746,0.0
9747,0.0
9748,0.0
9749,0.0
9750,0.0
9751,0.0
9752,1601.85
9753,0.0
9754,0.0
9755,0.0
9756,0.0
9757,0.0
9758,0.0
9759,0.0
9760,0.0
9761,0.0
9762,0.0
9763,0.0
9764,0.0
9765,0.0
9766,4220.86
9767,0.0
9768,0.0
9769,0.0
9770,0.0
9771,0.0
9772,0.0
9773,0.0
9774,0.0
9775,0.0
9776,0.0
9777,0.0
9778,0.0
9779,0.0
9780,0.0
9781,0.0
9782,0.0
9783,0.0
9784,0.0
9785,0.0
9786,0.0
9787,0.0
9788,0.0
9789,0.0
9790,0.0
9791,0.0
9792,0.0
9793,0.0
9794,0.0
9795,0.0
9796,0.0
9797,0.0
9798,0.0
9799,0.0
9800,0.0
9801,0.0
9802,0.0
9803,0.0
9804,0.0
9805,0.0
9806,0.0
9807,0.0
9808,0.0
9809,7530.47
9810,0.0
9811,0.0
9812,0.0
9813,0.0
9814,0.0
9815,0.0
9816,0.0
9817,0.0
9818,0.0
9819,2354.54
9820,0.0
9821,0.0
9822,0.0
9823,4485.79
9824,0.0
9825,0.0
9826,0.0
9827,0.0
9828,0.0
9829,0.0
9830,0.0
9831,0.0
9832,0.0
9833,0.0
9834,0.0
9835,0.0
9836,0.0
9837,0.0
9838,0.0
9839,0.0
9840,0.0
9841,0.0
9842,0.0
9843,0.0
9844,0.0
9845,0.0
9846,0.0
9847,0.0
9848,0.0
9849,0.0
9850,19009.76
9851,0.0
9852,0.0
9853,0.0
9854,0.0
9855,0.0
9856,0.0
9857,0.0
9858,0.0
9859,0.0
9860,0.0
9861,0.0
9862,0.0
9863,0.0
9864,5703.5
9865,0.0
9866,0.0
9867,0.0
9868,0.0
9869,0.0
9870,0.0
9871,0.0
9872,0.0
9873,0.0
9874,0.0
9875,0.0
9876,0.0
9877,0.0
9878,0.0
9879,0.0
9880,0.0
9881,0.0
9882,0.0
9883,0.0
9884,0.0
9885,0.0
9886,0.0
9887,0.0
9888,0.0
9889,0.0
9890,0.0
9891,0.0
9892,0.0
9893,0.0
9894,0.0
9895,0.0
9896,0.0
9897,0.0
9898,0.0
9899,0.0
9900,0.0
9901,0.0
9902,0.0
9903,0.0
9904,0.0
9905,0.0
9906,0.0
9907,0.0
9908,0.0
9909,0.0
9910,0.0
9911,0.0
9912,0.0
9913,0.0
9914,0.0
9915,0.0
9916,0.0
9917,0.0
9918,0.0
9919,0.0
9920,0.0
9921,0.0
9922,0.0
9923,0.0
9924,0.0
9925,0.0
9926,0.0
9927,0.0
9928,0.0
9929,0.0
9930,0.0
9931,0.0
9932,0.0
9933,0.0
9934,0.0
9935,0.0
9936,0.0
9937,0.0
9938,0.0
9939,12363.51
9940,0.0
9941,0.0
9942,0.0
9943,0.0
9944,0.0
9945,0.0
9946,0.0
9947,0.0
9948,0.0
9949,0.0
9950,0.0
9951,0.0
9952,0.0
9953,0.0
9954,0.0
9955,0.0
9956,0.0
9957,0.0
9958,0.0
9959,0.0
9960,0.0
9961,0.0
9962,0.0
9963,0.0
9964,0.0
9965,0.0
9966,0.0
9967,0.0
9968,0.0
9969,0.0
9970,0.0
9971,0.0
9972,0.0
9973,0.0
9974,0.0
9975,0.0
9976,0.0
9977,0.0
9978,0.0
9979,0.0
9980,0.0
9981,0.0
9982,0.0
9983,3136.91
9984,16180.6
9985,0.0
9986,0.0
9987,0.0
9988,0.0
9989,0.0
9990,0.0
9991,0.0
9992,0.0
9993,0.0
9994,0.0
9995,0.0
9996,0.0
9997,0.0
9998,0.0
9999,0.0
10000,0.0
10001,0.0
10002,0.0
10003,0.0
10004,0.0
10005,0.0
10006,0.0
10007,0.0
10008,0.0
10009,0.0
10010,0.0
10011,0.0
10012,11245.93
10013,0.0
10014,0.0
10015,0.0
10016,0.0
10017,0.0
10018,0.0
10019,0.0
10020,0.0
10021,0.0
10022,0.0
10023,0.0
10024,0.0
10025,0.0
10026,0.0
10027,0.0
10028,0.0
10029,0.0
10030,0.0
10031,0.0
10032,0.0
10033,0.0
10034,0.0
10035,0.0
10036,0.0
10037,0.0
10038,0.0
10039,0.0
10040,0.0
10041,0.0
10042,0.0
10043,0.0
10044,0.0
10045,0.0
10046,0.0
10047,0.0
10048,0.0
10049,0.0
10050,0.0
10051,0.0
10052,0.0
10053,0.0
10054,0.0
10055,0.0
10056,0.0
10057,0.0
10058,0.0
10059,0.0
10060,0.0
10061,0.0
10062,0.0
10063,0.0
10064,0.0
10065,0.0
10066,0.0
10067,0.0
10068,0.0
10069,0.0
10070,0.0
10071,0.0
10072,0.0
10073,0.0
10074,0.0
10075,0.0
10076,0.0
10077,0.0
10078,0.0
10079,0.0
10080,0.0
10081,0.0
10082,2014.35
10083,0.0
10084,0.0
10085,0.0
10086,2059.83
10087,0.0
10088,0.0
10089,0.0
10090,0.0
10091,0.0
10092,0.0
10093,0.0
10094,0.0
10095,0.0
10096,0.0
10097,0.0
10098,0.0
10099,0.0
10100,0.0
10101,0.0
10102,0.0
10103,0.0
10104,0.0
10105,0.0
10106,0.0
10107,0.0
10108,0.0
10109,0.0
10110,0.0
10111,0.0
10112,0.0
10113,0.0
10114,0.0
10115,0.0
10116,0.0
10117,0.0
10118,0.0
10119,0.0
10120,0.0
10121,0.0
10122,0.0
10123,0.0
10124,0.0
10125,0.0
10126,0.0
10127,0.0
10128,0.0
10129,0.0
10130,0.0
10131,0.0
10132,0.0
10133,0.0
10134,0.0
10135,0.0
10136,0.0
10137,1482.04
10138,0.0
10139,0.0
10140,0.0
10141,0.0
10142,0.0
10143,0.0
10144,0.0
10145,0.0
10146,0.0
10147,0.0
10148,0.0
10149,0.0
10150,0.0
10151,0.0
10152,9991.74
10153,0.0
10154,0.0
10155,0.0
10156,0.0
10157,0.0
10158,0.0
10159,0.0
10160,0.0
10161,0.0
10162,0.0
10163,0.0
10164,0.0
10165,0.0
10166,0.0
10167,0.0
10168,0.0
10169,0.0
10170,0.0
10171,0.0
10172,0.0
10173,0.0
10174,0.0
10175,0.0
10176,0.0
10177,0.0
10178,0.0
10179,0.0
10180,0.0
10181,0.0
10182,0.0
10183,0.0
10184,0.0
10185,0.0
10186,0.0
10187,0.0
10188,0.0
10189,0.0
10190,0.0
10191,0.0
10192,0.0
10193,0.0
10194,0.0
10195,0.0
10196,0.0
10197,0.0
10198,0.0
10199,0.0
10200,0.0
10201,0.0
10202,0.0
10203,0.0
10204,0.0
10205,0.0
10206,0.0
10207,0.0
10208,0.0
10209,0.0
10210,0.0
10211,0.0
10212,0.0
10213,0.0
10214,0.0
10215,0.0
10216,3104.4
10217,0.0
10218,0.0
10219,0.0
10220,0.0
10221,0.0
10222,0.0
10223,0.0
10224,0.0
10225,0.0
10226,0.0
10227,0.0
10228,0.0
10229,0.0
10230,0.0
10231,0.0
10232,0.0
10233,0.0
10234,0.0
10235,0.0
10236,0.0
10237,0.0
10238,0.0
10239,0.0
10240,0.0
10241,0.0
10242,0.0
10243,0.0
10244,0.0
10245,0.0
10246,0.0
10247,0.0
10248,0.0
10249,0.0
10250,0.0
10251,0.0
10252,0.0
10253,0.0
10254,0.0
10255,0.0
10256,0.0
10257,12567.39
10258,4237.02
10259,0.0
10260,0.0
10261,0.0
10262,0.0
10263,0.0
10264,0.0
10265,0.0
10266,0.0
10267,0.0
10268,0.0
10269,0.0
10270,0.0
10271,0.0
10272,0.0
10273,4909.9
10274,4437.58
10275,6303.93
10276,3016.66
10277,5986.74
10278,4755.01
10279,5884.89
10280,5576.3
10281,4131.52
10282,3686.21
10283,5310.16
10284,5131.15
10285,4283.96
10286,6174.55
10287,5275.27
10288,3311.35
10289,4479.22
10290,6586.81
10291,8388.98
10292,7854.51
10293,6923.69
10294,4353.64
10295,5554.51
10296,2192.57
10297,8375.43
10298,7510.05
10299,9108.25
10300,5900.54
10301,3097.19
10302,5302.3
10303,6238.19
10304,8457.15
10305,4729.87
10306,5426.35
10307,5262.05
10308,5409.43
10309,2376.45
10310,7144.05
10311,4223.23
10312,7399.1
10313,7388.28
10314,4204.8
10315,7764.51
10316,5988.41
10317,5074.13
10318,3679.85
10319,6861.41
10320,9451.54
10321,5584.1
10322,5053.0
10323,8096.42
10324,8063.61
10325,5646.97
10326,6811.36
10327,2229.55
10328,2491.32
10329,4819.35
10330,5577.59
10331,7790.08
10332,7445.88
10333,3944.95
10334,7948.16
10335,8569.22
10336,5873.3
10337,2886.16
10338,11069.13
10339,3723.35
10340,4344.65
10341,7729.65
10342,5182.68
10343,5405.74
10344,3140.1
10345,5770.35
10346,4934.19
10347,5315.95
10348,8279.11
10349,6833.11
10350,6183.54
10351,2841.27
10352,7624.03
10353,10675.66
10354,4736.46
10355,3029.24
10356,6788.57
10357,6047.64
10358,7412.92
10359,8442.7
10360,2109.34
10361,7205.12
10362,4518.66
10363,5513.97
10364,7441.07
10365,2778.01
10366,5395.25
10367,5146.65
10368,7648.32
10369,7822.5
10370,4068.01
10371,4817.34
10372,7400.98
10373,6261.86
10374,5482.53
10375,6736.27
10376,4251.97
10377,6163.74
10378,4639.36
10379,3144.86
10380,4953.28
10381,6276.08
10382,6315.08
10383,7320.53
10384,7637.87
10385,3729.43
10386,7462.66
10387,3403.68
10388,4071.88
10389,7602.82
10390,6566.95
10391,7390.92
10392,9827.56
10393,6327.6
10394,5178.03
10395,7057.38
10396,7101.87
10397,4265.19
10398,2779.6
10399,6269.8
10400,4506.18
10401,6062.91
10402,3811.69
10403,5779.6
10404,6259.0
10405,6699.81
10406,5604.58
10407,3007.87
10408,6368.08
10409,7058.73
10410,3644.28
10411,5923.03
10412,3123.36
10413,5636.07
10414,3187.27
10415,4321.93
10416,4934.05
10417,7302.75
10418,6308.62
10419,6810.62
10420,9100.1
10421,3713.55
10422,5308.9
10423,10957.44
10424,5143.57
10425,7612.08
10426,6572.77
10427,5507.3
10428,6236.53
10429,4310.94
10430,5700.6
10431,7682.09
10432,5413.65
10433,2799.58
10434,3269.51
10435,7108.82
10436,9726.56
10437,5601.14
10438,6063.4
10439,4131.94
10440,2427.67
10441,1978.82
10442,4016.02
10443,4984.55
10444,6733.95
10445,5290.72
10446,6486.95
10447,7973.5
10448,7821.78
10449,7058.96
10450,5478.77
10451,7323.41
10452,9242.82
10453,3758.14
10454,5791.5
10455,5369.14
10456,6202.02
10457,2867.23
10458,5491.27
10459,5026.02
10460,9198.53
10461,5792.06
10462,6842.81
10463,6935.07
10464,4480.23
10465,7521.98
10466,18176.02
10467,8748.25
10468,3770.64
10469,3469.83
10470,6218.76
10471,9007.73
10472,4840.04
10473,9018.3
10474,17165.55
10475,4710.74
10476,2455.08
10477,10200.83
10478,3401.8
10479,6480.65
10480,3414.43
10481,6024.37
10482,3268.98
10483,6969.22
10484,5345.69
10485,5053.21
10486,7989.06
10487,5571.58
10488,5835.38
10489,7349.88
10490,5579.95
10491,6292.94
10492,8791.52
10493,5022.94
10494,5825.69
10495,4258.58
10496,3420.91
10497,5572.02
10498,5058.37
10499,4808.44
10500,8026.78
10501,8045.65
10502,8020.61
10503,4595.3
10504,4055.64
10505,4283.41
10506,5383.89
10507,5644.2
10508,2641.08
10509,6999.98
10510,5362.2
10511,6887.01
10512,5258.02
10513,4143.0
10514,3465.03
10515,2380.61
10516,8925.71
10517,5540.88
10518,5538.65
10519,11424.61
10520,7183.76
10521,4566.63
10522,5084.33
10523,2604.65
10524,4031.71
10525,4370.01
10526,3930.01
10527,8147.38
10528,4513.55
10529,8767.6
10530,10708.94
10531,5482.95
10532,5975.68
10533,5050.94
10534,4751.54
10535,4626.23
10536,9032.31
10537,5632.28
10538,5881.79
10539,3343.72
10540,5404.85
10541,4746.07
10542,8206.76
10543,6997.19
10544,5736.47
10545,7159.52
10546,4291.64
10547,8098.42
10548,6516.78
10549,5893.99
10550,9410.71
10551,7262.87
10552,8070.45
10553,3197.7
10554,4994.58
10555,4439.68
10556,7628.7
10557,6860.56
10558,7350.72
10559,5986.43
10560,7278.94
10561,4717.75
10562,6130.81
10563,6221.67
10564,2768.63
10565,12974.86
10566,16384.43
10567,7040.04
10568,6160.7
10569,7300.47
10570,8271.31
10571,7384.33
10572,3088.05
10573,4553.63
10574,5319.18
10575,8074.93
10576,2565.66
10577,4409.17
10578,4780.61
10579,4566.72
10580,4369.86
10581,2783.48
10582,3235.18
10583,6491.21
10584,3342.76
10585,4591.43
10586,5628.36
10587,5296.87
10588,8377.82
10589,10607.29
10590,4739.18
10591,6593.79
10592,5904.67
10593,9260.82
10594,5277.76
10595,2699.81
10596,5583.95
10597,10770.15
10598,3830.78
10599,6255.08
10600,2499.97
10601,3793.51
10602,5711.61
10603,6724.76
10604,5838.04
10605,8225.48
10606,8229.27
10607,7349.33
10608,3814.99
10609,11326.0
10610,1914.66
10611,3328.45
10612,6584.94
10613,5067.79
10614,10786.33
10615,2644.01
10616,4872.8
10617,5543.56
10618,8088.5
10619,9668.08
10620,4495.14
10621,3172.34
10622,7939.31
10623,9697.47
10624,4594.13
10625,6165.3
10626,8780.68
10627,5822.97
10628,5000.14
10629,3760.06
10630,6688.89
10631,4561.05
10632,13665.84
10633,7666.25
10634,16152.67
10635,6762.93
10636,4561.53
10637,2227.64
10638,6755.9
10639,5910.46
10640,4964.69
10641,8901.18
10642,5508.75
10643,2676.66
10644,6214.16
10645,3233.25
10646,9072.31
10647,6653.93
10648,7282.15
10649,7839.32
10650,4428.97
10651,6542.23
10652,7647.04
10653,5105.01
10654,5985.03
10655,4320.06
10656,9476.1
10657,5334.1
10658,3227.97
10659,5364.04
10660,8545.47
10661,6093.12
10662,3805.11
10663,4963.92
10664,4819.94
10665,4349.9
10666,5499.52
10667,10107.17
10668,4679.47
10669,3761.64
10670,6790.61
10671,5199.82
10672,2773.63
10673,4869.09
10674,8818.8
10675,6662.78
10676,10830.84
10677,8664.83
10678,7156.1
10679,6091.54
10680,4331.37
10681,9498.23
10682,6930.28
10683,6725.41
10684,5304.3
10685,5723.36
10686,4431.71
10687,2192.01
10688,12530.06
10689,6950.68
10690,6098.13
10691,4791.22
10692,1515.01
10693,8271.87
10694,6845.74
10695,7172.42
10696,3519.03
10697,6808.87
10698,5106.38
10699,3814.49
10700,9594.78
10701,4421.17
10702,4943.17
10703,3806.66
10704,2798.81
10705,4866.91
10706,12827.69
10707,5692.8
10708,5105.27
10709,5060.73
10710,3528.38
10711,3404.59
10712,5322.86
10713,3178.04
10714,9452.87
10715,6098.45
10716,3068.06
10717,7365.15
10718,2381.26
10719,3364.03
10720,8145.72
10721,8277.92
10722,8458.68
10723,2303.81
10724,5051.19
10725,4306.68
10726,4116.35
10727,16280.3
10728,9397.53
10729,4840.26
10730,3070.15
10731,5438.17
10732,3651.51
10733,2840.53
10734,7368.42
10735,5154.33
10736,5757.47
10737,6823.81
10738,4700.71
10739,4552.68
10740,5914.6
10741,7251.96
10742,6628.53
10743,2795.74
10744,6129.14
10745,6855.19
10746,8200.43
10747,5489.47
10748,6878.64
10749,2360.59
10750,8312.7
10751,5215.8
10752,0.0
10753,4828.98
10754,4096.94
10755,4707.15
10756,6096.03
10757,3741.73
10758,7404.95
10759,4552.39
10760,7566.73
10761,7828.83
10762,4701.24
10763,7676.09
10764,5994.23
10765,2532.25
10766,10864.66
10767,3730.4
10768,3497.98
10769,6410.71
10770,12850.09
10771,8652.59
10772,4384.81
10773,4535.23
10774,6172.85
10775,5924.61
10776,4362.61
10777,8086.42
10778,3337.05
10779,5265.92
10780,3842.96
10781,3577.57
10782,2473.38
10783,8055.77
10784,5928.81
10785,5000.53
10786,5131.15
10787,7542.29
10788,7457.41
10789,4707.97
10790,5282.77
10791,5170.36
10792,6323.5
10793,5308.36
10794,2319.39
10795,5685.09
10796,6744.96
10797,6217.68
10798,5542.36
10799,2624.55
10800,8721.4
10801,3023.48
10802,8639.95
10803,5511.0
10804,4348.84
10805,8468.68
10806,4022.22
10807,4379.02
10808,8202.81
10809,2592.37
10810,5812.49
10811,9818.68
10812,6578.79
10813,2186.1
10814,4694.86
10815,3451.79
10816,2282.23
10817,5100.82
10818,6084.04
10819,4798.86
10820,4372.26
10821,5210.42
10822,4483.72
10823,11562.19
10824,4393.62
10825,6013.2
10826,4077.68
10827,5616.45
10828,6640.72
10829,5842.95
10830,7225.15
10831,8928.21
10832,7330.32
10833,5812.58
10834,5365.99
10835,2570.38
10836,5219.88
10837,8506.2
10838,6693.32
10839,6157.01
10840,13669.59
10841,3308.78
10842,5265.78
10843,4479.87
10844,7305.16
10845,8121.29
10846,7099.84
10847,6474.26
10848,7045.52
10849,11755.21
10850,6148.46
10851,5519.46
10852,2373.49
10853,4984.82
10854,3468.35
10855,2865.01
10856,7274.93
10857,18428.75
10858,5378.8
10859,3079.69
10860,4545.11
10861,4205.87
10862,5408.12
10863,1898.7
10864,6104.69
10865,6123.98
10866,3305.57
10867,10111.1
10868,10998.14
10869,4619.99
10870,5849.92
10871,3789.83
10872,4402.48
10873,3951.23
10874,8539.63
10875,4237.36
10876,3993.39
10877,4775.89
10878,5446.55
10879,6782.62
10880,6922.21
10881,2661.85
10882,8087.64
10883,6642.84
10884,4981.5
10885,4158.23
10886,4306.22
10887,4784.46
10888,4945.96
10889,9212.95
10890,4709.81
10891,3545.14
10892,6066.15
10893,6403.63
10894,5278.79
10895,5878.36
10896,5669.38
10897,9985.87
10898,6844.92
10899,6024.42
10900,3751.72
10901,4384.93
10902,7410.56
10903,3635.04
10904,4789.07
10905,5429.03
10906,12507.65
10907,7379.17
10908,4299.13
10909,5631.35
10910,4703.29
10911,6638.89
10912,5152.47
10913,9360.27
10914,6343.1
10915,5240.94
10916,4352.84
10917,2152.9
10918,3823.81
10919,16087.54
10920,2323.15
10921,5101.82
10922,6599.25
10923,7431.04
10924,6053.86
10925,7518.83
10926,6374.28
10927,7200.62
10928,3834.38
10929,7616.55
10930,3812.36
10931,5719.85
10932,9262.04
10933,3704.42
10934,8739.72
10935,5656.55
10936,3088.44
10937,6171.63
10938,5993.37
10939,2309.03
10940,8387.1
10941,7149.09
10942,4685.08
10943,9414.24
10944,8207.09
10945,7514.2
10946,4342.01
10947,3301.22
10948,5075.34
10949,3214.72
10950,5380.45
10951,2475.98
10952,5622.56
10953,2712.99
10954,5497.15
10955,5434.34
10956,4894.31
10957,5241.65
10958,7816.15
10959,5316.35
10960,7971.41
10961,5836.2
10962,6225.69
10963,8484.9
10964,6398.89
10965,3666.47
10966,5101.93
10967,4840.34
10968,5099.94
10969,10333.12
10970,5422.23
10971,5581.59
10972,8651.14
10973,6282.87
10974,1861.0
10975,8766.69
10976,8246.15
10977,5716.29
10978,6860.01
10979,6381.3
10980,7329.24
10981,5589.3
10982,4234.33
10983,3138.37
10984,6091.38
10985,7860.93
10986,2935.77
10987,9049.39
10988,7210.04
10989,4915.28
10990,7283.4
10991,4370.09
10992,7630.05
10993,2408.0
10994,4561.32
10995,5000.02
10996,3468.02
10997,6227.89
10998,7025.86
10999,7506.97
11000,6291.77
11001,4341.8
11002,6234.77
11003,6788.16
11004,7574.67
11005,3300.53
11006,2695.44
11007,8775.1
11008,5235.5
11009,3701.36
11010,7580.24
11011,7549.32
11012,6991.63
11013,4664.86
11014,2205.84
11015,5795.14
11016,5726.77
11017,5270.67
11018,8676.02
11019,6406.69
11020,3436.17
11021,5659.97
11022,2876.6
11023,1232.22
11024,6177.56
11025,8389.92
11026,5553.86
11027,4579.6
11028,3435.31
11029,5282.56
11030,9049.32
11031,6220.23
11032,8499.72
11033,4778.75
11034,5595.45
11035,3179.56
11036,6996.89
11037,3145.46
11038,2402.73
11039,4033.19
11040,3246.85
11041,6871.63
11042,4739.24
11043,4682.95
11044,5404.11
11045,7459.29
11046,4223.65
11047,3842.21
11048,8686.39
11049,8641.15
11050,7111.71
11051,2241.02
11052,6222.87
11053,5262.49
11054,4230.4
11055,9065.42
11056,9111.77
11057,6921.93
11058,5934.53
11059,5833.64
11060,7720.87
11061,10700.76
11062,3155.68
11063,4170.98
11064,4893.47
11065,6101.63
11066,5071.13
11067,9315.64
11068,6969.02
11069,6418.6
11070,2770.44
11071,6366.81
11072,6734.94
11073,3485.83
11074,5852.74
11075,3400.9
11076,7047.39
11077,5393.41
11078,5388.81
11079,6331.72
11080,3682.01
11081,5017.99
11082,6732.7
11083,4818.1
11084,8036.64
11085,5593.34
11086,7619.09
11087,4983.2
11088,3420.07
11089,7764.99
11090,2775.13
11091,10461.03
11092,5330.01
11093,4463.93
11094,6445.34
11095,4720.36
11096,4061.9
11097,5541.51
11098,2724.95
11099,2818.77
11100,6109.09
11101,5898.33
11102,10494.02
11103,5856.24
11104,5843.06
11105,4139.14
11106,5385.63
11107,3060.8
11108,10778.84
11109,6532.48
11110,12516.05
11111,5485.77
11112,4769.87
11113,6824.47
11114,6908.03
11115,3261.96
11116,8561.73
11117,7083.58
11118,5273.1
11119,5948.0
11120,4421.84
11121,2866.43
11122,4965.78
11123,3597.07
11124,3201.66
11125,7734.64
11126,5442.42
11127,21403.44
11128,7304.07
11129,4478.82
11130,7152.14
11131,10170.56
11132,5675.49
11133,7239.9
11134,5411.21
11135,7671.07
11136,7775.8
11137,6265.49
11138,5884.56
11139,6847.08
11140,7595.65
11141,7580.98
11142,8128.77
11143,5696.34
11144,5522.46
11145,6152.47
11146,10555.77
11147,10698.93
11148,9756.84
11149,8062.8
11150,4893.29
11151,6307.84
11152,5217.85
11153,8280.43
11154,10240.59
11155,9880.31
11156,6194.61
11157,5231.02
11158,4895.66
11159,6439.19
11160,10472.76
11161,7875.83
11162,5764.62
11163,6411.89
11164,7951.89
11165,4172.13
11166,7646.08
11167,4450.55
11168,8239.06
11169,7775.36
11170,5984.57
11171,7628.27
11172,6981.64
11173,4555.58
11174,6721.75
11175,7558.07
11176,12006.5
11177,6107.01
11178,7829.51
11179,7265.02
11180,9517.12
11181,6187.83
11182,10771.08
11183,5322.38
11184,4138.03
11185,6210.13
11186,5994.69
11187,8476.47
11188,8151.04
11189,5319.34
11190,7486.47
11191,8335.81
11192,10077.15
11193,4469.42
11194,12800.89
11195,4874.13
11196,6807.83
11197,8892.48
11198,6166.8
11199,6699.94
11200,7309.79
11201,7605.03
11202,5591.63
11203,5983.61
11204,8889.17
11205,7849.51
11206,8437.71
11207,4509.94
11208,7029.82
11209,8085.35
11210,7061.3
11211,4652.59
11212,7313.24
11213,5653.65
11214,7331.8
11215,8624.6
11216,4184.45
11217,8659.25
11218,6289.42
11219,7462.28
11220,6939.22
11221,5483.35
11222,6558.65
11223,6252.82
11224,8222.09
11225,10339.17
11226,5038.68
11227,4864.62
11228,8170.37
11229,6419.39
11230,6876.45
11231,9830.95
11232,8143.47
11233,7920.66
11234,5532.32
11235,4879.72
11236,6942.08
11237,8950.74
11238,8833.57
11239,8753.57
11240,8627.63
11241,6386.66
11242,8649.08
11243,6010.61
11244,8380.41
11245,9369.18
11246,7984.77
11247,10115.38
11248,8349.13
11249,8921.61
11250,6186.5
11251,7610.63
11252,8697.35
11253,6656.04
11254,4752.72
11255,5813.32
11256,8076.05
11257,6484.79
11258,5500.72
11259,9092.14
11260,7075.58
11261,6598.64
11262,6578.48
11263,5682.25
11264,7516.23
11265,7281.4
11266,7641.92
11267,5766.57
11268,5220.68
11269,6707.57
11270,4441.29
11271,7053.36
11272,4985.23
11273,9445.97
11274,8076.6
11275,7014.68
11276,6189.88
11277,4666.3
11278,5554.31
11279,11604.04
11280,7629.53
11281,9045.21
11282,8667.08
11283,6270.72
11284,6171.73
11285,6550.46
11286,7407.37
11287,10714.95
11288,6698.13
11289,3654.33
11290,5216.39
11291,9396.78
11292,9707.96
11293,7716.43
11294,7825.95
11295,4945.76
11296,5594.77
11297,3356.18
11298,4616.16
11299,6319.51
11300,6997.53
11301,6743.46
11302,6918.41
11303,8300.42
11304,9484.72
11305,7903.51
11306,6849.03
11307,9741.53
11308,11726.83
11309,6356.49
11310,7963.14
11311,5356.62
11312,7172.38
11313,4615.35
11314,7356.92
11315,5819.5
11316,9274.13
11317,7859.55
11318,9241.32
11319,8307.13
11320,5662.27
11321,8646.54
11322,17937.89
11323,10586.36
11324,5259.48
11325,3091.89
11326,6454.52
11327,10073.72
11328,5643.2
11329,11754.86
11330,21255.38
11331,4003.66
11332,5071.34
11333,7463.82
11334,5068.05
11335,9139.93
11336,7126.98
11337,7501.23
11338,3889.62
11339,8715.75
11340,6717.13
11341,7497.45
11342,7159.7
11343,6517.64
11344,6098.21
11345,7694.72
11346,5871.36
11347,5369.12
11348,9082.33
11349,6139.18
11350,6088.41
11351,8068.28
11352,5980.89
11353,5194.79
11354,7381.34
11355,6973.85
11356,10386.89
11357,7337.48
11358,8289.01
11359,6425.03
11360,4449.9
11361,6468.09
11362,7529.42
11363,5893.79
11364,4889.15
11365,9601.16
11366,7613.08
11367,9819.85
11368,7048.32
11369,6440.22
11370,5531.52
11371,4806.79
11372,10400.26
11373,5883.88
11374,8329.54
11375,13992.17
11376,7962.37
11377,6629.23
11378,5331.57
11379,4781.46
11380,8479.66
11381,4224.43
11382,5480.85
11383,9517.9
11384,5361.5
11385,15407.03
11386,13996.54
11387,4949.76
11388,7337.98
11389,6603.62
11390,7087.27
11391,5588.93
11392,5908.64
11393,7986.9
11394,8481.05
11395,5477.9
11396,7306.2
11397,5187.9
11398,10329.27
11399,7847.28
11400,6678.03
11401,7326.56
11402,5812.48
11403,8836.13
11404,9280.99
11405,5813.5
11406,10797.29
11407,7434.68
11408,9278.76
11409,5705.95
11410,6207.55
11411,5761.16
11412,9833.35
11413,6874.67
11414,8691.08
11415,6885.25
11416,9590.7
11417,4350.83
11418,8464.34
11419,6637.94
11420,4152.02
11421,14951.22
11422,17464.7
11423,9168.32
11424,7332.57
11425,10321.89
11426,10929.41
11427,10897.08
11428,6659.42
11429,7581.26
11430,6166.42
11431,9071.77
11432,4245.69
11433,5765.84
11434,6087.44
11435,5927.01
11436,8080.3
11437,4940.79
11438,5018.58
11439,6638.56
11440,4392.76
11441,4744.41
11442,6124.66
11443,7055.44
11444,10164.29
11445,10171.63
11446,7795.97
11447,6192.35
11448,6799.29
11449,10743.54
11450,8292.52
11451,6677.09
11452,6960.93
11453,8629.84
11454,4954.15
11455,7321.33
11456,3468.21
11457,5101.07
11458,8604.35
11459,7442.28
11460,8969.95
11461,9441.34
11462,9495.77
11463,10262.77
11464,6210.2
11465,11343.43
11466,3271.01
11467,5405.28
11468,6943.57
11469,4395.05
11470,8552.96
11471,5707.25
11472,5125.17
11473,9246.0
11474,10623.97
11475,7234.1
11476,5593.04
11477,5899.7
11478,9036.46
11479,7573.75
11480,6240.58
11481,7249.69
11482,7879.84
11483,9307.29
11484,5027.37
11485,6085.15
11486,8253.17
11487,9554.78
11488,14002.59
11489,5511.44
11490,15980.42
11491,8351.61
11492,5149.38
11493,3560.89
11494,6097.29
11495,7471.21
11496,5722.21
11497,8182.68
11498,7160.26
11499,4541.23
11500,7362.25
11501,3676.3
11502,8222.23
11503,7349.31
11504,8920.45
11505,8917.74
11506,5750.22
11507,10461.69
11508,7009.94
11509,5229.11
11510,6955.97
11511,5801.72
11512,11071.16
11513,6033.38
11514,4731.55
11515,8249.96
11516,9045.82
11517,7515.19
11518,6465.94
11519,9120.74
11520,5303.97
11521,6131.92
11522,8109.12
11523,10383.2
11524,6711.01
11525,6454.72
11526,7029.31
11527,5321.64
11528,4142.48
11529,6065.65
11530,10696.74
11531,9095.38
11532,11303.97
11533,11784.21
11534,8960.41
11535,5912.14
11536,4732.01
11537,10457.61
11538,9382.65
11539,8727.99
11540,8869.31
11541,9683.78
11542,6099.42
11543,3543.32
11544,11872.33
11545,3208.38
11546,6294.03
11547,7223.64
11548,2920.7
11549,11673.6
11550,3172.52
11551,2633.92
11552,4942.97
11553,6314.45
11554,6888.82
11555,7826.49
11556,6645.74
11557,4529.22
11558,6024.52
11559,4268.52
11560,3385.93
11561,7544.74
11562,17266.68
11563,5534.22
11564,6035.12
11565,7342.06
11566,5772.47
11567,5615.86
11568,5682.9
11569,4325.04
11570,8755.03
11571,7696.07
11572,4664.82
11573,9226.56
11574,5714.0
11575,5134.1
11576,9396.68
11577,8719.03
11578,9180.19
11579,5584.56
11580,7688.9
11581,4810.55
11582,5679.14
11583,14036.89
11584,7465.06
11585,7059.9
11586,5426.43
11587,4576.33
11588,6499.54
11589,4611.92
11590,8858.45
11591,4944.96
11592,6331.67
11593,7380.82
11594,5444.2
11595,6991.76
11596,6872.26
11597,9585.68
11598,7678.08
11599,4363.26
11600,6523.3
11601,7220.73
11602,9264.41
11603,9435.57
11604,7228.49
11605,4977.87
11606,7312.16
11607,6237.15
11608,5094.42
11609,7672.68
11610,6946.08
11611,7416.08
11612,6127.0
11613,6431.31
11614,9592.46
11615,5733.96
11616,6745.56
11617,8270.22
11618,6670.54
11619,12345.37
11620,6977.38
11621,5371.68
11622,12622.06
11623,5962.99
11624,3715.2
11625,8811.8
11626,15219.74
11627,9753.18
11628,5859.79
11629,6517.34
11630,7039.38
11631,7570.08
11632,6515.68
11633,9370.06
11634,3806.06
11635,6818.66
11636,6604.79
11637,5519.21
11638,5341.81
11639,7554.53
11640,8520.96
11641,5081.05
11642,8358.58
11643,8104.65
11644,8787.47
11645,5471.84
11646,7708.15
11647,6512.05
11648,7185.21
11649,9449.9
11650,4436.51
11651,8020.23
11652,9447.45
11653,7518.88
11654,4732.51
11655,3951.76
11656,8728.11
11657,6764.79
11658,9020.1
11659,6367.93
11660,5780.07
11661,8954.44
11662,6694.27
11663,6693.71
11664,9199.2
11665,5910.0
11666,8764.36
11667,11880.14
11668,8260.68
11669,5080.29
11670,6889.22
11671,5239.48
11672,3433.66
11673,8837.71
11674,7180.49
11675,8975.17
11676,5708.41
11677,8895.7
11678,7930.09
11679,10563.5
11680,5153.43
11681,7019.69
11682,6275.57
11683,8534.92
11684,7506.53
11685,7738.47
11686,8613.94
11687,9344.72
11688,7470.74
11689,7160.29
11690,6007.26
11691,4997.9
11692,5753.76
11693,11178.17
11694,9666.79
11695,7592.27
11696,16373.33
11697,6914.8
11698,6877.53
11699,6116.78
11700,9054.84
11701,9433.24
11702,7389.07
11703,7368.59
11704,8324.87
11705,8508.9
11706,7168.4
11707,6473.0
11708,6286.1
11709,6049.87
11710,3990.37
11711,5637.31
11712,10259.08
11713,17351.36
11714,6461.36
11715,4931.71
11716,7869.57
11717,4090.6
11718,6610.2
11719,4384.28
11720,9261.24
11721,6665.08
11722,7244.39
11723,13568.47
11724,12370.81
11725,7102.52
11726,8083.12
11727,3502.45
11728,5523.44
11729,5649.21
11730,5171.4
11731,5021.06
11732,4256.0
11733,5743.08
11734,6351.89
11735,9914.8
11736,6913.21
11737,3109.1
11738,7928.76
11739,7611.34
11740,8673.48
11741,5233.44
11742,4844.16
11743,8309.52
11744,5629.32
11745,9616.96
11746,4835.8
11747,5514.82
11748,6956.04
11749,10613.93
11750,3913.29
11751,9557.49
11752,7762.48
11753,9951.7
11754,10360.48
11755,6164.99
11756,3990.95
11757,5406.86
11758,8177.79
11759,5099.07
11760,6511.29
11761,6740.73
11762,13915.36
11763,7361.77
11764,6538.61
11765,7775.42
11766,4804.39
11767,9313.55
11768,5826.24
11769,13770.68
11770,6733.73
11771,5948.62
11772,5498.16
11773,4867.31
11774,7257.93
11775,10780.29
11776,4677.38
11777,5691.09
11778,11652.71
11779,6845.42
11780,6995.34
11781,7694.02
11782,6928.82
11783,8203.94
11784,4579.58
11785,8973.88
11786,5859.87
11787,7147.9
11788,7667.18
11789,4380.33
11790,8296.05
11791,6271.79
11792,3980.54
11793,8611.58
11794,9694.52
11795,4276.61
11796,7846.92
11797,7159.14
11798,5171.18
11799,8818.47
11800,6860.45
11801,10003.45
11802,4619.65
11803,5090.89
11804,6135.92
11805,4532.71
11806,7778.69
11807,4653.57
11808,6430.38
11809,5015.82
11810,9305.35
11811,6396.99
11812,7134.89
11813,6975.05
11814,9207.62
11815,6643.08
11816,8177.07
11817,6821.29
11818,8678.24
11819,8860.98
11820,6712.89
11821,3303.78
11822,6335.29
11823,7106.01
11824,5017.47
11825,6844.55
11826,6483.95
11827,6556.21
11828,11706.39
11829,6436.4
11830,4634.95
11831,11825.71
11832,9711.76
11833,5271.65
11834,9014.76
11835,10372.83
11836,9744.21
11837,5056.01
11838,7751.5
11839,6310.46
11840,6538.47
11841,7967.06
11842,5195.43
11843,9578.09
11844,7423.82
11845,6608.83
11846,7960.09
11847,6028.01
11848,6552.45
11849,4399.89
11850,8582.55
11851,7534.5
11852,6586.17
11853,6220.15
11854,7675.28
11855,9173.22
11856,6681.54
11857,5866.42
11858,6142.88
11859,7004.53
11860,6959.24
11861,4424.16
11862,4050.76
11863,7688.0
11864,7275.39
11865,6074.02
11866,8981.74
11867,8687.27
11868,7109.42
11869,6017.49
11870,4005.78
11871,6823.04
11872,7087.71
11873,7189.64
11874,9718.92
11875,8210.47
11876,5145.0
11877,8337.36
11878,3439.88
11879,3267.46
11880,8089.1
11881,12576.55
11882,7641.5
11883,8015.77
11884,5706.97
11885,7355.59
11886,8923.68
11887,5991.44
11888,7659.77
11889,6199.85
11890,4731.01
11891,5789.92
11892,5735.51
11893,6393.22
11894,4987.2
11895,5211.38
11896,4316.78
11897,7485.55
11898,8038.58
11899,6261.21
11900,6391.62
11901,7366.16
11902,5807.6
11903,6234.98
11904,9274.13
11905,8657.53
11906,8930.67
11907,4455.44
11908,14493.23
11909,7411.49
11910,6087.1
11911,10487.23
11912,8634.96
11913,7526.81
11914,6024.61
11915,7202.76
11916,11253.94
11917,14729.33
11918,5134.91
11919,4912.15
11920,5456.54
11921,6564.5
11922,6746.56
11923,8280.11
11924,9304.95
11925,6852.16
11926,4764.56
11927,6496.49
11928,8590.15
11929,5593.27
11930,6976.21
11931,4532.75
11932,8026.17
11933,7475.66
11934,7946.32
11935,8733.59
11936,6659.16
11937,5906.11
11938,6602.05
11939,8829.44
11940,8484.32
11941,8051.81
11942,7546.61
11943,6482.85
11944,4421.87
11945,10031.22
11946,4969.53
11947,11368.65
11948,5339.04
11949,4368.41
11950,6790.89
11951,5870.11
11952,8201.52
11953,7620.67
11954,4005.95
11955,5291.76
11956,7768.56
11957,9170.82
11958,10014.49
11959,5321.5
11960,6134.08
11961,6794.99
11962,6314.09
11963,6124.59
11964,11113.14
11965,8696.88
11966,12576.56
11967,5073.96
11968,6430.46
11969,8864.63
11970,8227.39
11971,6054.27
11972,10671.56
11973,7415.48
11974,5668.53
11975,6783.37
11976,5298.37
11977,5484.54
11978,6913.37
11979,5622.69
11980,5409.48
11981,8981.14
11982,6829.3
11983,20383.79
11984,7410.7
11985,4696.64
11986,8303.42
11987,10179.22
11988,6675.15
11989,7237.06
11990,5797.37
11991,8588.75
11992,8151.91
11993,5707.27
11994,6161.56
11995,6879.35
11996,8331.47
11997,7739.9
11998,8771.24
11999,5554.22
12000,5600.54
12001,5612.21
12002,10162.56
12003,12037.0
12004,10352.93
12005,7852.04
12006,5231.64
12007,6420.41
12008,5492.55
12009,8391.91
12010,10963.84
12011,9533.24
12012,6381.4
12013,5606.26
12014,5347.94
12015,6364.57
12016,11458.41
12017,8010.74
12018,5923.91
12019,6155.77
12020,8261.44
12021,3969.24
12022,7521.9
12023,4537.86
12024,7448.06
12025,8186.69
12026,5701.29
12027,8022.61
12028,6908.62
12029,4734.24
12030,7251.18
12031,7611.76
12032,11468.59
12033,5851.56
12034,7860.49
12035,8046.01
12036,9537.03
12037,6312.56
12038,10731.65
12039,6223.6
12040,4672.58
12041,6857.3
12042,5956.56
12043,8430.23
12044,8160.91
12045,5665.82
12046,7633.97
12047,7908.09
12048,10573.16
12049,4179.91
12050,14269.81
12051,5627.27
12052,7290.29
12053,9330.81
12054,6674.11
12055,6540.62
12056,6926.15
12057,7744.54
12058,5663.5
12059,6046.06
12060,8530.94
12061,7774.02
12062,8717.64
12063,4834.0
12064,7073.65
12065,7953.01
12066,6781.04
12067,5297.25
12068,7225.58
12069,6003.46
12070,7191.08
12071,8336.67
12072,4261.25
12073,8417.53
12074,6375.84
12075,7496.46
12076,7367.27
12077,5351.53
12078,6514.69
12079,5925.86
12080,8076.79
12081,9456.51
12082,5086.11
12083,5078.6
12084,8064.94
12085,5967.77
12086,7339.65
12087,8243.5
12088,7130.25
12089,8247.83
12090,5523.08
12091,5110.74
12092,6884.88
12093,8899.54
12094,8598.68
12095,8238.06
12096,8647.06
12097,6914.42
12098,8967.0
12099,6739.46
12100,8747.77
12101,9632.28
12102,7459.57
12103,10026.85
12104,8245.41
12105,8309.47
12106,6599.13
12107,7525.63
12108,8306.13
12109,6847.04
12110,5343.8
12111,6385.64
12112,8190.97
12113,6268.42
12114,5583.92
12115,9324.53
12116,7601.52
12117,6737.71
12118,6451.91
12119,6013.43
12120,8199.7
12121,7830.31
12122,7910.0
12123,5914.42
12124,5446.99
12125,7127.73
12126,4426.79
12127,6624.25
12128,5477.77
12129,9161.61
12130,7209.1
12131,6381.45
12132,5950.4
12133,5653.21
12134,5482.6
12135,11812.25
12136,7057.27
12137,9344.59
12138,8055.18
12139,6212.35
12140,6350.06
12141,6148.34
12142,8488.75
12143,12566.26
12144,7093.08
12145,4072.13
12146,5491.86
12147,8745.35
12148,9172.82
12149,7439.24
12150,7767.48
12151,6961.53
12152,6092.86
12153,3552.28
12154,5523.98
12155,6611.92
12156,6613.49
12157,7147.96
12158,7204.02
12159,7803.44
12160,10074.48
12161,8257.27
12162,7115.92
12163,9763.54
12164,10961.94
12165,6574.01
12166,8210.57
12167,5755.88
12168,7129.52
12169,4475.62
12170,7775.65
12171,5548.37
12172,9193.01
12173,7591.35
12174,9406.68
12175,8721.14
12176,5631.87
12177,8772.39
12178,20272.03
12179,11036.58
12180,5588.45
12181,3356.75
12182,6449.82
12183,10906.72
12184,6058.63
12185,11748.45
12186,19993.12
12187,3679.2
12188,5397.59
12189,10090.23
12190,5496.83
12191,9925.51
12192,7635.47
12193,7871.38
12194,3519.69
12195,7346.53
12196,6443.79
12197,7960.4
12198,7059.7
12199,6379.92
12200,6184.73
12201,6785.44
12202,5501.42
12203,5072.99
12204,9058.85
12205,6272.94
12206,6294.89
12207,8096.86
12208,6019.89
12209,5901.9
12210,7828.6
12211,7392.24
12212,8956.71
12213,7515.13
12214,7651.19
12215,6235.69
12216,3938.53
12217,6733.2
12218,7610.26
12219,5975.07
12220,4427.14
12221,9810.46
12222,7925.19
12223,9914.51
12224,7090.67
12225,6115.37
12226,5889.07
12227,4870.84
12228,10470.76
12229,6509.44
12230,8088.74
12231,16194.75
12232,7644.38
12233,9069.7
12234,5359.27
12235,4968.84
12236,7268.64
12237,4405.55
12238,5755.61
12239,11208.73
12240,5502.01
12241,16354.14
12242,14468.52
12243,4449.49
12244,7398.93
12245,6665.43
12246,7036.35
12247,6380.02
12248,5653.24
12249,7959.82
12250,9940.04
12251,5929.69
12252,7090.46
12253,4758.54
12254,9441.49
12255,7448.65
12256,7087.49
12257,6801.61
12258,5573.14
12259,8990.19
12260,10469.43
12261,5765.91
12262,12016.82
12263,7723.32
12264,10151.4
12265,5633.17
12266,6767.4
12267,6119.41
12268,9715.97
12269,6564.32
12270,8500.06
12271,6964.69
12272,8850.83
12273,4369.15
12274,8916.35
12275,7374.99
12276,4463.61
12277,16083.44
12278,18909.0
12279,8263.98
12280,7670.91
12281,10632.02
12282,11403.28
12283,11513.83
12284,6774.07
12285,7624.03
12286,6089.51
12287,8749.33
12288,4148.28
12289,5849.36
12290,5946.25
12291,6785.13
12292,8125.69
12293,5413.27
12294,5070.86
12295,6655.56
12296,4708.4
12297,4828.61
12298,6205.43
12299,7080.9
12300,9855.55
12301,9801.73
12302,9008.66
12303,6058.2
12304,6351.38
12305,12508.09
12306,8641.52
12307,6179.12
12308,6605.72
12309,8750.92
12310,5143.39
12311,6889.61
12312,3960.37
12313,6196.99
12314,8401.46
12315,7197.66
12316,9884.95
12317,10517.34
12318,10647.04
12319,11874.09
12320,6325.91
12321,10072.99
12322,3602.26
12323,5514.83
12324,6616.11
12325,4830.92
12326,8572.75
12327,6066.91
12328,5336.81
12329,8972.22
12330,11610.91
12331,9741.45
12332,5772.0
12333,5727.4
12334,9294.41
12335,7610.52
12336,6726.17
12337,7174.63
12338,7288.05
12339,10969.56
12340,4473.78
12341,6592.45
12342,7995.75
12343,8595.81
12344,15392.58
12345,5564.62
12346,16792.02
12347,7272.59
12348,5255.17
12349,4364.14
12350,6412.44
12351,7428.74
12352,5529.59
12353,8186.65
12354,7320.38
12355,5292.92
12356,7596.97
12357,3810.39
12358,8778.32
12359,7388.64
12360,9928.68
12361,8754.5
12362,5952.04
12363,9491.87
12364,7129.28
12365,5234.78
12366,6980.7
12367,5838.67
12368,11710.68
12369,6753.24
12370,4981.0
12371,8385.81
12372,8591.47
12373,7769.23
12374,6388.87
12375,9288.65
12376,5554.85
12377,5550.18
12378,7507.19
12379,9056.37
12380,7043.42
12381,6706.99
12382,6399.74
12383,5432.74
12384,4091.19
12385,5805.64
12386,10942.03
12387,9313.97
12388,11782.96
12389,11854.73
12390,8614.94
12391,6341.12
12392,5380.29
12393,11120.44
12394,9499.96
12395,8392.16
12396,9594.46
12397,9481.34
12398,6090.37
12399,4328.96
12400,9963.67
12401,4045.19
12402,6911.61
12403,7150.77
12404,3520.58
12405,12757.69
12406,3984.22
12407,3523.63
12408,4832.48
12409,6463.39
12410,6973.54
12411,8477.35
12412,6594.01
12413,5150.95
12414,6270.52
12415,4827.92
12416,3770.19
12417,7417.16
12418,17772.93
12419,6334.35
12420,5931.9
12421,7254.86
12422,5697.34
12423,6388.85
12424,4739.68
12425,4641.08
12426,7982.2
12427,7563.63
12428,4754.49
12429,8942.11
12430,5667.37
12431,4889.32
12432,9274.52
12433,9013.62
12434,10409.98
12435,5862.79
12436,8059.23
12437,5280.15
12438,5475.26
12439,15763.47
12440,7267.22
12441,6978.2
12442,6511.18
12443,4286.76
12444,5990.68
12445,5769.04
12446,12332.44
12447,5371.87
12448,5747.31
12449,7292.29
12450,4974.34
12451,7125.88
12452,7448.8
12453,8487.65
12454,7237.91
12455,4253.12
12456,5992.99
12457,6785.26
12458,9953.85
12459,9061.65
12460,6777.12
12461,5546.78
12462,6881.7
12463,6945.08
12464,5032.02
12465,7910.67
12466,7245.2
12467,7479.36
12468,6142.87
12469,7097.64
12470,8838.86
12471,5812.74
12472,7325.07
12473,7576.04
12474,7031.08
12475,12525.65
12476,6651.48
12477,5596.52
12478,12712.67
12479,7025.09
12480,3819.85
12481,8720.53
12482,12299.06
12483,10739.56
12484,6677.24
12485,6612.93
12486,6562.19
12487,7875.44
12488,6299.23
12489,9582.37
12490,3921.18
12491,7409.5
12492,6825.55
12493,5938.07
12494,5706.8
12495,7419.95
12496,9089.89
12497,4969.74
12498,9177.08
12499,8043.95
12500,8970.96
12501,6295.09
12502,7387.01
12503,6491.72
12504,7624.47
12505,8770.64
12506,5966.68
12507,7930.2
12508,8963.06
12509,7979.39
12510,4993.35
12511,4093.04
12512,9026.48
12513,7164.16
12514,9292.8
12515,6362.85
12516,6326.52
12517,8942.87
12518,7017.27
12519,6815.1
12520,8982.74
12521,6240.58
12522,9085.19
12523,11461.87
12524,8791.4
12525,4758.04
12526,6937.56
12527,4735.84
12528,3627.41
12529,9229.17
12530,6917.58
12531,9299.55
12532,6279.23
12533,9135.23
12534,8022.02
12535,11107.72
12536,4411.28
12537,6327.05
12538,6439.35
12539,8772.58
12540,7281.79
12541,8135.96
12542,7826.82
12543,10195.27
12544,7390.0
12545,7210.01
12546,6017.51
12547,5171.08
12548,5133.04
12549,10611.58
12550,9865.77
12551,7910.46
12552,15736.43
12553,7664.24
12554,6673.47
12555,7321.98
12556,8786.8
12557,9241.64
12558,7345.9
12559,7959.84
12560,8199.88
12561,7594.01
12562,7494.43
12563,5928.04
12564,5799.7
12565,5596.99
12566,4638.91
12567,5710.91
12568,10246.6
12569,17996.46
12570,6585.26
12571,5168.81
12572,7886.32
12573,3677.7
12574,6660.58
12575,4490.22
12576,9263.45
12577,6660.34
12578,6557.99
12579,14663.63
12580,11168.28
12581,7276.48
12582,7555.29
12583,3871.48
12584,5659.64
12585,6124.75
12586,4975.84
12587,4980.05
12588,4094.4
12589,6280.33
12590,6195.37
12591,9400.89
12592,7449.77
12593,3311.3
12594,7479.67
12595,8405.61
12596,8350.04
12597,5407.38
12598,5108.26
12599,8779.11
12600,5999.28
12601,10192.45
12602,5271.29
12603,5659.07
12604,7266.6
12605,8497.74
12606,4246.51
12607,7946.99
12608,7525.12
12609,9628.1
12610,9882.13
12611,6246.82
12612,4478.6
12613,5506.02
12614,10316.38
12615,5259.43
12616,7681.98
12617,6981.49
12618,12727.2
12619,8475.76
12620,6502.36
12621,8422.57
12622,5573.7
12623,10103.81
12624,6177.28
12625,16835.52
12626,6818.33
12627,6158.48
12628,5673.02
12629,4615.77
12630,7974.85
12631,10483.74
12632,4548.09
12633,5057.64
12634,10699.93
12635,7232.08
12636,6139.79
12637,7873.23
12638,7019.15
12639,8186.26
12640,5327.78
12641,9551.49
12642,5974.46
12643,7914.48
12644,7120.59
12645,4922.5
12646,7850.06
12647,5898.64
12648,4057.77
12649,9268.56
12650,9071.72
12651,4398.1
12652,7779.64
12653,6996.05
12654,4895.67
12655,9164.39
12656,6295.05
12657,9850.6
12658,5026.48
12659,5427.5
12660,6642.14
12661,5001.32
12662,7726.5
12663,5169.62
12664,6218.2
12665,5259.53
12666,9153.34
12667,6989.68
12668,7055.89
12669,7193.23
12670,8463.37
12671,7001.81
12672,8524.38
12673,7532.78
12674,8965.13
12675,8596.3
12676,7004.74
12677,3254.31
12678,6066.11
12679,7952.9
12680,5517.18
12681,6591.8
12682,6157.65
12683,7452.51
12684,11439.99
12685,6904.33
12686,4837.02
12687,11678.64
12688,10529.0
12689,5533.18
12690,9236.26
12691,11065.51
12692,9968.09
12693,5060.07
12694,7354.09
12695,6554.61
12696,6466.16
12697,7385.03
12698,5428.42
12699,2636.54
12700,7754.4
12701,7340.43
12702,8294.08
12703,6331.5
12704,7314.76
12705,5144.78
12706,8059.13
12707,7334.32
12708,6852.97
12709,7082.24
12710,7486.12
12711,9545.65
12712,6151.58
12713,6032.08
12714,6336.79
12715,6649.36
12716,7306.63
12717,4779.22
12718,4430.04
12719,7614.72
12720,6772.67
12721,6028.9
12722,8535.18
12723,8289.03
12724,7474.9
12725,5763.59
12726,4938.13
12727,6487.71
12728,6554.33
12729,7337.16
12730,9828.54
12731,9419.01
12732,5453.62
12733,8999.8
12734,4001.97
12735,3821.98
12736,7891.5
12737,10853.69
12738,8151.77
12739,7864.52
12740,6266.75
12741,7762.07
12742,10291.66
12743,6395.93
12744,8382.28
12745,6729.45
12746,5099.63
12747,5335.17
12748,5676.73
12749,6049.29
12750,4863.08
12751,5044.46
12752,4189.81
12753,7076.19
12754,7818.6
12755,6426.06
12756,6727.11
12757,7709.67
12758,6249.42
12759,5820.72
12760,9089.63
12761,9403.56
12762,8722.51
12763,4840.09
12764,14482.54
12765,7118.63
12766,6043.93
12767,10801.48
12768,8607.75
12769,8085.34
12770,6144.29
12771,7511.7
12772,9675.68
12773,14155.27
12774,5444.56
12775,5329.12
12776,5350.78
12777,7546.48
12778,6770.78
12779,8179.93
12780,9637.3
12781,6764.34
12782,5233.38
12783,6732.78
12784,8743.76
12785,5270.6
12786,7476.43
12787,4895.41
12788,8212.6
12789,7845.19
12790,8033.56
12791,10341.41
12792,6228.51
12793,5897.62
12794,6971.37
12795,7935.16
12796,8768.95
12797,8097.94
12798,7578.58
12799,7008.31
12800,4619.86
12801,10319.25
12802,6186.53
12803,11239.26
12804,5115.05
12805,4193.78
12806,6900.82
12807,6620.4
12808,8555.39
12809,8032.05
12810,4549.09
12811,5233.91
12812,8553.73
12813,8968.27
12814,9169.68
12815,5117.2
12816,6401.18
12817,7307.07
12818,6340.55
12819,6662.78
12820,10315.28
12821,8869.49
12822,11528.04
12823,5298.73
12824,6425.17
12825,9027.88
12826,9441.05
12827,6229.39
12828,11101.98
12829,7034.95
12830,5654.49
12831,6673.99
12832,5510.1
12833,5573.03
12834,6735.27
12835,5970.19
12836,5488.84
12837,9328.24
12838,7550.36
12839,21629.0
12840,7028.29
12841,5415.42
12842,8131.25
12843,10001.07
12844,6761.65
12845,8190.83
12846,6632.38
12847,9195.62
12848,7272.01
12849,6125.79
12850,6103.88
12851,7005.14
12852,8753.99
12853,8275.21
12854,6942.8
12855,6013.99
12856,7077.01
12857,6449.3
12858,10770.32
12859,12867.25
12860,10486.28
12861,8994.49
12862,6027.96
12863,7302.97
12864,6052.36
12865,10238.89
12866,10141.9
12867,10238.36
12868,6673.37
12869,6282.97
12870,5517.32
12871,10172.7
12872,11686.31
12873,7178.26
12874,6121.62
12875,7528.13
12876,9066.64
12877,4380.73
12878,8280.34
12879,4962.26
12880,7114.91
12881,8681.52
12882,6326.97
12883,8912.92
12884,6406.39
12885,5379.86
12886,7736.21
12887,8420.24
12888,11746.96
12889,6568.04
12890,9257.42
12891,8715.34
12892,9690.58
12893,7715.45
12894,11216.89
12895,10557.86
12896,5960.78
12897,7789.07
12898,7380.64
12899,7923.94
12900,7923.94
12901,6596.31
12902,7758.81
12903,8376.33
12904,10701.64
12905,5428.26
12906,15557.21
12907,6127.32
12908,9987.64
12909,10425.54
12910,7252.44
12911,7002.42
12912,7153.9
12913,8525.12
12914,5922.81
12915,6556.75
12916,9191.06
12917,8313.51
12918,9777.66
12919,5982.24
12920,8450.51
12921,6783.8
12922,7447.14
12923,5919.05
12924,7156.31
12925,6991.78
12926,7156.31
12927,9492.05
12928,5421.92
12929,9560.31
12930,7075.33
12931,7343.65
12932,8504.52
12933,6501.36
12934,7345.83
12935,7285.1
12936,8506.24
12937,7818.69
12938,5603.27
12939,5584.65
12940,8346.09
12941,6740.62
12942,7447.45
12943,6016.42
12944,5883.84
12945,8293.64
12946,6610.74
12947,6081.52
12948,8220.52
12949,8472.72
12950,8422.78
12951,8823.85
12952,9557.57
12953,8753.4
12954,9205.49
12955,7940.82
12956,10083.29
12957,9373.07
12958,8734.68
12959,11796.8
12960,8760.33
12961,8576.48
12962,7150.27
12963,8390.32
12964,7444.66
12965,8160.45
12966,8025.14
12967,7077.35
12968,9621.34
12969,8097.69
12970,6540.87
12971,10061.9
12972,10150.1
12973,8446.81
12974,6632.83
12975,7045.05
12976,9316.87
12977,8744.08
12978,7727.07
12979,6669.57
12980,7450.92
12981,8267.69
12982,6195.08
12983,7715.51
12984,6354.96
12985,9497.86
12986,8277.77
12987,6846.18
12988,6063.44
12989,6813.79
12990,5929.07
12991,11975.46
12992,7814.31
12993,8703.08
12994,8831.08
12995,6459.9
12996,7014.72
12997,8614.16
12998,8590.01
12999,13141.19
13000,7453.22
13001,3930.7
13002,6873.42
13003,9776.35
13004,9801.46
13005,9513.67
13006,8501.41
13007,6147.96
13008,6840.95
13009,4264.03
13010,5551.04
13011,7276.29
13012,6668.54
13013,8126.96
13014,7065.66
13015,9268.78
13016,9554.21
13017,9756.4
13018,7950.99
13019,10405.57
13020,14409.01
13021,6670.71
13022,8868.37
13023,6838.11
13024,7888.48
13025,4842.01
13026,6410.77
13027,5819.78
13028,10578.0
13029,8651.63
13030,9487.24
13031,9504.25
13032,6646.27
13033,9744.17
13034,20824.22
13035,12062.61
13036,7813.73
13037,4631.73
13038,7622.64
13039,12543.92
13040,6738.55
13041,12120.31
13042,21167.72
13043,5018.97
13044,6293.66
13045,9116.57
13046,7239.49
13047,11058.23
13048,7567.71
13049,8632.2
13050,3494.66
13051,6673.47
13052,6609.11
13053,8783.46
13054,6624.95
13055,6624.95
13056,6643.16
13057,5837.43
13058,6620.74
13059,6054.62
13060,8389.97
13061,7096.65
13062,7114.38
13063,8748.43
13064,7074.76
13065,6416.04
13066,8398.11
13067,8542.73
13068,9034.88
13069,6630.69
13070,8174.72
13071,7083.61
13072,4525.22
13073,7735.12
13074,9093.67
13075,6342.41
13076,4526.53
13077,10625.75
13078,8866.29
13079,10366.68
13080,7600.47
13081,7194.85
13082,6519.6
13083,5464.53
13084,11392.67
13085,10775.08
13086,9539.85
13087,16300.2
13088,7929.83
13089,7845.53
13090,6180.93
13091,5865.92
13092,8021.93
13093,5391.64
13094,6843.71
13095,11955.0
13096,6045.1
13097,17685.08
13098,15577.26
13099,5177.99
13100,7108.62
13101,6243.6
13102,7323.26
13103,7474.17
13104,5096.45
13105,8363.68
13106,9724.21
13107,7409.4
13108,8770.8
13109,5572.99
13110,7910.54
13111,7165.95
13112,8010.01
13113,7172.54
13114,5601.19
13115,9243.02
13116,11004.42
13117,6387.96
13118,12940.27
13119,7447.84
13120,9916.07
13121,6656.55
13122,8783.92
13123,6859.51
13124,10114.96
13125,7794.06
13126,8479.15
13127,8347.62
13128,10221.87
13129,5420.51
13130,9759.15
13131,8377.39
13132,5712.77
13133,17611.22
13134,19363.37
13135,9464.25
13136,7899.2
13137,11178.11
13138,12318.06
13139,12698.51
13140,7618.41
13141,9319.26
13142,6780.37
13143,9080.45
13144,5513.34
13145,7679.04
13146,6276.19
13147,9404.98
13148,8851.47
13149,6234.74
13150,5993.28
13151,6947.86
13152,5725.55
13153,5822.5
13154,6053.27
13155,8247.37
13156,9673.86
13157,9649.48
13158,10108.32
13159,6174.16
13160,6569.55
13161,12393.06
13162,9237.84
13163,6963.03
13164,8602.98
13165,9363.17
13166,5657.32
13167,8105.31
13168,5116.08
13169,6476.34
13170,6473.04
13171,6646.24
13172,10388.34
13173,10496.22
13174,10456.5
13175,11881.17
13176,6673.56
13177,5781.92
13178,4521.8
13179,6710.7
13180,7995.88
13181,5778.24
13182,8639.35
13183,6319.13
13184,6541.19
13185,10260.02
13186,11432.34
13187,9005.06
13188,6181.06
13189,6396.03
13190,9085.95
13191,8893.68
13192,7829.3
13193,8780.61
13194,8860.01
13195,10922.79
13196,6079.52
13197,7516.31
13198,8507.39
13199,10141.58
13200,16705.3
13201,7487.49
13202,18243.2
13203,5650.1
13204,7051.92
13205,4674.58
13206,7477.84
13207,7489.28
13208,6106.15
13209,7708.37
13210,7880.55
13211,5963.37
13212,7897.12
13213,4583.49
13214,8579.51
13215,7839.51
13216,8674.14
13217,9005.63
13218,6228.09
13219,10387.14
13220,9182.15
13221,6048.73
13222,7585.92
13223,10023.97
13224,11514.28
13225,7685.55
13226,6135.19
13227,9450.18
13228,9504.44
13229,8430.67
13230,6862.31
13231,10359.81
13232,6569.67
13233,5657.82
13234,7748.87
13235,10549.62
13236,7492.9
13237,7607.79
13238,9763.17
13239,7006.04
13240,4675.28
13241,6725.21
13242,12465.14
13243,9513.23
13244,13026.48
13245,11568.94
13246,10070.36
13247,6440.52
13248,5934.22
13249,11406.63
13250,10712.82
13251,7642.36
13252,10014.72
13253,10798.63
13254,6494.71
13255,4879.3
13256,5938.84
13257,6364.81
13258,8256.33
13259,6913.17
13260,3548.33
13261,13742.86
13262,6352.42
13263,6353.35
13264,5729.56
13265,7151.15
13266,8663.2
13267,8746.51
13268,6936.38
13269,6577.15
13270,8271.33
13271,5876.97
13272,4447.28
13273,8349.9
13274,18849.4
13275,6534.72
13276,6010.94
13277,8169.83
13278,5881.1
13279,6923.08
13280,5128.83
13281,5561.51
13282,9204.43
13283,7479.39
13284,6002.61
13285,9665.15
13286,6305.61
13287,6275.33
13288,9816.35
13289,10093.11
13290,11323.39
13291,6779.56
13292,8124.17
13293,5488.12
13294,6648.17
13295,17149.67
13296,7200.4
13297,7068.22
13298,6225.97
13299,5750.63
13300,6553.59
13301,5567.49
13302,11181.67
13303,5702.94
13304,5354.35
13305,8612.93
13306,4984.59
13307,7420.78
13308,7585.68
13309,7215.01
13310,7148.86
13311,5017.54
13312,5138.88
13313,8020.91
13314,10286.25
13315,10304.92
13316,7896.07
13317,7271.74
13318,7896.07
13319,7451.82
13320,5822.49
13321,7770.95
13322,8833.57
13323,7852.16
13324,7121.66
13325,9261.81
13326,8587.72
13327,7545.95
13328,7699.73
13329,8148.86
13330,7960.23
13331,13148.76
13332,7347.11
13333,6612.14
13334,13267.48
13335,7259.34
13336,5535.75
13337,9752.41
13338,9495.23
13339,11223.33
13340,10633.47
13341,7643.8
13342,5720.26
13343,8706.65
13344,7621.03
13345,10615.65
13346,4147.61
13347,8070.15
13348,7409.47
13349,6117.2
13350,6890.39
13351,7685.69
13352,10613.64
13353,7044.22
13354,9393.93
13355,7963.33
13356,10272.25
13357,10072.63
13358,9991.51
13359,6680.46
13360,8545.42
13361,10084.54
13362,4749.43
13363,8021.1
13364,8531.86
13365,8333.16
13366,6039.41
13367,4638.86
13368,9737.87
13369,7411.96
13370,9780.06
13371,7461.06
13372,6818.97
13373,9059.47
13374,7899.99
13375,7194.87
13376,9075.39
13377,6547.24
13378,9126.63
13379,13574.52
13380,8745.67
13381,5525.27
13382,8409.95
13383,4572.08
13384,4559.28
13385,10280.51
13386,9487.15
13387,10946.06
13388,10788.95
13389,11068.88
13390,12085.77
13391,12863.89
13392,4676.62
13393,8258.71
13394,6397.59
13395,9611.54
13396,7313.55
13397,8946.23
13398,9302.85
13399,11431.5
13400,7902.48
13401,7840.36
13402,6873.09
13403,6420.07
13404,5764.27
13405,11849.33
13406,10951.51
13407,7663.57
13408,16638.06
13409,8505.18
13410,9122.59
13411,7984.2
13412,9552.58
13413,9800.01
13414,8076.91
13415,9828.35
13416,9643.15
13417,7757.73
13418,8102.43
13419,6734.7
13420,6857.11
13421,6083.17
13422,5145.3
13423,6217.69
13424,9448.36
13425,17865.68
13426,7783.03
13427,6354.59
13428,9101.03
13429,4888.45
13430,6983.27
13431,4968.59
13432,8980.7
13433,6841.6
13434,8158.98
13435,15539.88
13436,11703.06
13437,8313.69
13438,7085.81
13439,4848.69
13440,7042.99
13441,6594.09
13442,4755.79
13443,5771.05
13444,4640.7
13445,8874.75
13446,6545.75
13447,10722.01
13448,8459.21
13449,4210.08
13450,8204.8
13451,9293.86
13452,9421.98
13453,6488.29
13454,6204.68
13455,9635.31
13456,8486.52
13457,11660.16
13458,5820.17
13459,6246.04
13460,8413.75
13461,6563.83
13462,5174.74
13463,6804.58
13464,7722.24
13465,10947.84
13466,11893.0
13467,6997.53
13468,5454.22
13469,6276.24
13470,19726.02
13471,6197.48
13472,8881.25
13473,8149.18
13474,9872.8
13475,9405.32
13476,7573.3
13477,9392.78
13478,9205.9
13479,11683.52
13480,7077.45
13481,15796.85
13482,7645.88
13483,6625.54
13484,6667.31
13485,5476.56
13486,8783.78
13487,9713.01
13488,5841.86
13489,5188.49
13490,9093.25
13491,8364.14
13492,7249.56
13493,9004.21
13494,7094.66
13495,9570.88
13496,5369.03
13497,10262.16
13498,7233.71
13499,8195.43
13500,8083.85
13501,8049.04
13502,8100.7
13503,6593.33
13504,5019.66
13505,9393.19
13506,9873.73
13507,5463.34
13508,8107.66
13509,7879.47
13510,6168.62
13511,9662.62
13512,7554.1
13513,9143.12
13514,5623.34
13515,6212.82
13516,7933.51
13517,6355.74
13518,8500.1
13519,5865.74
13520,6637.98
13521,5645.23
13522,10879.66
13523,6974.22
13524,8615.4
13525,8278.85
13526,9203.98
13527,8439.95
13528,10634.05
13529,9477.78
13530,10559.81
13531,10524.93
13532,8089.6
13533,3865.65
13534,7986.12
13535,8244.74
13536,7574.28
13537,5688.04
13538,6522.49
13539,8000.07
13540,12422.81
13541,7660.97
13542,5986.97
13543,9570.7
13544,11455.37
13545,6741.09
13546,9737.07
13547,10418.59
13548,9112.77
13549,6740.76
13550,8902.2
13551,8814.55
13552,9993.29
13553,7690.84
13554,5958.33
13555,6318.6
13556,7901.58
13557,7917.88
13558,9658.09
13559,7092.0
13560,8107.28
13561,4792.44
13562,8158.12
13563,8737.68
13564,7234.89
13565,7985.99
13566,7871.78
13567,10623.8
13568,7365.98
13569,9036.3
13570,6071.34
13571,7665.95
13572,8065.27
13573,5497.08
13574,5203.3
13575,8058.86
13576,6825.69
13577,6710.71
13578,8564.68
13579,8567.27
13580,9029.59
13581,6972.67
13582,5293.43
13583,7714.58
13584,8744.57
13585,8471.0
13586,10940.14
13587,10815.79
13588,6384.87
13589,9722.17
13590,4854.58
13591,3929.51
13592,8886.24
13593,6035.51
13594,9538.07
13595,8741.61
13596,9028.62
13597,8781.23
13598,10181.61
13599,6984.67
13600,7912.07
13601,7542.15
13602,5769.47
13603,5729.45
13604,6473.97
13605,6826.21
13606,5671.92
13607,5532.82
13608,5261.46
13609,7537.45
13610,7452.01
13611,7948.54
13612,7357.15
13613,8013.84
13614,7100.98
13615,6952.12
13616,9746.24
13617,10798.57
13618,9605.39
13619,5800.97
13620,14810.1
13621,7469.78
13622,7467.39
13623,10799.2
13624,9645.33
13625,9918.84
13626,8262.09
13627,8736.75
13628,10584.16
13629,10865.24
13630,5829.67
13631,6277.74
13632,5663.02
13633,8707.54
13634,9310.49
13635,10267.75
13636,10588.17
13637,9652.44
13638,6330.5
13639,7040.76
13640,9142.37
13641,6507.38
13642,8076.79
13643,8714.94
13644,8550.5
13645,9189.67
13646,8949.49
13647,11387.61
13648,7644.76
13649,7133.83
13650,7193.65
13651,9181.38
13652,9975.9
13653,9656.65
13654,7950.15
13655,8158.73
13656,5557.96
13657,10933.42
13658,11579.92
13659,12011.96
13660,5686.79
13661,5661.79
13662,7641.95
13663,7760.33
13664,8392.28
13665,8299.73
13666,5164.24
13667,6008.43
13668,7783.78
13669,9018.67
13670,9060.94
13671,5927.16
13672,7134.46
13673,7857.26
13674,7676.42
13675,6612.94
13676,11808.36
13677,9828.94
13678,8009.5
13679,6542.46
13680,7506.44
13681,9151.89
13682,8321.68
13683,6274.87
13684,10611.06
13685,6481.68
13686,5897.99
13687,7303.85
13688,5724.67
13689,5927.24
13690,7351.17
13691,7548.32
13692,5282.43
13693,10340.64
13694,8156.95
13695,22963.44
13696,7208.28
13697,5876.49
13698,8245.25
13699,12478.08
13700,7497.69
13701,8420.98
13702,6226.13
13703,9265.74
13704,9141.35
13705,6898.36
13706,6626.62
13707,7343.62
13708,8977.52
13709,8453.98
13710,7521.87
13711,6511.06
13712,5309.71
13713,6824.31
13714,10439.96
13715,13616.35
13716,12462.96
13717,9195.91
13718,5328.82
13719,6923.59
13720,5831.14
13721,9443.41
13722,11235.86
13723,9556.2
13724,7451.43
13725,6991.1
13726,6158.74
13727,9133.17
13728,12057.73
13729,7946.29
13730,5712.37
13731,6801.79
13732,9023.73
13733,4239.97
13734,8023.75
13735,4846.16
13736,6666.63
13737,8044.58
13738,6683.96
13739,8441.2
13740,7135.13
13741,5906.44
13742,8221.69
13743,8097.61
13744,10493.5
13745,6567.92
13746,9159.66
13747,7729.42
13748,10608.73
13749,8051.19
13750,12118.57
13751,5763.91
13752,6309.12
13753,8175.52
13754,6943.73
13755,8969.63
13756,8504.3
13757,6653.42
13758,7952.61
13759,6956.66
13760,11027.37
13761,4974.11
13762,15895.48
13763,6488.11
13764,7011.65
13765,11065.76
13766,7248.91
13767,7680.81
13768,6979.23
13769,9270.29
13770,6183.37
13771,6638.08
13772,8010.91
13773,7961.33
13774,10038.38
13775,4939.0
13776,8530.4
13777,8860.17
13778,8517.85
13779,6129.74
13780,7642.93
13781,6863.32
13782,7534.74
13783,8847.58
13784,5085.86
13785,9543.01
13786,8185.81
13787,8100.75
13788,8896.76
13789,6598.28
13790,8069.49
13791,7523.21
13792,8655.44
13793,9945.96
13794,5717.01
13795,5630.2
13796,7852.99
13797,6324.02
13798,8756.35
13799,9397.07
13800,6725.64
13801,8868.05
13802,6247.84
13803,5715.59
13804,8297.68
13805,8766.78
13806,10755.41
13807,9113.73
13808,10002.26
13809,8166.22
13810,9929.43
13811,7631.15
13812,10435.83
13813,10264.65
13814,8570.59
13815,12282.82
13816,9158.91
13817,8535.16
13818,7870.5
13819,8894.21
13820,8383.89
13821,7440.77
13822,4561.32
13823,6972.9
13824,9086.71
13825,8502.57
13826,5659.18
13827,11143.15
13828,7631.04
13829,6208.49
13830,7243.88
13831,7480.68
13832,10476.64
13833,9153.68
13834,7857.09
13835,6435.43
13836,6261.92
13837,8129.36
13838,4513.83
13839,9141.74
13840,6809.01
13841,9910.55
13842,8476.44
13843,6746.67
13844,7216.87
13845,6654.2
13846,5843.43
13847,13893.64
13848,8008.23
13849,8522.82
13850,9563.52
13851,5461.36
13852,7355.44
13853,6016.94
13854,9113.11
13855,14924.91
13856,7651.22
13857,4185.85
13858,6648.72
13859,10297.48
13860,9693.98
13861,8973.51
13862,9050.53
13863,5924.21
13864,6823.62
13865,4119.31
13866,6608.63
13867,6815.82
13868,7143.57
13869,8805.0
13870,7502.85
13871,8956.65
13872,9610.08
13873,9002.98
13874,6660.3
13875,11521.7
13876,14005.23
13877,6382.68
13878,10275.85
13879,6005.17
13880,7752.92
13881,5084.5
13882,9043.06
13883,6013.35
13884,10348.05
13885,8823.08
13886,10257.69
13887,9992.77
13888,6566.2
13889,9803.4
13890,22202.25
13891,12068.95
13892,8269.18
13893,4478.27
13894,7256.93
13895,11958.04
13896,6015.06
13897,12114.85
13898,20940.09
13899,4209.37
13900,6638.69
13901,8888.76
13902,6128.19
13903,13067.06
13904,7347.45
13905,9760.54
13906,3511.86
13907,7971.18
13908,7416.69
13909,9577.59
13910,7860.96
13911,6402.39
13912,6487.85
13913,8082.31
13914,7364.35
13915,6082.58
13916,8925.54
13917,7327.88
13918,7348.71
13919,10342.82
13920,8197.94
13921,6462.2
13922,8644.73
13923,8656.25
13924,9497.63
13925,7411.1
13926,9043.71
13927,6408.34
13928,4721.01
13929,7973.86
13930,9804.56
13931,6280.1
13932,5128.19
13933,10742.58
13934,9147.41
13935,9436.08
13936,8714.65
13937,7509.83
13938,6256.57
13939,5426.3
13940,11966.69
13941,9484.78
13942,9204.61
13943,18634.51
13944,7946.18
13945,8476.76
13946,5903.19
13947,5897.84
13948,8259.6
13949,4765.42
13950,7771.24
13951,12528.63
13952,5888.08
13953,18354.59
13954,17747.87
13955,5573.89
13956,6870.3
13957,7486.74
13958,8026.02
13959,7156.8
13960,7315.06
13961,8288.09
13962,11003.83
13963,5834.12
13964,8302.26
13965,4859.35
13966,10183.72
13967,7456.73
13968,7937.35
13969,6894.7
13970,5699.81
13971,9117.57
13972,11683.78
13973,5735.75
13974,15561.76
13975,6851.61
13976,10623.29
13977,6718.85
13978,8788.79
13979,6802.92
13980,11982.77
13981,7418.43
13982,7758.86
13983,8594.21
13984,10589.32
13985,4978.17
13986,11199.73
13987,9128.8
13988,5034.89
13989,17543.32
13990,17889.79
13991,8218.21
13992,8389.97
13993,11015.93
13994,13785.18
13995,13455.62
13996,8500.44
13997,10110.08
13998,7356.56
13999,8926.84
14000,5270.27
14001,7622.49
14002,6364.27
14003,5774.87
14004,8413.34
14005,5834.1
14006,5758.55
14007,7169.08
14008,4408.07
14009,5707.5
14010,6839.39
14011,7532.32
14012,10282.23
14013,10121.46
14014,9016.19
14015,6075.97
14016,7050.93
14017,13269.3
14018,9763.0
14019,7292.18
14020,6592.95
14021,9047.27
14022,5381.45
14023,7016.94
14024,4637.62
14025,6858.48
14026,8617.8
14027,6275.22
14028,8055.56
14029,10068.33
14030,10370.3
14031,12856.84
14032,7488.88
14033,10214.14
14034,3754.44
14035,6447.56
14036,7396.83
14037,5666.69
14038,9543.8
14039,6709.65
14040,6193.93
14041,10756.85
14042,11671.43
14043,9144.59
14044,5646.3
14045,6681.57
14046,10532.0
14047,7402.51
14048,8384.14
14049,6532.41
14050,8158.72
14051,13218.35
14052,5311.19
14053,7843.86
14054,8532.13
14055,10687.14
14056,17970.18
14057,6969.21
14058,18214.79
14059,7846.52
14060,7026.77
14061,5061.42
14062,7934.12
14063,7554.71
14064,6687.47
14065,7481.08
14066,7152.75
14067,5356.41
14068,7760.19
14069,4393.38
14070,9866.57
14071,7720.1
14072,13374.48
14073,10142.97
14074,5963.25
14075,11015.82
14076,7949.52
14077,6250.59
14078,7836.6
14079,7310.94
14080,14337.19
14081,7650.07
14082,5700.21
14083,9585.78
14084,8834.01
14085,7492.98
14086,6963.46
14087,9962.53
14088,6248.23
14089,5743.7
14090,7658.07
14091,9397.78
14092,8011.69
14093,7871.44
14094,8088.67
14095,6954.63
14096,4963.33
14097,5814.5
14098,10116.98
14099,9708.14
14100,12516.84
14101,12462.69
14102,9653.33
14103,6735.47
14104,5815.55
14105,11783.92
14106,11173.61
14107,7109.6
14108,11447.42
14109,12101.48
14110,6381.17
14111,4912.34
14112,11826.89
14113,6593.48
14114,9081.33
14115,7640.89
14116,4033.91
14117,14500.69
14118,6722.53
14119,6399.07
14120,5348.95
14121,6797.28
14122,9748.86
14123,9120.13
14124,6492.48
14125,6146.86
14126,6635.21
14127,5973.31
14128,3956.65
14129,8998.78
14130,19289.5
14131,6593.59
14132,6143.93
14133,9407.61
14134,6210.56
14135,7701.74
14136,5074.03
14137,6358.54
14138,8854.55
14139,7175.45
14140,5779.02
14141,9813.95
14142,7241.59
14143,5987.74
14144,10526.38
14145,11307.94
14146,11838.76
14147,7885.32
14148,8868.48
14149,6001.92
14150,6435.34
14151,16500.91
14152,7485.09
14153,6944.68
14154,6940.9
14155,4957.81
14156,6262.62
14157,5699.32
14158,11420.07
14159,6038.47
14160,6961.24
14161,8313.03
14162,5565.65
14163,7934.89
14164,8116.33
14165,7478.97
14166,7215.47
14167,5923.27
14168,6562.55
14169,7674.85
14170,10777.49
14171,9826.26
14172,7925.78
14173,6403.59
14174,7958.37
14175,8481.57
14176,5221.71
14177,8792.92
14178,8227.02
14179,7552.92
14180,7426.06
14181,8015.46
14182,8450.85
14183,6687.47
14184,7690.24
14185,8125.54
14186,7833.1
14187,10540.54
14188,9571.81
14189,6536.73
14190,14138.78
14191,8163.36
14192,4733.08
14193,10799.89
14194,7773.76
14195,13397.52
14196,6074.63
14197,7169.84
14198,7225.0
14199,9337.17
14200,7481.5
14201,10510.35
14202,4696.88
14203,7916.4
14204,7436.44
14205,6644.0
14206,6026.94
14207,8228.87
14208,10199.29
14209,5765.23
14210,10169.31
14211,8060.91
14212,9896.5
14213,7955.0
14214,8464.14
14215,6314.92
14216,8479.23
14217,10280.23
14218,4254.35
14219,8233.81
14220,8788.09
14221,8722.55
14222,6149.42
14223,4639.42
14224,9451.12
14225,7918.65
14226,9594.8
14227,8093.07
14228,7360.94
14229,8712.28
14230,9717.71
14231,8455.56
14232,9879.66
14233,5981.58
14234,10124.8
14235,12496.56
14236,8747.99
14237,5973.86
14238,10628.87
14239,5150.36
14240,4104.62
14241,10720.47
14242,9307.55
14243,11133.42
14244,6910.57
14245,7522.45
14246,8181.81
14247,13135.88
14248,4797.04
14249,6739.37
14250,6881.94
14251,9963.58
14252,8214.54
14253,8703.48
14254,8235.41
14255,11405.48
14256,8522.64
14257,8079.47
14258,6534.62
14259,6380.09
14260,5695.73
14261,13196.78
14262,11299.76
14263,8581.89
14264,16634.63
14265,8694.45
14266,8176.42
14267,8599.57
14268,9884.62
14269,10151.67
14270,8102.79
14271,9765.72
14272,10165.06
14273,8500.17
14274,7836.81
14275,6533.37
14276,7585.44
14277,6343.53
14278,4547.19
14279,7043.79
14280,9367.8
14281,18046.25
14282,7641.25
14283,5864.33
14284,9725.33
14285,4410.15
14286,6560.28
14287,4513.5
14288,9472.29
14289,6610.45
14290,7555.57
14291,16668.45
14292,11746.1
14293,9089.68
14294,7446.43
14295,4432.76
14296,6144.74
14297,6950.57
14298,6799.46
14299,5791.99
14300,4193.75
14301,7140.96
14302,6204.53
14303,10608.61
14304,7694.89
14305,4430.84
14306,8160.29
14307,11180.75
14308,9392.92
14309,6885.91
14310,5678.43
14311,10205.41
14312,5465.39
14313,11842.35
14314,5463.39
14315,5995.68
14316,8401.9
14317,6748.05
14318,5285.88
14319,6802.81
14320,7364.4
14321,10777.28
14322,12778.79
14323,7117.82
14324,4973.92
14325,6495.04
14326,10106.64
14327,6252.86
14328,6961.42
14329,7956.71
14330,12038.1
14331,8840.26
14332,7710.39
14333,9184.98
14334,5222.17
14335,10214.41
14336,7067.43
14337,14905.77
14338,7245.2
14339,6448.33
14340,6835.26
14341,5481.5
14342,8544.41
14343,12533.86
14344,6019.25
14345,5304.62
14346,10674.9
14347,8590.49
14348,7580.31
14349,9085.29
14350,7498.27
14351,7414.05
14352,5832.69
14353,11138.28
14354,7788.67
14355,8877.92
14356,8287.47
14357,5452.64
14358,8015.39
14359,7139.13
14360,4728.32
14361,10571.4
14362,11261.99
14363,5411.9
14364,8191.85
14365,7871.11
14366,5724.5
14367,8770.31
14368,6558.57
14369,10352.22
14370,5274.76
14371,6766.45
14372,7802.13
14373,7115.77
14374,8311.17
14375,6189.0
14376,7509.23
14377,6056.66
14378,8496.23
14379,7289.39
14380,8184.49
14381,8373.52
14382,9477.21
14383,6736.36
14384,9738.03
14385,7442.25
14386,11122.39
14387,9337.61
14388,7874.25
14389,3632.36
14390,7239.84
14391,9109.99
14392,6146.63
14393,9425.64
14394,6909.41
14395,7938.11
14396,13167.87
14397,8035.81
14398,4895.46
14399,12274.71
14400,11269.21
14401,6626.75
14402,11947.44
14403,11880.75
14404,8261.01
14405,6136.84
14406,9220.28
14407,7758.33
14408,6481.99
14409,7729.5
14410,5748.82
14411,7654.98
14412,8053.11
14413,8345.22
14414,10122.24
14415,7540.77
14416,8383.37
14417,4882.19
14418,8240.29
14419,8388.72
14420,7085.9
14421,8137.0
14422,7946.6
14423,11023.02
14424,6597.55
14425,5944.11
14426,6604.65
14427,7485.88
14428,9096.01
14429,5529.1
14430,5275.32
14431,7834.03
14432,6939.16
14433,6458.45
14434,8940.71
14435,7827.38
14436,9362.88
14437,5963.38
14438,5128.85
14439,8361.04
14440,8417.74
14441,9759.5
14442,12271.78
14443,11415.26
14444,6194.59
14445,9821.41
14446,4732.64
14447,3954.72
14448,9428.52
14449,14410.94
14450,8332.54
14451,9824.76
14452,5671.69
14453,9158.39
14454,11131.15
14455,7465.54
14456,8007.85
14457,7875.24
14458,5424.26
14459,6304.42
14460,6286.3
14461,7008.64
14462,4703.34
14463,5787.09
14464,5244.81
14465,7782.41
14466,9429.04
14467,7438.39
14468,8130.39
14469,8294.55
14470,7024.57
14471,6190.39
14472,9563.04
14473,10968.44
14474,7716.88
14475,5647.68
14476,17764.29
14477,6349.42
14478,6829.04
14479,10370.73
14480,9431.24
14481,9766.57
14482,7513.51
14483,8759.25
14484,11840.42
14485,14165.71
14486,6562.65
14487,7528.57
14488,5868.65
14489,8624.01
14490,6355.58
14491,8857.49
14492,11117.65
14493,8230.48
14494,5384.29
14495,7365.05
14496,9367.14
14497,6210.49
14498,8985.69
14499,4224.87
14500,8274.48
14501,9216.35
14502,9217.99
14503,12083.01
14504,8115.37
14505,6113.56
14506,6880.09
14507,9915.21
14508,9839.46
14509,9281.15
14510,7479.21
14511,7682.39
14512,5515.03
14513,11973.07
14514,5265.48
14515,13733.72
14516,5672.83
14517,4485.56
14518,8300.98
14519,7423.83
14520,9117.01
14521,8902.28
14522,5091.34
14523,5707.8
14524,8101.95
14525,10892.19
14526,11034.82
14527,6180.77
14528,7480.16
14529,8436.23
14530,7285.28
14531,6896.28
14532,11761.81
14533,10435.23
14534,13058.23
14535,8444.97
14536,7588.96
14537,9422.22
14538,9612.39
14539,6938.26
14540,12031.54
14541,8195.64
14542,6361.69
14543,6492.92
14544,6436.55
14545,5898.6
14546,8026.75
14547,6699.06
14548,6280.88
14549,10906.94
14550,7281.13
14551,22529.2
14552,7442.61
14553,8056.04
14554,12718.04
14555,13253.69
14556,9061.53
14557,11618.54
14558,8579.95
14559,12657.04
14560,13421.15
14561,9269.36
14562,11596.53
14563,12324.86
14564,11491.02
14565,11341.86
14566,9746.22
14567,13155.36
14568,8350.26
14569,9874.32
14570,17760.21
14571,16547.54
14572,19870.15
14573,13094.48
14574,8767.25
14575,10398.0
14576,8000.59
14577,14374.39
14578,18556.57
14579,13129.85
14580,10871.17
14581,9531.7
14582,7851.07
14583,12482.76
14584,17040.76
14585,12146.62
14586,8710.8
14587,11080.95
14588,12007.78
14589,6371.92
14590,11067.8
14591,7666.58
14592,11252.32
14593,12745.38
14594,9166.62
14595,11187.58
14596,14151.38
14597,11271.54
14598,9663.49
14599,12406.0
14600,16757.69
14601,9805.96
14602,12261.26
14603,10818.82
14604,12997.52
14605,11438.91
14606,13864.08
14607,12543.73
14608,8457.6
14609,11183.11
14610,10065.28
14611,13695.61
14612,14141.36
14613,8708.49
14614,10114.86
14615,10685.83
14616,13694.13
14617,8253.92
14618,14763.32
14619,10131.7
14620,10211.42
14621,12799.26
14622,10705.14
14623,10195.87
14624,12389.62
14625,11628.27
14626,9924.36
14627,8663.8
14628,12102.59
14629,10456.69
14630,14051.83
14631,8254.53
14632,10918.9
14633,13817.27
14634,9338.81
14635,7815.74
14636,12328.87
14637,8630.23
14638,10762.07
14639,10023.97
14640,7900.7
14641,13693.54
14642,10233.67
14643,12419.64
14644,10460.13
14645,10187.88
14646,11411.72
14647,12349.93
14648,13485.55
14649,12952.55
14650,9496.92
14651,8284.61
14652,12422.91
14653,10928.75
14654,10865.51
14655,10266.76
14656,11173.8
14657,12166.12
14658,9901.29
14659,8806.48
14660,11086.24
14661,10611.09
14662,11429.34
14663,14753.88
14664,13983.78
14665,11537.82
14666,11727.8
14667,10893.05
14668,12454.42
14669,13189.05
14670,13047.72
14671,13237.58
14672,10177.04
14673,12830.64
14674,11173.73
14675,11410.05
14676,13989.19
14677,12918.29
14678,9518.19
14679,10921.01
14680,12537.24
14681,12357.74
14682,10478.52
14683,12544.46
14684,10162.1
14685,9354.49
14686,9060.05
14687,9246.46
14688,12133.23
14689,12995.39
14690,12433.74
14691,9763.64
14692,9229.37
14693,11311.43
14694,6387.41
14695,11218.09
14696,9402.61
14697,11353.95
14698,9718.81
14699,8722.81
14700,11315.97
14701,8766.09
14702,9863.25
14703,14720.8
14704,9667.06
14705,12079.82
14706,10258.06
14707,8416.78
14708,9948.74
14709,9174.07
14710,14085.8
14711,16287.1
14712,12847.62
14713,7852.33
14714,11675.11
14715,14929.7
14716,14533.23
14717,11794.32
14718,11306.14
14719,8991.58
14720,8824.69
14721,6012.63
14722,6896.66
14723,10213.57
14724,12563.49
14725,11042.49
14726,10109.54
14727,12507.34
14728,14847.73
14729,13308.37
14730,9525.43
14731,13586.32
14732,17976.53
14733,13319.32
14734,11472.19
14735,9299.74
14736,10594.79
14737,10080.95
14738,10219.07
14739,11900.58
14740,13910.9
14741,11005.3
14742,13080.86
14743,13438.24
14744,9792.17
14745,12944.56
14746,18934.36
14747,16222.42
14748,13290.55
14749,8651.33
14750,9718.53
14751,15308.7
14752,9653.44
14753,13086.83
14754,21650.8
14755,9156.91
14756,10704.27
14757,10852.34
14758,10047.67
14759,14519.95
14760,14750.09
14761,14086.75
14762,8345.69
14763,9151.13
14764,11917.81
14765,11811.37
14766,19332.2
14767,11295.05
14768,9020.65
14769,8901.06
14770,8575.29
14771,8081.55
14772,10197.08
14773,9781.53
14774,10348.15
14775,12278.51
14776,9374.16
14777,8633.05
14778,10226.25
14779,10972.37
14780,11139.98
14781,8171.48
14782,11653.28
14783,9239.33
14784,7159.04
14785,10023.9
14786,11089.62
14787,9346.2
14788,6582.71
14789,12581.43
14790,12475.2
14791,11888.56
14792,10545.35
14793,10089.19
14794,10107.01
14795,8341.23
14796,13883.84
14797,10973.16
14798,13905.83
14799,17237.25
14800,10583.14
14801,10285.33
14802,8118.95
14803,7599.26
14804,9054.34
14805,7909.84
14806,9699.59
14807,12895.22
14808,8878.83
14809,26771.03
14810,18347.81
14811,7888.49
14812,12449.87
14813,9387.11
14814,9534.11
14815,10111.97
14816,11926.95
14817,12832.04
14818,15009.6
14819,9111.84
14820,10998.65
14821,8040.78
14822,10638.78
14823,13444.51
14824,10622.28
14825,10212.98
14826,8793.67
14827,11957.0
14828,12634.78
14829,8794.17
14830,16058.67
14831,9316.3
14832,11211.65
14833,8604.31
14834,10421.14
14835,11192.61
14836,14116.43
14837,11519.71
14838,12988.11
14839,12326.99
14840,15142.9
14841,10376.62
14842,12487.41
14843,11367.64
14844,10358.78
14845,19066.92
14846,20725.35
14847,12474.48
14848,15907.87
14849,14757.28
14850,15937.58
14851,16237.1
14852,13001.75
14853,12050.88
14854,11456.57
14855,10859.9
14856,7969.37
14857,12037.66
14858,10667.0
14859,12210.28
14860,11520.34
14861,8812.79
14862,9410.71
14863,8637.96
14864,7186.11
14865,7865.48
14866,11008.34
14867,10231.11
14868,14170.25
14869,13576.98
14870,11983.09
14871,10368.83
14872,9387.11
14873,15528.41
14874,15819.93
14875,10215.08
14876,9189.44
14877,11854.3
14878,9952.5
14879,12925.4
14880,8919.91
14881,9846.62
14882,14826.07
14883,9989.38
14884,10512.84
14885,11852.53
14886,13269.23
14887,13215.97
14888,11009.65
14889,10568.8
14890,8138.71
14891,8699.09
14892,9668.25
14893,8812.4
14894,10257.22
14895,10172.16
14896,9759.72
14897,15014.02
14898,17784.17
14899,11540.17
14900,10815.05
14901,9536.83
14902,10354.11
14903,8837.39
14904,10437.78
14905,8741.0
14906,11926.9
14907,12814.88
14908,8940.22
14909,9444.75
14910,11874.13
14911,14960.79
14912,17206.72
14913,11435.35
14914,17532.28
14915,9509.03
14916,10269.51
14917,7153.11
14918,9277.5
14919,9649.27
14920,9493.05
14921,9793.99
14922,9480.01
14923,12087.12
14924,10505.38
14925,7847.17
14926,12481.94
14927,12784.16
14928,16880.11
14929,15773.92
14930,10916.9
14931,11538.93
14932,12269.82
14933,7807.0
14934,9717.58
14935,9429.57
14936,19810.55
14937,10982.86
14938,10723.83
14939,12764.07
14940,16590.99
14941,16106.9
14942,12638.55
14943,14328.79
14944,10894.88
14945,8292.19
14946,11029.5
14947,13199.85
14948,10065.28
14949,9696.3
14950,13781.19
14951,10566.98
14952,7384.64
14953,10685.23
14954,14578.35
14955,12273.36
14956,15497.31
14957,16491.68
14958,13379.91
14959,8351.73
14960,8526.83
14961,11577.61
14962,12192.28
14963,15423.54
14964,13318.85
14965,14167.06
14966,10482.43
14967,8915.24
14968,12188.77
14969,12275.54
14970,13887.21
14971,11775.91
14972,10124.99
14973,16785.03
14974,8112.78
14975,8366.81
14976,8590.73
14977,8378.04
14978,11192.04
14979,16881.54
14980,11527.73
14981,9922.11
14982,8911.19
14983,8762.34
14984,7007.18
14985,10837.8
14986,19060.23
14987,9084.07
14988,9837.67
14989,10923.58
14990,7995.39
14991,11089.93
14992,8993.34
14993,7744.87
14994,10792.09
14995,12124.77
14996,8753.52
14997,12690.92
14998,13172.25
14999,9362.07
15000,12770.55
15001,14209.82
15002,11927.36
15003,9675.55
15004,9950.58
15005,8536.44
15006,11115.83
15007,15928.28
15008,13533.5
15009,10607.98
15010,10250.69
15011,8801.86
15012,9261.32
15013,6783.91
15014,11921.88
15015,8037.72
15016,8674.75
15017,11796.85
15018,10501.89
15019,10164.06
15020,11375.47
15021,12310.46
15022,13368.29
15023,7672.75
15024,7238.82
15025,14232.99
15026,13639.22
15027,13396.78
15028,10520.65
15029,8590.9
15030,10037.94
15031,9187.99
15032,8221.22
15033,12070.5
15034,10670.08
15035,11008.88
15036,11256.6
15037,12106.25
15038,10950.21
15039,10385.14
15040,10786.3
15041,10782.07
15042,14939.89
15043,12967.34
15044,9056.91
15045,9862.06
15046,14676.29
15047,10589.01
15048,8808.35
15049,13625.41
15050,13741.04
15051,13392.66
15052,8889.87
15053,9622.64
15054,8296.28
15055,10269.48
15056,11329.09
15057,13931.76
15058,8297.98
15059,14275.35
15060,12332.19
15061,9148.3
15062,10120.98
15063,10542.88
15064,12718.64
15065,7841.09
15066,14149.86
15067,11400.26
15068,13131.91
15069,9060.69
15070,10780.55
15071,9429.29
15072,11657.89
15073,13185.64
15074,11371.56
15075,10655.97
15076,11220.94
15077,14671.33
15078,10489.83
15079,8295.08
15080,12026.36
15081,12350.08
15082,12492.1
15083,11730.15
15084,9455.6
15085,15684.23
15086,13468.41
15087,17186.95
15088,10783.15
15089,15466.52
15090,11600.47
15091,21547.63
15092,15657.13
15093,10058.98
15094,13183.33
15095,7400.72
15096,6823.71
15097,12574.98
15098,9818.0
15099,15567.53
15100,11177.16
15101,12975.27
15102,11857.84
15103,17354.87
15104,10847.63
15105,10712.18
15106,12899.05
15107,10816.88
15108,9533.11
15109,10979.99
15110,10206.26
15111,13032.51
15112,9745.51
15113,9801.7
15114,8133.59
15115,9703.31
15116,10034.96
15117,14918.31
15118,15432.81
15119,12317.44
15120,15176.87
15121,12355.69
15122,11462.89
15123,13537.57
15124,13533.15
15125,16819.98
15126,11435.1
15127,13541.12
15128,14186.08
15129,11678.49
15130,11143.6
15131,12136.73
15132,10203.29
15133,9446.59
15134,7576.45
15135,9303.63
15136,14346.12
15137,22641.45
15138,15049.24
15139,9833.24
15140,11381.18
15141,6874.06
15142,7671.43
15143,7862.83
15144,11987.15
15145,9110.2
15146,12341.68
15147,17551.16
15148,13899.51
15149,13346.04
15150,9829.94
15151,7674.27
15152,8854.78
15153,10246.73
15154,12469.44
15155,9568.84
15156,8341.36
15157,9546.81
15158,10681.38
15159,14384.12
15160,11828.66
15161,7662.25
15162,11019.3
15163,13056.71
15164,12372.71
15165,10653.34
15166,8946.68
15167,12427.36
15168,9253.24
15169,14449.02
15170,8681.57
15171,8488.12
15172,12017.45
15173,8447.91
15174,6962.58
15175,9203.5
15176,10810.22
15177,13239.85
15178,13847.25
15179,9615.19
15180,7609.9
15181,7862.03
15182,14902.82
15183,8567.22
15184,14528.69
15185,11000.57
15186,13552.59
15187,11992.65
15188,10010.95
15189,10195.8
15190,8506.24
15191,13566.71
15192,10339.7
15193,17347.35
15194,10770.25
15195,9986.13
15196,10530.9
15197,9226.41
15198,10080.26
15199,20799.37
15200,9215.75
15201,9791.11
15202,17906.08
15203,11440.33
15204,14271.62
15205,12147.48
15206,16003.9
15207,11741.87
15208,10536.8
15209,12004.91
15210,9955.92
15211,9966.58
15212,9950.73
15213,7543.91
15214,9777.15
15215,7944.89
15216,6607.65
15217,13085.36
15218,12303.67
15219,7797.36
15220,10362.1
15221,10163.38
15222,9282.25
15223,14487.89
15224,11362.26
15225,11533.81
15226,7524.53
15227,8510.03
15228,10099.16
15229,8045.82
15230,10812.41
15231,9028.01
15232,8899.93
15233,7871.76
15234,9886.93
15235,7631.97
15236,10935.71
15237,12253.06
15238,12227.35
15239,12002.03
15240,13731.69
15241,10648.33
15242,13212.72
15243,12170.94
15244,10454.08
15245,6744.31
15246,9332.48
15247,11202.12
15248,7646.28
15249,14744.51
15250,12514.1
15251,12569.7
15252,15721.33
15253,10424.49
15254,12334.93
15255,13852.44
15256,14946.72
15257,9305.3
15258,12385.49
15259,12565.61
15260,9828.74
15261,9213.69
15262,10742.97
15263,9752.37
15264,9021.98
15265,11323.87
15266,9987.71
15267,10407.95
15268,15081.13
15269,12013.13
15270,15620.32
15271,10172.34
15272,11885.08
15273,8683.57
15274,12897.09
15275,13036.54
15276,10778.85
15277,10961.57
15278,12294.78
15279,13233.19
15280,10424.41
15281,9867.73
15282,12311.41
15283,10972.91
15284,10164.66
15285,7779.92
15286,8661.01
15287,10726.37
15288,9494.37
15289,9562.92
15290,15276.47
15291,11334.35
15292,13283.37
15293,10410.71
15294,9597.74
15295,10229.72
15296,11203.06
15297,11946.51
15298,11543.08
15299,15758.38
15300,8693.44
15301,14966.62
15302,9195.42
15303,8211.11
15304,13823.1
15305,13376.76
15306,14310.75
15307,12724.45
15308,12634.37
15309,12975.38
15310,15455.18
15311,13231.63
15312,13376.19
15313,10482.57
15314,8246.9
15315,9075.64
15316,8840.05
15317,9220.02
15318,10786.42
15319,12794.36
15320,8831.42
15321,11283.19
15322,14319.84
15323,8815.93
15324,10263.86
15325,11162.38
15326,11544.03
15327,8266.92
15328,13354.13
15329,15057.45
15330,11513.08
15331,8883.03
15332,23441.25
15333,12147.12
15334,11017.58
15335,19458.5
15336,12864.1
15337,17540.57
15338,11134.14
15339,11646.07
15340,13135.47
15341,23408.76
15342,11098.6
15343,9794.32
15344,10329.1
15345,11932.01
15346,9711.24
15347,13631.05
15348,15992.58
15349,9624.09
15350,9809.65
15351,11554.39
15352,11901.42
15353,8907.08
15354,13164.41
15355,8907.43
15356,12192.38
15357,13339.5
15358,11763.42
15359,14275.73
15360,10912.05
15361,8230.46
15362,8471.35
15363,11116.6
15364,11726.85
15365,12146.31
15366,9629.94
15367,10263.16
15368,8423.42
15369,12556.99
15370,8527.65
15371,13219.67
15372,8487.51
15373,8193.17
15374,11133.32
15375,10291.18
15376,11421.76
15377,12258.34
15378,9761.74
15379,9508.73
15380,11120.11
15381,14910.68
15382,13909.7
15383,8454.58
15384,12111.45
15385,13256.6
15386,9735.51
15387,11458.49
15388,14240.0
15389,12903.96
15390,13812.15
15391,9130.08
15392,11524.61
15393,10635.01
15394,12778.9
15395,11220.37
15396,13460.16
15397,10258.32
15398,9931.28
15399,9502.16
15400,9134.92
15401,10119.62
15402,14258.78
15403,9545.55
15404,11981.76
15405,15469.1
15406,12918.76
15407,20339.24
15408,12990.18
15409,0.0
15410,0.0
15411,0.0
15412,0.0
15413,0.0
15414,0.0
15415,0.0
15416,0.0
15417,0.0
15418,0.0
15419,0.0
15420,0.0
15421,0.0
15422,0.0
15423,0.0
15424,0.0
15425,0.0
15426,0.0
15427,0.0
15428,0.0
15429,0.0
15430,0.0
15431,0.0
15432,0.0
15433,0.0
15434,0.0
15435,0.0
15436,0.0
15437,0.0
15438,0.0
15439,0.0
15440,0.0
15441,0.0
15442,0.0
15443,0.0
15444,0.0
15445,0.0
15446,0.0
15447,0.0
15448,0.0
15449,0.0
15450,0.0
15451,0.0
15452,0.0
15453,0.0
15454,0.0
15455,0.0
15456,0.0
15457,0.0
15458,0.0
15459,0.0
15460,0.0
15461,0.0
15462,0.0
15463,0.0
15464,0.0
15465,0.0
15466,0.0
15467,0.0
15468,0.0
15469,0.0
15470,0.0
15471,0.0
15472,0.0
15473,0.0
15474,0.0
15475,0.0
15476,0.0
15477,0.0
15478,0.0
15479,0.0
15480,0.0
15481,0.0
15482,0.0
15483,0.0
15484,0.0
15485,0.0
15486,0.0
15487,0.0
15488,0.0
15489,0.0
15490,0.0
15491,0.0
15492,0.0
15493,0.0
15494,0.0
15495,0.0
15496,0.0
15497,0.0
15498,0.0
15499,0.0
15500,3719.0
15501,0.0
15502,0.0
15503,0.0
15504,0.0
15505,0.0
15506,0.0
15507,0.0
15508,0.0
15509,0.0
15510,0.0
15511,0.0
15512,0.0
15513,0.0
15514,0.0
15515,0.0
15516,0.0
15517,0.0
15518,0.0
15519,0.0
15520,0.0
15521,0.0
15522,0.0
15523,0.0
15524,0.0
15525,0.0
15526,0.0
15527,0.0
15528,0.0
15529,0.0
15530,0.0
15531,0.0
15532,0.0
15533,0.0
15534,0.0
15535,0.0
15536,0.0
15537,0.0
15538,0.0
15539,0.0
15540,0.0
15541,0.0
15542,0.0
15543,0.0
15544,0.0
15545,0.0
15546,0.0
15547,0.0
15548,0.0
15549,0.0
15550,0.0
15551,0.0
15552,0.0
15553,0.0
15554,0.0
15555,0.0
15556,0.0
15557,0.0
15558,0.0
15559,0.0
15560,0.0
15561,0.0
15562,0.0
15563,0.0
15564,0.0
15565,0.0
15566,0.0
15567,0.0
15568,2701.27
15569,0.0
15570,0.0
15571,0.0
15572,0.0
15573,0.0
15574,0.0
15575,0.0
15576,0.0
15577,0.0
15578,0.0
15579,0.0
15580,0.0
15581,0.0
15582,0.0
15583,0.0
15584,0.0
15585,0.0
15586,0.0
15587,0.0
15588,0.0
15589,0.0
15590,0.0
15591,0.0
15592,0.0
15593,0.0
15594,0.0
15595,0.0
15596,0.0
15597,0.0
15598,0.0
15599,0.0
15600,0.0
15601,0.0
15602,0.0
15603,0.0
15604,0.0
15605,0.0
15606,0.0
15607,0.0
15608,0.0
15609,16109.41
15610,33434.77
15611,0.0
15612,0.0
15613,0.0
15614,0.0
15615,0.0
15616,0.0
15617,0.0
15618,7441.08
15619,0.0
15620,0.0
15621,0.0
15622,0.0
15623,0.0
15624,0.0
15625,0.0
15626,0.0
15627,0.0
15628,0.0
15629,0.0
15630,0.0
15631,0.0
15632,0.0
15633,0.0
15634,0.0
15635,0.0
15636,0.0
15637,4333.68
15638,0.0
15639,0.0
15640,0.0
15641,0.0
15642,0.0
15643,0.0
15644,0.0
15645,0.0
15646,0.0
15647,3155.14
15648,0.0
15649,0.0
15650,0.0
15651,0.0
15652,0.0
15653,0.0
15654,0.0
15655,0.0
15656,0.0
15657,0.0
15658,0.0
15659,0.0
15660,0.0
15661,0.0
15662,0.0
15663,0.0
15664,0.0
15665,9587.32
15666,0.0
15667,0.0
15668,0.0
15669,0.0
15670,0.0
15671,0.0
15672,0.0
15673,0.0
15674,0.0
15675,0.0
15676,0.0
15677,0.0
15678,0.0
15679,0.0
15680,0.0
15681,0.0
15682,8324.39
15683,0.0
15684,0.0
15685,0.0
15686,0.0
15687,0.0
15688,0.0
15689,0.0
15690,0.0
15691,0.0
15692,0.0
15693,0.0
15694,0.0
15695,0.0
15696,0.0
15697,0.0
15698,0.0
15699,0.0
15700,0.0
15701,0.0
15702,0.0
15703,0.0
15704,0.0
15705,0.0
15706,0.0
15707,0.0
15708,0.0
15709,0.0
15710,0.0
15711,0.0
15712,0.0
15713,0.0
15714,0.0
15715,0.0
15716,0.0
15717,0.0
15718,0.0
15719,0.0
15720,0.0
15721,0.0
15722,0.0
15723,0.0
15724,0.0
15725,0.0
15726,0.0
15727,0.0
15728,0.0
15729,0.0
15730,0.0
15731,0.0
15732,0.0
15733,0.0
15734,0.0
15735,0.0
15736,0.0
15737,0.0
15738,0.0
15739,0.0
15740,0.0
15741,0.0
15742,0.0
15743,0.0
15744,2190.38
15745,0.0
15746,0.0
15747,0.0
15748,0.0
15749,0.0
15750,0.0
15751,0.0
15752,0.0
15753,0.0
15754,0.0
15755,0.0
15756,0.0
15757,0.0
15758,4737.59
15759,0.0
15760,0.0
15761,0.0
15762,0.0
15763,0.0
15764,0.0
15765,0.0
15766,0.0
15767,0.0
15768,0.0
15769,0.0
15770,0.0
15771,0.0
15772,0.0
15773,0.0
15774,0.0
15775,0.0
15776,0.0
15777,0.0
15778,0.0
15779,0.0
15780,0.0
15781,0.0
15782,0.0
15783,0.0
15784,0.0
15785,0.0
15786,0.0
15787,0.0
15788,0.0
15789,0.0
15790,0.0
15791,0.0
15792,0.0
15793,0.0
15794,0.0
15795,0.0
15796,0.0
15797,0.0
15798,0.0
15799,0.0
15800,0.0
15801,6440.76
15802,0.0
15803,0.0
15804,0.0
15805,0.0
15806,0.0
15807,0.0
15808,0.0
15809,0.0
15810,0.0
15811,2890.47
15812,0.0
15813,0.0
15814,0.0
15815,4786.18
15816,0.0
15817,0.0
15818,0.0
15819,0.0
15820,0.0
15821,0.0
15822,0.0
15823,0.0
15824,0.0
15825,0.0
15826,0.0
15827,0.0
15828,0.0
15829,0.0
15830,0.0
15831,0.0
15832,0.0
15833,0.0
15834,0.0
15835,0.0
15836,0.0
15837,0.0
15838,0.0
15839,0.0
15840,0.0
15841,0.0
15842,20530.6
15843,0.0
15844,0.0
15845,0.0
15846,0.0
15847,0.0
15848,0.0
15849,0.0
15850,0.0
15851,0.0
15852,0.0
15853,0.0
15854,0.0
15855,0.0
15856,6596.37
15857,0.0
15858,0.0
15859,0.0
15860,0.0
15861,0.0
15862,0.0
15863,0.0
15864,0.0
15865,0.0
15866,0.0
15867,0.0
15868,0.0
15869,0.0
15870,0.0
15871,0.0
15872,0.0
15873,0.0
15874,0.0
15875,0.0
15876,0.0
15877,0.0
15878,0.0
15879,0.0
15880,0.0
15881,0.0
15882,0.0
15883,0.0
15884,0.0
15885,0.0
15886,0.0
15887,0.0
15888,0.0
15889,0.0
15890,0.0
15891,0.0
15892,0.0
15893,0.0
15894,0.0
15895,0.0
15896,0.0
15897,0.0
15898,0.0
15899,0.0
15900,0.0
15901,0.0
15902,0.0
15903,0.0
15904,0.0
15905,0.0
15906,0.0
15907,0.0
15908,0.0
15909,0.0
15910,0.0
15911,0.0
15912,0.0
15913,0.0
15914,0.0
15915,0.0
15916,0.0
15917,0.0
15918,0.0
15919,0.0
15920,0.0
15921,0.0
15922,0.0
15923,0.0
15924,0.0
15925,0.0
15926,0.0
15927,0.0
15928,0.0
15929,0.0
15930,0.0
15931,12641.84
15932,0.0
15933,0.0
15934,0.0
15935,0.0
15936,0.0
15937,0.0
15938,0.0
15939,0.0
15940,0.0
15941,0.0
15942,0.0
15943,0.0
15944,0.0
15945,0.0
15946,0.0
15947,0.0
15948,0.0
15949,0.0
15950,0.0
15951,0.0
15952,0.0
15953,0.0
15954,0.0
15955,0.0
15956,0.0
15957,0.0
15958,0.0
15959,0.0
15960,0.0
15961,0.0
15962,0.0
15963,0.0
15964,0.0
15965,0.0
15966,0.0
15967,0.0
15968,0.0
15969,0.0
15970,0.0
15971,0.0
15972,0.0
15973,0.0
15974,0.0
15975,3651.77
15976,16090.63
15977,0.0
15978,0.0
15979,0.0
15980,0.0
15981,0.0
15982,0.0
15983,0.0
15984,0.0
15985,0.0
15986,0.0
15987,0.0
15988,0.0
15989,0.0
15990,0.0
15991,0.0
15992,0.0
15993,0.0
15994,0.0
15995,0.0
15996,0.0
15997,0.0
15998,0.0
15999,0.0
16000,0.0
16001,0.0
16002,0.0
16003,0.0
16004,11225.97
16005,0.0
16006,0.0
16007,0.0
16008,0.0
16009,0.0
16010,0.0
16011,0.0
16012,0.0
16013,0.0
16014,0.0
16015,0.0
16016,0.0
16017,0.0
16018,0.0
16019,0.0
16020,0.0
16021,0.0
16022,0.0
16023,0.0
16024,0.0
16025,0.0
16026,0.0
16027,0.0
16028,0.0
16029,0.0
16030,0.0
16031,0.0
16032,0.0
16033,0.0
16034,0.0
16035,0.0
16036,0.0
16037,0.0
16038,0.0
16039,0.0
16040,0.0
16041,0.0
16042,0.0
16043,0.0
16044,0.0
16045,0.0
16046,0.0
16047,0.0
16048,0.0
16049,0.0
16050,0.0
16051,0.0
16052,0.0
16053,0.0
16054,0.0
16055,0.0
16056,0.0
16057,0.0
16058,0.0
16059,0.0
16060,0.0
16061,0.0
16062,0.0
16063,0.0
16064,0.0
16065,0.0
16066,0.0
16067,0.0
16068,0.0
16069,0.0
16070,0.0
16071,0.0
16072,0.0
16073,0.0
16074,2601.94
16075,0.0
16076,0.0
16077,0.0
16078,2592.15
16079,0.0
16080,0.0
16081,0.0
16082,0.0
16083,0.0
16084,0.0
16085,0.0
16086,0.0
16087,0.0
16088,0.0
16089,0.0
16090,0.0
16091,0.0
16092,0.0
16093,0.0
16094,0.0
16095,0.0
16096,0.0
16097,0.0
16098,0.0
16099,0.0
16100,0.0
16101,0.0
16102,0.0
16103,0.0
16104,0.0
16105,0.0
16106,0.0
16107,0.0
16108,0.0
16109,0.0
16110,0.0
16111,0.0
16112,0.0
16113,0.0
16114,0.0
16115,0.0
16116,0.0
16117,0.0
16118,0.0
16119,0.0
16120,0.0
16121,0.0
16122,0.0
16123,0.0
16124,0.0
16125,0.0
16126,0.0
16127,0.0
16128,0.0
16129,2449.45
16130,0.0
16131,0.0
16132,0.0
16133,0.0
16134,0.0
16135,0.0
16136,0.0
16137,0.0
16138,0.0
16139,0.0
16140,0.0
16141,0.0
16142,0.0
16143,0.0
16144,10919.81
16145,0.0
16146,0.0
16147,0.0
16148,0.0
16149,0.0
16150,0.0
16151,0.0
16152,0.0
16153,0.0
16154,0.0
16155,0.0
16156,0.0
16157,0.0
16158,0.0
16159,0.0
16160,0.0
16161,0.0
16162,0.0
16163,0.0
16164,0.0
16165,0.0
16166,0.0
16167,0.0
16168,0.0
16169,0.0
16170,0.0
16171,0.0
16172,0.0
16173,0.0
16174,0.0
16175,0.0
16176,0.0
16177,0.0
16178,0.0
16179,0.0
16180,0.0
16181,0.0
16182,0.0
16183,0.0
16184,0.0
16185,0.0
16186,0.0
16187,0.0
16188,0.0
16189,0.0
16190,0.0
16191,0.0
16192,0.0
16193,0.0
16194,0.0
16195,0.0
16196,0.0
16197,0.0
16198,0.0
16199,0.0
16200,0.0
16201,0.0
16202,0.0
16203,0.0
16204,0.0
16205,0.0
16206,0.0
16207,0.0
16208,5048.06
16209,0.0
16210,0.0
16211,0.0
16212,0.0
16213,0.0
16214,0.0
16215,0.0
16216,0.0
16217,0.0
16218,0.0
16219,0.0
16220,0.0
16221,0.0
16222,0.0
16223,0.0
16224,0.0
16225,0.0
16226,0.0
16227,0.0
16228,0.0
16229,0.0
16230,0.0
16231,0.0
16232,0.0
16233,0.0
16234,0.0
16235,0.0
16236,0.0
16237,0.0
16238,0.0
16239,0.0
16240,0.0
16241,0.0
16242,0.0
16243,0.0
16244,0.0
16245,0.0
16246,0.0
16247,0.0
16248,0.0
16249,12181.65
16250,5919.78
16251,0.0
16252,0.0
16253,0.0
16254,0.0
16255,0.0
16256,0.0
16257,0.0
16258,0.0
16259,0.0
16260,0.0
16261,0.0
16262,0.0
16263,0.0
16264,0.0
16265,4785.46
16266,4881.8
16267,6531.78
16268,3056.27
16269,5973.21
16270,4625.75
16271,6305.26
16272,6428.91
16273,4426.31
16274,3847.6
16275,6295.46
16276,4732.32
16277,4433.86
16278,5458.27
16279,5501.2
16280,2937.28
16281,4608.76
16282,7870.44
16283,9292.42
16284,7881.35
16285,7033.92
16286,4554.11
16287,5616.08
16288,2426.57
16289,8243.85
16290,7715.34
16291,9077.96
16292,6367.89
16293,3192.36
16294,5241.9
16295,5869.54
16296,8574.06
16297,4938.04
16298,5779.21
16299,5252.44
16300,5793.52
16301,2876.91
16302,7318.41
16303,4096.44
16304,7013.51
16305,7718.34
16306,4116.26
16307,7669.84
16308,5883.62
16309,4855.05
16310,4046.95
16311,7503.44
16312,9248.18
16313,5908.08
16314,5198.5
16315,8585.85
16316,7965.97
16317,5851.51
16318,6695.99
16319,2505.19
16320,2875.35
16321,4754.74
16322,6136.19
16323,7865.21
16324,7670.3
16325,3920.13
16326,7640.72
16327,7554.53
16328,5702.13
16329,3077.05
16330,9777.7
16331,3891.15
16332,4385.18
16333,7784.21
16334,5108.34
16335,5619.82
16336,3320.0
16337,5418.55
16338,4834.23
16339,5156.16
16340,6440.64
16341,7189.01
16342,7326.14
16343,3226.3
16344,7079.6
16345,10059.27
16346,5451.03
16347,3678.03
16348,6999.76
16349,5727.99
16350,7402.49
16351,8787.16
16352,2453.17
16353,7960.5
16354,4855.06
16355,6275.36
16356,6971.86
16357,3239.36
16358,6377.52
16359,5891.57
16360,7300.64
16361,8218.74
16362,4629.86
16363,4541.94
16364,6825.34
16365,6558.77
16366,5179.41
16367,6307.49
16368,4008.34
16369,6645.37
16370,4878.61
16371,3477.52
16372,5581.31
16373,6221.31
16374,8091.8
16375,6996.99
16376,7849.35
16377,4453.53
16378,7755.95
16379,3483.41
16380,3928.38
16381,7463.63
16382,7090.99
16383,7300.56
16384,9052.68
16385,6533.78
16386,5436.89
16387,6571.38
16388,7414.79
16389,4103.04
16390,3462.16
16391,5792.44
16392,4803.35
16393,6835.54
16394,4454.98
16395,5785.19
16396,6448.25
16397,6196.51
16398,6352.3
16399,2964.26
16400,6981.14
16401,7558.48
16402,3660.72
16403,5545.2
16404,2937.02
16405,5616.51
16406,3055.15
16407,4522.21
16408,4745.08
16409,7516.01
16410,6146.6
16411,6970.59
16412,8658.01
16413,3988.87
16414,4861.03
16415,10089.26
16416,5518.58
16417,7293.83
16418,6846.51
16419,5583.11
16420,6160.85
16421,4560.08
16422,5636.15
16423,8833.89
16424,5647.6
16425,3597.86
16426,4514.61
16427,6978.85
16428,9560.33
16429,6190.98
16430,6463.37
16431,4345.9
16432,3117.31
16433,2272.69
16434,3393.68
16435,5635.05
16436,6557.29
16437,5200.27
16438,4420.62
16439,7737.77
16440,7560.59
16441,7251.21
16442,5291.86
16443,8639.68
16444,9992.61
16445,4434.53
16446,6657.21
16447,5529.9
16448,6194.0
16449,3561.2
16450,5244.09
16451,5384.66
16452,8298.17
16453,6261.74
16454,6979.71
16455,7606.3
16456,5007.28
16457,7563.42
16458,16980.7
16459,8248.95
16460,5510.11
16461,3519.14
16462,6160.99
16463,9604.59
16464,4340.54
16465,9484.85
16466,18123.26
16467,4670.78
16468,2675.23
16469,10860.19
16470,3652.64
16471,6957.91
16472,4228.57
16473,5908.85
16474,3258.82
16475,6488.21
16476,5944.89
16477,5312.88
16478,8474.86
16479,6283.6
16480,6046.03
16481,6869.34
16482,5284.29
16483,6022.67
16484,9106.98
16485,4728.35
16486,5774.14
16487,4382.64
16488,3567.02
16489,5128.07
16490,5221.77
16491,5163.52
16492,7458.52
16493,7666.98
16494,7358.18
16495,4796.28
16496,3997.21
16497,5117.14
16498,6127.5
16499,5454.13
16500,3003.17
16501,7502.32
16502,5329.68
16503,8173.61
16504,6225.95
16505,4569.97
16506,3652.79
16507,3033.79
16508,8342.61
16509,6213.45
16510,6590.16
16511,11977.72
16512,6796.97
16513,4848.57
16514,5221.43
16515,2979.75
16516,4220.76
16517,4880.34
16518,4165.57
16519,8008.46
16520,4880.0
16521,9631.34
16522,11733.31
16523,5258.66
16524,5891.35
16525,4820.69
16526,5173.02
16527,4943.47
16528,9942.89
16529,5799.19
16530,6727.16
16531,3668.12
16532,5162.9
16533,5309.32
16534,9022.56
16535,7625.51
16536,5841.28
16537,6830.34
16538,4318.29
16539,7716.48
16540,6540.02
16541,5980.44
16542,9626.7
16543,6886.46
16544,7546.76
16545,3481.51
16546,5657.73
16547,4827.41
16548,8108.88
16549,7397.59
16550,7910.12
16551,6395.76
16552,7749.6
16553,4900.57
16554,7021.93
16555,6632.44
16556,3338.37
16557,13158.04
16558,16440.52
16559,7318.72
16560,6852.02
16561,8933.86
16562,8364.66
16563,7714.85
16564,3705.27
16565,4589.5
16566,5878.87
16567,8229.12
16568,2914.14
16569,4271.22
16570,5705.16
16571,5259.24
16572,4994.79
16573,2972.6
16574,3232.71
16575,6219.55
16576,3170.14
16577,4491.61
16578,6295.44
16579,5166.59
16580,9169.84
16581,9979.42
16582,5100.5
16583,6932.28
16584,6361.6
16585,10066.14
16586,5890.32
16587,3155.33
16588,5663.82
16589,12812.73
16590,4714.95
16591,7038.75
16592,2435.69
16593,3457.39
16594,6078.45
16595,6275.36
16596,5552.35
16597,8006.8
16598,8302.98
16599,8266.74
16600,4337.72
16601,10017.77
16602,2115.59
16603,3758.5
16604,6431.16
16605,4740.39
16606,10454.24
16607,3115.01
16608,5223.48
16609,6227.64
16610,9729.12
16611,10298.47
16612,5494.84
16613,4082.12
16614,8294.63
16615,7912.14
16616,5494.67
16617,5023.03
16618,9329.72
16619,6183.44
16620,5021.23
16621,3857.98
16622,7049.3
16623,4583.84
16624,12391.66
16625,8373.28
16626,15803.33
16627,6313.91
16628,5025.61
16629,2111.57
16630,6085.38
16631,5553.4
16632,4504.81
16633,8172.08
16634,5875.78
16635,3147.21
16636,6787.0
16637,3687.6
16638,8594.4
16639,6898.97
16640,6693.16
16641,7927.63
16642,4393.08
16643,8495.92
16644,7336.74
16645,5055.52
16646,5974.66
16647,4156.19
16648,10524.97
16649,6343.58
16650,3665.51
16651,5647.93
16652,8019.05
16653,5997.37
16654,4944.14
16655,5152.29
16656,5511.83
16657,4421.46
16658,5420.11
16659,9641.73
16660,4924.16
16661,3738.69
16662,7310.58
16663,6025.94
16664,3452.84
16665,4811.54
16666,9358.19
16667,7563.85
16668,10109.32
16669,8974.68
16670,7436.14
16671,5911.79
16672,4446.9
16673,9210.78
16674,7060.09
16675,7532.01
16676,5552.93
16677,6226.65
16678,5172.69
16679,2587.78
16680,11445.02
16681,6820.85
16682,5900.57
16683,5226.94
16684,1897.52
16685,7754.05
16686,6866.81
16687,6725.95
16688,3951.07
16689,6364.91
16690,5419.92
16691,4601.97
16692,9857.03
16693,4692.59
16694,4678.75
16695,3665.67
16696,2755.95
16697,5322.26
16698,14297.05
16699,6545.09
16700,5349.54
16701,5231.25
16702,3866.4
16703,3727.88
16704,5741.99
16705,3297.37
16706,8633.66
16707,5776.99
16708,2979.81
16709,8485.76
16710,2836.88
16711,4864.29
16712,8946.55
16713,8576.12
16714,10276.91
16715,2794.74
16716,5160.33
16717,4842.25
16718,5328.12
16719,15618.8
16720,9876.12
16721,5591.66
16722,3133.34
16723,5444.22
16724,4268.16
16725,2641.16
16726,7502.38
16727,4694.98
16728,5616.15
16729,7428.33
16730,5660.01
16731,5125.32
16732,5512.2
16733,7210.74
16734,6696.27
16735,2797.43
16736,5468.19
16737,7900.57
16738,8025.35
16739,5682.76
16740,7138.07
16741,2418.43
16742,8178.32
16743,4928.59
16744,3058.63
16745,5635.6
16746,4216.14
16747,4783.16
16748,6286.57
16749,4361.86
16750,7765.6
16751,5251.09
16752,7395.58
16753,8142.44
16754,5616.52
16755,7237.08
16756,5842.16
16757,3041.25
16758,9902.93
16759,4030.95
16760,3878.78
16761,7331.21
16762,9258.43
16763,10083.53
16764,4445.47
16765,4776.51
16766,6248.79
16767,6856.26
16768,4537.04
16769,8146.14
16770,3481.54
16771,5094.23
16772,4218.39
16773,3660.6
16774,2656.33
16775,6734.37
16776,6908.02
16777,4887.34
16778,4925.06
16779,7076.61
16780,7546.79
16781,4446.07
16782,5581.85
16783,5213.55
16784,6475.6
16785,5798.24
16786,2829.62
16787,6152.67
16788,7407.96
16789,5985.08
16790,5903.66
16791,3195.97
16792,8395.64
16793,3298.5
16794,8316.51
16795,5702.23
16796,4649.96
16797,8170.44
16798,4200.79
16799,5087.22
16800,7690.54
16801,3647.6
16802,6162.52
16803,11164.16
16804,7494.19
16805,2867.6
16806,5123.36
16807,3477.42
16808,2387.1
16809,5434.61
16810,5984.97
16811,5112.6
16812,4907.35
16813,6239.61
16814,5295.18
16815,10937.44
16816,4853.33
16817,6194.21
16818,4609.03
16819,6173.46
16820,6279.65
16821,6228.14
16822,7835.73
16823,9762.15
16824,7251.74
16825,5395.56
16826,5401.02
16827,3284.28
16828,5983.03
16829,8294.89
16830,6864.79
16831,6756.1
16832,15153.22
16833,4116.75
16834,5523.04
16835,5349.71
16836,8232.86
16837,8761.69
16838,6339.92
16839,7178.32
16840,7401.6
16841,7088.1
16842,5843.41
16843,5601.58
16844,2746.36
16845,5014.63
16846,3344.25
16847,3131.22
16848,7190.38
16849,17914.36
16850,4833.74
16851,3045.12
16852,4837.68
16853,3982.71
16854,5861.81
16855,2407.28
16856,5775.86
16857,5817.06
16858,3844.68
16859,10604.5
16860,10992.31
16861,4862.07
16862,5278.17
16863,3961.19
16864,4718.97
16865,4367.11
16866,7476.17
16867,4184.65
16868,4054.14
16869,4644.83
16870,5081.3
16871,6284.51
16872,6798.3
16873,3574.15
16874,7746.21
16875,6183.87
16876,5176.66
16877,4158.24
16878,4195.27
16879,4913.07
16880,4407.7
16881,9287.77
16882,4680.87
16883,4402.94
16884,6621.78
16885,6171.62
16886,5662.91
16887,5755.87
16888,5748.73
16889,10492.47
16890,6933.85
16891,5812.83
16892,4186.71
16893,4638.03
16894,8693.02
16895,4476.58
16896,4377.87
16897,6207.38
16898,11107.59
16899,7698.62
16900,5095.84
16901,5599.63
16902,4628.12
16903,6780.83
16904,5647.36
16905,9642.06
16906,6506.08
16907,4776.38
16908,4348.34
16909,2385.02
16910,4939.05
16911,16567.7
16912,2441.26
16913,5213.27
16914,7279.89
16915,7493.95
16916,7250.76
16917,7932.2
16918,4834.54
16919,7044.47
16920,3512.46
16921,7042.99
16922,4273.16
16923,6310.46
16924,8306.88
16925,3856.27
16926,8120.5
16927,6014.02
16928,3381.43
16929,7007.95
16930,6758.59
16931,3200.56
16932,7400.16
16933,6190.89
16934,5170.49
16935,9105.64
16936,7594.25
16937,7355.48
16938,4266.15
16939,3502.35
16940,5306.79
16941,3029.8
16942,5679.47
16943,2753.6
16944,5948.02
16945,3425.08
16946,4924.2
16947,5500.77
16948,4751.54
16949,5864.78
16950,8596.0
16951,5317.61
16952,9128.45
16953,5567.08
16954,6184.51
16955,8200.45
16956,7009.9
16957,3676.51
16958,4970.97
16959,5623.01
16960,5020.9
16961,10522.34
16962,6398.97
16963,7579.09
16964,9551.8
16965,6305.11
16966,3076.29
16967,8305.12
16968,8372.98
16969,6421.79
16970,7811.51
16971,7114.4
16972,7511.12
16973,5034.48
16974,4810.06
16975,3682.85
16976,5339.03
16977,7816.11
16978,3592.61
16979,7801.94
16980,7213.4
16981,4928.92
16982,7262.84
16983,4356.37
16984,8277.22
16985,3895.34
16986,5293.95
16987,5093.51
16988,3788.81
16989,6419.37
16990,7063.22
16991,8063.55
16992,6142.81
16993,4389.9
16994,5605.56
16995,6500.06
16996,7934.14
16997,2719.9
16998,3050.91
16999,8905.72
17000,5841.03
17001,0.0
17002,7443.61
17003,7250.17
17004,6920.98
17005,4859.65
17006,2668.11
17007,5559.39
17008,5984.33
17009,5204.06
17010,8520.74
17011,6066.01
17012,3691.08
17013,6200.34
17014,3525.65
17015,1714.89
17016,5988.29
17017,8250.98
17018,5952.58
17019,4593.92
17020,3804.48
17021,5647.95
17022,8493.19
17023,5972.37
17024,8508.46
17025,4950.0
17026,5244.01
17027,3940.38
17028,6243.34
17029,3886.16
17030,3151.08
17031,4439.69
17032,3768.22
17033,6840.2
17034,5361.48
17035,4676.8
17036,5767.5
17037,7824.01
17038,5180.4
17039,4066.27
17040,9717.92
17041,8429.96
17042,7293.71
17043,2581.32
17044,6281.36
17045,5061.3
17046,4253.92
17047,9410.18
17048,10158.74
17049,6835.0
17050,6824.69
17051,6303.16
17052,7661.34
17053,10837.4
17054,3545.01
17055,4006.35
17056,5006.42
17057,6455.81
17058,6041.99
17059,9677.81
17060,6895.91
17061,6603.89
17062,3307.74
17063,6871.35
17064,7043.0
17065,3467.83
17066,6125.58
17067,3526.19
17068,6572.95
17069,6986.86
17070,5129.85
17071,6570.65
17072,4198.2
17073,4855.07
17074,6588.75
17075,5389.74
17076,8083.46
17077,5970.93
17078,7627.7
17079,5670.82
17080,3919.23
17081,7635.42
17082,3566.94
17083,10485.71
17084,4976.46
17085,4591.6
17086,6467.33
17087,5010.44
17088,3625.27
17089,5759.24
17090,3447.03
17091,3305.43
17092,5249.47
17093,7025.9
17094,8896.37
17095,5348.56
17096,6240.53
17097,4396.91
17098,5846.44
17099,3392.64
17100,10369.14
17101,6794.22
17102,11618.69
17103,5332.67
17104,5204.56
17105,7165.04
17106,7584.96
17107,3894.45
17108,7971.49
17109,6803.32
17110,5199.22
17111,6243.34
17112,4282.2
17113,2988.32
17114,5303.7
17115,3466.91
17116,3088.19
17117,8069.58
17118,5910.44
17119,22529.48
17120,7566.12
17121,5115.68
17122,6632.62
17123,9377.79
17124,4999.37
17125,6051.55
17126,5178.31
17127,8000.82
17128,6615.75
17129,4343.85
17130,5041.58
17131,7225.72
17132,7014.19
17133,6834.49
17134,6217.85
17135,5006.84
17136,4856.87
17137,5191.2
17138,9337.25
17139,10622.65
17140,8389.1
17141,6563.72
17142,4478.51
17143,6391.52
17144,4037.78
17145,8107.58
17146,8436.09
17147,9100.49
17148,5349.37
17149,4363.6
17150,4239.57
17151,6598.76
17152,9487.49
17153,6122.24
17154,4928.2
17155,5626.76
17156,6662.84
17157,3696.92
17158,6711.18
17159,3959.25
17160,6416.71
17161,7014.04
17162,5439.47
17163,7266.59
17164,5617.18
17165,4528.49
17166,6022.28
17167,7696.86
17168,9586.68
17169,6060.06
17170,6530.21
17171,7177.99
17172,8793.28
17173,6365.35
17174,7763.31
17175,5638.93
17176,4901.7
17177,5661.54
17178,6792.81
17179,8137.75
17180,7090.39
17181,5078.34
17182,6547.8
17183,6888.56
17184,7847.05
17185,4686.34
17186,11052.76
17187,4352.04
17188,6553.29
17189,7632.83
17190,5474.94
17191,5420.47
17192,7009.49
17193,6366.74
17194,5485.49
17195,4640.21
17196,7518.9
17197,6487.37
17198,8163.57
17199,4249.42
17200,7750.84
17201,9486.05
17202,6248.79
17203,4999.7
17204,6652.77
17205,5857.05
17206,7463.31
17207,7214.82
17208,4218.08
17209,7260.99
17210,5711.54
17211,6623.03
17212,7096.96
17213,6505.03
17214,6567.21
17215,6011.05
17216,6488.46
17217,8189.8
17218,5296.75
17219,4918.4
17220,6280.35
17221,5895.76
17222,5356.47
17223,7214.43
17224,6651.95
17225,6957.95
17226,5694.06
17227,5135.63
17228,5768.19
17229,7666.24
17230,8356.91
17231,7684.28
17232,7802.73
17233,6173.18
17234,7516.08
17235,5440.0
17236,6095.74
17237,7792.24
17238,6654.65
17239,8423.02
17240,7449.23
17241,7019.28
17242,5710.44
17243,6718.49
17244,6877.93
17245,6373.8
17246,5173.52
17247,5340.4
17248,7210.97
17249,7077.23
17250,5477.1
17251,6820.53
17252,6220.68
17253,5948.76
17254,5300.51
17255,5062.86
17256,6373.99
17257,7099.56
17258,6190.62
17259,5532.1
17260,4848.13
17261,6396.22
17262,3893.12
17263,6497.17
17264,5194.88
17265,7670.64
17266,6166.2
17267,6185.83
17268,6809.53
17269,4632.57
17270,5337.34
17271,9298.79
17272,6006.33
17273,6773.09
17274,7275.13
17275,5694.44
17276,5680.19
17277,5984.27
17278,6948.94
17279,8483.33
17280,6582.47
17281,4004.16
17282,5098.2
17283,6923.83
17284,8438.61
17285,6486.15
17286,6533.47
17287,5316.66
17288,4940.4
17289,3320.73
17290,3912.27
17291,6371.37
17292,6428.21
17293,6369.95
17294,5946.05
17295,7729.29
17296,8375.06
17297,8173.62
17298,5515.77
17299,8243.33
17300,9436.7
17301,6204.51
17302,6939.78
17303,4882.34
17304,6312.06
17305,4123.65
17306,5743.16
17307,4901.98
17308,8158.15
17309,7420.5
17310,7157.63
17311,8203.37
17312,6226.6
17313,5636.37
17314,15449.81
17315,9042.69
17316,5278.42
17317,3515.94
17318,5481.9
17319,9696.84
17320,5879.7
17321,11734.67
17322,20123.01
17323,3728.69
17324,4772.35
17325,8924.99
17326,5602.17
17327,8187.38
17328,6382.85
17329,6549.39
17330,3927.1
17331,6384.6
17332,6539.41
17333,7329.11
17334,7183.09
17335,6469.38
17336,6403.08
17337,5456.55
17338,4696.94
17339,4767.42
17340,7392.49
17341,5242.94
17342,5422.71
17343,6517.58
17344,5307.39
17345,4934.71
17346,5955.92
17347,6023.24
17348,7400.95
17349,6467.98
17350,7424.19
17351,5858.46
17352,4405.43
17353,5830.12
17354,7009.19
17355,4726.26
17356,4261.99
17357,7181.5
17358,5845.88
17359,9442.3
17360,6370.64
17361,5543.7
17362,5212.7
17363,4873.07
17364,7802.34
17365,6011.92
17366,8909.79
17367,13330.79
17368,6568.21
17369,5786.9
17370,5171.55
17371,4890.77
17372,6674.66
17373,3912.48
17374,5060.09
17375,8644.01
17376,5336.52
17377,13420.71
17378,11234.1
17379,5112.44
17380,5984.54
17381,5699.77
17382,6273.9
17383,5442.17
17384,7932.29
17385,6885.47
17386,7354.03
17387,5181.26
17388,6724.84
17389,5697.04
17390,5913.05
17391,6935.33
17392,5823.28
17393,7217.38
17394,5634.24
17395,7732.42
17396,9606.68
17397,6190.85
17398,9311.51
17399,6740.14
17400,7316.32
17401,5278.48
17402,6113.02
17403,5173.23
17404,7385.17
17405,6745.56
17406,7862.26
17407,6298.26
17408,7449.99
17409,5017.95
17410,8948.97
17411,6368.09
17412,6116.39
17413,12087.94
17414,15627.73
17415,7136.79
17416,7216.0
17417,8484.93
17418,8763.8
17419,9098.1
17420,6748.8
17421,6549.87
17422,6388.57
17423,7410.52
17424,4946.76
17425,5148.16
17426,5779.41
17427,6457.08
17428,6490.74
17429,4531.05
17430,4399.79
17431,5606.99
17432,4364.9
17433,4306.24
17434,5661.63
17435,5328.48
17436,7831.93
17437,7875.44
17438,6682.34
17439,6237.62
17440,6128.43
17441,9225.48
17442,6653.52
17443,5204.06
17444,5375.31
17445,9563.96
17446,4697.03
17447,6650.23
17448,4638.94
17449,5103.66
17450,6781.92
17451,5989.4
17452,6488.25
17453,7936.73
17454,8576.01
17455,9530.94
17456,5831.41
17457,7977.85
17458,4365.14
17459,5551.57
17460,6572.27
17461,5534.25
17462,7420.09
17463,5507.17
17464,5575.36
17465,8234.82
17466,10513.66
17467,7308.41
17468,5401.05
17469,5652.96
17470,8956.58
17471,6191.87
17472,5516.8
17473,5212.92
17474,7678.66
17475,7027.5
17476,5036.03
17477,5226.94
17478,6129.34
17479,7256.48
17480,11286.93
17481,7302.95
17482,13194.11
17483,6027.73
17484,6619.26
17485,4140.38
17486,5287.09
17487,5954.25
17488,5266.88
17489,7634.39
17490,5873.31
17491,4719.83
17492,7116.67
17493,3931.71
17494,7058.15
17495,6807.74
17496,7239.0
17497,8344.54
17498,5102.8
17499,7229.29
17500,6651.08
17501,4950.59
17502,5445.93
17503,5275.89
17504,8811.02
17505,6825.9
17506,5316.61
17507,6982.65
17508,7807.67
17509,6872.17
17510,5975.84
17511,8196.28
17512,6238.4
17513,5827.26
17514,5843.21
17515,8574.57
17516,5323.2
17517,5208.59
17518,7207.57
17519,6111.61
17520,4101.63
17521,6270.73
17522,9138.48
17523,8323.29
17524,10759.97
17525,9773.42
17526,8707.02
17527,6018.89
17528,5246.71
17529,9629.73
17530,9017.78
17531,6794.52
17532,6673.73
17533,8929.87
17534,5712.4
17535,3871.52
17536,7805.33
17537,4785.0
17538,6139.15
17539,6822.06
17540,4235.59
17541,8825.87
17542,5200.52
17543,4597.98
17544,4730.36
17545,5212.45
17546,7396.6
17547,6885.06
17548,6736.0
17549,5494.95
17550,5629.26
17551,3861.7
17552,3663.38
17553,6867.37
17554,16470.84
17555,5381.28
17556,5548.87
17557,5854.64
17558,4966.29
17559,5972.66
17560,5127.27
17561,4400.54
17562,7383.59
17563,6269.24
17564,4352.71
17565,7811.1
17566,4707.04
17567,5496.83
17568,8366.62
17569,7295.02
17570,9958.6
17571,4888.28
17572,5732.0
17573,5277.71
17574,6963.9
17575,11572.16
17576,7835.65
17577,6699.77
17578,4407.67
17579,5252.64
17580,6130.51
17581,4151.65
17582,8667.58
17583,4562.33
17584,4959.9
17585,7645.37
17586,5682.81
17587,5834.74
17588,5793.98
17589,6854.86
17590,6589.64
17591,4112.26
17592,4962.06
17593,7288.39
17594,7761.1
17595,8303.92
17596,6926.86
17597,4768.71
17598,7072.1
17599,5450.76
17600,4481.04
17601,7532.83
17602,6382.75
17603,6315.01
17604,5934.63
17605,6736.98
17606,7373.56
17607,6118.41
17608,6266.61
17609,7469.28
17610,6015.39
17611,8403.56
17612,6050.91
17613,5289.71
17614,10026.39
17615,5401.15
17616,4338.52
17617,8284.14
17618,8320.61
17619,8948.97
17620,6404.68
17621,5721.82
17622,5096.69
17623,6215.11
17624,5899.42
17625,7470.46
17626,3878.95
17627,6311.84
17628,6107.19
17629,4633.47
17630,4712.33
17631,6243.49
17632,6464.39
17633,4876.98
17634,4218.3
17635,5831.84
17636,7595.66
17637,5611.69
17638,6319.95
17639,5612.38
17640,6656.34
17641,8021.27
17642,5008.2
17643,7928.76
17644,7018.02
17645,7783.5
17646,6190.95
17647,3506.45
17648,6920.05
17649,6121.21
17650,7509.19
17651,5975.48
17652,4894.5
17653,8258.22
17654,5696.67
17655,5892.16
17656,7051.31
17657,5532.01
17658,7037.08
17659,11141.99
17660,8299.74
17661,4286.67
17662,5386.4
17663,4071.82
17664,3379.14
17665,6965.78
17666,5822.14
17667,9237.78
17668,5894.43
17669,6569.19
17670,7246.93
17671,9431.72
17672,4625.28
17673,6369.53
17674,5203.94
17675,7390.51
17676,5794.29
17677,7253.63
17678,7760.13
17679,9108.1
17680,6376.61
17681,6801.42
17682,6549.77
17683,5195.55
17684,5528.65
17685,9010.98
17686,7276.96
17687,7375.36
17688,15656.88
17689,6055.7
17690,6286.03
17691,6204.11
17692,8006.68
17693,8490.77
17694,5967.66
17695,7382.76
17696,7749.43
17697,6579.09
17698,6176.16
17699,6029.3
17700,5697.65
17701,4816.39
17702,3683.69
17703,4336.84
17704,8193.74
17705,14907.43
17706,5773.24
17707,4422.08
17708,6676.34
17709,4007.81
17710,5752.45
17711,4077.48
17712,8047.56
17713,5909.32
17714,6508.03
17715,11668.32
17716,11983.8
17717,6476.56
17718,6322.25
17719,4248.99
17720,5849.35
17721,5790.48
17722,7206.9
17723,4941.69
17724,4580.79
17725,5740.47
17726,5988.0
17727,7882.92
17728,6441.68
17729,4521.32
17730,7298.09
17731,6841.45
17732,6314.34
17733,4970.04
17734,4364.48
17735,6804.29
17736,5266.11
17737,9292.73
17738,5071.49
17739,5445.02
17740,6485.27
17741,5578.91
17742,4375.81
17743,5864.14
17744,6224.44
17745,8739.06
17746,7781.85
17747,5977.99
17748,4999.08
17749,5504.92
17750,12549.0
17751,5031.16
17752,7728.91
17753,6630.18
17754,10711.02
17755,7264.1
17756,6054.83
17757,6296.29
17758,5296.71
17759,8817.94
17760,5567.68
17761,10551.79
17762,6252.37
17763,5654.05
17764,5321.61
17765,4225.88
17766,6506.55
17767,13199.97
17768,4640.82
17769,5645.82
17770,9993.45
17771,7199.31
17772,13267.83
17773,7398.5
17774,5740.81
17775,6475.2
17776,5013.67
17777,7522.95
17778,5749.72
17779,5927.93
17780,6375.63
17781,4890.28
17782,6488.28
17783,5353.25
17784,4153.91
17785,9314.68
17786,9202.2
17787,4227.82
17788,6767.49
17789,5952.33
17790,5514.82
17791,8389.18
17792,6609.27
17793,8733.87
17794,4559.44
17795,5006.99
17796,6480.89
17797,4494.07
17798,6761.12
17799,4725.06
17800,5665.39
17801,4838.44
17802,6239.55
17803,4886.03
17804,6304.11
17805,6409.77
17806,7888.39
17807,6017.6
17808,8246.64
17809,6592.67
17810,7689.94
17811,7951.21
17812,6962.6
17813,4217.37
17814,5896.7
17815,6918.36
17816,5407.2
17817,9088.56
17818,6466.21
17819,7866.92
17820,9871.68
17821,6443.89
17822,5757.35
17823,8809.23
17824,9684.26
17825,5542.26
17826,7059.92
17827,8395.27
17828,6775.09
17829,5592.23
17830,6542.0
17831,5991.16
17832,6177.33
17833,7515.63
17834,4858.47
17835,6364.52
17836,7180.31
17837,5941.84
17838,7389.25
17839,6133.59
17840,6916.41
17841,4629.73
17842,7675.86
17843,7130.35
17844,6800.05
17845,6614.53
17846,6662.41
17847,8459.7
17848,6145.97
17849,5601.06
17850,6075.21
17851,6468.45
17852,7221.27
17853,4855.57
17854,4828.79
17855,6800.23
17856,6833.55
17857,5640.9
17858,7698.97
17859,7093.01
17860,6064.27
17861,5160.25
17862,4863.68
17863,5864.9
17864,6615.31
17865,6674.94
17866,7589.74
17867,7799.73
17868,5055.6
17869,8423.02
17870,3570.43
17871,3617.6
17872,7212.9
17873,7853.35
17874,7403.78
17875,6427.92
17876,5624.85
17877,6245.64
17878,7993.92
17879,5766.43
17880,8027.01
17881,6044.51
17882,5058.01
17883,5185.85
17884,5619.04
17885,5728.47
17886,4429.14
17887,5377.84
17888,4174.86
17889,6240.17
17890,6119.54
17891,5417.5
17892,5769.49
17893,6989.8
17894,5158.51
17895,4795.06
17896,9037.85
17897,7066.12
17898,7438.62
17899,4307.3
17900,13227.3
17901,6242.42
17902,6099.24
17903,8827.9
17904,7784.27
17905,6970.82
17906,6997.39
17907,6858.37
17908,8074.73
17909,11622.97
17910,4807.01
17911,4910.13
17912,5616.28
17913,6084.29
17914,6257.01
17915,6663.88
17916,7585.5
17917,6652.19
17918,5192.3
17919,6613.51
17920,9006.72
17921,5070.42
17922,7112.56
17923,5579.69
17924,7049.26
17925,8652.07
17926,6712.82
17927,8709.16
17928,5988.85
17929,4880.4
17930,6558.06
17931,7185.32
17932,7721.16
17933,7222.63
17934,6623.91
17935,6536.44
17936,4104.0
17937,8853.45
17938,5472.76
17939,9558.2
17940,5419.05
17941,4706.51
17942,6534.37
17943,6160.95
17944,5982.05
17945,6752.93
17946,3634.54
17947,4937.31
17948,5774.22
17949,7664.38
17950,7784.63
17951,5049.55
17952,6381.11
17953,6159.3
17954,6338.56
17955,5356.67
17956,9285.56
17957,7593.93
17958,8550.21
17959,4687.77
17960,5603.68
17961,8057.75
17962,7605.92
17963,4894.51
17964,8252.05
17965,5501.86
17966,4621.43
17967,5241.64
17968,4175.68
17969,5010.05
17970,5233.79
17971,4738.05
17972,4657.03
17973,8629.66
17974,6409.19
17975,19961.46
17976,6012.87
17977,3317.71
17978,5379.18
17979,8393.74
17980,4934.97
17981,5318.86
17982,4408.31
17983,7714.49
17984,5777.19
17985,3427.67
17986,4498.99
17987,5892.36
17988,5915.82
17989,5845.4
17990,7893.51
17991,3907.66
17992,3748.72
17993,3909.87
17994,7353.55
17995,8698.53
17996,6736.59
17997,5404.28
17998,3900.63
17999,5061.21
18000,3372.53
18001,6577.57
18002,6883.08
18003,7957.6
18004,4014.65
18005,3584.34
18006,4155.28
18007,4839.0
18008,8073.55
18009,5030.09
18010,4230.12
18011,3672.1
18012,6083.98
18013,3058.07
18014,5546.88
18015,2975.02
18016,5554.53
18017,5541.16
18018,4846.3
18019,5952.33
18020,5027.28
18021,4292.63
18022,5368.12
18023,5835.28
18024,8163.84
18025,4955.34
18026,6086.1
18027,6801.37
18028,7777.93
18029,4995.64
18030,6717.34
18031,3528.68
18032,4662.24
18033,4829.76
18034,5446.51
18035,6816.27
18036,5678.48
18037,4069.38
18038,5806.71
18039,5494.6
18040,7449.19
18041,2997.6
18042,10749.57
18043,3338.45
18044,5339.47
18045,6496.48
18046,4951.98
18047,4435.67
18048,4728.68
18049,5311.33
18050,4072.83
18051,3985.19
18052,6737.23
18053,6882.13
18054,4739.71
18055,3494.43
18056,5594.47
18057,8657.87
18058,6171.73
18059,5094.49
18060,4995.06
18061,5144.99
18062,5285.91
18063,6083.72
18064,3043.33
18065,5833.68
18066,4867.54
18067,5268.41
18068,6987.74
18069,3614.61
18070,4249.57
18071,3462.49
18072,5731.82
18073,7899.99
18074,4165.17
18075,3452.18
18076,5356.73
18077,4191.3
18078,4320.43
18079,7396.34
18080,5109.56
18081,6431.54
18082,4280.11
18083,3819.63
18084,4512.27
18085,7293.15
18086,4639.54
18087,5882.45
18088,5937.8
18089,4701.65
18090,7645.34
18091,3993.49
18092,5567.43
18093,6601.66
18094,5269.49
18095,7832.62
18096,6248.46
18097,4918.88
18098,4622.11
18099,5399.74
18100,5240.3
18101,4815.78
18102,3419.25
18103,4653.09
18104,5908.87
18105,4423.13
18106,3784.99
18107,6451.9
18108,5176.36
18109,5257.75
18110,4308.71
18111,4276.97
18112,5535.76
18113,5503.45
18114,5489.84
18115,4359.06
18116,4177.78
18117,5157.71
18118,2706.56
18119,5641.78
18120,3103.81
18121,6694.7
18122,5909.52
18123,5137.51
18124,6019.47
18125,3967.06
18126,3847.21
18127,7776.65
18128,4724.94
18129,5624.83
18130,6264.26
18131,4243.3
18132,4786.61
18133,4968.51
18134,6714.31
18135,8486.47
18136,6565.63
18137,2291.27
18138,4125.09
18139,6272.02
18140,6243.49
18141,4360.85
18142,5262.17
18143,4042.69
18144,4821.1
18145,3040.28
18146,3767.55
18147,5272.83
18148,4949.55
18149,5336.19
18150,3374.86
18151,6316.61
18152,6938.77
18153,6929.49
18154,3955.9
18155,7643.03
18156,7475.64
18157,4215.63
18158,5330.28
18159,3746.82
18160,5287.26
18161,2675.83
18162,5579.54
18163,3619.12
18164,7488.6
18165,5646.4
18166,6083.88
18167,7073.12
18168,5284.68
18169,5846.96
18170,14903.35
18171,7382.83
18172,3577.85
18173,1909.37
18174,4713.94
18175,7793.81
18176,5302.66
18177,10596.27
18178,16594.47
18179,2759.18
18180,3655.31
18181,8189.24
18182,3282.71
18183,6731.24
18184,4965.89
18185,5333.9
18186,3034.97
18187,5009.75
18188,5194.78
18189,6606.6
18190,6075.12
18191,5147.22
18192,4965.51
18193,5739.4
18194,3556.74
18195,3726.85
18196,6210.55
18197,4428.23
18198,4248.09
18199,5255.54
18200,4999.33
18201,4470.4
18202,5530.39
18203,5307.28
18204,7000.92
18205,7439.98
18206,6098.48
18207,5292.91
18208,2723.52
18209,4826.64
18210,5445.35
18211,4218.34
18212,3736.47
18213,6603.94
18214,5131.22
18215,9023.59
18216,5814.4
18217,4213.7
18218,4235.43
18219,4454.39
18220,7218.92
18221,4160.19
18222,7661.24
18223,13046.49
18224,5829.73
18225,6474.99
18226,3790.64
18227,3880.52
18228,5331.75
18229,3184.03
18230,4486.34
18231,8490.46
18232,4387.91
18233,11584.74
18234,11322.17
18235,3844.94
18236,5054.81
18237,5663.72
18238,5857.8
18239,4033.08
18240,8128.93
18241,5370.33
18242,6588.81
18243,4039.26
18244,5973.58
18245,4049.15
18246,6402.98
18247,5083.28
18248,4328.11
18249,5688.36
18250,4868.73
18251,5770.5
18252,9222.6
18253,4365.25
18254,7226.14
18255,5561.2
18256,7287.2
18257,4065.55
18258,4043.55
18259,4279.23
18260,6162.48
18261,5258.12
18262,6329.26
18263,4737.59
18264,6417.23
18265,3802.14
18266,8856.69
18267,5564.42
18268,3094.69
18269,11073.79
18270,15050.81
18271,5454.54
18272,5173.4
18273,6579.4
18274,7835.07
18275,9119.32
18276,4529.68
18277,5912.73
18278,4546.88
18279,5807.92
18280,3426.54
18281,4287.72
18282,4389.78
18283,4792.45
18284,6049.35
18285,4024.32
18286,3104.93
18287,4745.82
18288,3102.65
18289,3028.22
18290,4523.83
18291,4362.03
18292,6449.37
18293,6531.46
18294,5836.63
18295,5093.33
18296,5096.61
18297,9529.52
18298,5542.93
18299,3783.76
18300,3924.25
18301,7683.71
18302,4378.94
18303,5596.09
18304,2981.78
18305,3788.39
18306,5120.94
18307,5390.61
18308,4687.23
18309,6957.87
18310,8150.74
18311,10040.66
18312,5301.51
18313,8239.28
18314,2735.42
18315,4138.43
18316,4656.7
18317,2962.65
18318,6899.58
18319,3975.51
18320,4465.98
18321,6913.43
18322,9328.49
18323,7659.26
18324,4161.33
18325,4998.4
18326,9394.37
18327,6016.79
18328,4649.39
18329,3784.14
18330,5406.75
18331,7128.22
18332,3640.16
18333,4903.4
18334,5299.92
18335,6236.62
18336,11254.27
18337,4807.05
18338,13424.5
18339,5887.97
18340,4247.93
18341,2762.75
18342,4633.22
18343,5026.28
18344,3848.22
18345,6310.5
18346,4470.99
18347,3894.1
18348,5615.25
18349,3031.98
18350,6811.72
18351,5204.31
18352,6085.65
18353,6381.19
18354,3830.19
18355,7510.25
18356,5774.65
18357,3922.57
18358,4636.73
18359,3822.31
18360,8284.83
18361,4930.97
18362,3490.43
18363,5712.09
18364,6450.67
18365,5321.5
18366,4267.87
18367,6158.77
18368,4388.45
18369,5019.18
18370,4848.05
18371,6839.36
18372,4665.26
18373,4683.56
18374,5187.66
18375,5061.3
18376,3719.29
18377,4065.6
18378,7093.14
18379,8878.73
18380,8312.47
18381,7891.12
18382,6763.28
18383,6732.86
18384,4802.34
18385,8567.21
18386,7315.67
18387,5395.49
18388,6731.36
18389,6526.67
18390,4560.94
18391,2993.22
18392,9052.37
18393,5019.74
18394,5054.71
18395,5483.66
18396,1772.33
18397,8188.38
18398,5233.4
18399,4655.76
18400,4046.6
18401,4908.47
18402,5762.05
18403,5592.03
18404,5497.4
18405,4815.5
18406,3988.4
18407,2852.71
18408,2425.66
18409,5228.79
18410,14149.67
18411,4544.8
18412,4680.66
18413,5004.85
18414,3965.07
18415,3963.7
18416,3778.41
18417,3269.51
18418,5258.58
18419,5398.3
18420,3133.15
18421,6655.91
18422,4048.59
18423,4342.24
18424,8097.78
18425,5950.54
18426,9606.96
18427,3973.82
18428,5560.69
18429,3532.83
18430,4924.13
18431,11700.32
18432,7241.99
18433,5987.88
18434,3524.26
18435,3581.06
18436,4323.86
18437,4507.42
18438,9878.69
18439,4163.66
18440,4925.7
18441,5985.68
18442,3595.77
18443,5168.65
18444,5151.56
18445,6835.0
18446,5037.26
18447,3167.5
18448,4554.58
18449,5612.84
18450,7091.8
18451,6874.55
18452,5283.83
18453,3240.66
18454,6257.61
18455,4495.71
18456,3974.97
18457,5854.8
18458,6174.8
18459,5144.1
18460,4591.91
18461,4526.52
18462,7005.74
18463,4951.69
18464,5291.16
18465,5815.02
18466,3813.04
18467,8164.89
18468,4910.43
18469,3614.47
18470,8427.44
18471,5065.31
18472,3095.01
18473,6170.63
18474,7295.85
18475,7447.44
18476,4348.59
18477,5279.74
18478,5002.3
18479,5505.52
18480,4470.81
18481,6151.82
18482,2608.4
18483,4533.66
18484,4896.22
18485,3911.85
18486,3954.48
18487,5115.23
18488,5302.55
18489,4370.51
18490,6183.85
18491,4792.69
18492,6497.57
18493,4242.4
18494,5100.61
18495,4902.36
18496,5505.4
18497,6259.95
18498,4381.29
18499,6765.9
18500,6407.4
18501,5670.65
18502,3574.47
18503,2940.31
18504,5616.97
18505,4678.17
18506,6731.26
18507,5269.05
18508,4319.25
18509,6542.32
18510,4965.3
18511,4321.57
18512,6368.33
18513,4181.4
18514,6717.09
18515,8440.67
18516,5935.95
18517,3273.61
18518,4357.63
18519,3504.1
18520,2484.98
18521,5956.41
18522,4605.61
18523,6867.34
18524,3645.05
18525,6105.69
18526,5432.23
18527,8327.08
18528,3455.13
18529,4448.93
18530,4095.56
18531,6370.71
18532,4654.91
18533,5987.45
18534,6929.64
18535,8179.87
18536,5664.46
18537,6052.59
18538,5387.11
18539,3690.9
18540,4160.36
18541,7697.54
18542,7056.48
18543,7597.51
18544,14125.64
18545,4671.97
18546,4550.43
18547,4763.25
18548,6522.76
18549,6653.87
18550,4779.07
18551,5950.22
18552,5789.34
18553,5890.96
18554,4536.97
18555,4201.86
18556,3905.15
18557,3815.74
18558,3128.87
18559,3848.82
18560,6479.56
18561,12924.22
18562,5003.1
18563,3878.26
18564,5236.47
18565,3110.66
18566,5779.73
18567,3474.95
18568,7539.02
18569,5510.05
18570,5974.03
18571,11022.52
18572,10164.88
18573,5718.02
18574,5998.1
18575,3441.6
18576,4762.09
18577,4940.61
18578,7201.49
18579,3558.59
18580,3347.63
18581,4607.89
18582,4745.66
18583,6607.24
18584,4866.31
18585,3153.56
18586,5582.2
18587,6105.37
18588,5221.77
18589,2964.55
18590,2891.59
18591,6241.02
18592,3558.55
18593,7478.82
18594,3575.97
18595,3925.21
18596,5225.7
18597,8827.86
18598,3644.52
18599,8763.92
18600,8632.86
18601,7625.14
18602,6709.98
18603,4790.08
18604,3529.47
18605,4571.11
18606,5478.08
18607,3964.69
18608,4465.51
18609,5954.42
18610,9638.72
18611,6533.92
18612,5953.26
18613,6627.95
18614,3260.34
18615,7377.97
18616,4414.82
18617,10343.51
18618,4705.31
18619,4180.92
18620,2912.28
18621,3274.74
18622,6668.73
18623,14360.3
18624,3212.15
18625,4063.6
18626,8197.94
18627,5632.33
18628,17421.18
18629,6195.1
18630,4608.47
18631,5426.83
18632,3858.05
18633,7228.87
18634,4235.72
18635,5380.86
18636,6157.33
18637,4213.0
18638,6375.59
18639,4467.01
18640,3172.5
18641,8760.84
18642,8521.55
18643,3322.05
18644,5572.43
18645,5037.46
18646,4650.66
18647,6547.13
18648,4795.59
18649,7256.5
18650,3472.39
18651,3409.56
18652,6139.2
18653,2924.31
18654,6238.59
18655,3166.98
18656,4790.83
18657,4051.9
18658,4729.67
18659,5487.28
18660,5319.38
18661,5043.32
18662,6474.95
18663,4942.01
18664,6514.22
18665,5378.21
18666,6068.74
18667,6879.12
18668,6837.02
18669,2509.23
18670,4815.29
18671,6773.51
18672,4246.54
18673,9189.0
18674,5037.99
18675,5501.3
18676,8559.64
18677,5375.7
18678,2755.36
18679,8622.91
18680,9160.49
18681,5116.48
18682,6147.38
18683,9077.41
18684,4903.73
18685,4033.16
18686,5034.0
18687,4128.13
18688,4297.78
18689,5762.81
18690,3824.17
18691,5554.43
18692,5308.79
18693,4811.36
18694,5453.99
18695,5668.28
18696,5147.77
18697,4900.16
18698,6100.23
18699,5150.9
18700,6329.82
18701,5027.66
18702,4597.5
18703,7215.26
18704,4342.31
18705,4280.96
18706,4829.34
18707,5870.3
18708,5812.83
18709,4138.83
18710,3268.43
18711,6147.14
18712,5743.55
18713,4448.36
18714,6163.13
18715,5674.36
18716,4923.6
18717,3950.37
18718,3280.42
18719,4412.76
18720,5193.66
18721,4549.76
18722,7662.39
18723,6307.91
18724,4045.01
18725,7939.84
18726,3047.02
18727,2680.43
18728,6217.67
18729,8740.73
18730,6626.38
18731,5414.44
18732,3322.8
18733,5399.48
18734,6504.44
18735,4151.41
18736,5970.93
18737,4053.07
18738,4222.35
18739,4427.61
18740,4194.32
18741,4452.2
18742,3274.66
18743,3441.51
18744,3172.61
18745,5343.64
18746,5209.45
18747,3583.39
18748,5229.83
18749,5540.41
18750,4434.06
18751,5064.19
18752,6579.32
18753,6496.71
18754,5316.73
18755,3213.32
18756,10356.48
18757,4902.74
18758,3869.11
18759,7377.12
18760,6298.29
18761,5246.83
18762,5300.52
18763,5336.19
18764,6362.01
18765,10216.06
18766,3511.29
18767,3329.18
18768,4149.78
18769,5617.34
18770,4484.2
18771,6519.65
18772,7171.66
18773,4704.66
18774,2997.74
18775,4963.24
18776,9261.64
18777,3474.0
18778,5413.65
18779,3610.34
18780,5588.52
18781,7904.21
18782,5790.8
18783,6705.47
18784,5585.54
18785,3342.46
18786,5536.59
18787,5114.49
18788,6343.66
18789,5640.15
18790,5668.6
18791,4525.91
18792,3310.06
18793,7173.52
18794,3808.71
18795,9174.79
18796,4695.51
18797,3183.8
18798,4910.69
18799,4928.34
18800,5504.32
18801,6161.94
18802,3142.23
18803,3615.99
18804,4984.26
18805,6038.45
18806,8067.65
18807,4029.36
18808,5140.74
18809,4391.59
18810,4628.45
18811,4340.72
18812,7934.19
18813,6629.01
18814,9198.51
18815,3227.69
18816,4143.54
18817,7457.82
18818,7995.21
18819,3687.88
18820,8680.12
18821,5676.91
18822,3722.69
18823,4332.96
18824,3362.12
18825,4846.11
18826,4214.27
18827,4052.4
18828,3588.99
18829,6562.24
18830,6356.18
18831,18443.05
18832,5022.67
18833,3334.89
18834,5328.08
18835,8528.7
18836,4141.4
18837,4999.55
18838,4301.24
18839,8158.57
18840,5727.85
18841,3310.51
18842,4403.17
18843,5659.83
18844,5710.77
18845,5218.78
18846,6954.92
18847,3564.55
18848,3362.76
18849,3773.45
18850,7174.07
18851,7922.97
18852,6823.87
18853,5408.7
18854,3292.46
18855,4723.64
18856,3484.76
18857,6068.94
18858,6697.38
18859,7866.55
18860,4006.29
18861,3568.16
18862,3910.22
18863,4666.1
18864,8310.83
18865,4906.81
18866,3371.24
18867,3492.22
18868,6128.91
18869,2967.57
18870,5576.1
18871,2871.38
18872,5356.36
18873,5537.86
18874,5147.73
18875,5487.65
18876,4903.49
18877,4003.19
18878,5311.39
18879,5725.48
18880,7548.05
18881,4689.84
18882,5891.85
18883,6779.68
18884,7436.51
18885,4523.39
18886,6537.79
18887,3387.43
18888,4064.03
18889,4872.33
18890,5140.25
18891,7009.82
18892,4952.3
18893,3920.72
18894,4905.88
18895,5497.52
18896,6642.74
18897,3280.85
18898,11038.31
18899,3467.9
18900,5301.67
18901,6526.39
18902,5023.33
18903,4269.98
18904,4637.69
18905,5236.56
18906,3807.58
18907,3775.14
18908,6506.5
18909,6709.27
18910,5088.63
18911,3490.93
18912,5528.3
18913,8531.91
18914,6092.0
18915,5373.02
18916,4802.75
18917,5103.17
18918,5188.8
18919,6233.9
18920,2979.54
18921,5764.5
18922,5372.24
18923,4951.44
18924,7410.28
18925,3623.57
18926,4174.83
18927,3539.26
18928,5620.6
18929,7873.66
18930,4117.87
18931,3354.72
18932,5234.66
18933,4008.91
18934,4482.01
18935,7278.43
18936,5075.55
18937,5737.46
18938,4035.31
18939,3863.23
18940,4297.74
18941,6969.58
18942,5482.0
18943,5660.16
18944,5839.58
18945,4530.59
18946,7335.31
18947,4161.77
18948,5235.45
18949,6257.37
18950,5024.8
18951,7495.56
18952,6409.88
18953,4669.36
18954,4247.8
18955,5559.57
18956,5058.34
18957,4540.05
18958,3489.72
18959,4412.28
18960,6006.87
18961,4286.12
18962,3958.79
18963,6186.98
18964,5430.91
18965,5398.41
18966,4120.64
18967,3905.28
18968,4924.16
18969,5280.32
18970,5295.01
18971,4090.62
18972,4238.57
18973,4679.68
18974,2541.65
18975,4766.9
18976,3236.18
18977,6554.27
18978,5714.59
18979,5095.53
18980,6691.7
18981,4354.06
18982,3689.54
18983,7884.46
18984,5056.83
18985,5351.13
18986,6096.72
18987,3961.35
18988,4437.61
18989,4998.46
18990,5524.55
18991,8366.12
18992,6266.57
18993,2412.59
18994,4283.94
18995,6448.46
18996,6234.07
18997,4126.79
18998,5513.2
18999,3615.36
19000,4233.57
19001,2827.47
19002,3757.65
19003,5043.44
19004,4848.08
19005,5003.0
19006,3927.61
19007,5992.54
19008,6157.94
19009,6527.69
19010,3279.05
19011,7060.3
19012,7118.52
19013,3978.72
19014,6261.47
19015,3154.6
19016,4938.77
19017,2461.43
19018,5505.23
19019,3476.12
19020,7208.08
19021,5527.04
19022,5989.53
19023,6961.47
19024,5132.95
19025,5829.0
19026,14713.51
19027,7289.42
19028,3610.0
19029,2200.0
19030,4333.71
19031,7259.07
19032,4908.01
19033,10966.28
19034,16088.83
19035,2952.24
19036,3739.42
19037,5851.21
19038,3882.36
19039,6185.23
19040,4422.87
19041,5040.26
19042,3032.72
19043,5732.53
19044,5123.82
19045,6192.94
19046,6374.16
19047,4918.87
19048,4759.65
19049,5728.9
19050,3700.63
19051,3660.31
19052,6007.22
19053,3913.46
19054,4023.82
19055,5370.26
19056,4840.46
19057,4758.69
19058,5235.52
19059,5105.31
19060,6662.36
19061,7943.58
19062,5722.58
19063,5582.94
19064,2392.31
19065,4777.21
19066,5082.53
19067,3765.22
19068,3906.66
19069,6523.41
19070,4935.2
19071,9156.85
19072,4987.0
19073,3754.55
19074,3886.66
19075,4466.15
19076,6232.35
19077,3802.35
19078,7622.8
19079,11272.8
19080,5596.42
19081,4789.17
19082,3231.61
19083,3718.7
19084,5378.4
19085,3137.69
19086,4304.89
19087,7803.36
19088,3927.16
19089,11003.06
19090,9998.65
19091,3483.49
19092,5135.09
19093,5359.88
19094,5983.92
19095,3894.33
19096,8444.43
19097,4958.35
19098,6190.23
19099,3844.98
19100,5944.37
19101,3645.07
19102,7129.23
19103,4647.58
19104,4313.49
19105,5593.39
19106,4861.34
19107,5854.12
19108,8238.58
19109,4219.45
19110,7362.82
19111,4919.06
19112,6936.6
19113,4197.5
19114,3821.42
19115,4030.3
19116,6093.96
19117,4663.06
19118,5265.93
19119,4430.04
19120,6165.19
19121,3494.72
19122,8626.57
19123,5136.5
19124,2706.44
19125,11521.7
19126,13145.44
19127,4955.57
19128,4865.27
19129,6569.66
19130,7616.66
19131,8511.04
19132,4382.22
19133,5772.98
19134,4102.1
19135,5534.39
19136,3580.57
19137,4117.77
19138,4313.38
19139,4420.52
19140,5932.69
19141,4022.0
19142,3028.33
19143,4510.86
19144,3077.24
19145,3525.1
19146,4172.91
19147,4939.38
19148,6168.29
19149,6259.76
19150,5667.75
19151,4478.41
19152,4569.35
19153,8824.27
19154,5493.43
19155,3720.69
19156,3913.3
19157,7176.98
19158,4488.69
19159,5426.33
19160,2632.36
19161,3761.76
19162,5313.85
19163,4969.28
19164,4157.02
19165,6610.68
19166,6625.88
19167,9697.4
19168,4950.24
19169,7719.47
19170,2491.77
19171,4014.11
19172,4437.83
19173,2674.12
19174,6463.38
19175,3669.49
19176,4680.76
19177,6666.38
19178,8233.88
19179,6678.59
19180,3706.53
19181,5027.01
19182,10728.65
19183,6123.52
19184,4617.15
19185,3951.45
19186,5182.5
19187,6553.63
19188,3832.42
19189,4968.4
19190,5259.62
19191,5812.61
19192,10245.16
19193,4408.18
19194,13075.84
19195,5192.14
19196,3986.15
19197,2383.9
19198,4666.29
19199,4612.14
19200,3786.34
19201,5962.35
19202,4568.12
19203,3337.29
19204,5540.18
19205,3255.35
19206,7015.83
19207,5000.94
19208,5886.24
19209,6160.53
19210,3448.41
19211,7280.5
19212,5958.65
19213,3843.05
19214,4697.82
19215,4797.16
19216,7810.1
19217,4749.42
19218,3522.58
19219,5725.6
19220,5914.63
19221,4934.83
19222,4239.15
19223,6511.85
19224,4413.65
19225,4604.08
19226,4779.93
19227,6481.79
19228,4080.93
19229,4380.46
19230,4769.67
19231,4847.33
19232,4069.13
19233,3455.12
19234,6506.8
19235,8193.16
19236,8309.55
19237,7737.45
19238,7004.3
19239,6825.04
19240,4636.24
19241,8814.19
19242,7366.77
19243,5064.49
19244,6322.98
19245,6328.75
19246,4360.48
19247,2850.43
19248,8878.79
19249,4689.54
19250,4956.38
19251,5362.4
19252,1931.56
19253,7882.05
19254,4753.97
19255,3799.49
19256,4123.38
19257,4592.03
19258,5465.84
19259,5534.45
19260,5247.99
19261,4931.93
19262,3741.36
19263,3380.01
19264,2416.11
19265,4979.29
19266,14035.09
19267,4304.37
19268,4153.43
19269,5071.05
19270,3860.31
19271,3819.08
19272,3564.26
19273,2882.69
19274,5324.74
19275,5073.0
19276,3105.54
19277,6813.83
19278,3965.58
19279,4245.39
19280,8036.3
19281,5761.3
19282,9432.76
19283,3898.52
19284,4892.72
19285,3455.77
19286,4921.48
19287,12678.7
19288,7857.97
19289,5894.23
19290,3335.74
19291,3566.4
19292,4369.32
19293,3606.65
19294,8090.5
19295,4056.29
19296,4516.95
19297,5668.39
19298,3582.48
19299,4813.24
19300,4783.97
19301,5982.72
19302,4792.95
19303,3016.52
19304,4451.85
19305,5404.43
19306,6759.57
19307,6129.37
19308,5121.35
19309,3374.04
19310,6090.99
19311,4355.8
19312,4172.82
19313,5433.42
19314,5476.23
19315,4998.45
19316,3968.78
19317,4440.64
19318,6933.35
19319,4577.73
19320,5081.96
19321,5919.43
19322,3650.84
19323,7520.04
19324,4789.9
19325,3582.25
19326,8310.99
19327,4532.0
19328,2892.52
19329,5457.06
19330,6795.79
19331,7403.73
19332,4155.04
19333,4918.11
19334,4951.83
19335,5957.36
19336,4167.1
19337,5870.22
19338,2735.33
19339,4385.96
19340,4672.7
19341,3815.63
19342,3457.03
19343,5086.93
19344,5320.42
19345,4187.07
19346,6145.66
19347,4650.29
19348,6585.43
19349,4098.2
19350,5163.2
19351,4955.41
19352,5357.72
19353,6149.93
19354,2544.36
19355,6717.49
19356,6296.08
19357,5122.88
19358,3681.42
19359,3064.04
19360,5238.82
19361,4595.52
19362,6417.19
19363,5261.17
19364,4170.35
19365,5795.14
19366,4680.63
19367,4002.8
19368,6260.19
19369,3716.28
19370,6615.9
19371,7965.37
19372,6017.56
19373,3183.46
19374,4061.11
19375,3168.59
19376,2547.73
19377,5768.58
19378,4108.78
19379,6283.0
19380,3404.41
19381,6303.43
19382,5046.88
19383,8292.33
19384,3501.25
19385,4476.63
19386,3601.09
19387,6195.32
19388,4261.94
19389,6075.58
19390,7028.11
19391,8110.6
19392,5169.61
19393,5614.76
19394,5128.99
19395,3502.82
19396,3745.46
19397,7801.99
19398,6736.61
19399,7658.78
19400,13807.37
19401,4115.37
19402,3689.33
19403,4299.28
19404,6402.08
19405,6625.4
19406,4593.99
19407,5440.85
19408,5464.12
19409,5831.13
19410,4432.81
19411,3941.82
19412,3890.46
19413,3779.9
19414,3083.49
19415,3452.82
19416,5852.23
19417,12517.75
19418,5067.55
19419,3714.62
19420,5275.73
19421,2777.05
19422,5915.8
19423,3130.64
19424,7340.57
19425,5518.5
19426,5999.89
19427,10931.41
19428,10513.77
19429,5174.51
19430,5732.14
19431,2966.71
19432,4926.4
19433,4826.54
19434,6849.17
19435,3950.01
19436,3251.49
19437,4659.51
19438,4089.57
19439,6647.8
19440,4499.19
19441,3138.32
19442,5283.42
19443,5507.92
19444,4945.88
19445,2988.31
19446,2885.3
19447,5530.41
19448,3775.67
19449,7331.08
19450,2879.39
19451,3473.39
19452,5065.12
19453,5291.08
19454,3594.25
19455,5574.28
19456,5776.45
19457,7422.5
19458,6833.15
19459,4408.77
19460,3208.6
19461,4457.4
19462,5904.68
19463,3589.65
19464,4324.57
19465,5988.72
19466,9931.96
19467,6480.06
19468,5794.55
19469,6621.77
19470,3197.44
19471,6993.82
19472,4228.07
19473,9727.84
19474,4295.91
19475,3860.55
19476,3186.06
19477,3098.95
19478,6205.17
19479,15382.8
19480,3412.32
19481,3785.7
19482,7198.21
19483,5365.78
19484,16304.88
19485,5833.81
19486,4561.56
19487,5056.75
19488,3680.18
19489,7229.83
19490,4114.5
19491,5355.02
19492,6210.47
19493,3963.23
19494,6427.27
19495,4391.22
19496,2913.88
19497,7818.1
19498,7715.28
19499,3352.63
19500,4923.66
19501,4657.37
19502,4426.48
19503,6601.11
19504,4582.04
19505,6931.29
19506,3487.94
19507,3222.89
19508,6185.44
19509,2556.92
19510,5951.98
19511,3482.41
19512,4417.93
19513,3947.01
19514,4288.83
19515,5341.54
19516,5175.51
19517,4726.5
19518,5972.93
19519,4658.54
19520,6337.61
19521,5618.85
19522,6331.42
19523,6747.43
19524,7084.11
19525,2401.62
19526,4621.4
19527,6950.57
19528,4782.73
19529,9168.12
19530,4331.53
19531,5037.27
19532,7832.51
19533,4910.12
19534,2847.36
19535,8732.07
19536,9244.78
19537,4614.41
19538,5900.06
19539,8267.37
19540,4329.91
19541,3985.27
19542,4904.76
19543,4304.11
19544,4560.73
19545,5643.46
19546,3696.95
19547,5474.34
19548,5153.69
19549,4692.5
19550,5204.96
19551,5637.32
19552,5044.18
19553,4414.47
19554,6173.83
19555,5054.48
19556,6207.59
19557,5232.15
19558,4544.16
19559,6899.68
19560,3995.89
19561,4181.6
19562,4194.6
19563,5756.63
19564,5537.92
19565,4419.63
19566,3043.0
19567,7216.69
19568,5812.54
19569,4208.92
19570,5728.39
19571,5337.65
19572,5637.99
19573,3565.29
19574,2919.88
19575,4562.25
19576,4778.1
19577,4295.05
19578,7289.83
19579,6743.59
19580,3945.18
19581,5981.67
19582,2938.47
19583,2733.62
19584,6051.45
19585,10819.68
19586,5690.06
19587,5503.3
19588,3335.37
19589,5313.14
19590,6517.69
19591,4176.17
19592,5268.18
19593,4229.99
19594,4110.54
19595,4156.1
19596,3752.46
19597,4201.95
19598,3183.22
19599,3085.51
19600,3133.57
19601,5391.75
19602,5193.21
19603,3799.89
19604,5057.52
19605,5688.62
19606,4196.09
19607,5061.14
19608,6293.38
19609,6482.86
19610,4678.04
19611,3168.48
19612,9441.35
19613,4623.64
19614,3446.94
19615,7369.21
19616,6620.26
19617,4982.67
19618,5077.32
19619,5418.73
19620,6785.01
19621,10151.5
19622,3326.93
19623,3295.45
19624,3524.85
19625,4938.8
19626,4361.89
19627,7234.93
19628,6577.35
19629,4749.33
19630,2975.14
19631,5050.35
19632,8994.33
19633,3549.4
19634,5324.9
19635,3205.94
19636,5404.11
19637,6215.4
19638,5590.01
19639,6667.92
19640,5242.36
19641,3411.5
19642,5830.63
19643,5541.89
19644,6227.52
19645,5734.38
19646,5520.48
19647,4266.05
19648,3230.64
19649,7140.05
19650,3485.93
19651,8779.09
19652,4762.53
19653,3370.51
19654,4842.93
19655,4814.88
19656,5684.44
19657,6023.12
19658,2957.59
19659,3326.39
19660,4936.1
19661,5888.13
19662,8068.56
19663,3808.1
19664,4804.63
19665,4245.32
19666,4144.83
19667,4120.24
19668,7712.64
19669,7166.56
19670,9744.59
19671,3507.71
19672,4140.04
19673,7088.4
19674,7862.4
19675,3564.77
19676,8514.75
19677,5552.38
19678,3342.67
19679,4183.55
19680,3254.82
19681,4684.35
19682,4276.65
19683,3856.09
19684,3595.65
19685,6092.66
19686,6523.85
19687,17589.52
19688,4233.96
19689,3342.88
19690,5479.6
19691,9902.92
19692,4238.55
19693,5184.49
19694,4537.14
19695,7552.85
19696,5633.77
19697,3243.14
19698,4406.52
19699,5143.09
19700,5949.27
19701,5430.13
19702,7162.12
19703,3386.45
19704,3544.52
19705,3701.77
19706,6505.13
19707,8081.53
19708,7105.2
19709,5303.16
19710,3751.62
19711,4662.92
19712,3458.83
19713,6112.35
19714,7025.36
19715,7428.06
19716,3883.13
19717,3503.43
19718,4326.72
19719,4744.69
19720,7537.26
19721,4770.15
19722,3262.34
19723,3557.14
19724,5992.61
19725,3092.82
19726,5605.11
19727,2668.17
19728,5135.61
19729,5483.81
19730,5011.15
19731,5808.64
19732,4906.02
19733,3898.26
19734,5492.19
19735,4949.49
19736,7721.55
19737,4656.65
19738,6026.91
19739,6617.99
19740,7564.72
19741,4710.61
19742,6640.99
19743,3455.57
19744,4378.01
19745,4434.65
19746,5376.06
19747,7018.2
19748,4862.76
19749,4005.02
19750,4834.39
19751,5355.5
19752,6538.75
19753,3012.2
19754,9820.27
19755,3322.91
19756,5197.66
19757,6054.22
19758,5187.67
19759,4013.05
19760,4546.2
19761,5280.37
19762,3807.91
19763,4079.12
19764,6930.22
19765,6223.28
19766,4837.33
19767,3522.05
19768,5770.31
19769,8800.76
19770,6357.22
19771,5609.78
19772,4847.04
19773,5265.43
19774,5135.01
19775,6217.25
19776,2862.28
19777,5917.52
19778,5558.25
19779,5083.26
19780,7688.17
19781,3683.64
19782,3972.42
19783,3397.1
19784,5802.16
19785,7237.23
19786,4067.59
19787,3417.7
19788,5118.85
19789,4052.91
19790,4533.67
19791,7204.62
19792,5617.02
19793,5269.06
19794,4205.92
19795,3674.77
19796,4228.94
19797,7135.55
19798,5911.4
19799,5763.55
19800,5732.63
19801,4619.36
19802,6860.38
19803,4050.95
19804,5140.34
19805,6295.95
19806,4712.73
19807,7462.34
19808,6081.84
19809,4783.3
19810,4302.93
19811,5552.61
19812,5055.96
19813,4493.29
19814,3631.52
19815,4398.93
19816,5774.94
19817,4291.29
19818,3623.47
19819,6418.38
19820,5633.68
19821,5273.0
19822,4282.73
19823,3865.73
19824,5195.91
19825,5325.81
19826,5403.68
19827,3781.92
19828,4247.14
19829,4704.63
19830,2744.13
19831,6647.04
19832,3305.76
19833,6513.81
19834,5767.93
19835,5182.26
19836,6695.48
19837,4065.31
19838,3652.3
19839,7811.86
19840,4857.63
19841,5699.8
19842,6016.91
19843,3895.89
19844,4602.1
19845,5068.54
19846,5596.79
19847,8248.38
19848,6546.24
19849,2241.9
19850,4014.07
19851,6632.71
19852,6364.9
19853,4172.39
19854,5502.48
19855,3590.49
19856,4628.4
19857,2759.09
19858,3681.26
19859,4569.66
19860,5069.86
19861,5350.96
19862,4207.52
19863,6151.86
19864,6041.28
19865,6040.76
19866,3180.79
19867,7065.61
19868,6959.31
19869,4115.72
19870,6392.57
19871,3147.98
19872,4773.02
19873,2491.56
19874,5513.55
19875,3464.75
19876,6768.89
19877,5539.76
19878,5883.63
19879,7376.1
19880,4096.88
19881,5554.74
19882,15168.58
19883,7064.61
19884,3551.91
19885,2225.31
19886,4181.91
19887,7147.19
19888,5020.31
19889,10884.22
19890,16879.8
19891,2834.07
19892,3602.38
19893,5768.39
19894,3325.37
19895,6276.87
19896,4492.28
19897,5140.64
19898,3100.52
19899,5647.23
19900,5045.81
19901,6394.93
19902,6006.38
19903,4859.78
19904,4355.24
19905,5882.46
19906,3765.77
19907,3697.52
19908,6075.96
19909,4412.49
19910,3837.69
19911,5314.17
19912,5105.93
19913,4501.54
19914,5358.38
19915,5249.41
19916,6553.54
19917,8112.31
19918,5652.81
19919,5477.1
19920,2183.23
19921,4972.31
19922,5189.84
19923,3773.5
19924,3894.36
19925,6631.24
19926,4896.27
19927,8493.86
19928,5126.16
19929,3894.1
19930,3879.99
19931,4505.9
19932,7029.68
19933,3763.8
19934,7289.49
19935,12813.35
19936,5394.55
19937,4700.7
19938,3221.03
19939,3586.68
19940,4910.01
19941,2903.05
19942,4388.63
19943,7871.98
19944,3852.36
19945,11235.02
19946,10088.25
19947,3491.65
19948,5067.56
19949,5069.92
19950,6080.88
19951,3942.93
19952,8375.81
19953,4877.2
19954,6178.93
19955,3908.34
19956,5793.63
19957,3849.71
19958,7602.71
19959,4273.06
19960,4293.6
19961,5382.58
19962,4817.99
19963,5868.64
19964,9165.31
19965,4356.12
19966,7415.15
19967,4470.14
19968,7046.25
19969,4434.25
19970,3803.39
19971,3754.27
19972,6050.54
19973,4421.51
19974,5336.11
19975,4285.28
19976,6090.93
19977,3497.35
19978,9537.75
19979,5107.46
19980,2614.86
19981,11013.53
19982,13079.31
19983,5258.54
19984,5111.07
19985,6761.19
19986,7814.3
19987,8811.97
19988,4646.36
19989,5856.89
19990,4084.44
19991,5587.43
19992,3236.86
19993,4246.36
19994,4258.86
19995,4439.55
19996,6033.72
19997,4173.46
19998,3086.11
19999,4350.78
20000,3112.34
20001,3598.71
20002,4284.98
20003,4302.79
20004,6289.09
20005,6241.13
20006,5941.84
20007,4479.55
20008,4662.38
20009,8979.39
20010,5381.8
20011,3584.06
20012,3744.21
20013,6783.16
20014,3941.08
20015,5323.83
20016,2639.07
20017,3583.01
20018,5178.88
20019,5261.23
20020,4221.13
20021,6883.78
20022,6763.34
20023,9689.25
20024,5438.91
20025,7963.79
20026,2378.44
20027,3912.47
20028,4393.48
20029,2716.77
20030,6573.09
20031,3840.28
20032,4656.32
20033,6595.01
20034,8748.84
20035,6545.73
20036,3797.77
20037,5079.83
20038,10902.03
20039,5896.61
20040,4538.12
20041,3860.36
20042,4873.65
20043,6864.97
20044,3569.75
20045,4993.73
20046,5475.22
20047,5592.78
20048,10993.39
20049,4368.39
20050,12506.68
20051,5159.31
20052,3888.99
20053,2536.36
20054,4644.26
20055,4478.42
20056,3721.76
20057,5815.9
20058,4442.8
20059,3165.44
20060,5152.95
20061,3645.66
20062,7328.68
20063,4917.96
20064,6131.21
20065,6266.27
20066,3373.2
20067,7108.09
20068,5941.85
20069,3792.69
20070,4661.95
20071,3893.35
20072,7615.78
20073,4860.25
20074,3521.58
20075,5582.58
20076,5882.56
20077,4935.71
20078,4436.77
20079,6327.91
20080,4595.63
20081,4824.99
20082,4856.51
20083,6377.25
20084,4384.24
20085,4410.18
20086,4138.05
20087,4068.2
20088,4203.33
20089,3441.98
20090,6383.94
20091,8590.63
20092,8415.91
20093,8107.85
20094,6813.84
20095,7271.69
20096,4622.02
20097,8934.27
20098,7457.67
20099,4924.92
20100,6147.37
20101,6628.36
20102,4281.72
20103,3285.42
20104,9113.83
20105,4652.17
20106,4958.17
20107,5300.65
20108,1862.74
20109,8028.4
20110,5101.09
20111,3859.18
20112,4051.68
20113,4610.58
20114,6030.83
20115,5125.91
20116,5007.15
20117,5447.59
20118,3625.16
20119,2764.28
20120,2622.18
20121,5213.53
20122,14017.79
20123,4480.25
20124,4119.48
20125,4899.43
20126,3930.44
20127,4093.83
20128,3478.1
20129,2966.57
20130,5326.65
20131,5113.72
20132,3145.6
20133,6701.51
20134,3736.89
20135,4612.21
20136,8602.66
20137,5660.26
20138,9453.98
20139,3896.04
20140,5338.88
20141,3403.42
20142,4230.12
20143,12105.02
20144,7832.94
20145,5405.39
20146,3590.34
20147,3683.09
20148,4394.12
20149,3499.77
20150,8889.88
20151,4174.86
20152,4684.86
20153,5665.97
20154,3263.83
20155,4979.86
20156,5133.77
20157,6094.97
20158,4695.86
20159,2940.76
20160,4340.94
20161,5401.94
20162,6540.88
20163,6122.05
20164,5359.97
20165,3458.17
20166,6183.44
20167,4295.18
20168,4031.92
20169,5457.4
20170,5615.45
20171,4957.49
20172,4006.46
20173,4548.29
20174,7099.7
20175,4598.84
20176,5251.37
20177,5308.88
20178,3723.67
20179,7630.31
20180,4634.59
20181,3410.66
20182,8398.53
20183,4766.19
20184,2786.14
20185,6539.17
20186,6790.26
20187,7569.03
20188,4283.34
20189,5241.32
20190,5009.12
20191,5761.0
20192,4515.68
20193,5888.73
20194,2629.05
20195,4194.25
20196,4441.5
20197,4016.1
20198,3553.85
20199,5164.01
20200,5010.8
20201,4469.57
20202,6279.45
20203,4536.3
20204,6671.59
20205,4143.09
20206,5306.51
20207,4820.43
20208,5440.32
20209,5730.06
20210,2639.91
20211,6723.93
20212,6463.52
20213,5282.49
20214,3609.02
20215,3261.1
20216,5339.33
20217,4645.82
20218,6354.56
20219,5159.86
20220,4275.02
20221,5848.13
20222,4790.07
20223,3818.94
20224,6222.07
20225,3700.32
20226,6711.37
20227,7772.94
20228,5899.49
20229,3478.94
20230,4167.5
20231,3330.06
20232,2513.06
20233,5715.43
20234,4345.4
20235,6766.87
20236,3325.75
20237,5832.69
20238,5366.76
20239,7177.85
20240,3646.77
20241,4405.55
20242,3604.08
20243,6532.11
20244,4448.05
20245,5374.98
20246,6417.3
20247,8289.99
20248,4877.6
20249,5537.8
20250,4730.85
20251,3290.4
20252,4103.75
20253,7907.06
20254,6783.09
20255,8331.96
20256,13748.06
20257,4551.88
20258,3851.02
20259,4367.86
20260,6781.19
20261,6795.24
20262,4720.02
20263,5578.1
20264,5520.68
20265,5798.85
20266,4211.16
20267,4022.19
20268,3949.47
20269,3798.85
20270,2997.72
20271,3435.86
20272,6109.26
20273,12548.61
20274,4733.43
20275,3858.95
20276,4839.2
20277,2848.62
20278,5182.32
20279,3175.27
20280,7923.2
20281,5032.09
20282,6376.68
20283,10369.57
20284,10051.91
20285,5095.57
20286,5893.43
20287,2922.31
20288,4764.61
20289,4609.16
20290,7020.22
20291,3944.26
20292,3131.62
20293,4749.2
20294,4172.67
20295,6808.41
20296,4564.94
20297,3286.68
20298,5227.18
20299,5584.54
20300,4891.02
20301,3107.98
20302,2864.49
20303,6279.73
20304,3713.49
20305,7548.42
20306,3056.36
20307,3573.0
20308,4992.41
20309,5496.75
20310,3633.41
20311,5699.93
20312,5740.02
20313,7210.04
20314,6700.27
20315,4324.74
20316,3534.52
20317,4464.4
20318,5659.73
20319,3526.64
20320,4237.45
20321,6316.87
20322,10094.14
20323,6262.41
20324,6393.9
20325,6331.81
20326,3325.91
20327,7195.18
20328,4310.21
20329,9902.9
20330,4235.04
20331,3703.78
20332,3356.57
20333,3082.94
20334,6405.07
20335,16129.87
20336,2958.54
20337,3832.65
20338,7930.87
20339,5140.84
20340,13047.97
20341,5798.34
20342,4580.2
20343,5226.43
20344,3728.74
20345,7884.26
20346,4292.58
20347,5519.85
20348,6291.08
20349,4203.82
20350,6767.26
20351,4645.79
20352,2928.03
20353,8991.25
20354,9187.52
20355,3515.67
20356,4882.31
20357,4529.85
20358,3801.63
20359,6570.51
20360,4457.05
20361,7085.94
20362,3408.71
20363,3338.66
20364,6459.7
20365,2821.48
20366,6296.09
20367,2900.58
20368,4612.42
20369,4067.16
20370,4415.15
20371,5218.59
20372,5382.47
20373,4723.21
20374,6146.32
20375,4554.18
20376,6252.35
20377,5348.89
20378,5983.07
20379,6711.09
20380,7046.27
20381,2374.06
20382,4927.83
20383,7067.43
20384,4566.44
20385,9632.3
20386,4234.37
20387,4972.08
20388,7587.17
20389,5199.67
20390,2850.27
20391,8796.85
20392,8973.62
20393,4602.14
20394,5829.56
20395,8815.14
20396,4263.82
20397,3995.87
20398,4790.33
20399,4293.09
20400,4381.78
20401,5570.21
20402,3715.33
20403,6237.23
20404,5130.11
20405,4619.53
20406,5267.0
20407,5354.31
20408,4905.18
20409,4570.25
20410,6159.31
20411,4952.37
20412,5986.86
20413,4836.6
20414,4768.32
20415,7520.34
20416,4113.64
20417,4178.61
20418,4411.25
20419,5724.51
20420,5683.57
20421,4427.5
20422,3274.64
20423,6181.22
20424,5674.71
20425,4256.97
20426,5931.5
20427,5519.17
20428,4688.3
20429,3481.62
20430,3017.02
20431,4565.81
20432,4820.67
20433,5325.56
20434,7654.0
20435,6464.91
20436,3964.02
20437,6238.95
20438,2935.84
20439,2758.05
20440,5716.18
20441,10055.2
20442,5722.22
20443,5595.66
20444,3353.3
20445,5432.65
20446,6261.59
20447,4289.51
20448,5939.82
20449,3858.84
20450,4059.66
20451,4259.68
20452,3774.32
20453,4049.81
20454,3136.2
20455,3101.6
20456,3341.68
20457,5185.98
20458,5293.8
20459,3530.16
20460,5403.96
20461,5376.2
20462,4154.7
20463,5044.17
20464,6158.32
20465,6440.75
20466,4614.49
20467,3058.77
20468,11015.47
20469,4403.29
20470,3357.85
20471,7088.1
20472,6089.0
20473,5096.02
20474,4726.59
20475,5540.68
20476,6847.11
20477,9089.51
20478,3500.71
20479,3370.18
20480,3447.99
20481,4897.28
20482,4245.23
20483,7917.46
20484,6575.58
20485,4726.1
20486,2898.17
20487,5152.25
20488,9346.88
20489,3325.76
20490,5129.92
20491,3243.53
20492,5365.97
20493,5687.54
20494,5565.87
20495,6621.61
20496,5864.44
20497,3396.41
20498,5650.04
20499,6044.27
20500,6371.82
20501,5636.91
20502,5273.78
20503,4260.69
20504,3316.12
20505,6871.05
20506,3568.75
20507,9058.12
20508,4656.85
20509,3388.01
20510,4971.15
20511,5035.95
20512,5723.55
20513,6289.37
20514,2784.4
20515,3458.75
20516,5025.93
20517,5868.0
20518,8018.45
20519,3882.29
20520,4733.23
20521,4182.78
20522,4451.6
20523,4018.24
20524,7373.07
20525,7142.19
20526,9708.39
20527,3425.39
20528,4090.51
20529,7420.42
20530,7909.93
20531,3725.43
20532,8117.53
20533,5638.42
20534,3762.38
20535,3893.28
20536,3177.89
20537,5055.01
20538,4339.27
20539,4037.72
20540,3888.65
20541,5848.58
20542,6447.1
20543,17976.21
20544,4295.8
20545,3611.29
20546,5248.43
20547,10671.68
20548,4818.15
20549,5814.42
20550,4867.88
20551,7432.77
20552,6698.35
20553,3515.6
20554,5015.01
20555,5676.21
20556,6710.28
20557,5677.89
20558,7736.2
20559,4006.81
20560,3659.21
20561,4089.07
20562,7294.66
20563,9808.53
20564,7254.2
20565,5914.0
20566,3658.47
20567,5192.1
20568,3517.21
20569,6917.5
20570,7870.76
20571,8529.24
20572,4239.02
20573,3615.37
20574,4415.7
20575,5294.93
20576,8694.15
20577,5417.2
20578,4142.62
20579,3918.38
20580,6946.28
20581,3581.56
20582,5922.88
20583,3005.06
20584,5740.27
20585,5843.37
20586,4969.23
20587,5835.17
20588,5244.71
20589,4257.13
20590,6115.17
20591,5386.81
20592,8173.27
20593,5055.69
20594,6425.05
20595,7661.4
20596,7765.51
20597,5520.12
20598,6953.17
20599,3477.5
20600,4552.66
20601,5000.29
20602,6309.21
20603,7505.77
20604,5952.18
20605,4576.15
20606,5601.26
20607,6098.63
20608,6929.92
20609,3411.83
20610,9466.25
20611,3709.44
20612,5701.09
20613,6642.17
20614,5541.73
20615,4320.99
20616,4794.33
20617,5517.95
20618,4410.44
20619,4386.73
20620,7714.32
20621,6336.85
20622,5301.81
20623,4175.11
20624,6221.05
20625,9215.12
20626,6398.48
20627,6130.93
20628,5371.37
20629,5746.65
20630,6040.05
20631,6597.47
20632,3641.5
20633,6582.33
20634,5731.1
20635,6287.12
20636,9506.83
20637,4126.61
20638,4322.82
20639,3703.12
20640,6281.15
20641,8056.69
20642,4604.04
20643,3907.62
20644,5953.91
20645,4546.61
20646,5043.58
20647,7245.93
20648,5886.86
20649,6434.2
20650,4504.36
20651,4250.47
20652,5020.93
20653,7467.14
20654,6443.24
20655,6139.98
20656,6452.67
20657,5080.58
20658,7203.03
20659,4265.1
20660,5364.23
20661,7807.0
20662,5255.3
20663,8315.96
20664,6985.39
20665,5343.12
20666,4517.07
20667,6359.35
20668,5639.24
20669,4714.5
20670,3465.6
20671,4458.05
20672,6147.91
20673,5186.4
20674,3738.2
20675,7275.98
20676,6297.47
20677,5584.23
20678,4540.18
20679,4171.32
20680,5546.6
20681,6010.66
20682,5562.1
20683,4443.91
20684,5045.4
20685,5318.15
20686,3026.11
20687,6569.07
20688,3552.04
20689,6861.94
20690,5918.58
20691,5545.3
20692,6634.77
20693,4541.4
20694,4299.28
20695,9025.09
20696,5264.08
20697,6336.1
20698,6737.31
20699,4113.52
20700,5128.24
20701,5302.57
20702,6059.3
20703,9523.69
20704,8216.67
20705,2508.76
20706,4430.16
20707,6809.39
20708,6937.78
20709,4446.67
20710,5971.14
20711,3683.13
20712,4734.75
20713,3148.47
20714,4019.5
20715,5180.89
20716,5486.71
20717,5707.33
20718,5384.59
20719,6653.5
20720,6998.45
20721,7115.57
20722,4063.56
20723,7511.94
20724,7789.61
20725,4517.79
20726,7115.09
20727,4013.31
20728,5434.26
20729,2835.87
20730,5692.65
20731,3607.59
20732,7986.8
20733,6193.37
20734,6937.12
20735,7987.69
20736,5027.39
20737,6442.98
20738,16129.36
20739,7846.73
20740,4288.73
20741,2245.63
20742,5147.2
20743,7285.76
20744,5043.66
20745,11206.38
20746,18088.68
20747,3106.17
20748,3889.61
20749,7172.75
20750,3876.15
20751,7090.44
20752,4872.17
20753,5954.4
20754,3163.2
20755,6078.67
20756,5298.16
20757,7234.64
20758,5925.88
20759,5428.25
20760,4938.51
20761,6064.07
20762,3955.1
20763,4245.06
20764,7306.84
20765,4427.2
20766,4675.02
20767,5769.16
20768,5433.58
20769,4709.47
20770,6232.18
20771,5895.36
20772,8285.51
20773,9577.67
20774,6130.46
20775,4814.45
20776,3002.1
20777,4941.5
20778,5718.95
20779,4450.44
20780,4116.54
20781,6944.12
20782,5139.53
20783,9042.1
20784,6030.16
20785,4314.59
20786,4412.06
20787,5379.15
20788,7690.11
20789,4193.39
20790,7352.79
20791,13868.23
20792,6026.7
20793,5181.24
20794,3870.83
20795,4069.76
20796,5563.9
20797,3295.25
20798,4852.85
20799,8864.81
20800,4548.5
20801,11558.09
20802,10878.09
20803,4054.49
20804,5659.65
20805,5590.87
20806,5782.84
20807,4509.27
20808,8037.96
20809,5285.69
20810,6921.36
20811,4220.41
20812,6357.98
20813,4354.33
20814,7416.6
20815,4843.98
20816,4624.29
20817,5952.4
20818,5109.28
20819,6260.66
20820,9091.47
20821,4788.88
20822,7805.38
20823,5655.89
20824,8632.69
20825,4462.23
20826,4090.61
20827,4187.29
20828,6512.81
20829,5402.31
20830,6083.33
20831,5413.0
20832,7124.02
20833,3948.77
20834,8544.29
20835,5436.7
20836,3105.34
20837,11390.54
20838,15402.38
20839,5674.16
20840,5716.85
20841,6383.53
20842,8650.59
20843,10146.63
20844,4984.05
20845,5993.5
20846,4654.72
20847,5939.82
20848,3562.99
20849,4375.83
20850,4935.71
20851,4587.09
20852,6530.09
20853,4174.76
20854,3259.08
20855,4838.74
20856,3120.21
20857,3646.09
20858,4315.46
20859,4779.16
20860,6998.26
20861,7356.95
20862,6475.08
20863,5793.69
20864,5506.14
20865,9857.44
20866,5934.14
20867,4013.28
20868,4432.55
20869,8603.95
20870,4548.41
20871,5920.59
20872,3378.85
20873,4135.95
20874,5999.23
20875,5771.27
20876,5120.19
20877,7514.68
20878,7948.23
20879,10880.48
20880,5805.28
20881,8449.99
20882,3149.68
20883,4045.23
20884,4717.57
20885,2765.46
20886,6975.85
20887,4099.27
20888,5665.56
20889,7158.97
20890,9734.47
20891,6836.46
20892,4550.7
20893,5233.1
20894,12245.16
20895,6163.5
20896,5023.53
20897,4470.19
20898,5738.68
20899,6924.59
20900,4158.91
20901,5492.56
20902,5794.84
20903,5842.55
20904,10896.26
20905,5223.93
20906,12410.38
20907,5876.43
20908,4607.52
20909,2593.25
20910,5378.09
20911,4999.6
20912,4046.71
20913,6459.47
20914,5111.31
20915,3611.12
20916,5791.71
20917,3853.84
20918,7729.05
20919,5786.98
20920,6441.22
20921,6442.2
20922,3874.04
20923,7592.64
20924,6565.02
20925,4509.54
20926,5071.79
20927,4049.43
20928,9021.27
20929,5533.58
20930,3795.18
20931,5996.9
20932,6656.23
20933,5533.4
20934,4838.41
20935,7089.3
20936,4906.12
20937,4939.04
20938,5224.25
20939,7331.61
20940,4476.0
20941,4862.39
20942,4751.19
20943,4919.36
20944,4661.38
20945,3842.2
20946,7121.04
20947,8959.89
20948,9651.7
20949,8537.11
20950,6831.1
20951,7881.92
20952,5085.77
20953,10027.15
20954,8538.11
20955,5247.42
20956,6746.28
20957,6826.54
20958,4559.14
20959,3940.96
20960,9382.03
20961,4700.33
20962,5338.43
20963,5538.58
20964,1924.11
20965,8093.8
20966,4998.22
20967,4065.31
20968,4475.2
20969,4878.01
20970,6519.89
20971,5546.6
20972,5914.13
20973,5351.68
20974,3856.08
20975,3256.99
20976,2965.31
20977,5492.79
20978,14651.52
20979,4493.87
20980,4585.2
20981,5509.62
20982,4344.01
20983,4732.15
20984,4039.84
20985,3202.97
20986,6063.4
20987,5365.63
20988,3170.27
20989,7254.1
20990,3977.08
20991,5100.31
20992,10016.19
20993,6244.26
20994,10790.77
20995,4174.73
20996,5508.75
20997,3542.51
20998,5427.18
20999,12633.98
21000,8124.56
21001,6047.23
21002,4068.35
21003,4368.63
21004,5180.76
21005,3734.01
21006,9402.4
21007,4599.67
21008,5444.56
21009,5971.42
21010,3823.9
21011,5155.15
21012,5113.06
21013,6714.17
21014,4864.91
21015,3180.36
21016,4825.5
21017,5622.58
21018,7421.9
21019,6469.57
21020,5684.9
21021,3440.3
21022,6493.68
21023,4785.58
21024,4566.41
21025,6025.02
21026,5946.88
21027,5422.13
21028,4628.32
21029,5285.13
21030,8140.16
21031,5427.48
21032,6111.76
21033,5744.01
21034,3671.73
21035,7693.37
21036,4966.99
21037,3554.18
21038,9163.34
21039,4759.5
21040,2833.52
21041,6727.67
21042,7536.26
21043,7631.72
21044,4541.71
21045,5707.79
21046,5468.16
21047,6702.45
21048,4742.22
21049,6834.07
21050,2761.16
21051,4814.0
21052,5460.92
21053,4354.35
21054,3821.53
21055,5790.48
21056,5672.4
21057,5127.85
21058,6621.2
21059,4880.03
21060,7350.1
21061,3993.08
21062,5696.24
21063,5217.09
21064,6169.93
21065,6872.41
21066,2665.83
21067,7039.05
21068,6981.45
21069,5861.53
21070,4036.41
21071,3267.34
21072,6034.79
21073,4733.11
21074,6821.85
21075,5840.77
21076,4807.99
21077,6388.22
21078,5105.58
21079,4155.15
21080,7146.04
21081,3950.34
21082,7528.26
21083,8306.36
21084,6341.13
21085,3546.3
21086,4339.66
21087,3340.17
21088,2679.05
21089,6645.24
21090,4794.07
21091,6872.68
21092,3298.31
21093,5955.34
21094,5433.07
21095,7972.35
21096,4078.13
21097,4648.0
21098,4209.91
21099,6904.82
21100,5258.48
21101,5917.7
21102,6562.74
21103,8038.1
21104,5848.29
21105,6119.49
21106,5707.59
21107,3840.8
21108,4342.13
21109,8601.71
21110,7106.78
21111,10478.93
21112,14118.79
21113,4559.36
21114,4650.11
21115,4860.27
21116,6898.83
21117,7274.27
21118,5035.55
21119,6085.13
21120,6417.56
21121,6093.63
21122,4711.56
21123,4004.44
21124,4647.37
21125,4031.24
21126,3033.6
21127,3755.67
21128,6706.22
21129,13245.75
21130,5401.86
21131,4253.65
21132,5295.36
21133,3363.72
21134,5532.61
21135,3301.88
21136,8179.8
21137,5259.79
21138,6470.82
21139,11879.3
21140,10488.17
21141,5227.21
21142,5978.27
21143,3550.11
21144,5062.53
21145,5770.86
21146,7265.06
21147,3998.92
21148,3508.15
21149,4911.49
21150,4928.64
21151,7015.05
21152,5049.31
21153,3470.52
21154,5939.53
21155,5979.81
21156,5219.8
21157,3285.77
21158,2884.03
21159,6440.27
21160,3711.31
21161,7995.97
21162,3657.44
21163,4556.12
21164,5332.09
21165,5375.92
21166,4046.43
21167,5691.88
21168,5705.97
21169,8497.11
21170,7058.84
21171,4762.6
21172,4011.34
21173,5489.48
21174,6616.13
21175,4180.37
21176,4854.33
21177,5739.45
21178,11075.07
21179,7166.63
21180,5269.41
21181,6588.75
21182,3348.62
21183,7999.44
21184,4775.71
21185,10080.8
21186,4770.43
21187,4278.52
21188,4065.52
21189,3000.03
21190,7114.07
21191,15121.06
21192,3446.33
21193,4237.17
21194,7793.58
21195,5737.33
21196,10591.6
21197,6542.46
21198,5049.47
21199,5769.69
21200,3990.52
21201,8187.93
21202,4420.99
21203,6025.95
21204,6534.5
21205,4491.16
21206,7525.9
21207,4855.28
21208,3116.48
21209,9783.28
21210,9544.85
21211,3678.1
21212,6001.71
21213,5575.28
21214,4689.52
21215,7877.11
21216,5091.46
21217,8166.31
21218,4084.72
21219,3581.42
21220,6824.85
21221,3138.08
21222,6918.51
21223,3336.41
21224,5252.64
21225,4282.52
21226,5107.09
21227,5861.12
21228,5559.53
21229,5110.18
21230,6980.61
21231,4666.14
21232,7186.58
21233,5263.8
21234,5966.27
21235,8119.4
21236,7478.76
21237,3181.28
21238,5308.33
21239,7651.12
21240,6327.05
21241,10043.02
21242,4982.7
21243,5663.15
21244,9586.05
21245,5256.52
21246,3194.85
21247,9315.49
21248,9262.12
21249,5361.57
21250,6353.38
21251,8571.29
21252,5038.45
21253,4381.47
21254,5374.62
21255,4833.93
21256,4736.84
21257,5891.85
21258,4065.19
21259,5596.72
21260,5835.06
21261,5281.48
21262,5629.45
21263,5614.16
21264,5436.66
21265,4946.64
21266,6457.94
21267,5496.09
21268,5492.17
21269,5401.95
21270,5167.06
21271,8309.55
21272,4580.9
21273,4194.19
21274,4961.98
21275,5730.67
21276,6177.3
21277,4260.85
21278,3594.17
21279,6397.84
21280,6167.86
21281,4743.06
21282,6057.29
21283,5831.12
21284,4860.68
21285,3857.68
21286,3269.76
21287,5077.59
21288,5188.05
21289,5205.77
21290,8143.64
21291,6861.03
21292,4670.1
21293,7442.33
21294,3170.44
21295,2813.71
21296,6185.51
21297,10385.23
21298,5749.02
21299,5657.96
21300,3375.3
21301,5638.02
21302,6608.12
21303,4574.84
21304,6397.22
21305,4073.79
21306,5566.08
21307,5181.0
21308,4667.88
21309,5151.2
21310,3265.61
21311,3952.26
21312,3608.03
21313,5451.04
21314,5382.1
21315,4319.05
21316,5385.57
21317,5839.93
21318,4254.8
21319,5122.77
21320,7391.57
21321,6830.2
21322,5978.68
21323,3561.43
21324,10547.82
21325,5278.95
21326,3833.11
21327,7241.62
21328,7401.49
21329,5545.81
21330,5085.01
21331,6182.5
21332,6668.84
21333,10310.27
21334,3392.1
21335,3936.2
21336,3843.07
21337,5564.92
21338,4507.96
21339,8446.67
21340,6696.71
21341,4968.44
21342,3483.83
21343,5481.15
21344,11324.43
21345,3827.95
21346,5647.22
21347,3625.74
21348,5975.75
21349,6013.61
21350,6070.51
21351,6880.02
21352,6051.99
21353,3693.65
21354,5463.45
21355,6435.11
21356,7009.72
21357,6265.67
21358,6250.0
21359,4350.65
21360,3988.54
21361,8233.53
21362,3817.87
21363,10304.62
21364,4591.75
21365,3669.07
21366,5290.02
21367,5649.81
21368,6104.36
21369,6690.88
21370,3622.6
21371,3611.73
21372,5211.26
21373,6301.14
21374,8904.34
21375,4331.81
21376,5301.42
21377,4338.37
21378,4943.63
21379,3950.61
21380,7695.24
21381,8246.29
21382,9961.2
21383,3885.43
21384,4706.73
21385,7632.6
21386,9555.68
21387,3840.55
21388,8532.7
21389,5992.45
21390,3708.72
21391,4239.87
21392,3368.6
21393,5467.86
21394,4217.01
21395,4094.75
21396,4106.27
21397,6914.66
21398,6057.42
21399,19243.7
21400,5039.34
21401,0.0
21402,0.0
21403,0.0
21404,0.0
21405,0.0
21406,0.0
21407,0.0
21408,0.0
21409,0.0
21410,0.0
21411,0.0
21412,0.0
21413,0.0
21414,0.0
21415,0.0
21416,0.0
21417,0.0
21418,0.0
21419,0.0
21420,0.0
21421,0.0
21422,0.0
21423,0.0
21424,0.0
21425,0.0
21426,0.0
21427,0.0
21428,0.0
21429,0.0
21430,0.0
21431,0.0
21432,0.0
21433,0.0
21434,0.0
21435,0.0
21436,0.0
21437,0.0
21438,0.0
21439,0.0
21440,0.0
21441,0.0
21442,0.0
21443,0.0
21444,0.0
21445,0.0
21446,0.0
21447,0.0
21448,0.0
21449,0.0
21450,0.0
21451,0.0
21452,0.0
21453,0.0
21454,0.0
21455,0.0
21456,0.0
21457,0.0
21458,0.0
21459,0.0
21460,0.0
21461,0.0
21462,0.0
21463,0.0
21464,0.0
21465,0.0
21466,0.0
21467,0.0
21468,0.0
21469,0.0
21470,0.0
21471,0.0
21472,0.0
21473,0.0
21474,0.0
21475,0.0
21476,0.0
21477,0.0
21478,0.0
21479,0.0
21480,0.0
21481,0.0
21482,0.0
21483,0.0
21484,0.0
21485,0.0
21486,0.0
21487,0.0
21488,0.0
21489,0.0
21490,0.0
21491,0.0
21492,3696.6
21493,0.0
21494,0.0
21495,0.0
21496,0.0
21497,0.0
21498,0.0
21499,0.0
21500,0.0
21501,0.0
21502,0.0
21503,0.0
21504,0.0
21505,0.0
21506,0.0
21507,0.0
21508,0.0
21509,0.0
21510,0.0
21511,0.0
21512,0.0
21513,0.0
21514,0.0
21515,0.0
21516,0.0
21517,0.0
21518,0.0
21519,0.0
21520,0.0
21521,0.0
21522,0.0
21523,0.0
21524,0.0
21525,0.0
21526,0.0
21527,0.0
21528,0.0
21529,0.0
21530,0.0
21531,0.0
21532,0.0
21533,0.0
21534,0.0
21535,0.0
21536,0.0
21537,0.0
21538,0.0
21539,0.0
21540,0.0
21541,0.0
21542,0.0
21543,0.0
21544,0.0
21545,0.0
21546,0.0
21547,0.0
21548,0.0
21549,0.0
21550,0.0
21551,0.0
21552,0.0
21553,0.0
21554,0.0
21555,0.0
21556,0.0
21557,0.0
21558,0.0
21559,0.0
21560,2626.1
21561,0.0
21562,0.0
21563,0.0
21564,0.0
21565,0.0
21566,0.0
21567,0.0
21568,0.0
21569,0.0
21570,0.0
21571,0.0
21572,0.0
21573,0.0
21574,0.0
21575,0.0
21576,0.0
21577,0.0
21578,0.0
21579,0.0
21580,0.0
21581,0.0
21582,0.0
21583,0.0
21584,0.0
21585,0.0
21586,0.0
21587,0.0
21588,0.0
21589,0.0
21590,0.0
21591,0.0
21592,0.0
21593,0.0
21594,0.0
21595,0.0
21596,0.0
21597,0.0
21598,0.0
21599,0.0
21600,0.0
21601,15696.95
21602,29351.58
21603,0.0
21604,0.0
21605,0.0
21606,0.0
21607,0.0
21608,0.0
21609,0.0
21610,6738.44
21611,0.0
21612,0.0
21613,0.0
21614,0.0
21615,0.0
21616,0.0
21617,0.0
21618,0.0
21619,0.0
21620,0.0
21621,0.0
21622,0.0
21623,0.0
21624,0.0
21625,0.0
21626,0.0
21627,0.0
21628,0.0
21629,4845.41
21630,0.0
21631,0.0
21632,0.0
21633,0.0
21634,0.0
21635,0.0
21636,0.0
21637,0.0
21638,0.0
21639,3003.07
21640,0.0
21641,0.0
21642,0.0
21643,0.0
21644,0.0
21645,0.0
21646,0.0
21647,0.0
21648,0.0
21649,0.0
21650,0.0
21651,0.0
21652,0.0
21653,0.0
21654,0.0
21655,0.0
21656,0.0
21657,7118.88
21658,0.0
21659,0.0
21660,0.0
21661,0.0
21662,0.0
21663,0.0
21664,0.0
21665,0.0
21666,0.0
21667,0.0
21668,0.0
21669,0.0
21670,0.0
21671,0.0
21672,0.0
21673,0.0
21674,7782.89
21675,0.0
21676,0.0
21677,0.0
21678,0.0
21679,0.0
21680,0.0
21681,0.0
21682,0.0
21683,0.0
21684,0.0
21685,0.0
21686,0.0
21687,0.0
21688,0.0
21689,0.0
21690,0.0
21691,0.0
21692,0.0
21693,0.0
21694,0.0
21695,0.0
21696,0.0
21697,0.0
21698,0.0
21699,0.0
21700,0.0
21701,0.0
21702,0.0
21703,0.0
21704,0.0
21705,0.0
21706,0.0
21707,0.0
21708,0.0
21709,0.0
21710,0.0
21711,0.0
21712,0.0
21713,0.0
21714,0.0
21715,0.0
21716,0.0
21717,0.0
21718,0.0
21719,0.0
21720,0.0
21721,0.0
21722,0.0
21723,0.0
21724,0.0
21725,0.0
21726,0.0
21727,0.0
21728,0.0
21729,0.0
21730,0.0
21731,0.0
21732,0.0
21733,0.0
21734,0.0
21735,0.0
21736,1486.34
21737,0.0
21738,0.0
21739,0.0
21740,0.0
21741,0.0
21742,0.0
21743,0.0
21744,0.0
21745,0.0
21746,0.0
21747,0.0
21748,0.0
21749,0.0
21750,5560.48
21751,0.0
21752,0.0
21753,0.0
21754,0.0
21755,0.0
21756,0.0
21757,0.0
21758,0.0
21759,0.0
21760,0.0
21761,0.0
21762,0.0
21763,0.0
21764,0.0
21765,0.0
21766,0.0
21767,0.0
21768,0.0
21769,0.0
21770,0.0
21771,0.0
21772,0.0
21773,0.0
21774,0.0
21775,0.0
21776,0.0
21777,0.0
21778,0.0
21779,0.0
21780,0.0
21781,0.0
21782,0.0
21783,0.0
21784,0.0
21785,0.0
21786,0.0
21787,0.0
21788,0.0
21789,0.0
21790,0.0
21791,0.0
21792,0.0
21793,6301.81
21794,0.0
21795,0.0
21796,0.0
21797,0.0
21798,0.0
21799,0.0
21800,0.0
21801,0.0
21802,0.0
21803,2455.23
21804,0.0
21805,0.0
21806,0.0
21807,5451.5
21808,0.0
21809,0.0
21810,0.0
21811,0.0
21812,0.0
21813,0.0
21814,0.0
21815,0.0
21816,0.0
21817,0.0
21818,0.0
21819,0.0
21820,0.0
21821,0.0
21822,0.0
21823,0.0
21824,0.0
21825,0.0
21826,0.0
21827,0.0
21828,0.0
21829,0.0
21830,0.0
21831,0.0
21832,0.0
21833,0.0
21834,18382.79
21835,0.0
21836,0.0
21837,0.0
21838,0.0
21839,0.0
21840,0.0
21841,0.0
21842,0.0
21843,0.0
21844,0.0
21845,0.0
21846,0.0
21847,0.0
21848,6039.15
21849,0.0
21850,0.0
21851,0.0
21852,0.0
21853,0.0
21854,0.0
21855,0.0
21856,0.0
21857,0.0
21858,0.0
21859,0.0
21860,0.0
21861,0.0
21862,0.0
21863,0.0
21864,0.0
21865,0.0
21866,0.0
21867,0.0
21868,0.0
21869,0.0
21870,0.0
21871,0.0
21872,0.0
21873,0.0
21874,0.0
21875,0.0
21876,0.0
21877,0.0
21878,0.0
21879,0.0
21880,0.0
21881,0.0
21882,0.0
21883,0.0
21884,0.0
21885,0.0
21886,0.0
21887,0.0
21888,0.0
21889,0.0
21890,0.0
21891,0.0
21892,0.0
21893,0.0
21894,0.0
21895,0.0
21896,0.0
21897,0.0
21898,0.0
21899,0.0
21900,0.0
21901,0.0
21902,0.0
21903,0.0
21904,0.0
21905,0.0
21906,0.0
21907,0.0
21908,0.0
21909,0.0
21910,0.0
21911,0.0
21912,0.0
21913,0.0
21914,0.0
21915,0.0
21916,0.0
21917,0.0
21918,0.0
21919,0.0
21920,0.0
21921,0.0
21922,0.0
21923,11759.79
21924,0.0
21925,0.0
21926,0.0
21927,0.0
21928,0.0
21929,0.0
21930,0.0
21931,0.0
21932,0.0
21933,0.0
21934,0.0
21935,0.0
21936,0.0
21937,0.0
21938,0.0
21939,0.0
21940,0.0
21941,0.0
21942,0.0
21943,0.0
21944,0.0
21945,0.0
21946,0.0
21947,0.0
21948,0.0
21949,0.0
21950,0.0
21951,0.0
21952,0.0
21953,0.0
21954,0.0
21955,0.0
21956,0.0
21957,0.0
21958,0.0
21959,0.0
21960,0.0
21961,0.0
21962,0.0
21963,0.0
21964,0.0
21965,0.0
21966,0.0
21967,4262.96
21968,15225.77
21969,0.0
21970,0.0
21971,0.0
21972,0.0
21973,0.0
21974,0.0
21975,0.0
21976,0.0
21977,0.0
21978,0.0
21979,0.0
21980,0.0
21981,0.0
21982,0.0
21983,0.0
21984,0.0
21985,0.0
21986,0.0
21987,0.0
21988,0.0
21989,0.0
21990,0.0
21991,0.0
21992,0.0
21993,0.0
21994,0.0
21995,0.0
21996,10669.14
21997,0.0
21998,0.0
21999,0.0
22000,0.0
22001,0.0
22002,0.0
22003,0.0
22004,0.0
22005,0.0
22006,0.0
22007,0.0
22008,0.0
22009,0.0
22010,0.0
22011,0.0
22012,0.0
22013,0.0
22014,0.0
22015,0.0
22016,0.0
22017,0.0
22018,0.0
22019,0.0
22020,0.0
22021,0.0
22022,0.0
22023,0.0
22024,0.0
22025,0.0
22026,0.0
22027,0.0
22028,0.0
22029,0.0
22030,0.0
22031,0.0
22032,0.0
22033,0.0
22034,0.0
22035,0.0
22036,0.0
22037,0.0
22038,0.0
22039,0.0
22040,0.0
22041,0.0
22042,0.0
22043,0.0
22044,0.0
22045,0.0
22046,0.0
22047,0.0
22048,0.0
22049,0.0
22050,0.0
22051,0.0
22052,0.0
22053,0.0
22054,0.0
22055,0.0
22056,0.0
22057,0.0
22058,0.0
22059,0.0
22060,0.0
22061,0.0
22062,0.0
22063,0.0
22064,0.0
22065,0.0
22066,2685.95
22067,0.0
22068,0.0
22069,0.0
22070,2505.09
22071,0.0
22072,0.0
22073,0.0
22074,0.0
22075,0.0
22076,0.0
22077,0.0
22078,0.0
22079,0.0
22080,0.0
22081,0.0
22082,0.0
22083,0.0
22084,0.0
22085,0.0
22086,0.0
22087,0.0
22088,0.0
22089,0.0
22090,0.0
22091,0.0
22092,0.0
22093,0.0
22094,0.0
22095,0.0
22096,0.0
22097,0.0
22098,0.0
22099,0.0
22100,0.0
22101,0.0
22102,0.0
22103,0.0
22104,0.0
22105,0.0
22106,0.0
22107,0.0
22108,0.0
22109,0.0
22110,0.0
22111,0.0
22112,0.0
22113,0.0
22114,0.0
22115,0.0
22116,0.0
22117,0.0
22118,0.0
22119,0.0
22120,0.0
22121,3141.7
22122,0.0
22123,0.0
22124,0.0
22125,0.0
22126,0.0
22127,0.0
22128,0.0
22129,0.0
22130,0.0
22131,0.0
22132,0.0
22133,0.0
22134,0.0
22135,0.0
22136,9363.85
22137,0.0
22138,0.0
22139,0.0
22140,0.0
22141,0.0
22142,0.0
22143,0.0
22144,0.0
22145,0.0
22146,0.0
22147,0.0
22148,0.0
22149,0.0
22150,0.0
22151,0.0
22152,0.0
22153,0.0
22154,0.0
22155,0.0
22156,0.0
22157,0.0
22158,0.0
22159,0.0
22160,0.0
22161,0.0
22162,0.0
22163,0.0
22164,0.0
22165,0.0
22166,0.0
22167,0.0
22168,0.0
22169,0.0
22170,0.0
22171,0.0
22172,0.0
22173,0.0
22174,0.0
22175,0.0
22176,0.0
22177,0.0
22178,0.0
22179,0.0
22180,0.0
22181,0.0
22182,0.0
22183,0.0
22184,0.0
22185,0.0
22186,0.0
22187,0.0
22188,0.0
22189,0.0
22190,0.0
22191,0.0
22192,0.0
22193,0.0
22194,0.0
22195,0.0
22196,0.0
22197,0.0
22198,0.0
22199,0.0
22200,4436.21
22201,0.0
22202,0.0
22203,0.0
22204,0.0
22205,0.0
22206,0.0
22207,0.0
22208,0.0
22209,0.0
22210,0.0
22211,0.0
22212,0.0
22213,0.0
22214,0.0
22215,0.0
22216,0.0
22217,0.0
22218,0.0
22219,0.0
22220,0.0
22221,0.0
22222,0.0
22223,0.0
22224,0.0
22225,0.0
22226,0.0
22227,0.0
22228,0.0
22229,0.0
22230,0.0
22231,0.0
22232,0.0
22233,0.0
22234,0.0
22235,0.0
22236,0.0
22237,0.0
22238,0.0
22239,0.0
22240,0.0
22241,11468.18
22242,5466.11
22243,0.0
22244,0.0
22245,0.0
22246,0.0
22247,0.0
22248,0.0
22249,0.0
22250,0.0
22251,0.0
22252,0.0
22253,0.0
22254,0.0
22255,0.0
22256,0.0
22257,4011.17
22258,3591.55
22259,6188.0
22260,2725.34
22261,5990.92
22262,4277.86
22263,6008.75
22264,5911.9
22265,3963.21
22266,3629.48
22267,5684.93
22268,4489.4
22269,3830.87
22270,5236.41
22271,4626.08
22272,3347.53
22273,4309.34
22274,6453.21
22275,8093.56
22276,6753.3
22277,6830.95
22278,4073.05
22279,5195.63
22280,2281.77
22281,7505.86
22282,7432.65
22283,8567.63
22284,5659.36
22285,2965.26
22286,5405.04
22287,5659.75
22288,7965.37
22289,4258.72
22290,4995.5
22291,4395.23
22292,5060.7
22293,2722.51
22294,6298.4
22295,3562.4
22296,7505.22
22297,6611.61
22298,3466.11
22299,6826.58
22300,5968.81
22301,4509.47
22302,3724.01
22303,6923.87
22304,9483.36
22305,5357.74
22306,4479.18
22307,8072.72
22308,6925.97
22309,5154.52
22310,5349.47
22311,2098.01
22312,2376.61
22313,4723.88
22314,5867.35
22315,7730.01
22316,6950.13
22317,3915.03
22318,7052.35
22319,7291.43
22320,4851.45
22321,2852.0
22322,10296.82
22323,3587.54
22324,4132.85
22325,6391.61
22326,4687.1
22327,5430.61
22328,2654.16
22329,5238.66
22330,4628.89
22331,4755.67
22332,8013.83
22333,7172.27
22334,5432.44
22335,3000.89
22336,6362.23
22337,10767.83
22338,4824.76
22339,3521.91
22340,6114.78
22341,5612.12
22342,6501.74
22343,8680.94
22344,2252.2
22345,7441.15
22346,4464.09
22347,4650.04
22348,6988.47
22349,2409.86
22350,4665.51
22351,4511.86
22352,6548.27
22353,7554.37
22354,3742.7
22355,4209.2
22356,6232.89
22357,5836.58
22358,5322.05
22359,6374.55
22360,4109.57
22361,5383.6
22362,3687.68
22363,2985.2
22364,4921.64
22365,5723.64
22366,6023.43
22367,6174.48
22368,7054.91
22369,3998.14
22370,7564.66
22371,2910.84
22372,3951.44
22373,7067.06
22374,6275.28
22375,6948.37
22376,8892.55
22377,6069.33
22378,4678.13
22379,6024.9
22380,6368.08
22381,3746.98
22382,2706.28
22383,4993.57
22384,4183.08
22385,6501.02
22386,3522.83
22387,5506.82
22388,5903.75
22389,5951.82
22390,5118.84
22391,2803.33
22392,6167.37
22393,6216.59
22394,3505.55
22395,4997.73
22396,2904.19
22397,5072.9
22398,3084.5
22399,4162.67
22400,4071.23
22401,6643.78
22402,5834.83
22403,6342.89
22404,9444.36
22405,3694.8
22406,4312.31
22407,9709.94
22408,4581.96
22409,7040.94
22410,6016.98
22411,4749.17
22412,5470.05
22413,4172.49
22414,4347.19
22415,7475.65
22416,5142.39
22417,2780.42
22418,3328.28
22419,7344.31
22420,9252.31
22421,5693.45
22422,6602.47
22423,3639.55
22424,2215.52
22425,1807.84
22426,3389.01
22427,5510.53
22428,6106.41
22429,4863.59
22430,4045.28
22431,7731.88
22432,6942.36
22433,6863.83
22434,4482.92
22435,7398.6
22436,8485.9
22437,3355.71
22438,5349.75
22439,4588.21
22440,6280.9
22441,2695.66
22442,5235.83
22443,4479.29
22444,7603.64
22445,5466.57
22446,6603.3
22447,6600.47
22448,4477.17
22449,7172.43
22450,16260.19
22451,8194.64
22452,3247.54
22453,3127.01
22454,5623.92
22455,8282.03
22456,4445.83
22457,8617.85
22458,16514.08
22459,4179.42
22460,2315.28
22461,9508.03
22462,2942.25
22463,6772.27
22464,3142.48
22465,5294.99
22466,3157.1
22467,6546.69
22468,4667.37
22469,5004.96
22470,8723.76
22471,5262.43
22472,5604.72
22473,7049.13
22474,4680.63
22475,5993.52
22476,8508.71
22477,4720.1
22478,5462.36
22479,3861.66
22480,3161.95
22481,4670.49
22482,4409.01
22483,4399.66
22484,7980.2
22485,8600.91
22486,6603.26
22487,4390.84
22488,3542.27
22489,4367.64
22490,4959.77
22491,5551.86
22492,2566.81
22493,6677.14
22494,5258.79
22495,7242.66
22496,5013.14
22497,3828.25
22498,3243.69
22499,2408.6
22500,8075.8
22501,5329.79
22502,5782.4
22503,11344.44
22504,6659.73
22505,4402.45
22506,4823.83
22507,2322.34
22508,4145.0
22509,4219.33
22510,3275.28
22511,8071.35
22512,4220.99
22513,7972.69
22514,9902.73
22515,4644.46
22516,5095.78
22517,4649.79
22518,4812.72
22519,4435.96
22520,9941.39
22521,5445.57
22522,6489.8
22523,3467.13
22524,4975.33
22525,4874.37
22526,6248.97
22527,6369.89
22528,5366.96
22529,6460.3
22530,4271.04
22531,7753.51
22532,6215.94
22533,5269.8
22534,8606.19
22535,6488.63
22536,7376.14
22537,3067.3
22538,4937.97
22539,4394.31
22540,7270.64
22541,6715.14
22542,6590.43
22543,5684.93
22544,7309.49
22545,4228.53
22546,6701.7
22547,6304.69
22548,2672.77
22549,12365.57
22550,15540.1
22551,6786.77
22552,5950.35
22553,6892.77
22554,7580.35
22555,7461.06
22556,2902.85
22557,4150.22
22558,5454.84
22559,6886.85
22560,2369.48
22561,4086.97
22562,5138.57
22563,4640.35
22564,4601.66
22565,2706.84
22566,2655.19
22567,6022.41
22568,3136.48
22569,4207.4
22570,4884.58
22571,4581.99
22572,8244.17
22573,9580.92
22574,4031.81
22575,5883.46
22576,5564.87
22577,10350.89
22578,4970.51
22579,2630.07
22580,4458.5
22581,11710.27
22582,4109.7
22583,6609.64
22584,2045.88
22585,3517.29
22586,5309.17
22587,6109.71
22588,4563.36
22589,8330.14
22590,8137.39
22591,7442.52
22592,3769.15
22593,10418.93
22594,1919.49
22595,3014.08
22596,5767.14
22597,4165.24
22598,9749.28
22599,2488.69
22600,4848.85
22601,5460.3
22602,7534.88
22603,8259.11
22604,4494.97
22605,3498.57
22606,8606.03
22607,7853.61
22608,4225.34
22609,4635.0
22610,8064.38
22611,5596.21
22612,4457.06
22613,3534.26
22614,6624.25
22615,3880.89
22616,12567.55
22617,7092.38
22618,15626.19
22619,6132.66
22620,4182.29
22621,1904.73
22622,5959.57
22623,5498.86
22624,4224.63
22625,9019.59
22626,5633.36
22627,2533.11
22628,6759.6
22629,3367.83
22630,8220.88
22631,6499.68
22632,6616.69
22633,7299.37
22634,4108.42
22635,6705.69
22636,7219.36
22637,4153.42
22638,5641.72
22639,3860.53
22640,8633.49
22641,5241.03
22642,3456.34
22643,4968.69
22644,7561.62
22645,5390.69
22646,3797.05
22647,4921.08
22648,4850.01
22649,4306.84
22650,4786.32
22651,9220.63
22652,4689.75
22653,3038.27
22654,5957.62
22655,5037.25
22656,3380.35
22657,4548.99
22658,7709.23
22659,7319.5
22660,9914.48
22661,8069.83
22662,6828.69
22663,6286.33
22664,4119.93
22665,9171.85
22666,6234.25
22667,6694.37
22668,5392.34
22669,5238.53
22670,4278.17
22671,2001.77
22672,10937.42
22673,6883.51
22674,5394.57
22675,4268.09
22676,1230.92
22677,7398.95
22678,7145.77
22679,7863.14
22680,3474.71
22681,6146.43
22682,4538.91
22683,3704.3
22684,9015.93
22685,4655.38
22686,4258.16
22687,3538.91
22688,2444.39
22689,4280.67
22690,12399.73
22691,4979.58
22692,5103.04
22693,4858.49
22694,3441.9
22695,3137.86
22696,5339.52
22697,2685.28
22698,8430.36
22699,5475.03
22700,2650.85
22701,7385.41
22702,2377.11
22703,3811.07
22704,8808.35
22705,7503.12
22706,9115.43
22707,2287.63
22708,4765.9
22709,3688.74
22710,3938.25
22711,16616.11
22712,9717.65
22713,4593.36
22714,2925.35
22715,5018.91
22716,3693.5
22717,2281.81
22718,7418.85
22719,4291.1
22720,5259.43
22721,6910.01
22722,4468.74
22723,4323.38
22724,5022.19
22725,6401.49
22726,6151.69
22727,2463.61
22728,5018.68
22729,6676.92
22730,7409.93
22731,5030.26
22732,6672.96
22733,2231.36
22734,8020.33
22735,4719.37
22736,2926.37
22737,4067.81
22738,4249.27
22739,4373.51
22740,6171.49
22741,3698.07
22742,7459.42
22743,4614.61
22744,6960.8
22745,7278.62
22746,4114.75
22747,6695.48
22748,6241.38
22749,2512.32
22750,10253.75
22751,3645.15
22752,3169.81
22753,5864.74
22754,9288.86
22755,8565.03
22756,4135.06
22757,4567.43
22758,6234.1
22759,6663.61
22760,4168.04
22761,8262.02
22762,2587.6
22763,4383.06
22764,3859.57
22765,2839.47
22766,2549.81
22767,6749.99
22768,5933.47
22769,4652.33
22770,4842.29
22771,6221.57
22772,7164.34
22773,4281.47
22774,4856.61
22775,4432.23
22776,5786.74
22777,4803.88
22778,2160.57
22779,5333.32
22780,7402.29
22781,5269.02
22782,5244.8
22783,2662.92
22784,8317.0
22785,2615.0
22786,8289.97
22787,4979.59
22788,4272.33
22789,7159.09
22790,3363.01
22791,3726.61
22792,7480.72
22793,2550.88
22794,6039.88
22795,8876.01
22796,6174.19
22797,2366.74
22798,4460.15
22799,3175.96
22800,2167.95
22801,4667.65
22802,5765.66
22803,4202.93
22804,3958.95
22805,5038.41
22806,4524.29
22807,9988.52
22808,4540.21
22809,5586.73
22810,4187.35
22811,5628.74
22812,6018.3
22813,5710.06
22814,7455.48
22815,8081.36
22816,6924.59
22817,4697.66
22818,5468.56
22819,2716.66
22820,4937.56
22821,8065.05
22822,6239.41
22823,7080.76
22824,13907.27
22825,3043.43
22826,4340.08
22827,4091.94
22828,7461.26
22829,8417.57
22830,6605.23
22831,6458.88
22832,6718.45
22833,6680.1
22834,5192.23
22835,4790.8
22836,2219.05
22837,4564.86
22838,3282.91
22839,2871.64
22840,6538.93
22841,17319.58
22842,4475.86
22843,2551.99
22844,4474.55
22845,3495.82
22846,6054.54
22847,1762.81
22848,5457.52
22849,6049.24
22850,3523.34
22851,10561.54
22852,10772.33
22853,4351.14
22854,5004.42
22855,3749.73
22856,3830.86
22857,3832.16
22858,8313.31
22859,3463.58
22860,3899.16
22861,4432.78
22862,4510.02
22863,5833.78
22864,6265.09
22865,2606.37
22866,7529.53
22867,6282.86
22868,4636.03
22869,3773.9
22870,3724.73
22871,4479.34
22872,4837.59
22873,8876.02
22874,3903.73
22875,3398.4
22876,6423.87
22877,5456.39
22878,4977.91
22879,5722.33
22880,5876.69
22881,9568.62
22882,6076.96
22883,5188.8
22884,3432.25
22885,4128.38
22886,6617.45
22887,3855.1
22888,4106.18
22889,4804.73
22890,11415.37
22891,7128.0
22892,4360.2
22893,5210.62
22894,4010.39
22895,6145.67
22896,4790.17
22897,8822.76
22898,6020.61
22899,4363.54
22900,3858.52
22901,1854.48
22902,3730.55
22903,17706.77
22904,1839.95
22905,4232.7
22906,6758.17
22907,6942.04
22908,5547.28
22909,6925.62
22910,5253.77
22911,6612.93
22912,2332.25
22913,7083.85
22914,3504.03
22915,5779.4
22916,8110.62
22917,3659.34
22918,7846.66
22919,5650.48
22920,2953.0
22921,6268.17
22922,6176.51
22923,2485.11
22924,7969.22
22925,6135.27
22926,4480.15
22927,8377.08
22928,7013.02
22929,7428.84
22930,3884.26
22931,3373.58
22932,4909.84
22933,3044.1
22934,5096.11
22935,2340.29
22936,5606.56
22937,2679.94
22938,4939.32
22939,5108.98
22940,4261.68
22941,4778.0
22942,7479.67
22943,4499.16
22944,7432.29
22945,5220.44
22946,5624.78
22947,7658.68
22948,6793.56
22949,3364.49
22950,4797.68
22951,4929.32
22952,4637.5
22953,11080.7
22954,5289.12
22955,5554.34
22956,8556.5
22957,6318.67
22958,1837.72
22959,7950.99
22960,8095.11
22961,6777.34
22962,6782.31
22963,7111.7
22964,7110.27
22965,4726.49
22966,3914.43
22967,3153.76
22968,5326.27
22969,7251.78
22970,2821.7
22971,7608.03
22972,6435.35
22973,4623.44
22974,6626.39
22975,4415.95
22976,6709.77
22977,4116.69
22978,4687.99
22979,4330.47
22980,3361.77
22981,5795.5
22982,6089.69
22983,7171.57
22984,5849.08
22985,4055.71
22986,5118.51
22987,6043.06
22988,7516.24
22989,2769.44
22990,2371.17
22991,8423.86
22992,5265.04
22993,3587.84
22994,7043.43
22995,7164.1
22996,6495.07
22997,4591.83
22998,1858.58
22999,5505.65
23000,5480.31
23001,4539.63
23002,8106.78
23003,6465.71
23004,3467.43
23005,5617.13
23006,2636.64
23007,1189.87
23008,5731.48
23009,8271.27
23010,5000.34
23011,4328.39
23012,3048.69
23013,5116.0
23014,7766.1
23015,5162.83
23016,7678.38
23017,4267.56
23018,4404.25
23019,3095.09
23020,5604.53
23021,3220.38
23022,2203.68
23023,3475.14
23024,3274.88
23025,7082.16
23026,3952.18
23027,4039.66
23028,5003.33
23029,7549.55
23030,4648.36
23031,3773.49
23032,9106.71
23033,7993.82
23034,6394.13
23035,2028.83
23036,5324.96
23037,4277.36
23038,3235.69
23039,8683.85
23040,8769.32
23041,6156.94
23042,5816.26
23043,5256.86
23044,7170.4
23045,9833.75
23046,2796.65
23047,3689.28
23048,4658.49
23049,5456.66
23050,5362.22
23051,11884.06
23052,6209.89
23053,5709.76
23054,2518.41
23055,5707.03
23056,7222.81
23057,3102.09
23058,5603.6
23059,2982.04
23060,6226.54
23061,5043.65
23062,5173.3
23063,5717.01
23064,3532.19
23065,4574.47
23066,6550.43
23067,4533.92
23068,7739.56
23069,5233.8
23070,7176.67
23071,4873.49
23072,3404.14
23073,7364.58
23074,2468.6
23075,9915.93
23076,5017.65
23077,4035.6
23078,6012.83
23079,4590.7
23080,3869.4
23081,5602.91
23082,2742.91
23083,2941.17
23084,4959.6
23085,5687.05
23086,9861.8
23087,4935.15
23088,5220.84
23089,3440.43
23090,5174.3
23091,3052.95
23092,8890.11
23093,6634.28
23094,11442.7
23095,5041.01
23096,4460.67
23097,6240.94
23098,7383.27
23099,3015.23
23100,8194.81
23101,7047.77
23102,4512.83
23103,5420.19
23104,4083.44
23105,2822.09
23106,4664.96
23107,3192.27
23108,2631.03
23109,7649.42
23110,5584.02
23111,20737.48
23112,6190.52
23113,4171.97
23114,6959.64
23115,10620.05
23116,5105.18
23117,6995.22
23118,5101.2
23119,8108.0
23120,7963.06
23121,6496.62
23122,5818.87
23123,7293.5
23124,7937.83
23125,7287.96
23126,7826.24
23127,5828.04
23128,5668.02
23129,5913.74
23130,9956.53
23131,10177.5
23132,9659.73
23133,7369.53
23134,4442.15
23135,6422.27
23136,4828.31
23137,8017.49
23138,10159.5
23139,8995.65
23140,6049.23
23141,4760.18
23142,5133.91
23143,5580.78
23144,10817.61
23145,7315.45
23146,5284.62
23147,6581.35
23148,7785.81
23149,3981.02
23150,7393.4
23151,4556.56
23152,8980.65
23153,8356.43
23154,5534.15
23155,7459.58
23156,7703.38
23157,5530.77
23158,6438.31
23159,8095.5
23160,11215.45
23161,6194.68
23162,7160.68
23163,7603.86
23164,9585.83
23165,6388.14
23166,8730.49
23167,5152.12
23168,4807.37
23169,5773.49
23170,6567.28
23171,8404.14
23172,7555.3
23173,5405.7
23174,7207.49
23175,7639.45
23176,9578.0
23177,4319.52
23178,12851.38
23179,4825.51
23180,6596.76
23181,8314.82
23182,6203.19
23183,6035.2
23184,7237.08
23185,7172.19
23186,5585.74
23187,5184.85
23188,8888.38
23189,8235.76
23190,7353.48
23191,4515.74
23192,6800.41
23193,10193.75
23194,6645.49
23195,4853.4
23196,7311.93
23197,5989.42
23198,7431.64
23199,7965.51
23200,4081.85
23201,8196.2
23202,6026.73
23203,7288.9
23204,8253.87
23205,4839.75
23206,6487.63
23207,6400.24
23208,7826.37
23209,10262.38
23210,4615.89
23211,4533.0
23212,7164.85
23213,6034.35
23214,7711.66
23215,10450.2
23216,7837.57
23217,6923.29
23218,5305.89
23219,4585.89
23220,6284.03
23221,9334.29
23222,8022.78
23223,8616.78
23224,8204.38
23225,6369.25
23226,9718.85
23227,5842.96
23228,8053.85
23229,8335.55
23230,8072.67
23231,9944.39
23232,8433.22
23233,9164.74
23234,6485.71
23235,7608.22
23236,7847.66
23237,6987.41
23238,4598.82
23239,5302.86
23240,7933.87
23241,6661.53
23242,5100.96
23243,9121.33
23244,6926.57
23245,6312.53
23246,6032.79
23247,5296.08
23248,6537.64
23249,6922.15
23250,7577.95
23251,6024.4
23252,5682.94
23253,6577.77
23254,4179.3
23255,7023.25
23256,5132.06
23257,8519.98
23258,7860.59
23259,7098.97
23260,7429.26
23261,5163.38
23262,5475.38
23263,10968.55
23264,7750.45
23265,8073.19
23266,7857.71
23267,5840.83
23268,6212.44
23269,6413.6
23270,7427.49
23271,10765.62
23272,7189.36
23273,3916.95
23274,5054.95
23275,8951.61
23276,9486.85
23277,7563.05
23278,7424.24
23279,4433.19
23280,5443.44
23281,3369.24
23282,4996.47
23283,6506.84
23284,7228.4
23285,6497.36
23286,9716.71
23287,8641.5
23288,8904.81
23289,7497.07
23290,5968.32
23291,8932.68
23292,11133.19
23293,6617.16
23294,8071.85
23295,5665.21
23296,7069.71
23297,4459.04
23298,7719.82
23299,5401.8
23300,8433.21
23301,6899.24
23302,8412.19
23303,7863.23
23304,6075.75
23305,9038.47
23306,18077.77
23307,10687.79
23308,5389.13
23309,3552.5
23310,6575.48
23311,9356.07
23312,5750.71
23313,11394.68
23314,20355.34
23315,4245.85
23316,5086.11
23317,8918.19
23318,5014.6
23319,9271.09
23320,6869.64
23321,7484.36
23322,3883.66
23323,8643.85
23324,6804.06
23325,7573.78
23326,9186.28
23327,6450.22
23328,6817.64
23329,7707.5
23330,5883.31
23331,5645.01
23332,8932.15
23333,5987.65
23334,5892.16
23335,7473.79
23336,5645.35
23337,5619.57
23338,6565.35
23339,6814.34
23340,10354.56
23341,7480.22
23342,7850.19
23343,6342.76
23344,4115.62
23345,5879.73
23346,6611.94
23347,5410.56
23348,5239.77
23349,8648.15
23350,7900.97
23351,10412.53
23352,5855.92
23353,5806.33
23354,5250.22
23355,4868.65
23356,10670.17
23357,6564.73
23358,8726.31
23359,14311.61
23360,7707.43
23361,6892.04
23362,5340.44
23363,4789.86
23364,7811.21
23365,4751.74
23366,5146.4
23367,10050.85
23368,5618.5
23369,14750.65
23370,13175.35
23371,5179.87
23372,7398.72
23373,6733.05
23374,6909.72
23375,5393.75
23376,8591.75
23377,7829.74
23378,8630.79
23379,5529.81
23380,6882.5
23381,5082.79
23382,9979.39
23383,7595.93
23384,6378.95
23385,7323.68
23386,5374.74
23387,8991.54
23388,9132.69
23389,6075.71
23390,10593.84
23391,6179.43
23392,7859.21
23393,5196.08
23394,5833.96
23395,5427.81
23396,10373.49
23397,7150.96
23398,8307.89
23399,6914.08
23400,8943.26
23401,5192.27
23402,10194.56
23403,6397.64
23404,4013.25
23405,14406.22
23406,16687.8
23407,9092.26
23408,8120.75
23409,9055.69
23410,10136.38
23411,10788.24
23412,6276.98
23413,7963.43
23414,6011.47
23415,9074.57
23416,4207.57
23417,5547.29
23418,6479.57
23419,6144.08
23420,7467.5
23421,4649.72
23422,4802.64
23423,6301.3
23424,4526.95
23425,4615.77
23426,6190.63
23427,6861.2
23428,9261.64
23429,9048.67
23430,7716.86
23431,6415.11
23432,6667.06
23433,11229.12
23434,7668.45
23435,6000.26
23436,5642.44
23437,10144.6
23438,5081.51
23439,6354.19
23440,3483.45
23441,4802.2
23442,8407.21
23443,8790.95
23444,6917.39
23445,8982.57
23446,9410.4
23447,11386.14
23448,6240.59
23449,12465.63
23450,2955.36
23451,5008.97
23452,6853.8
23453,4676.22
23454,8219.39
23455,5306.04
23456,5045.21
23457,8775.8
23458,10779.3
23459,8075.17
23460,5390.55
23461,6837.99
23462,10683.78
23463,7578.78
23464,5556.75
23465,6351.86
23466,7630.42
23467,8837.45
23468,4911.94
23469,5660.04
23470,7598.4
23471,9125.59
23472,12399.18
23473,7066.39
23474,16124.17
23475,8426.4
23476,5436.06
23477,3648.34
23478,6390.19
23479,7556.95
23480,5313.46
23481,9386.96
23482,6440.04
23483,4484.88
23484,7796.56
23485,3831.41
23486,8152.79
23487,7242.3
23488,8299.39
23489,8870.13
23490,5736.48
23491,9704.84
23492,7465.48
23493,4915.22
23494,6235.56
23495,5957.1
23496,9360.05
23497,5525.42
23498,4271.64
23499,7539.45
23500,8920.74
23501,6981.8
23502,6354.11
23503,8722.06
23504,5303.46
23505,5538.06
23506,6458.67
23507,10073.68
23508,5741.61
23509,6180.69
23510,7869.41
23511,6301.87
23512,4648.0
23513,6038.79
23514,9881.28
23515,8634.12
23516,11207.06
23517,11908.96
23518,8568.83
23519,7057.9
23520,5431.16
23521,10058.79
23522,9853.45
23523,8882.14
23524,8463.9
23525,9131.05
23526,5501.62
23527,3335.44
23528,11787.75
23529,6028.91
23530,6343.41
23531,7441.62
23532,3157.9
23533,11155.37
23534,5702.73
23535,5544.49
23536,5525.98
23537,6156.24
23538,5959.64
23539,7984.35
23540,7066.09
23541,4515.02
23542,6401.95
23543,3985.06
23544,3137.85
23545,7238.08
23546,16296.74
23547,5196.62
23548,5543.91
23549,6798.13
23550,5257.23
23551,5354.78
23552,5152.96
23553,4016.25
23554,9283.62
23555,7539.05
23556,4868.36
23557,8990.77
23558,5540.47
23559,5038.13
23560,10313.62
23561,8456.25
23562,9200.3
23563,5183.51
23564,7077.15
23565,4900.86
23566,6448.85
23567,14731.11
23568,8729.07
23569,7038.5
23570,5471.37
23571,4654.67
23572,6519.16
23573,4330.82
23574,8723.08
23575,5147.76
23576,6303.83
23577,8325.55
23578,5452.83
23579,6371.73
23580,6440.09
23581,9739.44
23582,8060.62
23583,4274.4
23584,6057.95
23585,7515.39
23586,9049.22
23587,9201.25
23588,7122.92
23589,5158.37
23590,7306.77
23591,6107.25
23592,5162.35
23593,7197.49
23594,7340.37
23595,6470.32
23596,6086.13
23597,5702.26
23598,10830.19
23599,5653.74
23600,6479.34
23601,9106.17
23602,6337.11
23603,9881.67
23604,7318.99
23605,5245.08
23606,11351.29
23607,6319.41
23608,3876.58
23609,8376.15
23610,10966.56
23611,10048.07
23612,5628.69
23613,6543.73
23614,7520.35
23615,7890.56
23616,6461.46
23617,8587.32
23618,3954.03
23619,6195.38
23620,6926.2
23621,4867.49
23622,5369.54
23623,6571.01
23624,8291.68
23625,5308.14
23626,7989.36
23627,7231.09
23628,8565.54
23629,6199.86
23630,7619.4
23631,6229.65
23632,7807.37
23633,9031.8
23634,3936.13
23635,7267.8
23636,9972.03
23637,7361.72
23638,4809.03
23639,3601.16
23640,8014.11
23641,6068.12
23642,8745.14
23643,7640.33
23644,5519.28
23645,8965.31
23646,6387.33
23647,7082.74
23648,8737.47
23649,5912.24
23650,8626.09
23651,11334.69
23652,7566.96
23653,4285.7
23654,7261.8
23655,5543.49
23656,3391.44
23657,8160.11
23658,6866.16
23659,8507.25
23660,5731.47
23661,9125.27
23662,8267.04
23663,10299.28
23664,5597.1
23665,7730.05
23666,6130.3
23667,7913.27
23668,6274.06
23669,7327.19
23670,8684.07
23671,9537.59
23672,7355.58
23673,6875.46
23674,6622.37
23675,4919.19
23676,5375.22
23677,10733.34
23678,9212.89
23679,8743.95
23680,15574.69
23681,6158.24
23682,6607.37
23683,5848.73
23684,8576.92
23685,9464.36
23686,7347.86
23687,6856.64
23688,8080.32
23689,8019.19
23690,6645.55
23691,6155.09
23692,6011.57
23693,6522.88
23694,3504.49
23695,5493.43
23696,8720.25
23697,16514.68
23698,6069.9
23699,4625.8
23700,7618.24
23701,4093.56
23702,6589.38
23703,4105.77
23704,8728.89
23705,6727.88
23706,7384.49
23707,14422.71
23708,11834.13
23709,7375.66
23710,8590.34
23711,3748.12
23712,5729.45
23713,5469.53
23714,8321.78
23715,5085.73
23716,4427.18
23717,6170.81
23718,5667.83
23719,9289.43
23720,6737.84
23721,3271.04
23722,7719.72
23723,7447.43
23724,8246.16
23725,5437.29
23726,4952.1
23727,7724.38
23728,5805.35
23729,9643.48
23730,4545.76
23731,5269.25
23732,7031.74
23733,5995.2
23734,4478.32
23735,6564.59
23736,7787.26
23737,9723.28
23738,9615.96
23739,6265.73
23740,3906.52
23741,5614.33
23742,8045.55
23743,4735.36
23744,6522.45
23745,6766.73
23746,13089.78
23747,8979.1
23748,6675.39
23749,7107.17
23750,4769.21
23751,9052.88
23752,5795.5
23753,12354.32
23754,6932.89
23755,5575.8
23756,6785.04
23757,4719.53
23758,6834.8
23759,16281.31
23760,4593.63
23761,5528.98
23762,10956.85
23763,6913.38
23764,6405.49
23765,8238.26
23766,6481.0
23767,7069.21
23768,4438.94
23769,9144.46
23770,6070.99
23771,6739.15
23772,7481.92
23773,4551.15
23774,8343.97
23775,6485.85
23776,3774.51
23777,8453.41
23778,10198.71
23779,4303.19
23780,7656.88
23781,7376.89
23782,5747.77
23783,9007.08
23784,6759.03
23785,9907.83
23786,4606.29
23787,5466.24
23788,6411.73
23789,4623.06
23790,7505.5
23791,4109.46
23792,6389.43
23793,4830.53
23794,6879.96
23795,6052.72
23796,6966.78
23797,6986.92
23798,8514.07
23799,7129.71
23800,7435.17
23801,6686.73
23802,9568.85
23803,9355.28
23804,7382.82
23805,3525.31
23806,5783.46
23807,7889.38
23808,5075.37
23809,10210.88
23810,6451.61
23811,6738.85
23812,10172.56
23813,6700.59
23814,4683.76
23815,11956.81
23816,10473.37
23817,5992.53
23818,8571.18
23819,10032.81
23820,7344.39
23821,5321.55
23822,7200.96
23823,5749.31
23824,6244.57
23825,7730.12
23826,5321.31
23827,7111.37
23828,7782.65
23829,6227.18
23830,8243.43
23831,5714.98
23832,6332.71
23833,5012.3
23834,9059.33
23835,7489.02
23836,6324.76
23837,6741.23
23838,7444.61
23839,9282.76
23840,6459.57
23841,5289.54
23842,6849.23
23843,7111.69
23844,7543.78
23845,4725.29
23846,3763.96
23847,7516.33
23848,6446.32
23849,5833.58
23850,8348.8
23851,7228.87
23852,6500.14
23853,5815.72
23854,3631.63
23855,7163.65
23856,6812.94
23857,7240.27
23858,9592.23
23859,8778.2
23860,4905.07
23861,8295.99
23862,3617.7
23863,3041.17
23864,7377.47
23865,11591.0
23866,7779.18
23867,7469.11
23868,5326.28
23869,7440.82
23870,8437.77
23871,5514.99
23872,8480.29
23873,6344.09
23874,4611.82
23875,6254.69
23876,6127.56
23877,5593.27
23878,4771.44
23879,5331.7
23880,3793.18
23881,7176.17
23882,8063.7
23883,5449.73
23884,6227.57
23885,7858.78
23886,5656.88
23887,5398.85
23888,9257.25
23889,8496.89
23890,6972.75
23891,4237.61
23892,13849.09
23893,6285.35
23894,5829.14
23895,9728.51
23896,8206.88
23897,7583.74
23898,6593.25
23899,6873.12
23900,10820.55
23901,14201.38
23902,5666.52
23903,4992.41
23904,5800.12
23905,6570.56
23906,6675.34
23907,10651.23
23908,9108.14
23909,6816.17
23910,4011.66
23911,6716.39
23912,9501.74
23913,5194.45
23914,7382.28
23915,4678.96
23916,8115.76
23917,7438.08
23918,7601.14
23919,8214.62
23920,6882.16
23921,5159.82
23922,7336.07
23923,8165.25
23924,8116.22
23925,7474.43
23926,7824.24
23927,6732.81
23928,4686.66
23929,9548.75
23930,5340.28
23931,10627.67
23932,6541.14
23933,4717.42
23934,6571.77
23935,6271.95
23936,7355.44
23937,6923.12
23938,3898.9
23939,4896.07
23940,7353.82
23941,8097.39
23942,9888.46
23943,5442.99
23944,6060.25
23945,6519.02
23946,6020.39
23947,5898.47
23948,10412.7
23949,9408.88
23950,12256.57
23951,5019.71
23952,5990.44
23953,8189.75
23954,8823.7
23955,6029.51
23956,10421.09
23957,7168.8
23958,5138.25
23959,7586.36
23960,4788.88
23961,5242.48
23962,6926.35
23963,5650.72
23964,5281.77
23965,9228.48
23966,7121.92
23967,21581.4
23968,7088.01
23969,4251.11
23970,7494.18
23971,10345.17
23972,6296.14
23973,6909.13
23974,5169.99
23975,8089.9
23976,8193.74
23977,5281.85
23978,5815.07
23979,6845.98
23980,8069.04
23981,7265.13
23982,8878.64
23983,5901.96
23984,4486.89
23985,5767.82
23986,8741.68
23987,10605.78
23988,10268.58
23989,7583.2
23990,5456.92
23991,5923.65
23992,4937.11
23993,8139.56
23994,10265.26
23995,8689.44
23996,5533.9
23997,5303.42
23998,5626.97
23999,5281.05
24000,10827.1
24001,7332.08
24002,5244.06
24003,6026.24
24004,8123.37
24005,3710.44
24006,7007.79
24007,4389.34
24008,6889.1
24009,7945.69
24010,5193.53
24011,7673.63
24012,7676.65
24013,5239.03
24014,6393.08
24015,7803.16
24016,11568.64
24017,5979.45
24018,7854.71
24019,7629.64
24020,9912.58
24021,6267.54
24022,8643.09
24023,5264.85
24024,5067.4
24025,6545.14
24026,6312.43
24027,8432.35
24028,7458.72
24029,5683.09
24030,7233.03
24031,6857.92
24032,9783.27
24033,3804.41
24034,12856.72
24035,5020.26
24036,5927.05
24037,8321.74
24038,6442.34
24039,6139.78
24040,6201.74
24041,7246.98
24042,5088.14
24043,4909.29
24044,8654.99
24045,7963.84
24046,7975.61
24047,4580.91
24048,6588.59
24049,9481.41
24050,5901.41
24051,5223.28
24052,6863.94
24053,5717.25
24054,6521.96
24055,7116.34
24056,3847.1
24057,8465.23
24058,6172.97
24059,7203.75
24060,8610.89
24061,3722.64
24062,5610.05
24063,5088.89
24064,7649.33
24065,9531.17
24066,4771.32
24067,4815.5
24068,7306.91
24069,5674.91
24070,8254.9
24071,7937.72
24072,7047.26
24073,7212.98
24074,5353.37
24075,4381.66
24076,6699.11
24077,9040.36
24078,8230.92
24079,8455.83
24080,8349.79
24081,5622.73
24082,9164.85
24083,5446.27
24084,8402.33
24085,8427.47
24086,6761.98
24087,10221.42
24088,7896.27
24089,8113.0
24090,5921.63
24091,7725.23
24092,7719.05
24093,6556.5
24094,4025.25
24095,5506.81
24096,7369.96
24097,5849.84
24098,5004.21
24099,8739.24
24100,6903.68
24101,5732.21
24102,5504.39
24103,5399.5
24104,7697.86
24105,7077.58
24106,7734.05
24107,5363.04
24108,5039.0
24109,6769.1
24110,3495.32
24111,6171.37
24112,5087.03
24113,8897.87
24114,6410.5
24115,6434.27
24116,6829.56
24117,5181.63
24118,4839.39
24119,10596.86
24120,6379.96
24121,7866.8
24122,7308.07
24123,5725.22
24124,6202.92
24125,5136.14
24126,8300.73
24127,11285.38
24128,7398.08
24129,3289.32
24130,4898.06
24131,8124.58
24132,8267.21
24133,6512.0
24134,7427.11
24135,4694.72
24136,5436.24
24137,3229.6
24138,4913.89
24139,6407.34
24140,7062.61
24141,6887.57
24142,10398.38
24143,7308.26
24144,9053.32
24145,7216.77
24146,5693.61
24147,8776.68
24148,9996.78
24149,6560.53
24150,8096.46
24151,5864.41
24152,6499.25
24153,3802.91
24154,7354.02
24155,5049.15
24156,8503.69
24157,7030.67
24158,8514.14
24159,8772.74
24160,5304.75
24161,8698.68
24162,18687.81
24163,10321.38
24164,5585.57
24165,2906.05
24166,6029.86
24167,10458.18
24168,5205.31
24169,11536.91
24170,19514.3
24171,3571.92
24172,5220.68
24173,9102.52
24174,5011.24
24175,9346.19
24176,7113.44
24177,7768.98
24178,3246.6
24179,6729.19
24180,5611.55
24181,7497.69
24182,8608.79
24183,5956.38
24184,6078.01
24185,6864.14
24186,4601.42
24187,4678.0
24188,7366.67
24189,5777.31
24190,5659.94
24191,6502.44
24192,5843.74
24193,6027.75
24194,6866.6
24195,6943.98
24196,8095.78
24197,7906.09
24198,7727.9
24199,5818.93
24200,3433.57
24201,6464.08
24202,6939.86
24203,5459.51
24204,4819.88
24205,8734.21
24206,8189.91
24207,10060.96
24208,6205.19
24209,5605.18
24210,5228.89
24211,4543.53
24212,9328.57
24213,5241.68
24214,8161.46
24215,14651.15
24216,7212.81
24217,8525.51
24218,4972.26
24219,4367.75
24220,7436.33
24221,4911.76
24222,5441.25
24223,10555.84
24224,5586.61
24225,15642.83
24226,13847.5
24227,4322.85
24228,7411.7
24229,6944.96
24230,6735.0
24231,5595.6
24232,8533.74
24233,7043.0
24234,9712.57
24235,5302.08
24236,6916.51
24237,4847.18
24238,9201.47
24239,6754.57
24240,5972.04
24241,6837.93
24242,5221.05
24243,8001.8
24244,10031.33
24245,5155.65
24246,9003.48
24247,6736.29
24248,8548.55
24249,5344.31
24250,5542.5
24251,5564.36
24252,9628.06
24253,6794.29
24254,7762.56
24255,6697.2
24256,8544.7
24257,4455.71
24258,9355.56
24259,7282.42
24260,3866.75
24261,13691.46
24262,17597.47
24263,7398.09
24264,7347.48
24265,9392.84
24266,10151.97
24267,10948.01
24268,6139.01
24269,7407.19
24270,5768.42
24271,8107.94
24272,3905.74
24273,5998.07
24274,5782.91
24275,5720.0
24276,7504.91
24277,4961.45
24278,4980.39
24279,6332.25
24280,3695.98
24281,4467.83
24282,5843.16
24283,6099.16
24284,8949.19
24285,8274.69
24286,7884.15
24287,6143.3
24288,5979.94
24289,12700.1
24290,8378.55
24291,5013.73
24292,5358.74
24293,9231.01
24294,4469.97
24295,7145.63
24296,3516.6
24297,4963.04
24298,8727.19
24299,7824.07
24300,6445.7
24301,8444.23
24302,9794.75
24303,11868.76
24304,6037.17
24305,8570.25
24306,3021.0
24307,4875.37
24308,6309.08
24309,4505.74
24310,8406.37
24311,5333.53
24312,5007.21
24313,7938.8
24314,10947.08
24315,10208.81
24316,5317.76
24317,6812.83
24318,11423.79
24319,7991.91
24320,6289.89
24321,5713.1
24322,6500.75
24323,9867.41
24324,4625.71
24325,6191.44
24326,7310.65
24327,7969.6
24328,13457.62
24329,6072.29
24330,14471.01
24331,6431.6
24332,5153.12
24333,3968.75
24334,6529.82
24335,6758.55
24336,5015.85
24337,7487.67
24338,5879.46
24339,4539.33
24340,7669.79
24341,3373.64
24342,7937.41
24343,6937.86
24344,7674.49
24345,8149.69
24346,5226.45
24347,9501.54
24348,6926.51
24349,4866.31
24350,6006.11
24351,5662.44
24352,10425.9
24353,5732.05
24354,4571.86
24355,7061.01
24356,9473.63
24357,7757.52
24358,6424.13
24359,8708.61
24360,4964.5
24361,5224.48
24362,6152.45
24363,8516.55
24364,6866.27
24365,6390.16
24366,6372.46
24367,5945.77
24368,4369.44
24369,5541.11
24370,8711.29
24371,9378.92
24372,10577.02
24373,11806.66
24374,8180.78
24375,7472.03
24376,5600.09
24377,9972.95
24378,9256.32
24379,7863.56
24380,8880.94
24381,8717.9
24382,5226.42
24383,3645.57
24384,11133.78
24385,5919.73
24386,6966.21
24387,6668.72
24388,3181.7
24389,12100.12
24390,5878.26
24391,5366.13
24392,4538.16
24393,5761.35
24394,6111.18
24395,8649.82
24396,6758.69
24397,4901.44
24398,5813.14
24399,4247.29
24400,3295.09
24401,6733.75
24402,16280.05
24403,5447.04
24404,5768.41
24405,6244.79
24406,5145.71
24407,5205.64
24408,4418.48
24409,4042.95
24410,7082.05
24411,7488.79
24412,3903.03
24413,8558.49
24414,5482.93
24415,4692.48
24416,9728.88
24417,8434.26
24418,9961.31
24419,5306.37
24420,7453.5
24421,4642.85
24422,5524.65
24423,15498.05
24424,8390.2
24425,6683.26
24426,5790.17
24427,4275.61
24428,5202.8
24429,5106.07
24430,11558.29
24431,5153.52
24432,5708.68
24433,7609.81
24434,4409.72
24435,6355.12
24436,6866.61
24437,8950.92
24438,6750.85
24439,4021.33
24440,5598.66
24441,6984.0
24442,8778.6
24443,8627.41
24444,6560.64
24445,4855.2
24446,6895.95
24447,6338.47
24448,4622.27
24449,7068.89
24450,7411.64
24451,6218.05
24452,5704.57
24453,6007.61
24454,7053.71
24455,5430.78
24456,6473.86
24457,7198.3
24458,6227.64
24459,10018.32
24460,6410.22
24461,4816.8
24462,11657.89
24463,6989.27
24464,3614.04
24465,8000.54
24466,8770.35
24467,10548.01
24468,5699.58
24469,6063.46
24470,6123.06
24471,6944.04
24472,6046.75
24473,8836.15
24474,3621.36
24475,6576.19
24476,6806.29
24477,5414.73
24478,5060.67
24479,6575.25
24480,8009.26
24481,5329.89
24482,7899.74
24483,6484.27
24484,8834.12
24485,5559.93
24486,6459.57
24487,5821.17
24488,7661.96
24489,7959.2
24490,5722.06
24491,7253.21
24492,8749.94
24493,7577.66
24494,4435.49
24495,3915.6
24496,7819.79
24497,6332.01
24498,8877.71
24499,7603.15
24500,5753.54
24501,9082.59
24502,7047.74
24503,7193.82
24504,8549.93
24505,5471.78
24506,8621.89
24507,10519.13
24508,7611.28
24509,4835.79
24510,7234.0
24511,4323.92
24512,3394.22
24513,8434.38
24514,6387.8
24515,8752.11
24516,5926.1
24517,8924.42
24518,6659.52
24519,11158.34
24520,4301.69
24521,5390.49
24522,6985.26
24523,7804.76
24524,6816.94
24525,7071.9
24526,7545.02
24527,9723.93
24528,7405.34
24529,7429.94
24530,5876.65
24531,4807.45
24532,5136.01
24533,10067.27
24534,9442.32
24535,8667.69
24536,15168.05
24537,6376.39
24538,6176.65
24539,6324.32
24540,8576.18
24541,9764.14
24542,6599.79
24543,7205.81
24544,7510.92
24545,6572.62
24546,6386.35
24547,5746.8
24548,5646.28
24549,6121.94
24550,4230.54
24551,5659.06
24552,9020.11
24553,17354.92
24554,6206.63
24555,4965.13
24556,7152.74
24557,4038.18
24558,6698.27
24559,4242.13
24560,8826.14
24561,6574.72
24562,6479.3
24563,13745.28
24564,10143.41
24565,7333.79
24566,7976.41
24567,3792.93
24568,5597.79
24569,5363.44
24570,8466.05
24571,4992.45
24572,4606.55
24573,6301.63
24574,5725.91
24575,8674.11
24576,6965.55
24577,3235.91
24578,7036.22
24579,7864.14
24580,7949.72
24581,4776.97
24582,4345.03
24583,8203.52
24584,5538.63
24585,9554.09
24586,4708.59
24587,5214.99
24588,6942.24
24589,6530.77
24590,4913.38
24591,6762.9
24592,7104.69
24593,8913.67
24594,8945.99
24595,5432.76
24596,4065.85
24597,5506.2
24598,7634.13
24599,5299.47
24600,6815.25
24601,6234.72
24602,12163.53
24603,8334.84
24604,6307.52
24605,7563.27
24606,4141.74
24607,9407.43
24608,6300.95
24609,13410.54
24610,5835.56
24611,5224.72
24612,6777.85
24613,4187.27
24614,7395.77
24615,15036.63
24616,4072.05
24617,4803.63
24618,11171.81
24619,6915.88
24620,7049.78
24621,7753.42
24622,5995.58
24623,6284.36
24624,4697.79
24625,9365.96
24626,5688.48
24627,6847.12
24628,6754.51
24629,4324.13
24630,6978.47
24631,6036.94
24632,3717.1
24633,9148.11
24634,8869.24
24635,4300.14
24636,7528.35
24637,7032.84
24638,5144.83
24639,8162.44
24640,5731.51
24641,10004.96
24642,4320.64
24643,5060.56
24644,6325.64
24645,4838.63
24646,7181.98
24647,4446.8
24648,5888.79
24649,4917.75
24650,6485.49
24651,6115.98
24652,7281.04
24653,7214.32
24654,7670.33
24655,6202.84
24656,8113.93
24657,6798.36
24658,8770.08
24659,8662.52
24660,7061.91
24661,3238.29
24662,5575.74
24663,7628.96
24664,5281.74
24665,9176.52
24666,5761.62
24667,6962.89
24668,10422.78
24669,7037.71
24670,4516.92
24671,10943.73
24672,10399.89
24673,5951.72
24674,9243.62
24675,10868.48
24676,6505.3
24677,5001.66
24678,6431.96
24679,5497.82
24680,5676.29
24681,6641.29
24682,5280.79
24683,6619.21
24684,7600.27
24685,6450.91
24686,8480.37
24687,5508.89
24688,6953.88
24689,5397.79
24690,7683.21
24691,6736.89
24692,6420.21
24693,6607.97
24694,6867.54
24695,8939.15
24696,5676.89
24697,5240.21
24698,6509.25
24699,7572.99
24700,7459.24
24701,4471.46
24702,3983.09
24703,7681.75
24704,6306.05
24705,5574.6
24706,8759.63
24707,7731.04
24708,6835.93
24709,6358.09
24710,3927.21
24711,6742.65
24712,6874.93
24713,6196.44
24714,10048.01
24715,9393.94
24716,4536.9
24717,9409.12
24718,4033.07
24719,3394.92
24720,7861.4
24721,10776.5
24722,8508.0
24723,7225.34
24724,5163.45
24725,6694.66
24726,9085.13
24727,5758.78
24728,7703.58
24729,6154.49
24730,5051.83
24731,5181.33
24732,5369.64
24733,5553.75
24734,4306.17
24735,5551.98
24736,3597.02
24737,7659.44
24738,7544.87
24739,5614.44
24740,6657.19
24741,7673.93
24742,5757.04
24743,5219.1
24744,8919.66
24745,8885.04
24746,7190.74
24747,4015.81
24748,13960.53
24749,6447.4
24750,5381.32
24751,9630.79
24752,8203.31
24753,8095.28
24754,6272.57
24755,7072.91
24756,9057.75
24757,15398.62
24758,4935.44
24759,4863.8
24760,4995.16
24761,7608.28
24762,5803.26
24763,11570.19
24764,8863.06
24765,5777.93
24766,4174.56
24767,6830.94
24768,10392.09
24769,4545.37
24770,7045.99
24771,4340.18
24772,7189.0
24773,7393.64
24774,7957.06
24775,8673.9
24776,6295.79
24777,4629.86
24778,6563.34
24779,7582.86
24780,8023.33
24781,7681.8
24782,7211.35
24783,6886.2
24784,4788.82
24785,9843.47
24786,4557.13
24787,10573.1
24788,5815.83
24789,4038.6
24790,6616.9
24791,6507.99
24792,7068.33
24793,7098.39
24794,4154.53
24795,4356.32
24796,7563.56
24797,8780.91
24798,8835.49
24799,5018.06
24800,6445.45
24801,6972.41
24802,5919.42
24803,5907.09
24804,9565.23
24805,8609.9
24806,11009.07
24807,4394.8
24808,5516.67
24809,8110.02
24810,9458.47
24811,5593.83
24812,10215.23
24813,6913.42
24814,4843.28
24815,5452.35
24816,5120.32
24817,5009.47
24818,6608.78
24819,4837.54
24820,5230.49
24821,9115.09
24822,7197.2
24823,21344.98
24824,6600.96
24825,4270.08
24826,7904.33
24827,10125.53
24828,5797.54
24829,7532.51
24830,5477.84
24831,8577.4
24832,8247.28
24833,5885.04
24834,6093.62
24835,7035.5
24836,8161.08
24837,7375.32
24838,8249.64
24839,6146.39
24840,4459.47
24841,5723.83
24842,9664.99
24843,10504.49
24844,10592.78
24845,7846.28
24846,5308.26
24847,5938.31
24848,5100.14
24849,8511.71
24850,10265.02
24851,8690.03
24852,6256.95
24853,5640.89
24854,5434.03
24855,5414.44
24856,12219.32
24857,7579.06
24858,4856.78
24859,6394.39
24860,8789.62
24861,3740.73
24862,7374.38
24863,4419.32
24864,7069.85
24865,7972.25
24866,5600.94
24867,7459.99
24868,7698.44
24869,5093.32
24870,6618.33
24871,7650.13
24872,11016.34
24873,5892.41
24874,8065.99
24875,7971.58
24876,9789.69
24877,6470.75
24878,9195.28
24879,5415.1
24880,4881.45
24881,6899.62
24882,6093.97
24883,8404.65
24884,7570.29
24885,5495.14
24886,7014.03
24887,7286.61
24888,9547.76
24889,4130.73
24890,14894.06
24891,5155.7
24892,5965.26
24893,8638.6
24894,6384.35
24895,6482.12
24896,6469.81
24897,7321.12
24898,5414.8
24899,5587.06
24900,9519.38
24901,8497.09
24902,8271.83
24903,4693.56
24904,6681.1
24905,9874.36
24906,5980.3
24907,5374.34
24908,7036.33
24909,5973.62
24910,7580.89
24911,7473.55
24912,4211.55
24913,8380.61
24914,6330.75
24915,7244.99
24916,9112.52
24917,4062.01
24918,6243.08
24919,6283.33
24920,7930.83
24921,9380.33
24922,5187.7
24923,4691.73
24924,7043.94
24925,5749.67
24926,8453.37
24927,7989.18
24928,7127.91
24929,7298.05
24930,5516.26
24931,4674.12
24932,6702.04
24933,7215.39
24934,8522.0
24935,8837.25
24936,9102.34
24937,6504.97
24938,9320.1
24939,6774.66
24940,8638.33
24941,8660.2
24942,7100.72
24943,10579.55
24944,8320.88
24945,8446.67
24946,6069.96
24947,7809.09
24948,8097.94
24949,6857.2
24950,4646.74
24951,5494.92
24952,8034.02
24953,6381.62
24954,5214.5
24955,9153.87
24956,7158.64
24957,6233.69
24958,5740.26
24959,5535.98
24960,7915.35
24961,7343.31
24962,7800.99
24963,5160.94
24964,5543.68
24965,7267.38
24966,3609.73
24967,6237.69
24968,5017.62
24969,9078.82
24970,7453.84
24971,6905.81
24972,6885.6
24973,7307.58
24974,5265.92
24975,11117.73
24976,7173.69
24977,7716.82
24978,8208.25
24979,5069.43
24980,6348.19
24981,5556.03
24982,7726.81
24983,11907.16
24984,7499.2
24985,3371.34
24986,5739.62
24987,9110.11
24988,8941.56
24989,7168.35
24990,7603.12
24991,5212.68
24992,5587.49
24993,3496.42
24994,5193.3
24995,6187.21
24996,6938.37
24997,7181.89
24998,12131.29
24999,7853.97
25000,8494.78
25001,7596.35
25002,5814.35
25003,9258.35
25004,11652.97
25005,6318.12
25006,8356.71
25007,5752.26
25008,7116.42
25009,3771.68
25010,7353.74
25011,5648.01
25012,8946.16
25013,7010.17
25014,8521.54
25015,8831.9
25016,5178.19
25017,9146.04
25018,18852.49
25019,10542.47
25020,6225.24
25021,3072.22
25022,6376.6
25023,10162.36
25024,5351.06
25025,11961.1
25026,19712.11
25027,3887.82
25028,5345.39
25029,8246.78
25030,5336.92
25031,10490.65
25032,6876.48
25033,8130.25
25034,3225.92
25035,7805.59
25036,5991.8
25037,7406.93
25038,9111.43
25039,6024.58
25040,5975.37
25041,7423.37
25042,6254.24
25043,5341.93
25044,8010.5
25045,6388.57
25046,5868.7
25047,7599.28
25048,5927.98
25049,6209.99
25050,6941.17
25051,7008.95
25052,8270.02
25053,7523.92
25054,7150.24
25055,5887.78
25056,4016.01
25057,6871.26
25058,6885.56
25059,5586.75
25060,4574.77
25061,9152.32
25062,7458.82
25063,10294.93
25064,6643.79
25065,5578.44
25066,5350.42
25067,4642.58
25068,9940.54
25069,5432.91
25070,8327.17
25071,14088.72
25072,7130.98
25073,6982.75
25074,4514.24
25075,4607.0
25076,7457.26
25077,4850.8
25078,5294.82
25079,9994.33
25080,5707.6
25081,16109.47
25082,13510.49
25083,4770.19
25084,7373.55
25085,6550.6
25086,6875.93
25087,5864.5
25088,8670.59
25089,6960.76
25090,9613.94
25091,5400.62
25092,7435.29
25093,4807.31
25094,9707.83
25095,6685.96
25096,6028.65
25097,6661.69
25098,5007.95
25099,8416.32
25100,9765.55
25101,5890.02
25102,10551.86
25103,6572.29
25104,8582.77
25105,5296.83
25106,6308.9
25107,5609.52
25108,10503.74
25109,7066.32
25110,7368.99
25111,7019.3
25112,8871.06
25113,4814.29
25114,8864.98
25115,7259.15
25116,4004.53
25117,15204.52
25118,15617.15
25119,8188.23
25120,8153.55
25121,9264.14
25122,10550.48
25123,11302.13
25124,6362.18
25125,7860.97
25126,5891.41
25127,8421.09
25128,4022.52
25129,5897.57
25130,6202.91
25131,5714.17
25132,7747.8
25133,5299.01
25134,4985.21
25135,6325.35
25136,3616.25
25137,4607.6
25138,5462.73
25139,7518.91
25140,8501.31
25141,8391.79
25142,7709.5
25143,5762.23
25144,6090.89
25145,12007.94
25146,9187.28
25147,5617.16
25148,5690.24
25149,9260.19
25150,4622.47
25151,7181.35
25152,3521.2
25153,5663.0
25154,8713.23
25155,7787.61
25156,6636.58
25157,8759.71
25158,9970.1
25159,12047.67
25160,5954.97
25161,8911.91
25162,3315.81
25163,5378.67
25164,6423.64
25165,4445.53
25166,8797.94
25167,5724.97
25168,5066.67
25169,8930.23
25170,11633.3
25171,8297.68
25172,5513.04
25173,6341.97
25174,12891.2
25175,8047.99
25176,6239.98
25177,5927.01
25178,7173.31
25179,9395.23
25180,5273.03
25181,6375.82
25182,7270.03
25183,9529.84
25184,12730.7
25185,6171.37
25186,15386.79
25187,6824.66
25188,5538.22
25189,3773.11
25190,6713.15
25191,6730.24
25192,5488.39
25193,7303.3
25194,6192.19
25195,4426.39
25196,7853.69
25197,3588.11
25198,7844.58
25199,6977.65
25200,7710.17
25201,8654.81
25202,5261.83
25203,9761.88
25204,7266.2
25205,5386.75
25206,6090.97
25207,6400.91
25208,10801.32
25209,6241.81
25210,4554.52
25211,8782.42
25212,9774.28
25213,7470.99
25214,6742.8
25215,8996.43
25216,5351.25
25217,5036.06
25218,6572.53
25219,9185.37
25220,6571.11
25221,6205.82
25222,6818.29
25223,5990.81
25224,4313.47
25225,4636.57
25226,8931.15
25227,8769.14
25228,11393.18
25229,11635.14
25230,7915.75
25231,7451.82
25232,5115.05
25233,10308.01
25234,9404.32
25235,8224.08
25236,8982.95
25237,9141.46
25238,5135.15
25239,3576.01
25240,11531.24
25241,7363.94
25242,7237.01
25243,6597.49
25244,3528.26
25245,12090.68
25246,7194.41
25247,7088.52
25248,4527.19
25249,6462.68
25250,5992.19
25251,9032.89
25252,6756.04
25253,4708.29
25254,6028.41
25255,5052.45
25256,2875.48
25257,6770.52
25258,16757.46
25259,5463.03
25260,5866.41
25261,7634.1
25262,5282.97
25263,5806.35
25264,4430.6
25265,4473.88
25266,7046.89
25267,7569.88
25268,4767.14
25269,8723.91
25270,5771.8
25271,4738.67
25272,10101.29
25273,8455.85
25274,9784.07
25275,5768.01
25276,7325.69
25277,4897.04
25278,5411.82
25279,17725.6
25280,7861.4
25281,6396.96
25282,5850.26
25283,4614.93
25284,5428.42
25285,4673.06
25286,9421.47
25287,5374.61
25288,5994.64
25289,7424.19
25290,4696.25
25291,6576.15
25292,6975.99
25293,8744.29
25294,6873.71
25295,4274.39
25296,5831.78
25297,6964.37
25298,8866.15
25299,8754.59
25300,6783.03
25301,5258.64
25302,7061.21
25303,6289.53
25304,4447.3
25305,7264.96
25306,7424.03
25307,6724.04
25308,6162.39
25309,6218.05
25310,7601.63
25311,5525.34
25312,6557.65
25313,7331.41
25314,6271.56
25315,9901.07
25316,6855.86
25317,5080.46
25318,11915.94
25319,6725.63
25320,4300.2
25321,7793.44
25322,8885.08
25323,10297.88
25324,5634.49
25325,5761.39
25326,6728.74
25327,7844.45
25328,6120.12
25329,8719.63
25330,3346.3
25331,6878.32
25332,7060.32
25333,6215.48
25334,5122.47
25335,6980.71
25336,8676.56
25337,5447.08
25338,8685.78
25339,6950.71
25340,8862.0
25341,5600.89
25342,7813.85
25343,5970.01
25344,7299.59
25345,8963.98
25346,3970.94
25347,7493.72
25348,9250.65
25349,7507.23
25350,4606.22
25351,4221.01
25352,7821.74
25353,6917.79
25354,9097.86
25355,7472.5
25356,6150.28
25357,8938.3
25358,7179.89
25359,7284.77
25360,8650.95
25361,5538.71
25362,8568.66
25363,11181.24
25364,7732.3
25365,4822.85
25366,7496.72
25367,4879.46
25368,3198.04
25369,8553.52
25370,6660.24
25371,9025.76
25372,5941.04
25373,9258.99
25374,6914.6
25375,13147.2
25376,4541.24
25377,6103.73
25378,7010.51
25379,7866.13
25380,6936.03
25381,7874.78
25382,7794.16
25383,10070.61
25384,7330.19
25385,7317.7
25386,5868.85
25387,4789.67
25388,4663.42
25389,11011.96
25390,10140.4
25391,9305.28
25392,16334.62
25393,6134.73
25394,6303.19
25395,6476.04
25396,8643.26
25397,9717.11
25398,6920.2
25399,7580.14
25400,8064.89
25401,7661.08
25402,6473.21
25403,5679.18
25404,5829.94
25405,6474.56
25406,4223.6
25407,5854.1
25408,9261.3
25409,17401.08
25410,6217.84
25411,4882.46
25412,8007.3
25413,3760.79
25414,6530.95
25415,3963.45
25416,8704.33
25417,6578.15
25418,6300.46
25419,13317.28
25420,10717.88
25421,7231.46
25422,7592.67
25423,3875.08
25424,5784.67
25425,5413.24
25426,8038.32
25427,5193.79
25428,4515.94
25429,6454.12
25430,5943.11
25431,9190.76
25432,7017.9
25433,3178.58
25434,7023.82
25435,7987.04
25436,8080.94
25437,5085.18
25438,4888.07
25439,8370.84
25440,5828.15
25441,9887.71
25442,4606.16
25443,5337.65
25444,6997.79
25445,6732.81
25446,4919.12
25447,6970.75
25448,8681.79
25449,9384.31
25450,9685.69
25451,5749.86
25452,3852.23
25453,5829.97
25454,7815.79
25455,5367.92
25456,6797.91
25457,6339.98
25458,13222.87
25459,8647.2
25460,6181.31
25461,7525.0
25462,4406.49
25463,9633.0
25464,5785.79
25465,14436.87
25466,5810.87
25467,5550.77
25468,6683.35
25469,3854.63
25470,7914.63
25471,15509.47
25472,5020.71
25473,4556.64
25474,11086.78
25475,7462.41
25476,7285.45
25477,8127.83
25478,6076.27
25479,6978.08
25480,4722.27
25481,9704.19
25482,5761.48
25483,7150.93
25484,7546.48
25485,4902.99
25486,8258.45
25487,6157.47
25488,3947.97
25489,9098.98
25490,8725.29
25491,4733.86
25492,7483.25
25493,6851.64
25494,5076.7
25495,8275.53
25496,5697.31
25497,10229.8
25498,4601.4
25499,5157.88
25500,7389.31
25501,4278.58
25502,7073.47
25503,5223.09
25504,6132.24
25505,4858.53
25506,6762.03
25507,6412.24
25508,7339.37
25509,6954.42
25510,7300.37
25511,6333.47
25512,8029.77
25513,7022.19
25514,9657.9
25515,8855.45
25516,6760.65
25517,3640.92
25518,5816.14
25519,7715.8
25520,6198.3
25521,9800.17
25522,5856.29
25523,7133.58
25524,10560.43
25525,6408.69
25526,4546.4
25527,12952.45
25528,10635.35
25529,5891.13
25530,9326.34
25531,9739.2
25532,6489.74
25533,5404.55
25534,6869.76
25535,5974.85
25536,5755.64
25537,6742.52
25538,5391.33
25539,6776.33
25540,7678.84
25541,6955.88
25542,8792.54
25543,5693.31
25544,7209.66
25545,4945.23
25546,7499.38
25547,7551.43
25548,5783.32
25549,6906.12
25550,7043.87
25551,8966.93
25552,5728.32
25553,5316.86
25554,6403.24
25555,7610.8
25556,7778.39
25557,4744.72
25558,4133.07
25559,8877.93
25560,6504.55
25561,5775.72
25562,9056.16
25563,8126.24
25564,8054.52
25565,6498.92
25566,4237.02
25567,7212.17
25568,6961.87
25569,6642.01
25570,9974.48
25571,10083.84
25572,4882.2
25573,9089.82
25574,4129.63
25575,3379.28
25576,7929.46
25577,11857.78
25578,7712.88
25579,7697.83
25580,5534.21
25581,7304.9
25582,9486.15
25583,6507.45
25584,7696.4
25585,6734.52
25586,5015.63
25587,5605.34
25588,5341.0
25589,5939.5
25590,4948.62
25591,5603.77
25592,4249.63
25593,7728.77
25594,8096.52
25595,6031.19
25596,6142.78
25597,7552.25
25598,5887.18
25599,5142.2
25600,9103.1
25601,8709.75
25602,7144.7
25603,4482.97
25604,14493.2
25605,6355.57
25606,5671.08
25607,10180.77
25608,8748.07
25609,8150.97
25610,6256.09
25611,7136.62
25612,9566.85
25613,14863.91
25614,5411.78
25615,4975.75
25616,4806.47
25617,7680.09
25618,5851.93
25619,13255.6
25620,9070.08
25621,5985.49
25622,4281.58
25623,6643.97
25624,10487.05
25625,4712.31
25626,7349.17
25627,4312.73
25628,7053.16
25629,7511.74
25630,7911.83
25631,10090.67
25632,6632.38
25633,4653.1
25634,6447.91
25635,8241.32
25636,8338.58
25637,8179.63
25638,7118.69
25639,6762.2
25640,4552.95
25641,9625.31
25642,4534.7
25643,10860.69
25644,5983.0
25645,4607.68
25646,7072.0
25647,6310.03
25648,7597.28
25649,8004.2
25650,4028.07
25651,4797.63
25652,7764.32
25653,9562.46
25654,10027.91
25655,5128.66
25656,5686.98
25657,7288.86
25658,6092.91
25659,5769.85
25660,9560.85
25661,8938.58
25662,11497.53
25663,4584.32
25664,5954.56
25665,8226.22
25666,9090.0
25667,5886.24
25668,9873.47
25669,7182.76
25670,5045.31
25671,5351.26
25672,4993.62
25673,5030.2
25674,6839.26
25675,5514.37
25676,5524.5
25677,9648.39
25678,6550.43
25679,21082.62
25680,6426.93
25681,5998.32
25682,8821.14
25683,11580.0
25684,6738.76
25685,7948.67
25686,5966.73
25687,9284.73
25688,9320.64
25689,6509.45
25690,6577.64
25691,8113.09
25692,8568.91
25693,7900.78
25694,8182.28
25695,7415.28
25696,4606.54
25697,6649.47
25698,11287.19
25699,11146.42
25700,10857.43
25701,8389.03
25702,6904.89
25703,7377.53
25704,5426.08
25705,9779.67
25706,11100.41
25707,9742.63
25708,7228.81
25709,5338.57
25710,5250.94
25711,7969.34
25712,11581.12
25713,7665.39
25714,5587.87
25715,6527.9
25716,8628.88
25717,4305.93
25718,7840.93
25719,4894.35
25720,6565.0
25721,7762.93
25722,6057.89
25723,8097.86
25724,6319.68
25725,5576.67
25726,7858.9
25727,8092.9
25728,11389.85
25729,6494.42
25730,9156.15
25731,7618.59
25732,9836.86
25733,7935.47
25734,10789.9
25735,6154.54
25736,6356.28
25737,7471.85
25738,6653.95
25739,8626.76
25740,7976.36
25741,6347.74
25742,7409.22
25743,6462.53
25744,10765.08
25745,4579.97
25746,15580.29
25747,5437.47
25748,6694.66
25749,8901.65
25750,7088.98
25751,6762.23
25752,6939.33
25753,8219.14
25754,6392.22
25755,6579.31
25756,7744.16
25757,8190.78
25758,7920.06
25759,5637.72
25760,7242.81
25761,8263.9
25762,7276.54
25763,5879.37
25764,7146.95
25765,6102.08
25766,7409.88
25767,8119.07
25768,4607.69
25769,8993.22
25770,7390.03
25771,7498.08
25772,8668.84
25773,5257.25
25774,7255.0
25775,6404.81
25776,8340.64
25777,10491.8
25778,5315.81
25779,5406.86
25780,7710.06
25781,6198.73
25782,8331.79
25783,8473.63
25784,7259.35
25785,8026.94
25786,6918.25
25787,4826.64
25788,7392.72
25789,8038.91
25790,9885.5
25791,8966.12
25792,9636.69
25793,6849.55
25794,9346.16
25795,6807.51
25796,9489.16
25797,9357.56
25798,7353.03
25799,11771.01
25800,8266.76
25801,7816.89
25802,6820.64
25803,8367.73
25804,8311.25
25805,7037.54
25806,4861.12
25807,7125.49
25808,8599.19
25809,7447.81
25810,5461.33
25811,10075.24
25812,6897.43
25813,6206.15
25814,6761.72
25815,6104.26
25816,8998.81
25817,7579.24
25818,8205.2
25819,6588.18
25820,5784.86
25821,7704.77
25822,4128.44
25823,8458.4
25824,6491.21
25825,8806.62
25826,7878.49
25827,6889.02
25828,6993.93
25829,6702.9
25830,5748.95
25831,12428.43
25832,7065.07
25833,7945.39
25834,7768.84
25835,5575.97
25836,7268.23
25837,5908.13
25838,8752.38
25839,13506.76
25840,7696.81
25841,4524.63
25842,6469.7
25843,9161.55
25844,9185.98
25845,7908.0
25846,7195.71
25847,5189.43
25848,6696.51
25849,3515.46
25850,5788.84
25851,6451.8
25852,7051.1
25853,10235.72
25854,14703.14
25855,8849.78
25856,8957.54
25857,8240.55
25858,6582.17
25859,10452.63
25860,11401.17
25861,7130.85
25862,8166.5
25863,6387.35
25864,7269.6
25865,4997.14
25866,8143.95
25867,6109.64
25868,9383.74
25869,7697.28
25870,9286.16
25871,9622.87
25872,6781.11
25873,9464.57
25874,18841.88
25875,12169.99
25876,8162.24
25877,5145.34
25878,7727.93
25879,11917.45
25880,5743.18
25881,12089.65
25882,19648.21
25883,4726.32
25884,5598.5
25885,8751.27
25886,5443.97
25887,12378.09
25888,7742.81
25889,9594.77
25890,3582.56
25891,8027.28
25892,7483.89
25893,8274.94
25894,8419.36
25895,6597.11
25896,6462.71
25897,6998.39
25898,6804.48
25899,4929.88
25900,8512.98
25901,6790.74
25902,6973.67
25903,8442.35
25904,7256.82
25905,6421.33
25906,8077.71
25907,7727.77
25908,8630.35
25909,7351.57
25910,8094.21
25911,6651.52
25912,4974.0
25913,7396.3
25914,7942.37
25915,6430.39
25916,4995.03
25917,10136.4
25918,8488.76
25919,10682.65
25920,7750.56
25921,6868.91
25922,5728.49
25923,5407.01
25924,10592.55
25925,7555.11
25926,8762.95
25927,15953.04
25928,7062.72
25929,7551.44
25930,5141.09
25931,5320.01
25932,7767.52
25933,5533.73
25934,6455.44
25935,10758.71
25936,5818.04
25937,14499.39
25938,15801.94
25939,4818.55
25940,7245.31
25941,6953.72
25942,7386.16
25943,6285.47
25944,8561.7
25945,7844.8
25946,10587.43
25947,5813.72
25948,8594.5
25949,5299.19
25950,8427.49
25951,7567.59
25952,6052.14
25953,7120.77
25954,5353.16
25955,9017.23
25956,10198.06
25957,6096.52
25958,11040.51
25959,6428.4
25960,9672.48
25961,6656.89
25962,7234.74
25963,6588.41
25964,10355.58
25965,7436.49
25966,7461.34
25967,7898.72
25968,9158.51
25969,4850.52
25970,10260.51
25971,8331.03
25972,4819.18
25973,15286.25
25974,16473.05
25975,7668.53
25976,9048.36
25977,10588.37
25978,10937.88
25979,12406.91
25980,6520.23
25981,8622.92
25982,7208.43
25983,8567.01
25984,4299.64
25985,7691.73
25986,6493.58
25987,6010.48
25988,8601.04
25989,6442.97
25990,5268.94
25991,6671.56
25992,3704.86
25993,5304.31
25994,7048.33
25995,6862.61
25996,8732.75
25997,8571.99
25998,9142.67
25999,6499.14
26000,6638.27
26001,12728.34
26002,9964.77
26003,5777.84
26004,6358.27
26005,9092.65
26006,5548.58
26007,7578.48
26008,4823.63
26009,5838.38
26010,8144.68
26011,6347.38
26012,7635.77
26013,9180.62
26014,9975.4
26015,12665.93
26016,6674.03
26017,8923.73
26018,3563.87
26019,6040.59
26020,6640.88
26021,5192.91
26022,7275.78
26023,5868.38
26024,5936.54
26025,9653.95
26026,10531.27
26027,8608.31
26028,5861.15
26029,7249.58
26030,10748.35
26031,6539.69
26032,8551.74
26033,6052.37
26034,7622.56
26035,11629.27
26036,5842.87
26037,6639.84
26038,8141.55
26039,10409.96
26040,15031.77
26041,7580.42
26042,14577.98
26043,7561.43
26044,6612.72
26045,4001.77
26046,6468.21
26047,6722.11
26048,6253.18
26049,7056.07
26050,7159.52
26051,4716.49
26052,7908.39
26053,4798.28
26054,8351.42
26055,8266.03
26056,8280.15
26057,9681.49
26058,6123.7
26059,8515.87
26060,6973.54
26061,5735.24
26062,6912.44
26063,6707.95
26064,10502.66
26065,6594.94
26066,5081.9
26067,8726.0
26068,9892.13
26069,8775.19
26070,7369.75
26071,8994.05
26072,5769.15
26073,5337.55
26074,7213.07
26075,8876.57
26076,7668.83
26077,7305.02
26078,8239.56
26079,7380.56
26080,5293.07
26081,6070.99
26082,9674.7
26083,9219.19
26084,12327.66
26085,12730.28
26086,9239.63
26087,7733.42
26088,6935.39
26089,10758.07
26090,10311.88
26091,7228.31
26092,8879.68
26093,10359.32
26094,6354.22
26095,4343.73
26096,11393.86
26097,8547.91
26098,9353.22
26099,7055.86
26100,4633.43
26101,12467.17
26102,8888.49
26103,9039.9
26104,5451.03
26105,7358.5
26106,7421.41
26107,10078.74
26108,6915.04
26109,7140.33
26110,7222.26
26111,4730.34
26112,3554.85
26113,8178.56
26114,17614.57
26115,5939.36
26116,6567.18
26117,7791.08
26118,5893.49
26119,6608.12
26120,5447.56
26121,4778.91
26122,8667.79
26123,7757.31
26124,4810.41
26125,9413.33
26126,6643.01
26127,6061.27
26128,10221.65
26129,10109.55
26130,10770.76
26131,6853.3
26132,8438.05
26133,5848.37
26134,6693.99
26135,15931.02
26136,7795.65
26137,6956.83
26138,6395.06
26139,5435.26
26140,6187.85
26141,5354.11
26142,10703.92
26143,5685.87
26144,6412.51
26145,7710.68
26146,5750.03
26147,6983.5
26148,7671.11
26149,8067.91
26150,7801.65
26151,5080.49
26152,5640.11
26153,7363.42
26154,10321.02
26155,9594.09
26156,7211.99
26157,5357.19
26158,7341.46
26159,6586.0
26160,4917.27
26161,7653.08
26162,7689.23
26163,7557.58
26164,7272.21
26165,7274.95
26166,8594.7
26167,6969.23
26168,7172.41
26169,8240.26
26170,7689.52
26171,10147.86
26172,8156.64
26173,5717.23
26174,12526.15
26175,8476.34
26176,6069.5
26177,9130.35
26178,7961.47
26179,11184.12
26180,5528.96
26181,6878.74
26182,7491.51
26183,8099.09
26184,8317.69
26185,10119.47
26186,4438.73
26187,7709.5
26188,7754.13
26189,6018.68
26190,5481.82
26191,7252.17
26192,9109.16
26193,5441.47
26194,9598.3
26195,8050.37
26196,9341.21
26197,6459.75
26198,7875.3
26199,6147.65
26200,7726.71
26201,8716.41
26202,4602.54
26203,7964.16
26204,8109.71
26205,7596.98
26206,5996.29
26207,4843.16
26208,9170.96
26209,7390.65
26210,9991.51
26211,8083.07
26212,6171.63
26213,10150.88
26214,8178.94
26215,9199.77
26216,8829.59
26217,6208.16
26218,9073.6
26219,10825.54
26220,8598.08
26221,6078.94
26222,8559.19
26223,4827.3
26224,3768.7
26225,8375.17
26226,7487.92
26227,10230.01
26228,6272.88
26229,7562.7
26230,7569.84
26231,12403.45
26232,5181.53
26233,6575.56
26234,7123.82
26235,8730.77
26236,7764.7
26237,7874.7
26238,8059.98
26239,10653.23
26240,7271.54
26241,7556.71
26242,6770.39
26243,4884.76
26244,5742.51
26245,12155.97
26246,10229.84
26247,8862.41
26248,16012.61
26249,7496.54
26250,7943.4
26251,6707.89
26252,9479.84
26253,10036.85
26254,7198.43
26255,8871.18
26256,8917.06
26257,7880.34
26258,7676.44
26259,6518.19
26260,6772.03
26261,6186.98
26262,4546.48
26263,5918.48
26264,9859.97
26265,15030.45
26266,7539.88
26267,5242.15
26268,7812.6
26269,5061.59
26270,6990.83
26271,4684.46
26272,9357.38
26273,6858.28
26274,7495.81
26275,13770.4
26276,10903.35
26277,8478.0
26278,6739.26
26279,4298.81
26280,5963.09
26281,6252.41
26282,6939.2
26283,5798.94
26284,5083.77
26285,6581.32
26286,6272.61
26287,9435.04
26288,7765.86
26289,5091.01
26290,7448.64
26291,8816.81
26292,8609.3
26293,6434.87
26294,5652.62
26295,9307.89
26296,4474.33
26297,10762.11
26298,5427.8
26299,5857.96
26300,8274.43
26301,9013.82
26302,5558.0
26303,7858.45
26304,8457.91
26305,9822.18
26306,11155.07
26307,6844.74
26308,4318.34
26309,6139.36
26310,9350.07
26311,6461.54
26312,7700.99
26313,7488.65
26314,11427.78
26315,9192.37
26316,7781.72
26317,8239.85
26318,4721.06
26319,11216.08
26320,7179.08
26321,15502.95
26322,6736.41
26323,6336.73
26324,9467.59
26325,5268.62
26326,8430.49
26327,12731.8
26328,4669.77
26329,5107.3
26330,12081.65
26331,8177.81
26332,8657.66
26333,8754.52
26334,6419.22
26335,7270.49
26336,5744.85
26337,10350.25
26338,6365.26
26339,7917.57
26340,8023.34
26341,5083.88
26342,7556.87
26343,6579.93
26344,4678.82
26345,10857.02
26346,11004.01
26347,4680.12
26348,7756.3
26349,6891.69
26350,5859.59
26351,8912.97
26352,5835.8
26353,11145.53
26354,4692.57
26355,5930.13
26356,8008.56
26357,5292.8
26358,8339.56
26359,4798.84
26360,6445.71
26361,5260.17
26362,7305.99
26363,5778.34
26364,7916.66
26365,7913.29
26366,7952.9
26367,5992.04
26368,8806.81
26369,7286.35
26370,12481.07
26371,9011.57
26372,7839.3
26373,4358.62
26374,6614.36
26375,8396.31
26376,5382.93
26377,8637.69
26378,6729.91
26379,7569.09
26380,11214.49
26381,7337.98
26382,4846.64
26383,11178.63
26384,10509.32
26385,6905.23
26386,10589.49
26387,11245.02
26388,7589.0
26389,5526.17
26390,7964.82
26391,6985.02
26392,6138.24
26393,7814.27
26394,5265.55
26395,7537.0
26396,8450.62
26397,6338.3
26398,9369.92
26399,6223.84
26400,7753.28
26401,4971.73
26402,8223.53
26403,7858.04
26404,6495.01
26405,7887.15
26406,7916.4
26407,10312.08
26408,6719.9
26409,6407.57
26410,7001.31
26411,7585.14
26412,8745.15
26413,5098.56
26414,4737.3
26415,8153.75
26416,6580.09
26417,6702.76
26418,8740.7
26419,7939.82
26420,7673.46
26421,6787.46
26422,4429.74
26423,8008.67
26424,8237.26
26425,8439.1
26426,10098.95
26427,10548.6
26428,5334.41
26429,10045.67
26430,5015.22
26431,3931.43
26432,8601.64
26433,12317.3
26434,8739.52
26435,8178.65
26436,6146.38
26437,8381.53
26438,10245.12
26439,7973.9
26440,8398.35
26441,4142.48
26442,5164.62
26443,6018.56
26444,5588.69
26445,6527.04
26446,5001.47
26447,6410.54
26448,4763.7
26449,7792.45
26450,9371.37
26451,6880.21
26452,6445.52
26453,8125.53
26454,7149.82
26455,5445.51
26456,8871.43
26457,9258.06
26458,7824.64
26459,4841.52
26460,14875.34
26461,7014.17
26462,7846.68
26463,9611.61
26464,9370.04
26465,9900.42
26466,7342.39
26467,7903.41
26468,11464.34
26469,13499.52
26470,6278.6
26471,6944.8
26472,6584.45
26473,9029.94
26474,6655.43
26475,11690.93
26476,10401.91
26477,7315.4
26478,4640.21
26479,7793.44
26480,10923.58
26481,5221.17
26482,8184.14
26483,4263.25
26484,7729.44
26485,8700.33
26486,9205.61
26487,11095.87
26488,8066.61
26489,5680.03
26490,6849.14
26491,9559.73
26492,8995.51
26493,9071.92
26494,7305.11
26495,7376.04
26496,6481.87
26497,11402.82
26498,4691.61
26499,12559.43
26500,5710.29
26501,5205.08
26502,7903.33
26503,7136.8
26504,8250.43
26505,8207.23
26506,4709.46
26507,5048.71
26508,7535.21
26509,11109.67
26510,10290.35
26511,5693.63
26512,6603.29
26513,8083.06
26514,6362.38
26515,5961.98
26516,9946.64
26517,9873.03
26518,11644.38
26519,6889.38
26520,6724.46
26521,8613.52
26522,9043.88
26523,6860.53
26524,10798.44
26525,7871.55
26526,5868.89
26527,5881.57
26528,5940.85
26529,5886.94
26530,7575.52
26531,6319.65
26532,5777.08
26533,11636.59
26534,7230.97
26535,22590.31
26536,6771.64
26537,5716.15
26538,9415.54
26539,12976.82
26540,7735.82
26541,9302.73
26542,7010.46
26543,9461.73
26544,10082.11
26545,7201.43
26546,8053.32
26547,9106.1
26548,9648.75
26549,9560.81
26550,9407.05
26551,8346.53
26552,5951.39
26553,8333.12
26554,14074.61
26555,13819.06
26556,13455.93
26557,12107.46
26558,7104.36
26559,7628.58
26560,5985.72
26561,10955.4
26562,15084.92
26563,10891.44
26564,9582.7
26565,7290.26
26566,6060.72
26567,7893.54
26568,13180.08
26569,9761.66
26570,6499.27
26571,8259.1
26572,9151.98
26573,5033.84
26574,10265.09
26575,5967.19
26576,8476.96
26577,10176.52
26578,7065.72
26579,9612.77
26580,9945.51
26581,6010.01
26582,8987.56
26583,9928.73
26584,14630.63
26585,7470.73
26586,11271.74
26587,7713.43
26588,11847.86
26589,9410.14
26590,13953.42
26591,7776.55
26592,6133.4
26593,8794.48
26594,7808.79
26595,11918.93
26596,10920.56
26597,8240.73
26598,10082.29
26599,8176.95
26600,13256.1
26601,5069.82
26602,17719.3
26603,6734.36
26604,7786.07
26605,11081.8
26606,8555.53
26607,8716.17
26608,8550.04
26609,10523.24
26610,7422.99
26611,7488.94
26612,9779.57
26613,9755.52
26614,10520.19
26615,6893.34
26616,8746.41
26617,12062.73
26618,8326.4
26619,6345.31
26620,8880.71
26621,7223.72
26622,8785.47
26623,9055.62
26624,5474.67
26625,12374.54
26626,8809.81
26627,9573.84
26628,10568.79
26629,5090.64
26630,9114.64
26631,7939.12
26632,10779.68
26633,11526.43
26634,6252.53
26635,6021.06
26636,8926.12
26637,7539.93
26638,10376.92
26639,9882.62
26640,8438.7
26641,9303.07
26642,7798.1
26643,6111.99
26644,9511.63
26645,9266.74
26646,10276.72
26647,11751.59
26648,11896.82
26649,7977.36
26650,12082.87
26651,8336.68
26652,11351.01
26653,12496.33
26654,9474.73
26655,14554.37
26656,8536.07
26657,11012.45
26658,8301.75
26659,8747.25
26660,11889.6
26661,8611.23
26662,5332.55
26663,7510.36
26664,11136.78
26665,9379.85
26666,6675.46
26667,12315.92
26668,7714.05
26669,6996.13
26670,7144.58
26671,8365.88
26672,10549.55
26673,9068.17
26674,9938.22
26675,7637.47
26676,7380.29
26677,9995.78
26678,4793.87
26679,8858.01
26680,7190.76
26681,10524.11
26682,9286.83
26683,8676.51
26684,9612.78
26685,8925.32
26686,6651.07
26687,14687.29
26688,7900.66
26689,11266.51
26690,9119.02
26691,6532.9
26692,8474.73
26693,6929.48
26694,9687.31
26695,16873.58
26696,8709.35
26697,4742.15
26698,6312.58
26699,11731.74
26700,12420.95
26701,8863.55
26702,9968.95
26703,5646.15
26704,6764.13
26705,4312.52
26706,6452.38
26707,7961.74
26708,8859.28
26709,10077.82
26710,14593.94
26711,9955.86
26712,11187.18
26713,9300.43
26714,6649.88
26715,11539.23
26716,16856.14
26717,9860.73
26718,10009.55
26719,7323.47
26720,8990.86
26721,7310.61
26722,10057.44
26723,8374.3
26724,10671.19
26725,8597.22
26726,12554.08
26727,10159.72
26728,7398.47
26729,11601.23
26730,22849.75
26731,16060.25
26732,9784.63
26733,4267.29
26734,8707.0
26735,14879.35
26736,6780.2
26737,12292.19
26738,20740.73
26739,4053.48
26740,7655.75
26741,11246.82
26742,6785.52
26743,14653.09
26744,10110.38
26745,11168.85
26746,3765.05
26747,9726.88
26748,8564.2
26749,9447.43
26750,13921.17
26751,7671.57
26752,7572.9
26753,8655.22
26754,7598.56
26755,6034.56
26756,10663.15
26757,8554.88
26758,8884.7
26759,10995.96
26760,7944.26
26761,7357.45
26762,9285.16
26763,9552.23
26764,10678.87
26765,8972.57
26766,8198.04
26767,7166.42
26768,5850.53
26769,8380.79
26770,9111.98
26771,7810.41
26772,6036.7
26773,12236.96
26774,11134.36
26775,13962.45
26776,8033.82
26777,8700.35
26778,7250.88
26779,5748.91
26780,14366.94
26781,7430.15
26782,9996.51
26783,18532.25
26784,9160.92
26785,8437.54
26786,6600.52
26787,6434.8
26788,10142.49
26789,6191.05
26790,7266.06
26791,12209.69
26792,7652.2
26793,20328.86
26794,17560.77
26795,6045.01
26796,8543.87
26797,7177.81
26798,9073.1
26799,7499.46
26800,10412.29
26801,10741.48
26802,12875.48
26803,6825.28
26804,8327.73
26805,5971.16
26806,11990.59
26807,9488.81
26808,8651.51
26809,8427.55
26810,5714.91
26811,10820.65
26812,11779.37
26813,7230.54
26814,14837.41
26815,7812.86
26816,11316.08
26817,5846.93
26818,8037.71
26819,8448.83
26820,14503.61
26821,8936.66
26822,10126.68
26823,10166.72
26824,11802.33
26825,6231.99
26826,10070.47
26827,8890.04
26828,5773.16
26829,18733.4
26830,19792.58
26831,10033.76
26832,11409.05
26833,13367.66
26834,14973.91
26835,13081.8
26836,8573.38
26837,11563.81
26838,8600.53
26839,10216.62
26840,4974.65
26841,8450.14
26842,7958.0
26843,6945.45
26844,9136.6
26845,6706.71
26846,7788.62
26847,8370.38
26848,4689.06
26849,6462.91
26850,7304.72
26851,9612.43
26852,12204.15
26853,10337.57
26854,9359.64
26855,7963.98
26856,8353.53
26857,15360.73
26858,10804.49
26859,8199.22
26860,7004.06
26861,12009.16
26862,5342.33
26863,9100.98
26864,4828.68
26865,7575.28
26866,10994.72
26867,8139.76
26868,7454.42
26869,10642.63
26870,11472.68
26871,14364.22
26872,7670.46
26873,10767.69
26874,4391.66
26875,6700.55
26876,7655.79
26877,6246.71
26878,9751.3
26879,7745.66
26880,6778.53
26881,11396.25
26882,15210.67
26883,10470.62
26884,6894.14
26885,8302.14
26886,13774.21
26887,7764.62
26888,9405.75
26889,6848.09
26890,9676.95
26891,12822.7
26892,6091.11
26893,8735.99
26894,10438.45
26895,11525.34
26896,16703.97
26897,8407.52
26898,16527.81
26899,8787.76
26900,7277.02
26901,4928.66
26902,9103.33
26903,8473.19
26904,8242.97
26905,8912.77
26906,8303.38
26907,6537.65
26908,10053.29
26909,5176.94
26910,9689.49
26911,10128.41
26912,10095.65
26913,12378.02
26914,7551.73
26915,10735.37
26916,7838.86
26917,6472.19
26918,7553.04
26919,6658.24
26920,14385.56
26921,8209.04
26922,6305.04
26923,11515.16
26924,12917.48
26925,10581.66
26926,9193.95
26927,11718.65
26928,6365.52
26929,5630.76
26930,8572.85
26931,11295.3
26932,9369.68
26933,9293.26
26934,10373.88
26935,8244.2
26936,5475.21
26937,6533.66
26938,10274.14
26939,11104.51
26940,13402.17
26941,16632.2
26942,11316.47
26943,8426.47
26944,6326.19
26945,12879.76
26946,12326.07
26947,10619.93
26948,11758.45
26949,11775.83
26950,6676.36
26951,5191.3
26952,13083.73
26953,12229.99
26954,10513.72
26955,8592.53
26956,4889.21
26957,15774.0
26958,10775.58
26959,10735.68
26960,5256.4
26961,9179.54
26962,7765.31
26963,14064.14
26964,7589.37
26965,6514.14
26966,7455.68
26967,6500.07
26968,4061.07
26969,9651.98
26970,19527.86
26971,6902.35
26972,7380.04
26973,9646.86
26974,5983.5
26975,7656.13
26976,6076.69
26977,6408.12
26978,9830.72
26979,10373.42
26980,5836.62
26981,11622.79
26982,9811.69
26983,6834.04
26984,12365.86
26985,12250.33
26986,12319.22
26987,8173.24
26988,9145.05
26989,6209.83
26990,7360.23
26991,18480.69
26992,10653.47
26993,7447.12
26994,8597.6
26995,6385.45
26996,6882.86
26997,5976.32
26998,11556.47
26999,6138.94
27000,6789.61
27001,9958.49
27002,5999.49
27003,8636.02
27004,8826.5
27005,9813.26
27006,8999.36
27007,6905.46
27008,7257.86
27009,9447.3
27010,12755.79
27011,10837.42
27012,9026.01
27013,6510.61
27014,9191.25
27015,7646.37
27016,6015.08
27017,9547.77
27018,10324.97
27019,9497.09
27020,9040.06
27021,8592.17
27022,10800.52
27023,7489.47
27024,8096.79
27025,8576.79
27026,10209.69
27027,11512.09
27028,8043.58
27029,6911.26
27030,15612.3
27031,9764.33
27032,4898.36
27033,10200.94
27034,9722.7
27035,13224.42
27036,6199.08
27037,8447.59
27038,8066.94
27039,10267.93
27040,8580.15
27041,12701.01
27042,4693.6
27043,9643.03
27044,9613.84
27045,7727.57
27046,7127.27
27047,8670.48
27048,12761.03
27049,6510.63
27050,10827.13
27051,10552.44
27052,12561.67
27053,6274.36
27054,9307.97
27055,6970.51
27056,10487.97
27057,11792.87
27058,6395.28
27059,7666.74
27060,11126.03
27061,9286.1
27062,5892.4
27063,5019.92
27064,11176.79
27065,9539.01
27066,11213.57
27067,10766.25
27068,7643.98
27069,11544.51
27070,10793.87
27071,12371.68
27072,9750.87
27073,8605.81
27074,9964.59
27075,13888.81
27076,9305.59
27077,6854.83
27078,9445.6
27079,5283.5
27080,4374.73
27081,10965.31
27082,7847.28
27083,11775.68
27084,6988.25
27085,10039.04
27086,9091.56
27087,14689.85
27088,6482.36
27089,6927.54
27090,8781.17
27091,10068.95
27092,8095.53
27093,9816.3
27094,8733.23
27095,12290.04
27096,8893.0
27097,8996.14
27098,7453.05
27099,6150.76
27100,6275.26
27101,15247.86
27102,13443.68
27103,11021.27
27104,15909.14
27105,9108.74
27106,8088.62
27107,8629.84
27108,11296.16
27109,12739.97
27110,9839.93
27111,10788.16
27112,11895.28
27113,9283.72
27114,9364.76
27115,8352.42
27116,8124.41
27117,7311.8
27118,5340.58
27119,8694.11
27120,12115.59
27121,20675.48
27122,8587.82
27123,6570.29
27124,10145.17
27125,5435.96
27126,8293.53
27127,4710.95
27128,11295.59
27129,8363.86
27130,8732.66
27131,19409.68
27132,11541.98
27133,10416.53
27134,8896.26
27135,4668.51
27136,6537.21
27137,6995.53
27138,9428.46
27139,7180.69
27140,5549.0
27141,7396.12
27142,7292.9
27143,11938.4
27144,10228.63
27145,3632.31
27146,9438.69
27147,11206.26
27148,11214.95
27149,8698.28
27150,6943.56
27151,10904.63
27152,6104.0
27153,12703.73
27154,6864.17
27155,7639.56
27156,9282.62
27157,11246.1
27158,5252.29
27159,11085.32
27160,11302.28
27161,11685.17
27162,14506.85
27163,7934.71
27164,5177.88
27165,6837.46
27166,10779.7
27167,6979.92
27168,10335.92
27169,8283.05
27170,15070.86
27171,12467.19
27172,7957.54
27173,9074.96
27174,5953.43
27175,12555.16
27176,7572.94
27177,17994.2
27178,8839.27
27179,7828.96
27180,11531.14
27181,5957.36
27182,9421.36
27183,18392.3
27184,6313.39
27185,6014.77
27186,14278.89
27187,9653.25
27188,8399.97
27189,10707.6
27190,9293.01
27191,8170.97
27192,6640.42
27193,11876.03
27194,8066.41
27195,8818.96
27196,9464.35
27197,6410.29
27198,9343.48
27199,6995.51
27200,4763.72
27201,10453.23
27202,10834.13
27203,5278.23
27204,9672.01
27205,9535.07
27206,6966.52
27207,11100.14
27208,7606.9
27209,12180.14
27210,5910.51
27211,7344.18
27212,8089.98
27213,5852.46
27214,9728.45
27215,6736.23
27216,7723.15
27217,6888.9
27218,8929.02
27219,6831.14
27220,9164.57
27221,9780.46
27222,9586.99
27223,8276.08
27224,10555.93
27225,8168.8
27226,15352.07
27227,12195.47
27228,8330.35
27229,4997.03
27230,7458.84
27231,10364.27
27232,7205.71
27233,12402.96
27234,8573.51
27235,10262.21
27236,12930.4
27237,7822.5
27238,6964.77
27239,14200.62
27240,12808.93
27241,6686.68
27242,11996.01
27243,12155.64
27244,7928.4
27245,6479.86
27246,9641.92
27247,7984.72
27248,6958.46
27249,9487.26
27250,7115.14
27251,7634.54
27252,10774.81
27253,9954.68
27254,12281.35
27255,7357.01
27256,9561.69
27257,5717.83
27258,9450.26
27259,10105.77
27260,7973.03
27261,8906.45
27262,9115.96
27263,13092.77
27264,8662.14
27265,7235.23
27266,9159.56
27267,9594.18
27268,9938.77
27269,5331.74
27270,5364.66
27271,9105.24
27272,6765.77
27273,8047.59
27274,10796.48
27275,8622.84
27276,10708.97
27277,7984.35
27278,5378.9
27279,9700.91
27280,9032.98
27281,10598.27
27282,12844.43
27283,13002.43
27284,6106.55
27285,11873.67
27286,4697.72
27287,4715.92
27288,10178.87
27289,13062.52
27290,10225.78
27291,10614.16
27292,9022.83
27293,10990.03
27294,13420.11
27295,8657.88
27296,10091.96
27297,7541.47
27298,5665.18
27299,7043.02
27300,7329.89
27301,7405.98
27302,6860.15
27303,8491.76
27304,4542.37
27305,9239.06
27306,10791.1
27307,8179.49
27308,7759.15
27309,10135.11
27310,7785.21
27311,6591.07
27312,12565.18
27313,12129.27
27314,9283.19
27315,6651.22
27316,20034.45
27317,8763.84
27318,9664.11
27319,14293.49
27320,10462.88
27321,11899.99
27322,8179.72
27323,8786.77
27324,13174.93
27325,19837.07
27326,7760.07
27327,8623.61
27328,6874.2
27329,9869.8
27330,8250.88
27331,13012.94
27332,13272.63
27333,8004.74
27334,5314.09
27335,9118.09
27336,12386.11
27337,6771.2
27338,10211.91
27339,4989.31
27340,10298.9
27341,9219.24
27342,10913.74
27343,12359.45
27344,9355.66
27345,6075.19
27346,8302.69
27347,11062.87
27348,10295.1
27349,10507.47
27350,9554.99
27351,8840.33
27352,6183.67
27353,12837.24
27354,5573.58
27355,14066.09
27356,7532.39
27357,5722.87
27358,9911.73
27359,7803.85
27360,10246.59
27361,9532.9
27362,4938.67
27363,6652.78
27364,10530.07
27365,12658.77
27366,12654.73
27367,6642.93
27368,7313.93
27369,11613.87
27370,8202.16
27371,7567.02
27372,12851.55
27373,12254.91
27374,13756.1
27375,6326.3
27376,8241.87
27377,9511.48
27378,11657.1
27379,8604.43
27380,14523.74
27381,8675.09
27382,7016.83
27383,6757.52
27384,7856.83
27385,6492.03
27386,9834.62
27387,7524.96
27388,7509.8
27389,15533.68
27390,7493.42
27391,23017.72
27392,8587.54
27393,0.0
27394,0.0
27395,0.0
27396,0.0
27397,0.0
27398,0.0
27399,0.0
27400,0.0
27401,0.0
27402,0.0
27403,0.0
27404,0.0
27405,0.0
27406,0.0
27407,0.0
27408,0.0
27409,0.0
27410,0.0
27411,0.0
27412,0.0
27413,0.0
27414,0.0
27415,0.0
27416,0.0
27417,0.0
27418,0.0
27419,0.0
27420,0.0
27421,0.0
27422,0.0
27423,0.0
27424,0.0
27425,0.0
27426,0.0
27427,0.0
27428,0.0
27429,0.0
27430,0.0
27431,0.0
27432,0.0
27433,0.0
27434,0.0
27435,0.0
27436,0.0
27437,0.0
27438,0.0
27439,0.0
27440,0.0
27441,0.0
27442,0.0
27443,0.0
27444,0.0
27445,0.0
27446,0.0
27447,0.0
27448,0.0
27449,0.0
27450,0.0
27451,0.0
27452,0.0
27453,0.0
27454,0.0
27455,0.0
27456,0.0
27457,0.0
27458,0.0
27459,0.0
27460,0.0
27461,0.0
27462,0.0
27463,0.0
27464,0.0
27465,0.0
27466,0.0
27467,0.0
27468,0.0
27469,0.0
27470,0.0
27471,0.0
27472,0.0
27473,0.0
27474,0.0
27475,0.0
27476,0.0
27477,0.0
27478,0.0
27479,0.0
27480,0.0
27481,0.0
27482,0.0
27483,0.0
27484,4631.33
27485,0.0
27486,0.0
27487,0.0
27488,0.0
27489,0.0
27490,0.0
27491,0.0
27492,0.0
27493,0.0
27494,0.0
27495,0.0
27496,0.0
27497,0.0
27498,0.0
27499,0.0
27500,0.0
27501,0.0
27502,0.0
27503,0.0
27504,0.0
27505,0.0
27506,0.0
27507,0.0
27508,0.0
27509,0.0
27510,0.0
27511,0.0
27512,0.0
27513,0.0
27514,0.0
27515,0.0
27516,0.0
27517,0.0
27518,0.0
27519,0.0
27520,0.0
27521,0.0
27522,0.0
27523,0.0
27524,0.0
27525,0.0
27526,0.0
27527,0.0
27528,0.0
27529,0.0
27530,0.0
27531,0.0
27532,0.0
27533,0.0
27534,0.0
27535,0.0
27536,0.0
27537,0.0
27538,0.0
27539,0.0
27540,0.0
27541,0.0
27542,0.0
27543,0.0
27544,0.0
27545,0.0
27546,0.0
27547,0.0
27548,0.0
27549,0.0
27550,0.0
27551,0.0
27552,3087.3
27553,0.0
27554,0.0
27555,0.0
27556,0.0
27557,0.0
27558,0.0
27559,0.0
27560,0.0
27561,0.0
27562,0.0
27563,0.0
27564,0.0
27565,0.0
27566,0.0
27567,0.0
27568,0.0
27569,0.0
27570,0.0
27571,0.0
27572,0.0
27573,0.0
27574,0.0
27575,0.0
27576,0.0
27577,0.0
27578,0.0
27579,0.0
27580,0.0
27581,0.0
27582,0.0
27583,0.0
27584,0.0
27585,0.0
27586,0.0
27587,0.0
27588,0.0
27589,0.0
27590,0.0
27591,0.0
27592,0.0
27593,16169.59
27594,28887.19
27595,0.0
27596,0.0
27597,0.0
27598,0.0
27599,0.0
27600,0.0
27601,0.0
27602,7032.66
27603,0.0
27604,0.0
27605,0.0
27606,0.0
27607,0.0
27608,0.0
27609,0.0
27610,0.0
27611,0.0
27612,0.0
27613,0.0
27614,0.0
27615,0.0
27616,0.0
27617,0.0
27618,0.0
27619,0.0
27620,0.0
27621,5657.82
27622,0.0
27623,0.0
27624,0.0
27625,0.0
27626,0.0
27627,0.0
27628,0.0
27629,0.0
27630,0.0
27631,2911.19
27632,0.0
27633,0.0
27634,0.0
27635,0.0
27636,0.0
27637,0.0
27638,0.0
27639,0.0
27640,0.0
27641,0.0
27642,0.0
27643,0.0
27644,0.0
27645,0.0
27646,0.0
27647,0.0
27648,0.0
27649,7835.2
27650,0.0
27651,0.0
27652,0.0
27653,0.0
27654,0.0
27655,0.0
27656,0.0
27657,0.0
27658,0.0
27659,0.0
27660,0.0
27661,0.0
27662,0.0
27663,0.0
27664,0.0
27665,0.0
27666,7472.86
27667,0.0
27668,0.0
27669,0.0
27670,0.0
27671,0.0
27672,0.0
27673,0.0
27674,0.0
27675,0.0
27676,0.0
27677,0.0
27678,0.0
27679,0.0
27680,0.0
27681,0.0
27682,0.0
27683,0.0
27684,0.0
27685,0.0
27686,0.0
27687,0.0
27688,0.0
27689,0.0
27690,0.0
27691,0.0
27692,0.0
27693,0.0
27694,0.0
27695,0.0
27696,0.0
27697,0.0
27698,0.0
27699,0.0
27700,0.0
27701,0.0
27702,0.0
27703,0.0
27704,0.0
27705,0.0
27706,0.0
27707,0.0
27708,0.0
27709,0.0
27710,0.0
27711,0.0
27712,0.0
27713,0.0
27714,0.0
27715,0.0
27716,0.0
27717,0.0
27718,0.0
27719,0.0
27720,0.0
27721,0.0
27722,0.0
27723,0.0
27724,0.0
27725,0.0
27726,0.0
27727,0.0
27728,1619.64
27729,0.0
27730,0.0
27731,0.0
27732,0.0
27733,0.0
27734,0.0
27735,0.0
27736,0.0
27737,0.0
27738,0.0
27739,0.0
27740,0.0
27741,0.0
27742,6042.54
27743,0.0
27744,0.0
27745,0.0
27746,0.0
27747,0.0
27748,0.0
27749,0.0
27750,0.0
27751,0.0
27752,0.0
27753,0.0
27754,0.0
27755,0.0
27756,0.0
27757,0.0
27758,0.0
27759,0.0
27760,0.0
27761,0.0
27762,0.0
27763,0.0
27764,0.0
27765,0.0
27766,0.0
27767,0.0
27768,0.0
27769,0.0
27770,0.0
27771,0.0
27772,0.0
27773,0.0
27774,0.0
27775,0.0
27776,0.0
27777,0.0
27778,0.0
27779,0.0
27780,0.0
27781,0.0
27782,0.0
27783,0.0
27784,0.0
27785,6462.76
27786,0.0
27787,0.0
27788,0.0
27789,0.0
27790,0.0
27791,0.0
27792,0.0
27793,0.0
27794,0.0
27795,1928.32
27796,0.0
27797,0.0
27798,0.0
27799,5714.96
27800,0.0
27801,0.0
27802,0.0
27803,0.0
27804,0.0
27805,0.0
27806,0.0
27807,0.0
27808,0.0
27809,0.0
27810,0.0
27811,0.0
27812,0.0
27813,0.0
27814,0.0
27815,0.0
27816,0.0
27817,0.0
27818,0.0
27819,0.0
27820,0.0
27821,0.0
27822,0.0
27823,0.0
27824,0.0
27825,0.0
27826,18638.38
27827,0.0
27828,0.0
27829,0.0
27830,0.0
27831,0.0
27832,0.0
27833,0.0
27834,0.0
27835,0.0
27836,0.0
27837,0.0
27838,0.0
27839,0.0
27840,5949.33
27841,0.0
27842,0.0
27843,0.0
27844,0.0
27845,0.0
27846,0.0
27847,0.0
27848,0.0
27849,0.0
27850,0.0
27851,0.0
27852,0.0
27853,0.0
27854,0.0
27855,0.0
27856,0.0
27857,0.0
27858,0.0
27859,0.0
27860,0.0
27861,0.0
27862,0.0
27863,0.0
27864,0.0
27865,0.0
27866,0.0
27867,0.0
27868,0.0
27869,0.0
27870,0.0
27871,0.0
27872,0.0
27873,0.0
27874,0.0
27875,0.0
27876,0.0
27877,0.0
27878,0.0
27879,0.0
27880,0.0
27881,0.0
27882,0.0
27883,0.0
27884,0.0
27885,0.0
27886,0.0
27887,0.0
27888,0.0
27889,0.0
27890,0.0
27891,0.0
27892,0.0
27893,0.0
27894,0.0
27895,0.0
27896,0.0
27897,0.0
27898,0.0
27899,0.0
27900,0.0
27901,0.0
27902,0.0
27903,0.0
27904,0.0
27905,0.0
27906,0.0
27907,0.0
27908,0.0
27909,0.0
27910,0.0
27911,0.0
27912,0.0
27913,0.0
27914,0.0
27915,12131.94
27916,0.0
27917,0.0
27918,0.0
27919,0.0
27920,0.0
27921,0.0
27922,0.0
27923,0.0
27924,0.0
27925,0.0
27926,0.0
27927,0.0
27928,0.0
27929,0.0
27930,0.0
27931,0.0
27932,0.0
27933,0.0
27934,0.0
27935,0.0
27936,0.0
27937,0.0
27938,0.0
27939,0.0
27940,0.0
27941,0.0
27942,0.0
27943,0.0
27944,0.0
27945,0.0
27946,0.0
27947,0.0
27948,0.0
27949,0.0
27950,0.0
27951,0.0
27952,0.0
27953,0.0
27954,0.0
27955,0.0
27956,0.0
27957,0.0
27958,0.0
27959,5098.63
27960,16181.41
27961,0.0
27962,0.0
27963,0.0
27964,0.0
27965,0.0
27966,0.0
27967,0.0
27968,0.0
27969,0.0
27970,0.0
27971,0.0
27972,0.0
27973,0.0
27974,0.0
27975,0.0
27976,0.0
27977,0.0
27978,0.0
27979,0.0
27980,0.0
27981,0.0
27982,0.0
27983,0.0
27984,0.0
27985,0.0
27986,0.0
27987,0.0
27988,10711.85
27989,0.0
27990,0.0
27991,0.0
27992,0.0
27993,0.0
27994,0.0
27995,0.0
27996,0.0
27997,0.0
27998,0.0
27999,0.0
28000,0.0
28001,0.0
28002,0.0
28003,0.0
28004,0.0
28005,0.0
28006,0.0
28007,0.0
28008,0.0
28009,0.0
28010,0.0
28011,0.0
28012,0.0
28013,0.0
28014,0.0
28015,0.0
28016,0.0
28017,0.0
28018,0.0
28019,0.0
28020,0.0
28021,0.0
28022,0.0
28023,0.0
28024,0.0
28025,0.0
28026,0.0
28027,0.0
28028,0.0
28029,0.0
28030,0.0
28031,0.0
28032,0.0
28033,0.0
28034,0.0
28035,0.0
28036,0.0
28037,0.0
28038,0.0
28039,0.0
28040,0.0
28041,0.0
28042,0.0
28043,0.0
28044,0.0
28045,0.0
28046,0.0
28047,0.0
28048,0.0
28049,0.0
28050,0.0
28051,0.0
28052,0.0
28053,0.0
28054,0.0
28055,0.0
28056,0.0
28057,0.0
28058,2648.51
28059,0.0
28060,0.0
28061,0.0
28062,2422.81
28063,0.0
28064,0.0
28065,0.0
28066,0.0
28067,0.0
28068,0.0
28069,0.0
28070,0.0
28071,0.0
28072,0.0
28073,0.0
28074,0.0
28075,0.0
28076,0.0
28077,0.0
28078,0.0
28079,0.0
28080,0.0
28081,0.0
28082,0.0
28083,0.0
28084,0.0
28085,0.0
28086,0.0
28087,0.0
28088,0.0
28089,0.0
28090,0.0
28091,0.0
28092,0.0
28093,0.0
28094,0.0
28095,0.0
28096,0.0
28097,0.0
28098,0.0
28099,0.0
28100,0.0
28101,0.0
28102,0.0
28103,0.0
28104,0.0
28105,0.0
28106,0.0
28107,0.0
28108,0.0
28109,0.0
28110,0.0
28111,0.0
28112,0.0
28113,2724.46
28114,0.0
28115,0.0
28116,0.0
28117,0.0
28118,0.0
28119,0.0
28120,0.0
28121,0.0
28122,0.0
28123,0.0
28124,0.0
28125,0.0
28126,0.0
28127,0.0
28128,9905.26
28129,0.0
28130,0.0
28131,0.0
28132,0.0
28133,0.0
28134,0.0
28135,0.0
28136,0.0
28137,0.0
28138,0.0
28139,0.0
28140,0.0
28141,0.0
28142,0.0
28143,0.0
28144,0.0
28145,0.0
28146,0.0
28147,0.0
28148,0.0
28149,0.0
28150,0.0
28151,0.0
28152,0.0
28153,0.0
28154,0.0
28155,0.0
28156,0.0
28157,0.0
28158,0.0
28159,0.0
28160,0.0
28161,0.0
28162,0.0
28163,0.0
28164,0.0
28165,0.0
28166,0.0
28167,0.0
28168,0.0
28169,0.0
28170,0.0
28171,0.0
28172,0.0
28173,0.0
28174,0.0
28175,0.0
28176,0.0
28177,0.0
28178,0.0
28179,0.0
28180,0.0
28181,0.0
28182,0.0
28183,0.0
28184,0.0
28185,0.0
28186,0.0
28187,0.0
28188,0.0
28189,0.0
28190,0.0
28191,0.0
28192,4552.69
28193,0.0
28194,0.0
28195,0.0
28196,0.0
28197,0.0
28198,0.0
28199,0.0
28200,0.0
28201,0.0
28202,0.0
28203,0.0
28204,0.0
28205,0.0
28206,0.0
28207,0.0
28208,0.0
28209,0.0
28210,0.0
28211,0.0
28212,0.0
28213,0.0
28214,0.0
28215,0.0
28216,0.0
28217,0.0
28218,0.0
28219,0.0
28220,0.0
28221,0.0
28222,0.0
28223,0.0
28224,0.0
28225,0.0
28226,0.0
28227,0.0
28228,0.0
28229,0.0
28230,0.0
28231,0.0
28232,0.0
28233,11966.19
28234,5443.36
28235,0.0
28236,0.0
28237,0.0
28238,0.0
28239,0.0
28240,0.0
28241,0.0
28242,0.0
28243,0.0
28244,0.0
28245,0.0
28246,0.0
28247,0.0
28248,0.0
28249,4402.68
28250,3393.14
28251,6927.2
28252,2424.62
28253,6486.81
28254,4561.88
28255,5684.91
28256,5576.74
28257,0.0
28258,3424.02
28259,5774.2
28260,4969.29
28261,4115.09
28262,0.0
28263,4634.34
28264,0.0
28265,4366.07
28266,6810.69
28267,8020.21
28268,6840.03
28269,6439.39
28270,3958.16
28271,5230.57
28272,0.0
28273,7473.82
28274,7658.29
28275,0.0
28276,5752.83
28277,2875.44
28278,5305.7
28279,0.0
28280,7936.27
28281,4322.67
28282,5156.94
28283,0.0
28284,5420.47
28285,2134.7
28286,7189.42
28287,3960.47
28288,0.0
28289,0.0
28290,3626.4
28291,7403.79
28292,6025.57
28293,4646.25
28294,3715.94
28295,6995.7
28296,10150.8
28297,5570.58
28298,4700.31
28299,7880.16
28300,7553.32
28301,5140.78
28302,6740.23
28303,2224.98
28304,2251.72
28305,4714.42
28306,5818.62
28307,8342.38
28308,7058.73
28309,4015.7
28310,7532.88
28311,0.0
28312,4367.17
28313,2850.38
28314,10628.42
28315,3358.99
28316,0.0
28317,7448.31
28318,5330.39
28319,5780.85
28320,2915.13
28321,5503.88
28322,4911.25
28323,0.0
28324,0.0
28325,6986.34
28326,5960.56
28327,2835.25
28328,6978.17
28329,0.0
28330,4824.86
28331,3201.41
28332,6261.93
28333,5317.34
28334,0.0
28335,0.0
28336,2248.66
28337,7540.5
28338,4474.28
28339,3225.54
28340,7632.54
28341,2488.72
28342,4932.86
28343,4696.28
28344,7389.71
28345,0.0
28346,4266.71
28347,4317.12
28348,0.0
28349,6116.24
28350,0.0
28351,0.0
28352,0.0
28353,5636.91
28354,3944.36
28355,2911.03
28356,4812.45
28357,0.0
28358,0.0
28359,6873.78
28360,7728.44
28361,0.0
28362,7579.52
28363,3130.78
28364,3999.33
28365,7735.44
28366,7040.57
28367,7210.86
28368,8586.37
28369,6764.99
28370,4889.04
28371,6536.14
28372,7042.13
28373,3797.73
28374,0.0
28375,5038.69
28376,4308.43
28377,7353.57
28378,3405.66
28379,5586.08
28380,0.0
28381,0.0
28382,5427.75
28383,2875.95
28384,6490.86
28385,6305.87
28386,3365.2
28387,5141.47
28388,0.0
28389,5161.67
28390,0.0
28391,4114.67
28392,4217.05
28393,6882.85
28394,0.0
28395,0.0
28396,0.0
28397,3677.44
28398,4567.11
28399,9815.47
28400,5024.68
28401,7170.02
28402,6328.72
28403,4852.29
28404,5760.72
28405,0.0
28406,4198.8
28407,7365.57
28408,5111.73
28409,2940.94
28410,3252.3
28411,7155.37
28412,9203.0
28413,0.0
28414,6415.12
28415,3774.98
28416,0.0
28417,1757.97
28418,3330.74
28419,4976.75
28420,6344.09
28421,4953.1
28422,3882.86
28423,7629.91
28424,7344.09
28425,6763.06
28426,0.0
28427,7605.97
28428,9134.13
28429,3563.19
28430,5527.17
28431,5191.95
28432,6648.74
28433,3098.53
28434,5273.43
28435,4676.78
28436,8203.38
28437,5549.51
28438,7208.55
28439,6860.28
28440,4418.05
28441,7668.71
28442,16464.79
28443,8728.61
28444,3393.8
28445,3007.55
28446,6044.73
28447,8873.42
28448,0.0
28449,8459.73
28450,16890.56
28451,0.0
28452,2175.1
28453,9684.49
28454,3035.22
28455,6750.07
28456,3129.74
28457,5762.51
28458,3291.86
28459,0.0
28460,0.0
28461,5068.97
28462,8749.18
28463,5373.25
28464,5456.57
28465,0.0
28466,0.0
28467,6461.69
28468,0.0
28469,0.0
28470,5549.71
28471,4036.68
28472,3114.57
28473,4802.73
28474,4474.96
28475,4730.64
28476,0.0
28477,9094.88
28478,6946.17
28479,4389.89
28480,3836.18
28481,4836.56
28482,4971.05
28483,5406.39
28484,0.0
28485,6919.15
28486,5535.36
28487,7445.68
28488,5135.79
28489,3909.53
28490,3286.71
28491,2630.9
28492,8137.84
28493,0.0
28494,5592.26
28495,11166.93
28496,7105.85
28497,4170.73
28498,5173.71
28499,2358.58
28500,3548.79
28501,4331.74
28502,3417.47
28503,8167.96
28504,4489.93
28505,8062.06
28506,10137.68
28507,4794.89
28508,4868.9
28509,4884.97
28510,4609.57
28511,4660.14
28512,0.0
28513,5660.66
28514,6275.65
28515,0.0
28516,5051.6
28517,4813.45
28518,0.0
28519,6545.56
28520,5445.18
28521,6106.53
28522,4413.6
28523,7879.38
28524,6331.41
28525,5629.93
28526,8810.65
28527,6432.72
28528,7850.57
28529,3237.15
28530,0.0
28531,4502.47
28532,7851.52
28533,7094.49
28534,7054.6
28535,5765.95
28536,7801.37
28537,4693.27
28538,6333.57
28539,6120.19
28540,2593.52
28541,11973.18
28542,16437.86
28543,0.0
28544,6209.72
28545,7026.34
28546,8050.64
28547,7401.98
28548,2899.32
28549,4371.85
28550,5415.02
28551,7878.08
28552,2489.57
28553,4159.36
28554,4933.79
28555,0.0
28556,4508.97
28557,2738.73
28558,2871.1
28559,6183.52
28560,0.0
28561,3932.0
28562,5517.15
28563,4382.57
28564,8810.6
28565,0.0
28566,0.0
28567,6400.05
28568,6127.31
28569,9842.22
28570,5435.71
28571,2461.46
28572,0.0
28573,11296.78
28574,4155.47
28575,7059.55
28576,2038.52
28577,3585.2
28578,5513.24
28579,0.0
28580,0.0
28581,0.0
28582,8298.81
28583,7176.74
28584,3473.64
28585,0.0
28586,1906.81
28587,3225.45
28588,6515.19
28589,4558.76
28590,9988.4
28591,2525.73
28592,4313.59
28593,5011.56
28594,7657.57
28595,9406.16
28596,4892.33
28597,3024.71
28598,8832.85
28599,8463.25
28600,4359.04
28601,0.0
28602,8737.66
28603,5576.88
28604,4656.13
28605,3636.45
28606,7104.79
28607,3980.33
28608,12000.53
28609,7511.57
28610,13181.95
28611,0.0
28612,4170.24
28613,1913.37
28614,6206.95
28615,0.0
28616,4880.92
28617,8743.62
28618,0.0
28619,2497.0
28620,6376.73
28621,3231.57
28622,0.0
28623,6553.34
28624,6435.26
28625,7782.94
28626,4015.37
28627,7557.37
28628,0.0
28629,4596.44
28630,0.0
28631,0.0
28632,9090.47
28633,5589.67
28634,3237.14
28635,5116.74
28636,8445.76
28637,5296.17
28638,3683.7
28639,4857.26
28640,4835.04
28641,8986.45
28642,0.0
28643,9509.79
28644,4594.63
28645,3349.11
28646,6349.09
28647,4802.2
28648,3242.45
28649,4626.2
28650,7672.33
28651,7160.34
28652,9942.4
28653,7959.09
28654,6479.87
28655,6964.8
28656,4014.79
28657,9240.85
28658,6657.67
28659,6370.1
28660,4931.2
28661,5376.41
28662,4452.94
28663,2062.14
28664,0.0
28665,0.0
28666,5725.31
28667,0.0
28668,1530.4
28669,7679.65
28670,0.0
28671,8986.44
28672,3274.2
28673,6595.89
28674,5070.92
28675,4029.22
28676,9657.1
28677,4050.74
28678,0.0
28679,3530.47
28680,2591.43
28681,4572.55
28682,12760.13
28683,4906.98
28684,5221.29
28685,5076.45
28686,3471.93
28687,3187.75
28688,5643.6
28689,2633.36
28690,0.0
28691,5896.12
28692,0.0
28693,7797.7
28694,2233.41
28695,3583.26
28696,9178.52
28697,7680.0
28698,8782.56
28699,2198.48
28700,4932.39
28701,4208.24
28702,4088.31
28703,16154.75
28704,0.0
28705,4410.95
28706,2860.03
28707,5122.75
28708,3824.73
28709,2379.3
28710,7539.89
28711,4299.22
28712,0.0
28713,7253.84
28714,4614.95
28715,4497.42
28716,4786.12
28717,0.0
28718,6173.62
28719,2453.63
28720,0.0
28721,6982.67
28722,7644.3
28723,5548.4
28724,7132.68
28725,0.0
28726,0.0
28727,4995.6
28728,2830.8
28729,4076.56
28730,4161.62
28731,4205.81
28732,6684.99
28733,3612.05
28734,0.0
28735,4652.61
28736,6862.14
28737,0.0
28738,4148.89
28739,0.0
28740,0.0
28741,2606.83
28742,10391.3
28743,3686.88
28744,3114.02
28745,5566.11
28746,0.0
28747,9342.51
28748,0.0
28749,4450.82
28750,0.0
28751,6809.87
28752,4027.74
28753,8458.53
28754,2830.5
28755,4422.87
28756,3770.2
28757,3084.94
28758,0.0
28759,6782.79
28760,6261.81
28761,4451.16
28762,4825.54
28763,7329.02
28764,7399.17
28765,0.0
28766,0.0
28767,0.0
28768,6502.35
28769,4968.99
28770,2256.27
28771,5605.79
28772,0.0
28773,5476.22
28774,5316.92
28775,2334.17
28776,0.0
28777,2941.82
28778,8262.96
28779,5227.17
28780,4329.68
28781,7928.81
28782,3689.87
28783,4190.14
28784,0.0
28785,2414.64
28786,5905.81
28787,9147.98
28788,6685.24
28789,2556.72
28790,0.0
28791,0.0
28792,2071.56
28793,4328.93
28794,0.0
28795,4670.3
28796,0.0
28797,5277.12
28798,0.0
28799,11176.03
28800,4280.85
28801,0.0
28802,4069.58
28803,5887.58
28804,0.0
28805,5595.28
28806,6951.83
28807,8352.94
28808,7521.92
28809,5089.63
28810,4925.07
28811,2689.63
28812,5093.51
28813,8525.25
28814,6649.9
28815,7376.09
28816,14644.21
28817,3247.81
28818,0.0
28819,3954.54
28820,7808.44
28821,0.0
28822,6954.21
28823,7023.58
28824,6914.3
28825,0.0
28826,5984.7
28827,5064.44
28828,2338.55
28829,0.0
28830,3312.74
28831,2704.06
28832,7104.49
28833,17445.4
28834,4427.14
28835,2921.12
28836,4413.39
28837,3529.22
28838,5877.39
28839,1860.38
28840,5952.36
28841,0.0
28842,3262.83
28843,10620.85
28844,10626.31
28845,3974.27
28846,0.0
28847,3432.64
28848,4116.31
28849,3877.99
28850,0.0
28851,3601.05
28852,3987.85
28853,0.0
28854,5058.61
28855,5851.41
28856,6505.9
28857,2721.79
28858,7705.41
28859,6469.36
28860,4831.23
28861,3924.61
28862,3439.16
28863,4477.29
28864,0.0
28865,9001.33
28866,4018.07
28867,3723.93
28868,6282.48
28869,6173.3
28870,0.0
28871,0.0
28872,0.0
28873,10009.76
28874,6732.63
28875,5470.99
28876,3435.11
28877,4008.63
28878,0.0
28879,3685.21
28880,3894.92
28881,5002.79
28882,0.0
28883,7381.49
28884,4226.02
28885,5335.32
28886,0.0
28887,6149.91
28888,5610.66
28889,9212.68
28890,6395.41
28891,4781.38
28892,3888.59
28893,1890.49
28894,3776.53
28895,0.0
28896,1904.04
28897,4467.32
28898,6845.7
28899,7140.63
28900,5113.75
28901,7531.06
28902,5570.0
28903,0.0
28904,2499.92
28905,7016.08
28906,3919.37
28907,5926.96
28908,8760.13
28909,0.0
28910,0.0
28911,5562.47
28912,2707.75
28913,6074.29
28914,6679.99
28915,2416.19
28916,8274.58
28917,5978.35
28918,4294.68
28919,8864.04
28920,7335.28
28921,7407.37
28922,4130.26
28923,3275.35
28924,4839.89
28925,0.0
28926,5193.1
28927,2325.17
28928,5651.91
28929,2748.7
28930,0.0
28931,5465.58
28932,4313.11
28933,5021.25
28934,7995.35
28935,0.0
28936,7560.6
28937,0.0
28938,5517.11
28939,8046.2
28940,6675.23
28941,4379.21
28942,0.0
28943,4981.98
28944,0.0
28945,0.0
28946,0.0
28947,5488.07
28948,8730.76
28949,6268.79
28950,2066.79
28951,0.0
28952,7998.2
28953,6319.93
28954,7232.26
28955,6319.38
28956,0.0
28957,4892.22
28958,3800.58
28959,0.0
28960,0.0
28961,7352.53
28962,2785.89
28963,7431.9
28964,6478.65
28965,4669.27
28966,6657.15
28967,4251.14
28968,6967.31
28969,4294.23
28970,4734.46
28971,4616.67
28972,3563.08
28973,6233.33
28974,6470.0
28975,7281.43
28976,5863.85
28977,0.0
28978,5743.69
28979,6420.31
28980,7692.2
28981,2912.59
28982,2584.87
28983,8683.59
28984,5152.63
28985,3593.07
28986,7188.9
28987,0.0
28988,6270.99
28989,4927.62
28990,2070.67
28991,6230.88
28992,5485.98
28993,5052.48
28994,8333.36
28995,6701.2
28996,3176.04
28997,5731.69
28998,2493.94
28999,1105.16
29000,5798.83
29001,0.0
29002,5277.51
29003,4457.94
29004,2895.64
29005,4942.37
29006,7615.34
29007,5645.04
29008,8011.14
29009,4435.22
29010,4451.13
29011,0.0
29012,5968.78
29013,3370.97
29014,2122.53
29015,3720.99
29016,3357.7
29017,0.0
29018,4030.05
29019,0.0
29020,4966.45
29021,7555.06
29022,4513.9
29023,0.0
29024,9389.92
29025,8399.51
29026,0.0
29027,2079.96
29028,5418.94
29029,4756.11
29030,3341.89
29031,8762.54
29032,9103.0
29033,6367.06
29034,5798.21
29035,5529.38
29036,7445.74
29037,10247.86
29038,2793.34
29039,3584.49
29040,4445.37
29041,5798.57
29042,0.0
29043,13084.71
29044,6923.07
29045,0.0
29046,2502.62
29047,5984.43
29048,7717.23
29049,3191.5
29050,5834.65
29051,0.0
29052,6694.66
29053,5195.68
29054,5127.09
29055,5785.48
29056,3745.18
29057,4699.03
29058,6743.36
29059,4531.86
29060,7859.47
29061,5247.44
29062,7657.63
29063,4906.33
29064,3363.93
29065,7972.18
29066,0.0
29067,9763.41
29068,0.0
29069,4368.33
29070,6634.66
29071,4378.51
29072,4184.75
29073,5266.84
29074,2501.42
29075,2840.4
29076,5141.03
29077,5891.47
29078,0.0
29079,5568.21
29080,5235.61
29081,3813.45
29082,5641.02
29083,3035.68
29084,10013.26
29085,6141.05
29086,0.0
29087,0.0
29088,4936.9
29089,6305.28
29090,7646.15
29091,2988.15
29092,8354.91
29093,0.0
29094,4830.17
29095,0.0
29096,4361.86
29097,2696.78
29098,4930.68
29099,0.0
29100,3023.74
29101,7702.62
29102,5632.46
29103,20895.43
29104,6371.94
29105,3871.62
29106,5669.7
29107,9789.36
29108,4322.92
29109,5804.35
29110,5096.12
29111,6893.95
29112,5913.73
29113,3684.16
29114,4651.13
29115,5659.44
29116,6237.16
29117,5660.83
29118,6289.43
29119,3879.87
29120,4114.05
29121,4946.57
29122,8139.96
29123,9215.23
29124,7638.59
29125,5785.41
29126,3493.19
29127,5228.71
29128,3734.78
29129,6878.77
29130,8158.51
29131,8250.4
29132,4229.85
29133,3623.47
29134,4263.59
29135,5511.57
29136,8236.5
29137,5847.05
29138,4652.5
29139,4249.65
29140,5656.23
29141,3309.56
29142,6688.44
29143,3485.79
29144,6157.64
29145,6783.36
29146,4833.9
29147,6334.3
29148,4804.54
29149,3773.35
29150,5307.12
29151,6237.04
29152,9493.73
29153,5453.43
29154,6081.56
29155,6679.64
29156,8362.22
29157,5576.63
29158,7489.17
29159,3834.24
29160,3914.39
29161,5030.47
29162,5976.04
29163,8199.6
29164,6282.61
29165,4534.48
29166,6396.9
29167,6162.99
29168,7443.48
29169,3437.71
29170,11313.35
29171,3710.71
29172,5575.23
29173,7129.65
29174,4887.79
29175,4731.76
29176,6276.85
29177,5887.19
29178,4429.74
29179,3993.97
29180,7355.48
29181,6253.32
29182,5201.75
29183,3765.72
29184,6747.74
29185,10670.1
29186,5636.39
29187,4752.14
29188,6190.27
29189,5749.41
29190,6802.67
29191,7086.7
29192,3569.54
29193,6820.55
29194,4911.37
29195,5880.81
29196,7895.64
29197,4597.71
29198,5299.75
29199,4234.1
29200,6078.45
29201,7780.91
29202,4167.63
29203,4007.39
29204,5587.09
29205,5212.35
29206,5226.55
29207,7472.43
29208,5771.63
29209,5891.1
29210,4304.79
29211,4225.77
29212,5197.3
29213,7803.64
29214,6438.2
29215,6860.77
29216,7089.48
29217,5169.91
29218,7382.18
29219,4409.87
29220,5672.49
29221,7662.45
29222,5778.8
29223,8372.34
29224,7878.08
29225,6697.62
29226,5055.48
29227,6511.32
29228,6564.38
29229,5149.96
29230,4003.0
29231,4800.65
29232,6406.65
29233,8943.58
29234,4843.08
29235,6751.26
29236,5885.54
29237,5345.3
29238,4869.48
29239,4206.38
29240,5853.59
29241,6062.34
29242,5415.34
29243,4746.91
29244,4376.34
29245,5694.64
29246,3051.57
29247,6127.96
29248,3935.21
29249,7583.28
29250,6077.6
29251,5557.12
29252,7798.15
29253,3786.47
29254,4487.96
29255,8816.16
29256,5957.93
29257,7013.15
29258,6756.67
29259,4830.14
29260,5268.6
29261,5001.75
29262,6154.67
29263,9100.17
29264,6305.0
29265,2657.63
29266,4255.08
29267,7080.19
29268,8413.32
29269,5487.66
29270,5862.64
29271,4049.72
29272,4462.53
29273,2793.14
29274,3869.28
29275,5363.66
29276,5470.54
29277,5862.88
29278,6721.35
29279,7321.25
29280,7633.45
29281,6845.71
29282,3966.89
29283,7426.7
29284,8504.08
29285,5396.94
29286,6262.2
29287,4096.56
29288,5975.14
29289,3713.92
29290,5235.12
29291,4154.96
29292,7610.26
29293,6218.86
29294,6901.42
29295,7198.49
29296,4806.35
29297,6680.22
29298,15480.27
29299,8772.78
29300,4155.37
29301,2677.7
29302,5310.43
29303,7527.79
29304,5373.25
29305,11847.76
29306,18418.3
29307,3052.71
29308,4171.92
29309,7293.37
29310,3941.74
29311,7523.14
29312,5332.36
29313,5601.67
29314,3808.96
29315,5849.64
29316,5894.01
29317,6491.53
29318,6595.79
29319,5823.93
29320,5793.09
29321,5537.15
29322,4156.86
29323,4194.38
29324,7134.35
29325,5026.51
29326,5342.13
29327,6065.71
29328,4570.56
29329,4216.08
29330,5800.31
29331,5481.38
29332,8066.04
29333,6718.55
29334,6350.9
29335,5255.35
29336,3068.69
29337,5607.43
29338,5817.37
29339,4425.22
29340,3922.92
29341,8229.77
29342,5832.63
29343,7934.58
29344,5278.99
29345,4826.0
29346,4228.38
29347,4225.44
29348,8022.37
29349,4816.18
29350,7624.49
29351,12550.91
29352,6555.51
29353,5246.1
29354,4524.76
29355,4158.16
29356,6328.32
29357,3569.99
29358,4510.69
29359,8276.91
29360,4865.24
29361,11350.34
29362,10419.36
29363,4534.07
29364,5220.65
29365,5650.77
29366,5454.41
29367,4435.98
29368,9548.69
29369,6306.53
29370,6629.18
29371,4373.34
29372,6248.28
29373,4488.01
29374,10622.68
29375,5973.1
29376,5433.66
29377,6412.87
29378,5603.28
29379,7275.41
29380,8609.22
29381,5240.68
29382,8249.54
29383,6518.22
29384,7103.98
29385,4710.35
29386,4516.21
29387,4324.81
29388,7242.7
29389,6316.23
29390,6347.74
29391,5641.37
29392,7875.47
29393,4320.9
29394,7306.31
29395,5874.24
29396,3218.79
29397,11217.59
29398,13765.42
29399,5769.2
29400,6920.4
29401,6611.79
29402,8077.33
29403,9043.52
29404,5535.08
29405,5914.89
29406,5250.88
29407,7498.16
29408,3790.27
29409,5189.56
29410,5018.63
29411,4927.37
29412,6828.61
29413,3431.75
29414,3399.25
29415,5927.83
29416,3758.25
29417,3724.66
29418,4571.52
29419,4683.22
29420,7891.12
29421,8003.83
29422,5901.32
29423,5550.54
29424,5550.79
29425,8911.47
29426,6171.61
29427,5007.92
29428,4179.9
29429,8342.0
29430,4183.22
29431,5666.76
29432,3224.37
29433,3898.42
29434,5720.83
29435,5937.48
29436,5108.06
29437,7600.67
29438,8058.49
29439,9942.46
29440,5459.09
29441,9720.28
29442,2864.92
29443,4497.79
29444,5319.37
29445,3672.37
29446,7384.11
29447,4445.38
29448,4708.66
29449,8022.06
29450,8719.45
29451,7159.07
29452,4722.39
29453,4467.15
29454,10689.38
29455,6785.53
29456,4526.51
29457,5085.44
29458,6308.55
29459,6996.28
29460,5027.7
29461,4610.13
29462,6288.79
29463,6535.66
29464,11496.77
29465,5648.72
29466,10360.02
29467,6160.47
29468,4512.47
29469,3090.51
29470,5121.37
29471,5342.64
29472,4509.58
29473,7530.68
29474,4909.45
29475,3660.17
29476,6597.78
29477,3044.8
29478,6705.89
29479,5559.77
29480,6210.39
29481,7444.36
29482,4227.51
29483,8307.66
29484,5955.36
29485,4491.9
29486,5161.48
29487,4712.21
29488,8473.42
29489,5745.79
29490,3790.74
29491,6542.55
29492,7668.09
29493,6126.17
29494,5105.43
29495,7750.46
29496,4977.42
29497,5747.01
29498,5096.23
29499,8856.36
29500,4579.3
29501,5232.49
29502,5096.15
29503,4502.87
29504,3645.99
29505,4624.79
29506,7791.74
29507,7930.5
29508,9678.26
29509,9563.52
29510,7329.56
29511,6862.19
29512,4469.02
29513,8965.08
29514,8251.59
29515,5779.73
29516,6509.42
29517,8141.51
29518,4408.58
29519,3207.21
29520,8772.43
29521,7451.06
29522,5530.18
29523,5455.45
29524,2077.04
29525,8828.37
29526,9110.07
29527,8695.55
29528,4438.49
29529,6029.77
29530,5683.78
29531,5965.37
29532,6450.34
29533,4403.53
29534,4378.9
29535,2923.31
29536,2812.04
29537,6194.24
29538,15555.99
29539,4642.82
29540,5404.7
29541,5661.94
29542,4651.21
29543,4490.51
29544,5330.1
29545,3493.7
29546,6565.14
29547,6009.45
29548,3573.27
29549,7373.84
29550,3988.41
29551,4495.86
29552,8412.98
29553,7009.5
29554,9033.3
29555,4253.92
29556,5702.62
29557,4030.74
29558,4867.54
29559,12531.46
29560,8505.02
29561,5695.43
29562,3832.22
29563,4619.58
29564,5368.58
29565,3704.44
29566,8016.81
29567,4630.8
29568,4625.23
29569,6359.34
29570,4371.8
29571,4936.91
29572,4878.18
29573,7527.56
29574,6018.49
29575,3354.64
29576,4893.14
29577,5930.3
29578,7754.51
29579,7699.61
29580,5929.51
29581,3741.52
29582,6858.24
29583,4675.67
29584,4410.8
29585,6604.83
29586,6342.7
29587,5410.58
29588,4805.83
29589,5422.88
29590,7957.2
29591,4713.43
29592,5559.31
29593,6881.21
29594,4162.95
29595,8570.98
29596,6070.91
29597,4374.57
29598,10044.2
29599,4880.67
29600,2791.38
29601,6909.5
29602,8024.43
29603,7780.55
29604,4663.85
29605,5202.2
29606,5744.85
29607,6337.87
29608,5385.89
29609,7353.1
29610,2520.6
29611,5205.9
29612,5457.1
29613,4208.92
29614,4118.37
29615,5651.25
29616,6640.65
29617,4661.55
29618,6835.94
29619,5334.8
29620,7391.16
29621,4857.01
29622,5712.9
29623,5012.98
29624,6022.11
29625,7796.23
29626,3270.56
29627,7463.13
29628,7092.74
29629,5783.38
29630,4303.84
29631,3508.13
29632,6225.65
29633,5436.83
29634,7139.64
29635,6235.85
29636,4354.71
29637,7184.06
29638,5076.48
29639,4848.56
29640,6790.51
29641,4104.27
29642,7184.82
29643,8807.8
29644,6542.24
29645,3967.36
29646,4433.37
29647,3842.66
29648,2776.87
29649,6642.27
29650,5022.14
29651,8095.93
29652,4067.68
29653,6248.17
29654,6289.3
29655,8705.8
29656,4205.48
29657,5334.53
29658,4402.66
29659,6576.08
29660,5547.9
29661,6081.89
29662,6848.82
29663,8790.68
29664,5708.76
29665,6090.8
29666,5599.0
29667,4027.5
29668,4787.71
29669,9590.43
29670,7617.56
29671,7905.01
29672,15644.37
29673,4715.35
29674,4563.9
29675,4853.71
29676,7659.25
29677,7979.61
29678,5826.51
29679,6422.51
29680,7466.46
29681,5938.97
29682,5199.0
29683,4929.99
29684,4608.44
29685,4350.71
29686,3218.95
29687,4141.1
29688,7285.72
29689,14008.49
29690,4932.92
29691,4162.0
29692,6257.02
29693,3220.93
29694,5525.23
29695,3755.74
29696,7280.36
29697,5368.94
29698,6106.82
29699,10626.65
29700,11147.87
29701,5997.29
29702,6019.9
29703,3420.98
29704,5129.2
29705,4629.77
29706,8039.12
29707,4331.14
29708,3630.01
29709,4907.97
29710,5190.12
29711,7474.32
29712,5472.41
29713,3334.24
29714,6768.67
29715,6180.78
29716,6032.12
29717,3796.11
29718,3357.59
29719,6460.24
29720,3986.85
29721,9119.62
29722,4641.32
29723,4468.6
29724,5989.42
29725,7906.47
29726,4169.18
29727,7157.5
29728,7318.26
29729,7861.64
29730,7610.9
29731,5172.64
29732,3698.92
29733,4684.79
29734,7737.03
29735,4140.71
29736,4682.04
29737,5937.69
29738,11002.28
29739,6478.6
29740,5236.71
29741,6210.68
29742,3769.77
29743,7768.67
29744,4407.73
29745,9873.58
29746,5611.45
29747,4421.11
29748,5250.43
29749,4079.29
29750,6463.54
29751,18220.98
29752,3539.41
29753,5130.21
29754,9199.03
29755,5951.62
29756,5151.76
29757,7168.86
29758,5143.5
29759,5790.34
29760,3926.63
29761,7479.48
29762,5097.81
29763,5761.15
29764,6314.5
29765,4397.18
29766,6773.85
29767,5153.69
29768,3334.66
29769,7650.25
29770,9021.0
29771,3585.72
29772,6580.49
29773,5991.67
29774,4412.31
29775,8223.77
29776,5532.88
29777,8536.8
29778,4192.15
29779,4506.86
29780,6328.19
29781,3572.25
29782,6688.8
29783,3479.37
29784,5079.35
29785,4247.77
29786,4722.52
29787,4868.36
29788,5929.27
29789,5787.15
29790,7288.74
29791,5202.02
29792,7015.86
29793,5746.4
29794,7622.75
29795,7592.37
29796,6285.51
29797,2916.04
29798,5336.75
29799,5970.65
29800,4440.67
29801,11236.76
29802,5285.96
29803,6129.03
29804,8410.15
29805,5684.61
29806,3514.85
29807,9014.64
29808,8928.46
29809,5110.24
29810,6525.26
29811,7724.38
29812,5821.92
29813,4606.71
29814,6303.57
29815,4946.27
29816,5367.61
29817,6598.26
29818,4494.44
29819,5772.69
29820,6021.04
29821,5993.54
29822,6677.52
29823,4924.83
29824,5540.83
29825,4333.42
29826,6528.7
29827,6492.62
29828,5443.52
29829,5404.61
29830,5118.1
29831,8111.06
29832,5360.08
29833,4178.26
29834,5385.28
29835,6489.46
29836,5961.48
29837,4250.57
29838,3660.92
29839,6455.18
29840,6490.53
29841,4765.9
29842,6515.23
29843,6582.66
29844,4995.07
29845,4693.19
29846,3363.04
29847,5521.25
29848,6020.36
29849,5440.33
29850,7134.06
29851,7115.5
29852,4276.12
29853,7747.66
29854,2871.24
29855,2699.76
29856,6249.31
29857,9163.73
29858,6886.68
29859,6137.44
29860,3726.36
29861,5819.56
29862,7161.21
29863,4542.39
29864,7137.12
29865,4560.49
29866,4059.58
29867,4611.89
29868,4938.1
29869,5005.7
29870,3654.4
29871,4216.84
29872,3446.76
29873,5884.77
29874,5662.4
29875,4153.14
29876,5568.8
29877,5981.53
29878,4201.66
29879,4569.06
29880,7801.4
29881,6940.91
29882,5793.42
29883,3663.81
29884,12365.99
29885,5443.84
29886,4192.02
29887,7490.21
29888,6653.06
29889,5920.02
29890,5427.14
29891,6217.15
29892,8082.99
29893,10153.1
29894,3855.53
29895,3703.87
29896,4546.15
29897,5907.86
29898,5728.22
29899,8642.19
29900,7610.46
29901,5668.43
29902,3828.96
29903,5624.2
29904,8887.69
29905,4302.61
29906,5853.83
29907,3540.01
29908,6574.35
29909,6094.32
29910,6322.3
29911,7019.54
29912,5557.2
29913,3462.82
29914,5762.94
29915,6710.38
29916,6698.56
29917,6400.26
29918,6638.79
29919,5086.44
29920,3668.0
29921,8388.65
29922,4529.56
29923,9474.14
29924,5569.46
29925,3830.25
29926,5507.94
29927,5404.62
29928,6309.87
29929,6628.53
29930,3205.95
29931,4115.92
29932,5224.55
29933,7313.36
29934,8508.56
29935,4813.64
29936,4918.12
29937,4989.52
29938,5587.07
29939,4245.55
29940,8998.6
29941,7097.58
29942,9964.81
29943,4088.16
29944,4708.9
29945,8211.27
29946,8494.27
29947,4444.54
29948,8677.05
29949,5344.8
29950,4026.43
29951,4642.33
29952,3827.54
29953,4414.38
29954,4708.13
29955,4141.13
29956,4372.21
29957,7519.23
29958,5673.4
29959,19328.57
29960,5398.96
29961,3731.66
29962,5815.5
29963,8971.71
29964,4890.27
29965,5443.35
29966,4540.27
29967,6665.45
29968,5593.53
29969,3426.33
29970,4651.86
29971,5403.85
29972,6423.72
29973,5370.71
29974,8056.36
29975,4174.92
29976,3563.81
29977,4223.71
29978,7258.81
29979,8718.59
29980,6709.22
29981,5571.23
29982,4299.89
29983,4909.43
29984,3489.46
29985,6502.21
29986,7681.12
29987,8024.99
29988,4105.83
29989,3723.2
29990,4549.0
29991,4779.58
29992,8256.59
29993,5076.17
29994,4384.4
29995,3884.59
29996,6014.34
29997,2996.29
29998,5843.23
29999,3216.74
30000,5422.91
30001,5766.08
30002,4612.84
30003,5869.85
30004,4904.18
30005,4092.85
30006,5333.53
30007,5440.36
30008,8838.88
30009,5134.57
30010,5957.16
30011,6667.5
30012,8129.33
30013,5118.21
30014,7215.66
30015,3486.85
30016,3875.23
30017,5199.08
30018,5267.9
30019,7310.98
30020,6027.33
30021,4031.02
30022,6010.18
30023,5379.59
30024,8132.09
30025,2872.27
30026,10446.67
30027,3575.75
30028,4986.89
30029,6907.01
30030,5028.97
30031,4513.15
30032,4987.2
30033,5708.11
30034,4293.43
30035,4124.65
30036,6529.13
30037,5614.81
30038,5268.1
30039,3607.48
30040,5605.64
30041,8240.17
30042,5507.85
30043,4972.31
30044,4986.86
30045,5267.82
30046,5229.43
30047,6012.99
30048,3187.35
30049,5694.56
30050,4566.84
30051,5310.2
30052,8351.5
30053,3431.75
30054,4212.29
30055,3625.68
30056,5840.9
30057,7790.89
30058,4387.52
30059,3567.1
30060,5391.67
30061,4580.85
30062,4651.67
30063,6948.63
30064,5255.22
30065,6173.07
30066,4146.93
30067,3648.22
30068,5050.84
30069,7475.46
30070,6144.37
30071,6133.74
30072,6110.0
30073,4886.05
30074,7496.0
30075,3992.55
30076,5604.58
30077,7429.79
30078,5014.57
30079,7962.15
30080,7079.05
30081,5305.95
30082,4751.14
30083,5677.59
30084,5791.19
30085,4471.89
30086,3295.77
30087,4836.38
30088,6174.29
30089,5008.2
30090,3840.2
30091,6566.69
30092,5661.26
30093,4881.59
30094,4326.34
30095,4019.11
30096,5457.84
30097,5531.15
30098,5324.14
30099,4592.78
30100,4396.0
30101,5217.78
30102,2777.99
30103,5103.95
30104,3521.87
30105,7075.98
30106,5676.69
30107,5136.33
30108,6453.24
30109,3994.27
30110,4001.08
30111,8035.81
30112,4775.0
30113,6596.69
30114,6232.57
30115,4686.14
30116,5045.27
30117,4709.23
30118,6214.58
30119,8932.95
30120,6780.53
30121,2665.61
30122,3920.27
30123,6587.98
30124,6755.91
30125,4532.02
30126,5740.11
30127,3824.9
30128,4829.28
30129,2624.14
30130,3931.81
30131,5312.23
30132,5567.8
30133,5686.89
30134,4602.02
30135,6411.83
30136,6920.1
30137,6300.93
30138,3841.13
30139,7137.06
30140,7880.78
30141,4531.63
30142,6572.87
30143,3878.53
30144,5142.03
30145,3152.63
30146,5814.55
30147,3532.48
30148,7516.93
30149,5749.66
30150,6640.25
30151,7694.74
30152,4379.29
30153,6001.03
30154,15728.96
30155,8524.52
30156,3875.28
30157,2216.94
30158,4780.99
30159,7541.08
30160,5294.74
30161,11229.7
30162,16746.44
30163,2708.6
30164,4092.76
30165,9035.51
30166,3615.29
30167,7435.17
30168,5352.7
30169,5649.05
30170,3286.76
30171,5101.22
30172,5029.36
30173,6171.61
30174,5981.78
30175,5058.71
30176,4787.15
30177,5714.9
30178,3680.43
30179,4171.38
30180,6354.39
30181,4652.39
30182,4856.39
30183,5124.16
30184,5126.41
30185,4538.41
30186,5855.03
30187,5318.01
30188,7216.24
30189,8376.51
30190,5935.58
30191,4353.96
30192,3137.56
30193,5589.86
30194,5887.86
30195,4368.08
30196,3924.16
30197,7324.13
30198,5919.44
30199,7789.22
30200,5267.19
30201,4812.34
30202,4134.26
30203,4215.07
30204,7271.51
30205,3836.33
30206,6440.76
30207,13040.37
30208,6432.1
30209,6436.32
30210,3966.8
30211,3872.27
30212,5619.6
30213,3419.5
30214,4601.16
30215,8386.48
30216,4374.44
30217,10772.63
30218,10828.5
30219,4035.58
30220,5235.05
30221,5816.3
30222,5058.68
30223,4253.14
30224,8274.28
30225,5764.15
30226,6509.03
30227,3999.21
30228,5867.06
30229,3974.28
30230,12688.85
30231,5624.6
30232,4359.61
30233,5557.71
30234,5066.9
30235,5947.36
30236,8450.02
30237,4581.84
30238,7957.15
30239,5739.71
30240,7696.95
30241,4570.28
30242,3810.99
30243,4157.0
30244,6340.58
30245,5422.98
30246,6280.15
30247,4913.7
30248,6612.8
30249,3728.08
30250,7344.19
30251,6105.27
30252,3164.24
30253,10674.72
30254,15139.45
30255,5328.45
30256,5338.73
30257,6957.55
30258,7582.91
30259,9269.12
30260,4826.69
30261,5746.88
30262,4550.38
30263,6374.59
30264,3421.35
30265,4633.71
30266,4273.63
30267,4176.96
30268,5917.15
30269,3699.33
30270,3123.45
30271,5016.14
30272,3081.26
30273,3372.7
30274,4841.3
30275,4660.78
30276,7058.01
30277,6862.16
30278,6254.36
30279,5408.26
30280,5503.73
30281,9018.11
30282,5708.9
30283,3799.93
30284,4061.64
30285,7758.88
30286,3568.56
30287,5752.42
30288,2955.85
30289,3779.23
30290,5678.33
30291,5337.32
30292,4491.65
30293,7020.93
30294,7696.14
30295,10398.27
30296,5410.59
30297,8004.67
30298,2532.41
30299,3925.92
30300,4907.4
30301,3313.01
30302,6790.3
30303,3820.28
30304,4208.59
30305,7070.27
30306,9201.21
30307,7700.5
30308,4282.98
30309,4595.28
30310,11283.48
30311,5891.75
30312,4570.51
30313,3908.28
30314,5554.33
30315,7768.66
30316,3655.97
30317,4802.78
30318,6065.8
30319,5830.05
30320,12084.17
30321,5021.74
30322,10102.36
30323,5751.17
30324,4345.24
30325,2858.38
30326,5031.29
30327,4864.12
30328,4538.06
30329,5740.07
30330,4618.8
30331,3513.4
30332,5604.51
30333,2777.49
30334,6629.18
30335,4878.28
30336,6205.15
30337,6608.91
30338,3700.5
30339,7985.46
30340,6058.89
30341,4340.27
30342,4514.21
30343,4112.82
30344,8515.37
30345,5541.83
30346,3644.47
30347,5955.93
30348,6768.86
30349,5639.55
30350,4619.65
30351,6883.54
30352,4554.79
30353,5091.47
30354,4808.34
30355,7106.41
30356,5041.42
30357,5150.25
30358,4267.93
30359,4063.85
30360,3735.03
30361,4165.33
30362,6730.81
30363,7736.34
30364,9213.23
30365,8254.73
30366,6854.96
30367,7908.94
30368,4738.11
30369,8822.65
30370,7677.56
30371,5246.9
30372,6481.15
30373,6905.92
30374,4192.83
30375,3025.95
30376,8836.42
30377,7541.59
30378,5467.48
30379,4954.88
30380,1962.13
30381,8635.64
30382,7666.55
30383,7472.41
30384,3730.9
30385,6066.85
30386,5638.39
30387,5887.0
30388,5557.88
30389,4657.62
30390,3746.8
30391,2964.28
30392,2718.76
30393,5868.51
30394,14946.94
30395,4701.12
30396,4460.29
30397,5123.76
30398,4072.7
30399,4296.06
30400,4034.04
30401,3221.42
30402,5670.23
30403,5881.15
30404,3178.9
30405,6534.2
30406,3883.54
30407,4008.61
30408,9267.38
30409,6671.62
30410,9107.94
30411,4331.0
30412,5737.94
30413,3868.99
30414,4190.34
30415,12886.02
30416,7180.87
30417,5378.82
30418,4341.72
30419,3563.56
30420,3894.89
30421,4385.15
30422,10099.92
30423,4343.39
30424,4403.89
30425,5744.04
30426,3654.43
30427,5324.13
30428,5319.27
30429,6440.6
30430,5684.69
30431,2995.24
30432,4569.62
30433,5650.07
30434,7508.13
30435,6721.81
30436,5730.47
30437,3082.16
30438,6302.84
30439,4657.72
30440,3904.77
30441,5664.28
30442,6265.63
30443,4687.64
30444,4685.57
30445,4887.38
30446,7243.67
30447,4772.88
30448,5149.01
30449,6077.45
30450,3796.7
30451,8100.31
30452,5008.72
30453,3864.59
30454,9649.29
30455,5304.09
30456,2821.86
30457,6112.0
30458,6964.14
30459,7326.56
30460,4476.86
30461,4739.16
30462,4969.15
30463,5607.35
30464,4812.26
30465,6939.22
30466,2733.07
30467,4852.12
30468,5201.16
30469,4300.8
30470,3531.8
30471,5472.89
30472,5531.27
30473,4362.01
30474,6558.17
30475,5075.94
30476,6359.36
30477,4098.56
30478,5138.38
30479,4760.92
30480,6058.36
30481,6169.43
30482,4463.45
30483,7018.27
30484,6685.44
30485,5395.35
30486,3924.0
30487,3328.84
30488,5913.19
30489,4597.62
30490,7044.36
30491,5763.78
30492,4393.84
30493,6481.62
30494,5253.98
30495,4345.95
30496,6370.78
30497,4025.44
30498,7119.42
30499,8354.07
30500,5631.26
30501,3762.87
30502,4270.81
30503,3361.89
30504,2482.28
30505,6044.28
30506,4446.09
30507,6776.77
30508,3299.85
30509,5957.15
30510,5327.56
30511,8368.12
30512,3779.55
30513,4162.79
30514,3689.73
30515,6767.07
30516,4555.45
30517,5528.08
30518,5932.85
30519,8311.14
30520,5673.99
30521,5750.53
30522,5020.79
30523,3761.87
30524,4186.31
30525,8379.22
30526,7400.02
30527,8635.56
30528,14379.12
30529,4254.86
30530,4142.29
30531,4694.07
30532,6628.18
30533,6713.36
30534,5125.8
30535,6108.05
30536,5993.3
30537,5779.83
30538,4803.25
30539,4553.8
30540,4108.54
30541,3882.71
30542,2811.97
30543,3892.86
30544,6535.08
30545,13911.02
30546,4710.2
30547,3973.62
30548,5677.73
30549,2896.83
30550,5019.18
30551,3620.11
30552,7907.07
30553,4952.53
30554,4834.36
30555,10710.23
30556,10560.86
30557,5340.01
30558,5680.33
30559,3099.25
30560,4948.63
30561,4627.55
30562,7149.38
30563,3919.5
30564,3589.86
30565,4481.23
30566,4430.15
30567,6945.64
30568,5189.05
30569,3215.18
30570,5698.48
30571,6423.14
30572,5865.55
30573,3512.54
30574,2865.39
30575,6384.19
30576,3684.47
30577,8096.92
30578,3774.41
30579,4605.53
30580,5149.76
30581,7979.41
30582,3800.97
30583,7956.54
30584,8023.64
30585,7288.45
30586,7215.88
30587,4953.1
30588,3449.9
30589,4492.64
30590,5450.57
30591,4035.28
30592,4675.36
30593,5337.09
30594,9821.45
30595,6011.33
30596,5027.45
30597,6822.88
30598,3336.06
30599,7314.55
30600,4500.37
30601,10281.28
30602,4898.57
30603,4120.38
30604,3477.05
30605,3624.48
30606,6320.42
30607,15096.95
30608,3127.48
30609,4165.22
30610,8268.93
30611,5723.35
30612,5176.25
30613,6563.47
30614,4706.86
30615,5143.96
30616,3898.51
30617,7473.4
30618,4298.45
30619,5493.08
30620,6373.45
30621,3963.96
30622,6695.68
30623,4480.6
30624,3200.89
30625,7738.64
30626,8086.56
30627,3116.6
30628,5218.3
30629,5776.61
30630,4299.97
30631,6867.15
30632,5264.12
30633,7733.73
30634,3544.86
30635,3893.92
30636,6165.11
30637,3061.86
30638,6275.3
30639,3364.91
30640,4794.94
30641,3666.91
30642,4711.77
30643,5718.68
30644,5324.94
30645,5936.31
30646,6380.09
30647,4908.58
30648,6405.61
30649,5464.95
30650,6094.25
30651,7166.42
30652,5894.88
30653,2945.74
30654,4756.49
30655,5485.06
30656,4445.69
30657,8866.13
30658,4575.9
30659,5547.48
30660,8397.77
30661,5568.03
30662,3205.97
30663,8170.53
30664,8330.06
30665,4850.81
30666,6355.02
30667,8857.87
30668,4951.3
30669,3961.19
30670,5062.05
30671,4515.4
30672,4445.92
30673,5540.07
30674,3802.95
30675,5774.25
30676,5568.1
30677,4955.97
30678,5912.49
30679,4914.18
30680,5525.9
30681,5276.79
30682,6176.31
30683,5238.4
30684,5329.68
30685,5370.63
30686,5102.65
30687,7503.85
30688,4542.42
30689,3992.79
30690,4874.48
30691,5863.98
30692,6166.49
30693,3647.97
30694,3237.38
30695,6537.51
30696,5993.39
30697,4209.85
30698,6253.86
30699,6017.08
30700,5242.75
30701,4310.98
30702,3277.14
30703,5323.04
30704,5345.35
30705,4961.95
30706,7599.97
30707,7146.17
30708,3990.52
30709,7945.7
30710,2985.63
30711,2616.53
30712,6589.6
30713,9411.88
30714,6535.69
30715,5881.61
30716,3430.53
30717,5348.83
30718,7542.43
30719,4549.13
30720,6158.0
30721,4373.37
30722,4823.38
30723,4525.31
30724,4016.92
30725,4481.39
30726,3136.11
30727,3688.85
30728,3278.6
30729,5566.6
30730,5120.26
30731,3571.15
30732,5492.36
30733,5550.08
30734,4091.36
30735,4745.25
30736,6580.71
30737,6856.49
30738,5376.93
30739,3213.0
30740,10291.31
30741,5310.05
30742,3769.81
30743,7238.6
30744,6438.74
30745,5771.98
30746,4550.19
30747,5715.8
30748,6552.98
30749,9928.21
30750,3443.0
30751,3333.19
30752,4400.36
30753,5655.75
30754,4754.99
30755,9880.12
30756,7297.94
30757,4689.76
30758,3507.47
30759,5406.31
30760,9934.08
30761,3378.66
30762,5580.72
30763,3481.43
30764,6013.56
30765,5825.8
30766,5890.36
30767,6819.88
30768,5065.89
30769,3068.37
30770,5363.89
30771,5473.72
30772,6510.14
30773,6024.17
30774,5921.83
30775,4830.21
30776,3159.04
30777,7803.31
30778,3802.56
30779,8990.54
30780,4850.13
30781,3344.3
30782,5734.5
30783,5020.37
30784,5772.42
30785,6315.54
30786,3178.11
30787,3363.88
30788,5133.51
30789,6923.69
30790,7954.97
30791,4022.21
30792,5155.73
30793,4686.35
30794,5071.49
30795,4110.42
30796,7610.95
30797,6310.39
30798,9455.63
30799,3252.09
30800,4273.8
30801,7793.94
30802,8935.16
30803,3746.94
30804,8216.7
30805,5559.55
30806,3777.53
30807,4169.57
30808,3795.31
30809,4237.4
30810,4329.02
30811,3605.17
30812,3794.4
30813,6781.57
30814,6017.88
30815,18339.2
30816,5126.09
30817,3708.49
30818,5826.45
30819,9242.11
30820,4278.09
30821,5390.79
30822,4703.4
30823,7175.01
30824,5543.32
30825,3394.83
30826,4510.72
30827,5490.4
30828,6420.41
30829,5406.08
30830,7408.19
30831,3669.8
30832,3385.98
30833,4164.07
30834,7574.24
30835,8301.39
30836,7277.03
30837,5891.25
30838,3457.09
30839,4994.88
30840,3659.99
30841,6431.74
30842,7588.56
30843,8057.11
30844,4027.02
30845,3871.11
30846,3899.3
30847,5292.13
30848,8356.41
30849,5206.3
30850,3540.48
30851,3850.7
30852,6367.9
30853,3172.3
30854,5706.29
30855,2935.59
30856,5101.32
30857,5683.88
30858,4477.3
30859,5982.49
30860,4779.75
30861,4121.91
30862,5229.51
30863,5051.59
30864,8022.8
30865,4645.33
30866,6175.49
30867,6562.55
30868,7736.51
30869,5301.49
30870,7125.42
30871,3272.76
30872,3849.31
30873,5273.2
30874,5163.26
30875,6898.47
30876,5162.49
30877,3969.52
30878,5082.2
30879,5492.66
30880,7035.93
30881,2885.55
30882,11702.96
30883,3606.69
30884,5061.28
30885,6834.15
30886,5215.37
30887,4411.01
30888,4826.69
30889,5629.55
30890,3960.39
30891,4046.48
30892,6664.37
30893,5809.4
30894,5504.11
30895,3577.72
30896,5830.19
30897,7879.94
30898,5254.43
30899,5151.59
30900,5023.59
30901,5346.88
30902,5420.01
30903,6142.07
30904,3194.5
30905,5974.14
30906,4757.13
30907,5127.96
30908,8656.55
30909,3261.52
30910,4112.55
30911,3730.11
30912,5841.76
30913,7940.91
30914,4075.59
30915,3532.77
30916,5541.83
30917,4447.28
30918,4717.21
30919,7007.19
30920,5266.27
30921,6006.06
30922,4323.56
30923,3930.55
30924,4671.01
30925,6487.15
30926,5903.34
30927,6180.53
30928,6196.6
30929,4724.43
30930,7045.28
30931,4078.9
30932,5590.23
30933,7208.54
30934,5032.91
30935,7972.94
30936,7061.4
30937,5219.12
30938,4555.93
30939,5994.78
30940,5580.48
30941,4685.37
30942,3452.7
30943,4685.16
30944,6195.65
30945,5036.3
30946,4120.93
30947,6321.65
30948,5815.7
30949,5031.38
30950,4404.76
30951,4255.16
30952,5631.46
30953,5368.55
30954,5335.04
30955,4177.18
30956,4644.41
30957,5118.98
30958,2627.92
30959,5038.66
30960,3516.06
30961,6739.22
30962,5721.11
30963,5237.56
30964,6123.75
30965,4460.69
30966,3844.92
30967,8056.72
30968,4983.84
30969,6304.27
30970,6273.75
30971,4007.77
30972,5095.67
30973,4821.52
30974,5872.76
30975,9117.88
30976,6295.83
30977,2373.77
30978,4225.94
30979,6670.38
30980,6742.38
30981,4119.5
30982,5834.93
30983,3742.11
30984,4490.78
30985,2490.95
30986,3792.66
30987,5088.56
30988,5351.0
30989,5277.67
30990,4498.02
30991,6585.72
30992,6768.53
30993,6236.1
30994,3841.79
30995,7025.18
30996,7667.39
30997,4209.68
30998,6371.37
30999,3553.83
31000,5230.05
31001,2888.69
31002,5734.14
31003,3638.12
31004,7297.68
31005,5750.3
31006,6330.89
31007,7635.93
31008,4756.92
31009,6065.74
31010,15516.69
31011,8518.01
31012,4163.47
31013,2118.73
31014,4705.72
31015,7441.53
31016,4943.57
31017,11384.41
31018,16275.06
31019,2977.54
31020,4043.73
31021,7081.02
31022,4069.71
31023,7504.76
31024,4623.39
31025,5829.43
31026,2926.19
31027,5532.36
31028,4963.08
31029,6123.74
31030,5986.95
31031,4661.93
31032,4607.39
31033,5942.78
31034,3768.32
31035,4209.35
31036,6639.78
31037,4014.21
31038,4808.66
31039,5568.17
31040,4558.03
31041,4749.21
31042,5355.11
31043,5187.91
31044,7269.13
31045,8204.08
31046,5500.81
31047,4688.67
31048,2860.91
31049,5836.81
31050,5676.4
31051,4372.96
31052,3894.71
31053,7321.26
31054,5365.44
31055,7492.76
31056,4798.69
31057,4294.53
31058,3846.87
31059,4291.66
31060,6759.77
31061,3823.59
31062,6545.84
31063,11988.28
31064,6143.37
31065,5090.26
31066,3782.23
31067,3870.02
31068,5456.14
31069,3511.81
31070,4542.86
31071,8272.94
31072,4398.34
31073,10467.9
31074,10265.71
31075,3825.54
31076,5155.75
31077,5774.38
31078,5219.54
31079,4322.63
31080,7650.31
31081,5091.24
31082,6339.1
31083,4106.35
31084,5935.08
31085,3808.63
31086,8334.38
31087,4784.74
31088,4400.69
31089,5400.13
31090,4984.24
31091,6092.7
31092,7588.9
31093,4703.48
31094,7909.39
31095,5294.71
31096,7628.72
31097,4221.33
31098,3890.89
31099,3809.89
31100,6646.04
31101,5289.1
31102,5482.79
31103,5209.31
31104,6798.1
31105,3728.26
31106,6975.49
31107,5941.35
31108,3031.77
31109,11631.89
31110,13196.37
31111,5168.9
31112,5432.42
31113,6999.35
31114,7742.04
31115,8916.66
31116,5149.92
31117,5749.38
31118,4524.62
31119,6431.72
31120,3277.26
31121,4609.47
31122,4253.9
31123,4454.54
31124,6153.98
31125,3638.34
31126,3047.37
31127,4887.88
31128,2848.79
31129,3531.09
31130,4779.26
31131,4727.59
31132,6830.0
31133,6851.26
31134,6113.36
31135,4985.18
31136,5103.2
31137,8622.52
31138,6036.85
31139,3780.3
31140,4386.07
31141,8206.37
31142,3733.42
31143,5936.01
31144,2703.8
31145,3861.65
31146,5544.13
31147,5475.48
31148,4589.76
31149,6887.4
31150,7271.13
31151,10465.82
31152,5186.79
31153,8059.81
31154,2692.86
31155,4011.3
31156,4622.43
31157,3071.38
31158,6897.61
31159,3908.09
31160,4544.55
31161,7101.26
31162,9252.6
31163,6767.58
31164,4109.9
31165,4580.87
31166,11908.39
31167,6392.22
31168,4747.38
31169,4362.63
31170,5414.17
31171,7145.49
31172,4159.46
31173,4853.75
31174,5781.65
31175,6187.97
31176,12060.42
31177,4701.25
31178,10098.64
31179,5365.48
31180,4128.72
31181,2429.63
31182,4938.63
31183,4641.21
31184,4094.89
31185,5219.35
31186,4473.97
31187,3143.99
31188,5520.44
31189,2775.03
31190,7020.42
31191,5142.32
31192,6342.84
31193,6275.16
31194,3796.83
31195,7844.67
31196,6272.77
31197,4300.74
31198,4845.83
31199,4888.74
31200,8366.59
31201,4999.65
31202,3810.3
31203,6344.92
31204,6212.09
31205,5216.79
31206,4762.23
31207,7006.64
31208,4601.28
31209,4973.49
31210,4730.86
31211,6667.32
31212,4210.19
31213,4472.98
31214,4727.23
31215,4339.44
31216,3658.52
31217,3833.41
31218,6823.57
31219,7633.98
31220,8771.29
31221,9121.28
31222,6106.41
31223,7849.47
31224,4882.67
31225,9082.88
31226,7589.34
31227,5215.57
31228,6562.14
31229,6509.9
31230,4558.78
31231,3101.22
31232,9105.57
31233,4525.16
31234,5756.08
31235,5161.21
31236,1991.94
31237,8935.15
31238,4436.72
31239,3592.8
31240,3771.64
31241,4558.5
31242,5443.19
31243,5686.68
31244,5857.07
31245,4717.75
31246,3873.69
31247,3360.21
31248,2622.69
31249,5901.07
31250,14983.61
31251,4406.33
31252,4274.51
31253,5403.22
31254,3877.26
31255,4244.66
31256,3812.49
31257,3323.35
31258,5541.81
31259,5696.42
31260,3313.66
31261,6569.61
31262,4035.18
31263,4103.87
31264,8929.13
31265,6620.67
31266,8848.14
31267,4068.72
31268,5051.65
31269,3562.54
31270,4215.04
31271,14018.38
31272,7205.89
31273,5176.38
31274,3939.94
31275,3348.11
31276,4081.71
31277,3444.02
31278,8149.94
31279,4327.28
31280,4315.93
31281,5451.97
31282,3696.68
31283,4970.46
31284,4898.69
31285,6143.84
31286,5433.78
31287,2926.16
31288,4821.62
31289,5512.55
31290,7533.88
31291,6914.76
31292,5638.2
31293,3156.36
31294,6373.36
31295,4480.09
31296,3779.28
31297,5404.49
31298,5788.74
31299,4887.84
31300,4920.03
31301,5173.57
31302,7268.75
31303,4672.91
31304,5391.67
31305,5917.39
31306,3733.49
31307,8037.29
31308,5098.94
31309,3872.36
31310,9345.59
31311,4750.75
31312,3246.38
31313,6376.26
31314,6872.94
31315,7491.54
31316,4451.35
31317,4552.93
31318,5212.3
31319,5761.57
31320,4734.13
31321,6506.57
31322,2574.17
31323,4902.24
31324,4981.21
31325,4240.36
31326,3528.06
31327,5433.28
31328,5902.29
31329,4349.93
31330,6653.68
31331,5150.19
31332,6406.62
31333,3906.08
31334,5158.06
31335,4761.22
31336,6080.89
31337,6736.05
31338,2773.03
31339,7005.08
31340,6505.67
31341,5639.74
31342,4184.47
31343,3031.21
31344,5802.48
31345,4785.19
31346,6826.9
31347,5445.04
31348,4274.03
31349,6205.24
31350,4781.11
31351,4081.49
31352,6344.32
31353,3842.73
31354,6597.17
31355,8521.29
31356,5824.43
31357,3792.47
31358,4221.57
31359,3278.07
31360,2757.57
31361,5805.87
31362,4322.08
31363,7027.78
31364,3235.5
31365,6148.53
31366,5183.82
31367,8901.38
31368,3872.89
31369,4389.51
31370,3801.05
31371,6326.54
31372,5099.43
31373,5561.94
31374,5816.77
31375,8232.49
31376,5800.85
31377,5853.0
31378,4775.26
31379,3655.29
31380,4228.42
31381,8917.18
31382,7489.83
31383,8574.26
31384,14103.15
31385,4053.86
31386,4434.48
31387,4578.96
31388,6796.69
31389,6763.81
31390,4990.29
31391,5954.01
31392,5881.48
31393,6038.79
31394,4763.3
31395,4281.68
31396,3839.63
31397,3906.09
31398,3001.62
31399,3896.88
31400,6256.76
31401,13880.9
31402,4861.32
31403,3974.18
31404,5789.99
31405,2774.63
31406,5279.2
31407,3068.76
31408,7822.38
31409,5226.2
31410,4867.19
31411,10429.5
31412,10108.99
31413,5344.46
31414,6019.2
31415,3349.61
31416,4883.44
31417,4642.55
31418,7185.08
31419,3961.99
31420,3537.28
31421,4776.3
31422,4674.93
31423,7016.35
31424,4946.23
31425,3250.99
31426,5613.99
31427,6331.35
31428,5870.56
31429,3130.32
31430,2799.14
31431,5893.24
31432,4040.4
31433,8023.07
31434,3587.05
31435,4111.72
31436,4891.95
31437,4220.2
31438,3664.76
31439,4582.23
31440,5033.78
31441,7260.09
31442,7222.87
31443,4480.62
31444,3589.05
31445,4454.8
31446,5907.04
31447,3972.12
31448,4586.66
31449,5326.85
31450,10151.98
31451,5946.81
31452,4707.15
31453,6708.72
31454,3426.95
31455,7394.08
31456,4401.45
31457,10248.3
31458,4685.02
31459,4127.62
31460,3595.51
31461,3451.18
31462,6465.17
31463,14323.51
31464,3314.23
31465,3912.52
31466,8145.17
31467,5968.57
31468,5189.49
31469,6532.85
31470,4915.85
31471,5522.94
31472,3491.2
31473,7598.22
31474,4463.56
31475,5387.04
31476,6220.85
31477,4021.34
31478,6472.67
31479,4414.92
31480,3450.71
31481,7398.93
31482,7649.75
31483,3373.88
31484,4912.74
31485,5011.91
31486,4186.71
31487,6729.98
31488,5104.65
31489,7385.87
31490,3454.39
31491,3602.22
31492,6305.21
31493,2642.77
31494,6274.66
31495,3772.13
31496,4704.05
31497,3696.16
31498,5228.98
31499,5564.3
31500,5647.86
31501,5174.09
31502,6172.2
31503,4720.73
31504,6737.95
31505,5575.75
31506,6754.98
31507,7534.63
31508,5830.69
31509,3164.11
31510,4748.86
31511,5670.66
31512,4404.66
31513,8587.61
31514,4619.07
31515,5436.76
31516,8184.86
31517,5244.53
31518,3253.67
31519,8240.71
31520,8484.27
31521,4833.04
31522,6280.94
31523,7513.75
31524,4902.86
31525,3965.36
31526,5124.25
31527,4654.13
31528,4703.8
31529,5209.59
31530,3769.66
31531,6038.03
31532,5196.33
31533,4895.01
31534,5593.05
31535,4929.54
31536,5215.75
31537,4769.95
31538,6196.15
31539,5303.31
31540,4642.77
31541,5512.68
31542,4896.49
31543,7650.11
31544,4245.88
31545,4177.05
31546,4859.71
31547,5874.51
31548,6318.13
31549,3801.22
31550,3211.02
31551,6768.41
31552,6113.91
31553,4432.32
31554,6198.24
31555,6030.04
31556,6084.55
31557,3990.09
31558,3183.51
31559,5435.06
31560,5477.74
31561,4744.77
31562,7701.59
31563,7427.69
31564,4050.89
31565,6250.55
31566,3029.69
31567,2648.6
31568,6346.32
31569,10366.61
31570,5999.26
31571,5643.39
31572,3389.61
31573,5551.59
31574,6786.37
31575,4354.42
31576,6005.59
31577,4516.59
31578,4280.29
31579,4289.04
31580,3713.49
31581,4767.02
31582,3049.14
31583,3670.98
31584,3432.58
31585,5545.1
31586,4611.69
31587,3850.82
31588,5370.33
31589,5245.8
31590,4320.9
31591,4649.6
31592,6473.12
31593,6818.77
31594,5185.19
31595,3226.51
31596,10566.61
31597,5170.46
31598,3663.49
31599,7407.33
31600,6789.21
31601,5916.38
31602,4698.19
31603,5670.77
31604,6796.67
31605,10084.72
31606,3472.24
31607,3426.3
31608,3991.48
31609,5702.88
31610,4547.49
31611,10734.3
31612,6807.23
31613,4748.76
31614,3195.48
31615,5180.75
31616,9341.36
31617,3533.53
31618,5284.4
31619,3467.01
31620,5712.01
31621,5879.42
31622,5937.98
31623,7217.29
31624,5033.68
31625,3254.39
31626,5012.0
31627,5715.72
31628,6435.0
31629,6188.98
31630,5822.75
31631,4516.12
31632,3436.13
31633,7840.42
31634,3581.58
31635,8727.67
31636,4724.35
31637,3737.03
31638,5816.78
31639,4881.12
31640,5699.76
31641,6438.38
31642,3203.32
31643,3414.73
31644,5283.8
31645,6354.9
31646,8456.08
31647,3934.63
31648,4867.92
31649,4788.62
31650,4659.97
31651,3943.79
31652,7536.82
31653,6641.64
31654,9599.58
31655,3399.93
31656,4519.86
31657,7780.4
31658,9359.93
31659,3725.33
31660,7867.36
31661,5809.33
31662,3637.62
31663,3881.5
31664,3559.15
31665,4124.97
31666,4336.91
31667,3641.81
31668,3730.57
31669,6655.05
31670,5430.57
31671,18646.28
31672,4761.46
31673,3527.24
31674,5703.32
31675,10442.85
31676,4492.58
31677,5442.59
31678,4791.58
31679,7177.77
31680,5888.48
31681,3319.18
31682,4705.23
31683,5378.92
31684,6745.09
31685,5737.14
31686,7894.94
31687,3540.41
31688,3824.7
31689,3670.73
31690,7335.4
31691,9112.07
31692,7808.94
31693,5886.89
31694,4205.05
31695,4912.44
31696,3685.57
31697,6574.33
31698,7758.08
31699,8064.94
31700,4251.29
31701,3780.64
31702,4472.47
31703,5331.03
31704,8318.8
31705,5604.47
31706,3696.69
31707,3948.47
31708,6500.07
31709,3352.87
31710,5543.28
31711,2905.42
31712,5238.46
31713,5608.53
31714,4487.5
31715,6088.14
31716,5028.37
31717,4193.68
31718,5865.52
31719,4993.63
31720,8120.22
31721,4546.75
31722,6145.01
31723,6334.32
31724,8086.04
31725,5217.46
31726,7223.8
31727,3651.34
31728,4306.07
31729,5214.17
31730,5386.39
31731,7372.94
31732,5563.85
31733,4213.18
31734,4863.03
31735,5467.25
31736,7368.92
31737,3064.64
31738,10577.21
31739,3726.97
31740,5314.65
31741,7025.07
31742,5368.25
31743,4196.4
31744,4888.89
31745,5840.65
31746,3960.29
31747,4298.77
31748,6932.64
31749,6159.91
31750,5303.86
31751,3754.74
31752,6034.05
31753,8676.38
31754,5786.19
31755,5344.58
31756,5491.16
31757,5452.16
31758,5715.58
31759,6425.25
31760,3202.3
31761,5984.12
31762,5044.51
31763,5184.5
31764,8586.41
31765,3828.79
31766,4096.97
31767,3664.95
31768,5846.08
31769,8059.23
31770,4299.02
31771,3513.07
31772,5641.45
31773,4609.14
31774,4689.41
31775,7459.71
31776,5711.71
31777,6447.57
31778,4427.8
31779,4078.68
31780,4759.91
31781,6947.57
31782,6475.86
31783,6213.92
31784,6206.97
31785,4861.58
31786,7081.76
31787,4318.61
31788,5927.05
31789,7226.65
31790,5123.48
31791,8383.24
31792,6606.42
31793,5500.49
31794,4689.12
31795,6236.94
31796,5489.57
31797,4781.49
31798,3708.27
31799,4948.17
31800,6241.47
31801,4866.75
31802,3952.09
31803,6798.73
31804,5961.0
31805,5311.72
31806,4523.17
31807,4296.23
31808,6044.2
31809,5232.8
31810,5536.26
31811,4178.29
31812,4803.99
31813,5080.49
31814,2767.87
31815,6395.65
31816,3529.54
31817,6792.14
31818,5881.54
31819,5442.36
31820,5898.75
31821,4270.53
31822,3909.97
31823,8296.64
31824,4922.67
31825,6383.53
31826,6487.73
31827,4058.7
31828,5012.11
31829,4977.03
31830,6425.06
31831,9224.15
31832,6849.75
31833,2384.53
31834,3977.1
31835,6770.11
31836,6565.65
31837,4443.79
31838,6002.97
31839,4006.65
31840,4825.77
31841,2528.58
31842,4005.04
31843,5100.8
31844,5256.8
31845,5747.28
31846,3988.02
31847,6661.92
31848,6807.38
31849,6411.38
31850,3895.62
31851,7207.83
31852,7833.41
31853,4439.38
31854,6454.59
31855,3761.64
31856,5331.06
31857,2721.37
31858,5818.42
31859,3582.66
31860,8076.26
31861,5828.61
31862,6479.82
31863,7713.78
31864,4740.66
31865,6108.54
31866,16164.44
31867,8452.4
31868,4299.13
31869,2236.64
31870,4768.63
31871,8260.38
31872,5276.63
31873,11281.8
31874,16744.38
31875,2901.71
31876,3963.63
31877,7293.27
31878,3719.39
31879,7140.78
31880,5003.3
31881,5810.12
31882,3051.51
31883,5710.7
31884,5247.28
31885,6369.24
31886,6161.59
31887,4901.95
31888,4758.61
31889,6189.69
31890,4089.56
31891,4384.78
31892,6935.4
31893,4406.63
31894,4655.34
31895,5881.97
31896,5473.96
31897,4959.62
31898,5686.33
31899,5449.09
31900,7181.08
31901,8391.38
31902,6075.84
31903,4637.88
31904,2901.84
31905,5795.97
31906,5854.71
31907,4466.53
31908,4197.89
31909,7761.09
31910,5340.08
31911,8079.79
31912,5515.15
31913,4403.54
31914,4225.61
31915,4527.07
31916,7147.02
31917,3861.78
31918,6748.34
31919,13124.27
31920,6119.89
31921,5225.69
31922,3821.24
31923,3933.88
31924,5408.54
31925,3505.39
31926,4813.35
31927,8112.47
31928,4426.01
31929,11048.68
31930,10935.62
31931,3809.05
31932,5382.19
31933,5726.25
31934,5339.96
31935,4195.32
31936,8449.44
31937,5204.69
31938,6762.6
31939,4149.02
31940,6167.58
31941,3900.09
31942,8559.08
31943,4791.13
31944,4795.23
31945,5601.7
31946,4901.55
31947,6132.25
31948,8318.22
31949,4602.81
31950,7691.36
31951,5399.27
31952,7771.67
31953,4715.47
31954,4134.23
31955,4033.9
31956,6698.95
31957,5403.87
31958,5947.67
31959,5352.8
31960,6792.55
31961,3672.86
31962,7782.69
31963,6142.44
31964,3185.47
31965,11540.42
31966,14097.11
31967,5495.39
31968,5574.61
31969,7386.27
31970,8137.41
31971,9039.66
31972,5132.33
31973,5780.71
31974,4683.72
31975,6512.6
31976,3536.57
31977,4729.84
31978,4385.62
31979,4715.33
31980,6332.69
31981,3988.81
31982,3184.34
31983,5050.86
31984,2916.58
31985,3503.62
31986,4743.0
31987,4566.39
31988,7045.65
31989,7104.94
31990,6314.47
31991,5063.03
31992,5047.57
31993,9386.38
31994,6028.77
31995,3782.75
31996,4090.71
31997,8221.5
31998,3816.11
31999,5508.0
32000,3035.23
32001,3982.37
32002,5692.61
32003,5795.86
32004,4356.93
32005,7076.59
32006,7384.06
32007,10499.68
32008,5289.18
32009,8334.27
32010,2712.7
32011,4207.24
32012,5211.78
32013,3034.62
32014,6823.57
32015,4002.25
32016,4723.91
32017,6905.62
32018,9284.39
32019,6909.72
32020,4384.17
32021,4414.17
32022,11746.87
32023,6000.36
32024,5195.53
32025,4119.21
32026,5412.68
32027,7369.34
32028,3990.3
32029,4924.19
32030,5793.34
32031,6160.19
32032,12249.48
32033,4858.2
32034,10397.58
32035,5729.94
32036,4268.35
32037,2800.54
32038,5031.28
32039,4921.05
32040,4125.21
32041,5538.16
32042,4378.77
32043,3064.79
32044,5347.36
32045,3150.29
32046,7369.11
32047,5190.41
32048,6631.67
32049,6325.13
32050,3466.89
32051,8219.66
32052,6431.84
32053,4261.39
32054,5068.65
32055,4045.36
32056,8371.62
32057,5308.94
32058,3797.89
32059,6018.52
32060,6431.97
32061,5458.64
32062,4817.12
32063,7142.32
32064,4577.3
32065,5083.49
32066,4857.65
32067,7046.07
32068,5199.3
32069,5183.43
32070,4669.77
32071,4569.9
32072,3871.98
32073,3924.1
32074,6976.81
32075,8229.74
32076,8977.7
32077,9085.67
32078,6312.79
32079,7623.94
32080,4705.14
32081,9260.86
32082,7830.44
32083,5599.58
32084,6981.98
32085,7028.93
32086,4821.76
32087,3306.97
32088,9672.19
32089,4696.38
32090,5440.92
32091,5387.92
32092,1941.98
32093,9089.94
32094,4864.43
32095,4141.45
32096,3874.16
32097,4931.79
32098,5772.52
32099,5667.22
32100,5984.49
32101,4786.39
32102,3911.52
32103,3171.19
32104,2632.8
32105,5862.29
32106,15516.02
32107,4816.9
32108,4496.4
32109,5263.57
32110,4179.44
32111,4208.9
32112,4170.25
32113,3633.89
32114,5600.29
32115,5659.2
32116,3486.72
32117,6905.68
32118,3913.27
32119,4081.37
32120,9548.29
32121,6831.21
32122,9172.57
32123,4222.34
32124,6035.56
32125,3558.04
32126,4229.79
32127,13054.72
32128,7195.77
32129,5352.7
32130,4134.98
32131,3362.11
32132,4716.94
32133,3730.29
32134,8660.4
32135,4559.01
32136,4821.0
32137,5521.91
32138,3809.04
32139,5918.72
32140,5758.95
32141,6805.18
32142,5715.63
32143,3408.86
32144,4850.75
32145,5547.77
32146,7690.6
32147,7360.06
32148,5700.98
32149,3361.29
32150,6661.39
32151,4694.17
32152,3812.79
32153,5595.12
32154,5996.23
32155,5021.29
32156,5063.28
32157,5257.71
32158,7376.29
32159,4805.1
32160,5627.39
32161,6053.45
32162,3896.16
32163,8117.65
32164,5013.73
32165,3875.29
32166,9176.34
32167,5309.99
32168,3091.49
32169,6681.07
32170,7418.91
32171,8107.7
32172,4624.24
32173,5029.0
32174,5389.77
32175,5843.26
32176,4854.1
32177,6393.71
32178,2701.68
32179,4755.09
32180,5111.37
32181,4151.84
32182,3712.69
32183,5591.08
32184,6058.65
32185,4886.98
32186,6677.23
32187,4883.24
32188,6762.23
32189,4465.09
32190,5647.98
32191,5030.85
32192,6191.62
32193,6382.22
32194,2941.74
32195,7030.9
32196,6858.21
32197,5620.09
32198,4212.86
32199,3342.69
32200,5837.67
32201,4781.17
32202,6024.47
32203,5457.57
32204,4519.46
32205,5779.44
32206,5316.86
32207,4169.98
32208,6514.59
32209,3896.32
32210,6886.52
32211,8557.31
32212,6448.56
32213,3727.37
32214,4481.07
32215,3569.63
32216,2830.63
32217,6245.54
32218,4701.64
32219,7458.12
32220,3345.48
32221,6162.85
32222,5682.7
32223,8697.89
32224,3967.07
32225,4500.0
32226,3972.67
32227,6814.52
32228,5299.57
32229,5234.25
32230,6045.04
32231,8363.11
32232,5860.5
32233,6155.37
32234,5034.01
32235,3760.14
32236,4277.2
32237,8866.12
32238,7513.88
32239,8981.94
32240,13789.42
32241,4682.64
32242,4607.6
32243,4939.41
32244,6791.13
32245,6867.04
32246,5085.31
32247,6135.03
32248,5974.9
32249,6249.68
32250,5099.61
32251,4239.17
32252,4409.06
32253,4068.68
32254,2942.14
32255,3801.75
32256,6824.88
32257,13958.2
32258,4885.76
32259,4330.13
32260,5610.81
32261,2738.52
32262,5333.7
32263,3375.49
32264,7783.04
32265,5273.95
32266,5248.0
32267,10434.58
32268,9381.44
32269,5561.42
32270,6155.18
32271,3101.92
32272,4899.88
32273,4923.63
32274,7224.36
32275,3898.93
32276,3547.03
32277,4682.3
32278,4707.43
32279,7053.77
32280,4783.56
32281,3684.92
32282,5986.63
32283,6640.84
32284,5779.55
32285,3459.9
32286,3067.57
32287,6415.96
32288,4170.19
32289,7930.08
32290,3994.33
32291,4573.27
32292,5050.55
32293,4531.52
32294,3885.48
32295,4950.85
32296,5083.65
32297,7630.05
32298,7280.19
32299,4487.6
32300,3746.47
32301,4523.47
32302,6274.09
32303,4199.77
32304,4933.0
32305,5779.17
32306,10459.03
32307,6353.38
32308,5042.83
32309,6494.58
32310,3674.22
32311,7694.7
32312,4697.66
32313,10448.72
32314,4763.79
32315,4184.5
32316,2942.89
32317,3610.63
32318,6789.03
32319,14737.0
32320,3120.86
32321,3849.6
32322,9029.37
32323,6025.55
32324,5503.94
32325,6507.64
32326,4814.1
32327,5797.29
32328,3950.2
32329,8242.25
32330,4757.71
32331,5758.3
32332,6327.96
32333,4445.76
32334,7100.75
32335,4590.75
32336,3427.64
32337,8270.58
32338,8583.25
32339,3682.31
32340,5074.23
32341,5263.97
32342,4500.48
32343,6920.43
32344,5027.66
32345,8038.58
32346,3676.42
32347,3914.46
32348,6461.83
32349,3091.22
32350,6788.28
32351,3511.92
32352,5085.84
32353,3949.07
32354,5128.21
32355,5542.84
32356,5779.53
32357,5445.07
32358,6399.69
32359,4972.29
32360,6498.4
32361,5359.43
32362,6339.17
32363,7556.39
32364,6008.92
32365,3127.07
32366,5294.32
32367,6084.8
32368,4417.43
32369,8993.05
32370,4610.01
32371,5596.93
32372,9141.09
32373,5392.26
32374,3186.03
32375,8301.36
32376,8601.71
32377,4841.16
32378,6850.56
32379,8846.92
32380,4950.72
32381,4204.78
32382,5201.22
32383,4912.01
32384,4772.9
32385,5356.76
32386,3976.83
32387,6270.69
32388,5189.48
32389,5118.51
32390,5466.65
32391,5076.33
32392,5838.02
32393,4797.41
32394,6413.66
32395,5330.44
32396,4841.57
32397,5456.09
32398,5175.02
32399,7906.05
32400,4382.54
32401,4480.36
32402,5015.44
32403,5858.38
32404,7001.7
32405,4129.03
32406,3396.21
32407,6559.17
32408,6126.42
32409,4723.08
32410,6229.91
32411,6171.34
32412,4921.49
32413,4117.06
32414,3453.31
32415,5631.95
32416,5394.0
32417,5340.08
32418,7940.96
32419,7198.56
32420,4266.77
32421,6916.77
32422,3274.58
32423,2899.85
32424,6248.29
32425,9842.64
32426,6086.11
32427,5921.73
32428,3596.88
32429,5903.55
32430,6889.75
32431,4624.89
32432,6428.96
32433,4580.09
32434,4228.03
32435,4437.88
32436,3824.36
32437,4861.11
32438,3127.54
32439,3640.97
32440,3742.93
32441,6187.07
32442,5289.92
32443,3743.92
32444,5573.5
32445,5256.62
32446,4296.87
32447,4628.62
32448,6239.53
32449,6744.98
32450,5153.05
32451,3544.44
32452,11323.45
32453,5177.38
32454,3877.29
32455,7274.39
32456,6937.17
32457,5721.82
32458,4737.47
32459,6075.39
32460,7030.8
32461,10220.44
32462,3452.88
32463,3661.9
32464,4058.3
32465,5716.27
32466,4742.99
32467,10292.55
32468,6953.29
32469,5162.35
32470,3548.94
32471,5560.1
32472,9463.75
32473,3518.12
32474,5551.25
32475,3523.95
32476,5645.72
32477,6024.77
32478,6059.8
32479,7286.52
32480,5513.61
32481,3154.28
32482,5216.88
32483,6286.3
32484,6659.54
32485,5919.78
32486,5753.32
32487,4760.75
32488,3545.76
32489,7851.76
32490,3880.17
32491,9444.55
32492,4973.5
32493,3627.01
32494,5917.36
32495,5372.04
32496,5800.93
32497,6672.71
32498,3022.1
32499,3681.75
32500,5242.0
32501,6639.14
32502,8461.28
32503,4463.16
32504,5415.18
32505,4969.75
32506,4897.14
32507,4121.22
32508,7804.74
32509,7228.12
32510,9903.42
32511,3513.45
32512,4546.26
32513,7849.32
32514,8734.14
32515,4243.37
32516,8158.12
32517,5987.59
32518,3916.19
32519,4231.12
32520,3506.17
32521,4667.93
32522,4626.95
32523,4091.49
32524,3805.37
32525,6358.6
32526,5779.69
32527,18900.6
32528,5218.99
32529,3834.1
32530,5789.04
32531,9432.13
32532,4924.62
32533,6173.28
32534,5446.63
32535,7890.72
32536,6340.8
32537,3611.01
32538,5303.4
32539,5808.0
32540,7019.76
32541,5863.59
32542,8434.13
32543,3919.98
32544,3926.65
32545,4119.17
32546,7693.23
32547,10262.59
32548,7882.17
32549,5982.55
32550,4105.79
32551,5051.36
32552,3621.6
32553,7324.62
32554,8211.83
32555,8649.81
32556,4363.13
32557,4056.91
32558,4519.08
32559,5199.39
32560,8704.68
32561,6161.2
32562,4016.77
32563,3876.87
32564,6417.32
32565,3504.83
32566,5921.42
32567,3248.82
32568,5508.36
32569,6329.4
32570,5016.48
32571,6145.3
32572,4805.01
32573,4281.22
32574,6288.47
32575,5866.92
32576,8505.2
32577,5553.93
32578,6499.06
32579,7524.54
32580,7843.91
32581,5484.86
32582,7608.36
32583,3744.5
32584,4572.37
32585,5527.36
32586,6013.13
32587,8129.4
32588,6305.23
32589,4788.67
32590,5991.54
32591,6406.89
32592,7333.12
32593,3645.45
32594,11193.65
32595,3986.21
32596,5755.26
32597,7079.97
32598,5819.62
32599,4713.47
32600,5043.46
32601,6283.93
32602,4266.84
32603,4173.79
32604,7572.52
32605,6564.45
32606,5877.59
32607,4120.51
32608,6807.48
32609,9703.8
32610,6227.96
32611,5519.13
32612,5430.97
32613,6169.9
32614,6649.95
32615,7013.49
32616,3788.5
32617,6457.58
32618,5788.15
32619,6447.35
32620,8623.84
32621,4184.54
32622,4271.26
32623,3769.85
32624,6123.6
32625,7967.15
32626,4730.79
32627,4211.96
32628,5836.62
32629,4839.08
32630,4567.4
32631,7243.99
32632,5849.99
32633,6815.0
32634,4377.54
32635,4356.25
32636,5305.06
32637,7118.65
32638,6833.71
32639,6502.79
32640,6629.68
32641,5276.03
32642,7881.29
32643,4756.52
32644,5942.87
32645,7688.93
32646,5695.62
32647,8538.75
32648,7076.49
32649,5938.36
32650,5103.96
32651,6484.5
32652,6032.31
32653,5379.83
32654,4113.41
32655,5047.04
32656,6428.43
32657,5618.4
32658,4276.06
32659,7181.8
32660,6261.16
32661,6067.11
32662,4790.78
32663,4553.52
32664,5983.47
32665,6090.65
32666,5482.93
32667,4423.83
32668,5075.29
32669,5647.19
32670,3356.64
32671,5882.68
32672,4155.82
32673,7480.2
32674,6270.39
32675,5982.6
32676,6247.8
32677,4257.87
32678,4250.77
32679,9387.86
32680,5518.5
32681,6569.78
32682,7038.84
32683,4416.65
32684,5356.72
32685,5412.71
32686,6492.69
32687,10172.18
32688,6916.74
32689,2684.64
32690,4633.96
32691,6709.38
32692,7323.36
32693,4648.27
32694,6432.91
32695,4251.5
32696,4962.76
32697,3067.24
32698,4270.2
32699,5370.22
32700,5367.68
32701,6380.16
32702,5543.04
32703,6475.14
32704,6886.74
32705,6845.24
32706,3769.07
32707,8311.38
32708,8362.82
32709,4789.74
32710,7254.61
32711,3911.12
32712,5507.75
32713,3150.53
32714,5474.75
32715,3721.35
32716,8710.16
32717,6553.26
32718,6619.86
32719,7930.35
32720,5024.5
32721,6684.67
32722,16564.58
32723,8570.66
32724,4370.5
32725,2444.02
32726,4927.22
32727,7807.69
32728,5330.1
32729,11451.69
32730,17656.89
32731,2799.01
32732,4219.36
32733,7832.23
32734,4077.35
32735,7472.72
32736,5316.45
32737,6039.48
32738,3409.93
32739,6294.54
32740,5355.86
32741,7297.74
32742,6298.31
32743,5594.23
32744,5457.18
32745,6252.85
32746,4001.3
32747,4536.28
32748,7617.25
32749,4354.52
32750,5310.39
32751,6049.22
32752,5842.13
32753,5009.51
32754,6300.41
32755,5997.18
32756,8184.55
32757,9223.37
32758,6172.45
32759,5243.99
32760,2839.36
32761,5927.61
32762,6552.15
32763,4454.03
32764,4328.82
32765,7834.66
32766,5382.49
32767,9096.36
32768,6046.55
32769,4547.53
32770,4625.45
32771,4948.68
32772,7813.37
32773,4117.26
32774,7433.02
32775,13874.82
32776,6469.61
32777,5156.56
32778,4148.63
32779,4212.4
32780,5755.04
32781,3547.6
32782,5103.42
32783,8848.67
32784,4630.43
32785,11420.59
32786,11805.07
32787,4180.72
32788,5929.14
32789,4973.44
32790,6204.26
32791,4951.37
32792,9221.71
32793,5590.81
32794,7104.78
32795,4459.53
32796,6373.97
32797,3991.43
32798,8632.29
32799,5009.35
32800,4875.37
32801,6345.24
32802,5281.77
32803,6563.28
32804,8982.84
32805,4794.29
32806,8143.09
32807,5966.02
32808,8082.4
32809,4917.95
32810,4206.87
32811,4214.53
32812,6907.42
32813,5616.7
32814,6539.5
32815,5619.94
32816,7135.31
32817,3980.88
32818,7962.62
32819,6067.43
32820,3395.34
32821,11438.11
32822,16171.83
32823,5925.0
32824,5785.56
32825,7572.22
32826,8529.95
32827,9866.35
32828,5171.09
32829,6121.15
32830,4843.8
32831,6770.3
32832,3778.51
32833,4861.37
32834,4516.41
32835,5031.91
32836,7145.42
32837,4163.32
32838,3606.21
32839,5322.82
32840,3315.92
32841,3833.54
32842,5012.36
32843,4886.13
32844,7199.64
32845,7323.65
32846,6493.16
32847,5790.2
32848,5530.58
32849,10276.96
32850,6657.62
32851,4200.91
32852,4066.78
32853,8048.47
32854,4500.86
32855,6047.64
32856,3259.0
32857,4535.78
32858,5559.39
32859,6010.03
32860,4534.24
32861,7864.84
32862,8538.8
32863,10888.76
32864,5322.99
32865,8626.1
32866,3195.74
32867,4410.66
32868,5336.07
32869,3126.75
32870,7168.1
32871,4451.46
32872,5289.17
32873,7630.16
32874,10101.48
32875,7509.88
32876,4706.78
32877,4303.7
32878,11192.96
32879,6566.75
32880,5623.81
32881,4315.41
32882,6043.91
32883,7792.46
32884,4027.42
32885,5784.64
32886,6438.51
32887,6655.95
32888,12336.52
32889,5193.96
32890,10422.75
32891,6252.56
32892,4369.13
32893,3321.69
32894,5440.58
32895,5087.36
32896,4732.66
32897,6203.48
32898,4528.91
32899,3666.89
32900,5567.96
32901,3631.11
32902,7813.55
32903,5446.56
32904,6575.37
32905,6645.63
32906,4019.97
32907,8108.8
32908,6960.05
32909,4507.57
32910,5042.62
32911,4475.93
32912,9667.91
32913,6245.06
32914,4021.65
32915,6782.64
32916,6692.48
32917,5430.13
32918,5661.26
32919,7449.3
32920,5504.64
32921,5263.07
32922,4973.08
32923,6996.93
32924,4981.97
32925,5163.89
32926,4588.03
32927,5149.25
32928,4031.88
32929,4242.35
32930,6713.97
32931,9111.56
32932,9205.13
32933,8629.3
32934,7011.52
32935,6935.93
32936,5188.23
32937,10118.48
32938,8269.91
32939,5763.83
32940,7761.43
32941,7259.95
32942,4990.01
32943,3809.84
32944,9497.2
32945,4965.32
32946,5604.11
32947,5905.48
32948,2101.77
32949,9099.56
32950,5527.97
32951,4090.58
32952,4315.17
32953,5164.02
32954,6409.24
32955,5954.55
32956,6288.11
32957,4744.29
32958,4054.64
32959,3587.82
32960,2986.08
32961,5862.37
32962,15906.52
32963,5059.4
32964,4618.02
32965,5618.91
32966,4414.62
32967,5044.32
32968,4221.74
32969,3655.88
32970,5875.74
32971,5711.4
32972,3744.64
32973,7302.48
32974,3972.45
32975,4681.58
32976,11536.46
32977,7113.62
32978,10140.66
32979,4689.11
32980,5906.35
32981,3902.33
32982,5010.02
32983,12813.51
32984,7739.59
32985,6258.77
32986,4341.09
32987,4207.78
32988,4993.89
32989,4197.1
32990,8952.19
32991,4837.44
32992,5565.08
32993,5747.52
32994,3938.05
32995,5694.29
32996,5655.77
32997,7044.28
32998,5837.45
32999,3526.62
33000,5261.03
33001,5526.75
33002,8313.84
33003,7695.43
33004,5672.92
33005,3998.38
33006,6931.07
33007,5316.48
33008,4406.84
33009,6198.36
33010,6326.95
33011,5665.39
33012,4839.04
33013,5940.09
33014,7715.79
33015,5292.32
33016,6265.54
33017,6197.15
33018,3891.18
33019,7837.51
33020,5095.3
33021,3971.01
33022,9332.97
33023,5216.74
33024,2820.79
33025,6770.92
33026,7821.96
33027,7904.75
33028,4776.04
33029,5223.87
33030,5593.06
33031,6953.29
33032,4992.22
33033,6721.17
33034,2738.63
33035,5105.04
33036,5173.19
33037,4579.33
33038,4266.26
33039,6386.7
33040,6703.82
33041,4863.41
33042,7118.42
33043,4798.11
33044,7542.7
33045,4370.44
33046,6287.85
33047,5089.49
33048,6240.3
33049,7460.04
33050,3232.22
33051,7093.91
33052,7602.37
33053,6097.8
33054,4518.57
33055,3348.05
33056,6010.15
33057,4669.07
33058,6770.92
33059,6395.19
33060,5013.21
33061,6552.92
33062,5460.81
33063,4047.85
33064,6871.43
33065,4101.72
33066,7197.16
33067,8583.07
33068,6837.24
33069,4410.2
33070,4614.4
33071,3547.72
33072,2864.32
33073,7261.76
33074,4971.23
33075,7592.44
33076,3271.13
33077,6206.15
33078,6025.56
33079,9286.73
33080,3942.24
33081,4824.8
33082,3919.1
33083,7388.29
33084,5066.11
33085,6382.59
33086,6633.97
33087,9149.96
33088,5993.79
33089,6394.73
33090,5364.36
33091,4215.61
33092,4473.67
33093,8941.52
33094,7350.59
33095,8939.06
33096,14945.56
33097,4911.52
33098,4260.42
33099,5346.09
33100,6950.41
33101,7177.7
33102,5366.88
33103,6507.64
33104,6637.3
33105,6516.13
33106,5298.4
33107,4426.57
33108,4669.93
33109,4491.75
33110,3438.09
33111,4059.34
33112,6856.17
33113,13937.05
33114,5107.99
33115,4566.9
33116,5895.64
33117,3030.5
33118,5648.33
33119,3376.82
33120,8184.62
33121,5035.14
33122,6278.5
33123,12072.35
33124,10340.16
33125,6032.36
33126,6435.41
33127,3474.41
33128,5867.48
33129,5438.48
33130,7930.99
33131,4070.88
33132,3484.37
33133,5138.49
33134,5283.51
33135,7300.89
33136,5104.52
33137,3415.8
33138,6425.55
33139,6498.17
33140,5922.91
33141,3727.97
33142,3297.98
33143,6524.71
33144,4296.68
33145,8578.44
33146,4320.46
33147,5148.96
33148,6002.44
33149,4505.16
33150,3842.34
33151,5003.39
33152,5195.14
33153,9047.51
33154,7558.63
33155,5027.65
33156,4248.28
33157,5467.93
33158,9096.61
33159,4537.0
33160,5060.32
33161,6094.33
33162,10859.17
33163,7048.1
33164,5689.93
33165,6999.73
33166,4443.6
33167,8198.27
33168,4999.86
33169,10808.38
33170,4940.72
33171,4391.56
33172,4012.58
33173,3767.65
33174,7076.88
33175,15896.74
33176,3494.36
33177,3829.53
33178,8539.8
33179,5935.77
33180,5425.15
33181,6801.91
33182,5130.57
33183,5665.37
33184,4086.18
33185,8457.65
33186,5086.18
33187,6524.12
33188,6887.61
33189,4815.62
33190,7428.31
33191,4667.26
33192,3270.12
33193,8402.98
33194,8131.04
33195,3876.26
33196,5864.61
33197,5966.0
33198,4701.76
33199,8732.88
33200,5105.99
33201,8168.02
33202,4334.53
33203,4086.78
33204,6489.99
33205,3152.71
33206,6786.66
33207,3824.69
33208,5796.97
33209,4447.3
33210,4965.17
33211,5677.13
33212,6021.66
33213,5880.33
33214,7394.25
33215,5549.71
33216,7391.19
33217,5746.78
33218,6231.88
33219,7775.78
33220,7039.16
33221,3026.8
33222,5399.67
33223,7213.05
33224,6705.37
33225,10298.56
33226,4738.17
33227,6405.71
33228,9674.83
33229,5254.04
33230,3481.56
33231,8948.65
33232,9599.06
33233,4677.23
33234,6922.1
33235,8523.3
33236,4991.18
33237,4808.34
33238,5822.47
33239,5388.93
33240,5152.5
33241,5949.61
33242,4218.51
33243,5735.19
33244,5763.7
33245,5578.95
33246,5829.1
33247,5631.16
33248,6170.44
33249,4751.08
33250,6383.17
33251,5879.19
33252,5905.61
33253,6076.91
33254,5674.68
33255,8655.1
33256,4760.69
33257,4794.15
33258,4922.79
33259,6097.92
33260,7049.22
33261,4600.04
33262,3685.29
33263,6801.95
33264,6120.36
33265,4962.65
33266,6550.69
33267,6467.15
33268,5899.69
33269,4182.96
33270,3689.78
33271,5540.31
33272,5335.63
33273,5259.24
33274,8482.74
33275,6946.3
33276,4772.19
33277,7278.52
33278,3160.57
33279,3120.14
33280,6069.26
33281,10230.93
33282,6364.29
33283,6153.69
33284,4230.75
33285,6192.05
33286,7791.83
33287,4731.8
33288,6577.04
33289,4991.17
33290,4491.37
33291,4883.48
33292,4760.06
33293,5279.13
33294,3488.04
33295,3944.43
33296,3652.44
33297,6453.71
33298,5473.66
33299,3604.72
33300,5574.3
33301,5700.62
33302,4352.81
33303,4674.5
33304,6744.57
33305,7388.54
33306,5515.89
33307,3900.41
33308,10599.63
33309,5625.02
33310,4046.17
33311,7146.41
33312,7685.98
33313,5876.27
33314,5169.34
33315,6829.47
33316,7153.82
33317,10403.35
33318,3596.18
33319,4057.71
33320,4209.11
33321,5848.87
33322,5034.3
33323,8667.86
33324,7296.76
33325,5373.25
33326,3659.98
33327,5868.86
33328,9748.77
33329,4093.5
33330,5730.11
33331,3830.84
33332,6304.93
33333,6389.52
33334,6360.02
33335,7382.5
33336,5661.53
33337,3020.45
33338,5728.81
33339,6209.86
33340,7128.53
33341,6308.25
33342,6106.11
33343,4767.38
33344,3811.71
33345,8019.09
33346,4598.27
33347,10201.79
33348,5323.57
33349,3665.93
33350,5836.83
33351,5738.09
33352,6721.86
33353,6692.03
33354,3682.56
33355,3869.54
33356,5328.28
33357,7163.46
33358,8720.0
33359,4650.14
33360,5731.39
33361,5529.88
33362,5139.51
33363,4256.49
33364,8385.68
33365,7665.5
33366,10136.81
33367,3982.44
33368,4804.34
33369,7759.2
33370,8917.33
33371,4253.55
33372,8967.01
33373,6275.64
33374,4183.69
33375,4345.97
33376,3612.89
33377,5273.05
33378,4747.46
33379,4275.44
33380,4543.84
33381,7075.49
33382,6597.1
33383,20245.45
33384,5390.23
33385,0.0
33386,0.0
33387,0.0
33388,0.0
33389,0.0
33390,0.0
33391,0.0
33392,0.0
33393,0.0
33394,0.0
33395,0.0
33396,0.0
33397,0.0
33398,0.0
33399,0.0
33400,0.0
33401,0.0
33402,0.0
33403,0.0
33404,0.0
33405,0.0
33406,0.0
33407,0.0
33408,0.0
33409,0.0
33410,0.0
33411,0.0
33412,0.0
33413,0.0
33414,0.0
33415,0.0
33416,0.0
33417,0.0
33418,0.0
33419,0.0
33420,0.0
33421,0.0
33422,0.0
33423,0.0
33424,0.0
33425,0.0
33426,0.0
33427,0.0
33428,0.0
33429,0.0
33430,0.0
33431,0.0
33432,0.0
33433,0.0
33434,0.0
33435,0.0
33436,0.0
33437,0.0
33438,0.0
33439,0.0
33440,0.0
33441,0.0
33442,0.0
33443,0.0
33444,0.0
33445,0.0
33446,0.0
33447,0.0
33448,0.0
33449,0.0
33450,0.0
33451,0.0
33452,0.0
33453,0.0
33454,0.0
33455,0.0
33456,0.0
33457,0.0
33458,0.0
33459,0.0
33460,0.0
33461,0.0
33462,0.0
33463,0.0
33464,0.0
33465,0.0
33466,0.0
33467,0.0
33468,0.0
33469,0.0
33470,0.0
33471,0.0
33472,0.0
33473,0.0
33474,0.0
33475,0.0
33476,4231.7
33477,0.0
33478,0.0
33479,0.0
33480,0.0
33481,0.0
33482,0.0
33483,0.0
33484,0.0
33485,0.0
33486,0.0
33487,0.0
33488,0.0
33489,0.0
33490,0.0
33491,0.0
33492,0.0
33493,0.0
33494,0.0
33495,0.0
33496,0.0
33497,0.0
33498,0.0
33499,0.0
33500,0.0
33501,0.0
33502,0.0
33503,0.0
33504,0.0
33505,0.0
33506,0.0
33507,0.0
33508,0.0
33509,0.0
33510,0.0
33511,0.0
33512,0.0
33513,0.0
33514,0.0
33515,0.0
33516,0.0
33517,0.0
33518,0.0
33519,0.0
33520,0.0
33521,0.0
33522,0.0
33523,0.0
33524,0.0
33525,0.0
33526,0.0
33527,0.0
33528,0.0
33529,0.0
33530,0.0
33531,0.0
33532,0.0
33533,0.0
33534,0.0
33535,0.0
33536,0.0
33537,0.0
33538,0.0
33539,0.0
33540,0.0
33541,0.0
33542,0.0
33543,0.0
33544,2727.12
33545,0.0
33546,0.0
33547,0.0
33548,0.0
33549,0.0
33550,0.0
33551,0.0
33552,0.0
33553,0.0
33554,0.0
33555,0.0
33556,0.0
33557,0.0
33558,0.0
33559,0.0
33560,0.0
33561,0.0
33562,0.0
33563,0.0
33564,0.0
33565,0.0
33566,0.0
33567,0.0
33568,0.0
33569,0.0
33570,0.0
33571,0.0
33572,0.0
33573,0.0
33574,0.0
33575,0.0
33576,0.0
33577,0.0
33578,0.0
33579,0.0
33580,0.0
33581,0.0
33582,0.0
33583,0.0
33584,0.0
33585,15794.39
33586,28742.89
33587,0.0
33588,0.0
33589,0.0
33590,0.0
33591,0.0
33592,0.0
33593,0.0
33594,6826.2
33595,0.0
33596,0.0
33597,0.0
33598,0.0
33599,0.0
33600,0.0
33601,0.0
33602,0.0
33603,0.0
33604,0.0
33605,0.0
33606,0.0
33607,0.0
33608,0.0
33609,0.0
33610,0.0
33611,0.0
33612,0.0
33613,4993.38
33614,0.0
33615,0.0
33616,0.0
33617,0.0
33618,0.0
33619,0.0
33620,0.0
33621,0.0
33622,0.0
33623,2540.24
33624,0.0
33625,0.0
33626,0.0
33627,0.0
33628,0.0
33629,0.0
33630,0.0
33631,0.0
33632,0.0
33633,0.0
33634,0.0
33635,0.0
33636,0.0
33637,0.0
33638,0.0
33639,0.0
33640,0.0
33641,7597.96
33642,0.0
33643,0.0
33644,0.0
33645,0.0
33646,0.0
33647,0.0
33648,0.0
33649,0.0
33650,0.0
33651,0.0
33652,0.0
33653,0.0
33654,0.0
33655,0.0
33656,0.0
33657,0.0
33658,7520.72
33659,0.0
33660,0.0
33661,0.0
33662,0.0
33663,0.0
33664,0.0
33665,0.0
33666,0.0
33667,0.0
33668,0.0
33669,0.0
33670,0.0
33671,0.0
33672,0.0
33673,0.0
33674,0.0
33675,0.0
33676,0.0
33677,0.0
33678,0.0
33679,0.0
33680,0.0
33681,0.0
33682,0.0
33683,0.0
33684,0.0
33685,0.0
33686,0.0
33687,0.0
33688,0.0
33689,0.0
33690,0.0
33691,0.0
33692,0.0
33693,0.0
33694,0.0
33695,0.0
33696,0.0
33697,0.0
33698,0.0
33699,0.0
33700,0.0
33701,0.0
33702,0.0
33703,0.0
33704,0.0
33705,0.0
33706,0.0
33707,0.0
33708,0.0
33709,0.0
33710,0.0
33711,0.0
33712,0.0
33713,0.0
33714,0.0
33715,0.0
33716,0.0
33717,0.0
33718,0.0
33719,0.0
33720,1579.18
33721,0.0
33722,0.0
33723,0.0
33724,0.0
33725,0.0
33726,0.0
33727,0.0
33728,0.0
33729,0.0
33730,0.0
33731,0.0
33732,0.0
33733,0.0
33734,6363.62
33735,0.0
33736,0.0
33737,0.0
33738,0.0
33739,0.0
33740,0.0
33741,0.0
33742,0.0
33743,0.0
33744,0.0
33745,0.0
33746,0.0
33747,0.0
33748,0.0
33749,0.0
33750,0.0
33751,0.0
33752,0.0
33753,0.0
33754,0.0
33755,0.0
33756,0.0
33757,0.0
33758,0.0
33759,0.0
33760,0.0
33761,0.0
33762,0.0
33763,0.0
33764,0.0
33765,0.0
33766,0.0
33767,0.0
33768,0.0
33769,0.0
33770,0.0
33771,0.0
33772,0.0
33773,0.0
33774,0.0
33775,0.0
33776,0.0
33777,7507.94
33778,0.0
33779,0.0
33780,0.0
33781,0.0
33782,0.0
33783,0.0
33784,0.0
33785,0.0
33786,0.0
33787,2386.61
33788,0.0
33789,0.0
33790,0.0
33791,6181.27
33792,0.0
33793,0.0
33794,0.0
33795,0.0
33796,0.0
33797,0.0
33798,0.0
33799,0.0
33800,0.0
33801,0.0
33802,0.0
33803,0.0
33804,0.0
33805,0.0
33806,0.0
33807,0.0
33808,0.0
33809,0.0
33810,0.0
33811,0.0
33812,0.0
33813,0.0
33814,0.0
33815,0.0
33816,0.0
33817,0.0
33818,18252.02
33819,0.0
33820,0.0
33821,0.0
33822,0.0
33823,0.0
33824,0.0
33825,0.0
33826,0.0
33827,0.0
33828,0.0
33829,0.0
33830,0.0
33831,0.0
33832,6197.39
33833,0.0
33834,0.0
33835,0.0
33836,0.0
33837,0.0
33838,0.0
33839,0.0
33840,0.0
33841,0.0
33842,0.0
33843,0.0
33844,0.0
33845,0.0
33846,0.0
33847,0.0
33848,0.0
33849,0.0
33850,0.0
33851,0.0
33852,0.0
33853,0.0
33854,0.0
33855,0.0
33856,0.0
33857,0.0
33858,0.0
33859,0.0
33860,0.0
33861,0.0
33862,0.0
33863,0.0
33864,0.0
33865,0.0
33866,0.0
33867,0.0
33868,0.0
33869,0.0
33870,0.0
33871,0.0
33872,0.0
33873,0.0
33874,0.0
33875,0.0
33876,0.0
33877,0.0
33878,0.0
33879,0.0
33880,0.0
33881,0.0
33882,0.0
33883,0.0
33884,0.0
33885,0.0
33886,0.0
33887,0.0
33888,0.0
33889,0.0
33890,0.0
33891,0.0
33892,0.0
33893,0.0
33894,0.0
33895,0.0
33896,0.0
33897,0.0
33898,0.0
33899,0.0
33900,0.0
33901,0.0
33902,0.0
33903,0.0
33904,0.0
33905,0.0
33906,0.0
33907,11863.59
33908,0.0
33909,0.0
33910,0.0
33911,0.0
33912,0.0
33913,0.0
33914,0.0
33915,0.0
33916,0.0
33917,0.0
33918,0.0
33919,0.0
33920,0.0
33921,0.0
33922,0.0
33923,0.0
33924,0.0
33925,0.0
33926,0.0
33927,0.0
33928,0.0
33929,0.0
33930,0.0
33931,0.0
33932,0.0
33933,0.0
33934,0.0
33935,0.0
33936,0.0
33937,0.0
33938,0.0
33939,0.0
33940,0.0
33941,0.0
33942,0.0
33943,0.0
33944,0.0
33945,0.0
33946,0.0
33947,0.0
33948,0.0
33949,0.0
33950,0.0
33951,4869.89
33952,15434.01
33953,0.0
33954,0.0
33955,0.0
33956,0.0
33957,0.0
33958,0.0
33959,0.0
33960,0.0
33961,0.0
33962,0.0
33963,0.0
33964,0.0
33965,0.0
33966,0.0
33967,0.0
33968,0.0
33969,0.0
33970,0.0
33971,0.0
33972,0.0
33973,0.0
33974,0.0
33975,0.0
33976,0.0
33977,0.0
33978,0.0
33979,0.0
33980,10813.42
33981,0.0
33982,0.0
33983,0.0
33984,0.0
33985,0.0
33986,0.0
33987,0.0
33988,0.0
33989,0.0
33990,0.0
33991,0.0
33992,0.0
33993,0.0
33994,0.0
33995,0.0
33996,0.0
33997,0.0
33998,0.0
33999,0.0
34000,0.0
34001,0.0
34002,0.0
34003,0.0
34004,0.0
34005,0.0
34006,0.0
34007,0.0
34008,0.0
34009,0.0
34010,0.0
34011,0.0
34012,0.0
34013,0.0
34014,0.0
34015,0.0
34016,0.0
34017,0.0
34018,0.0
34019,0.0
34020,0.0
34021,0.0
34022,0.0
34023,0.0
34024,0.0
34025,0.0
34026,0.0
34027,0.0
34028,0.0
34029,0.0
34030,0.0
34031,0.0
34032,0.0
34033,0.0
34034,0.0
34035,0.0
34036,0.0
34037,0.0
34038,0.0
34039,0.0
34040,0.0
34041,0.0
34042,0.0
34043,0.0
34044,0.0
34045,0.0
34046,0.0
34047,0.0
34048,0.0
34049,0.0
34050,2803.03
34051,0.0
34052,0.0
34053,0.0
34054,2449.88
34055,0.0
34056,0.0
34057,0.0
34058,0.0
34059,0.0
34060,0.0
34061,0.0
34062,0.0
34063,0.0
34064,0.0
34065,0.0
34066,0.0
34067,0.0
34068,0.0
34069,0.0
34070,0.0
34071,0.0
34072,0.0
34073,0.0
34074,0.0
34075,0.0
34076,0.0
34077,0.0
34078,0.0
34079,0.0
34080,0.0
34081,0.0
34082,0.0
34083,0.0
34084,0.0
34085,0.0
34086,0.0
34087,0.0
34088,0.0
34089,0.0
34090,0.0
34091,0.0
34092,0.0
34093,0.0
34094,0.0
34095,0.0
34096,0.0
34097,0.0
34098,0.0
34099,0.0
34100,0.0
34101,0.0
34102,0.0
34103,0.0
34104,0.0
34105,2839.64
34106,0.0
34107,0.0
34108,0.0
34109,0.0
34110,0.0
34111,0.0
34112,0.0
34113,0.0
34114,0.0
34115,0.0
34116,0.0
34117,0.0
34118,0.0
34119,0.0
34120,9787.17
34121,0.0
34122,0.0
34123,0.0
34124,0.0
34125,0.0
34126,0.0
34127,0.0
34128,0.0
34129,0.0
34130,0.0
34131,0.0
34132,0.0
34133,0.0
34134,0.0
34135,0.0
34136,0.0
34137,0.0
34138,0.0
34139,0.0
34140,0.0
34141,0.0
34142,0.0
34143,0.0
34144,0.0
34145,0.0
34146,0.0
34147,0.0
34148,0.0
34149,0.0
34150,0.0
34151,0.0
34152,0.0
34153,0.0
34154,0.0
34155,0.0
34156,0.0
34157,0.0
34158,0.0
34159,0.0
34160,0.0
34161,0.0
34162,0.0
34163,0.0
34164,0.0
34165,0.0
34166,0.0
34167,0.0
34168,0.0
34169,0.0
34170,0.0
34171,0.0
34172,0.0
34173,0.0
34174,0.0
34175,0.0
34176,0.0
34177,0.0
34178,0.0
34179,0.0
34180,0.0
34181,0.0
34182,0.0
34183,0.0
34184,4590.45
34185,0.0
34186,0.0
34187,0.0
34188,0.0
34189,0.0
34190,0.0
34191,0.0
34192,0.0
34193,0.0
34194,0.0
34195,0.0
34196,0.0
34197,0.0
34198,0.0
34199,0.0
34200,0.0
34201,0.0
34202,0.0
34203,0.0
34204,0.0
34205,0.0
34206,0.0
34207,0.0
34208,0.0
34209,0.0
34210,0.0
34211,0.0
34212,0.0
34213,0.0
34214,0.0
34215,0.0
34216,0.0
34217,0.0
34218,0.0
34219,0.0
34220,0.0
34221,0.0
34222,0.0
34223,0.0
34224,0.0
34225,12250.63
34226,5547.87
34227,0.0
34228,0.0
34229,0.0
34230,0.0
34231,0.0
34232,0.0
34233,0.0
34234,0.0
34235,0.0
34236,0.0
34237,0.0
34238,0.0
34239,0.0
34240,0.0
34241,4240.43
34242,3409.2
34243,6864.92
34244,2576.3
34245,6028.98
34246,4666.0
34247,5541.58
34248,5466.31
34249,0.0
34250,3351.6
34251,5609.12
34252,4906.01
34253,4277.35
34254,5778.02
34255,4600.81
34256,3242.58
34257,4305.99
34258,6735.47
34259,8304.67
34260,6647.73
34261,6706.39
34262,4465.72
34263,5452.66
34264,0.0
34265,7925.09
34266,7209.72
34267,8749.32
34268,5840.6
34269,2942.72
34270,5405.21
34271,5976.16
34272,8107.12
34273,4435.9
34274,5354.13
34275,5273.09
34276,5202.04
34277,2174.7
34278,7374.37
34279,3869.51
34280,7582.35
34281,7413.4
34282,3640.72
34283,7452.35
34284,5585.74
34285,4485.4
34286,3637.64
34287,6857.37
34288,9535.66
34289,5752.16
34290,4870.48
34291,7996.55
34292,7466.22
34293,5456.24
34294,6625.37
34295,2339.08
34296,2560.46
34297,4810.64
34298,5788.72
34299,7648.26
34300,7058.02
34301,3916.57
34302,7699.81
34303,8022.93
34304,4855.77
34305,2766.58
34306,10338.64
34307,3454.56
34308,4463.87
34309,7531.84
34310,5143.11
34311,5508.12
34312,2955.02
34313,5782.8
34314,4726.32
34315,5242.74
34316,7929.19
34317,6354.53
34318,5654.45
34319,3055.31
34320,7140.38
34321,10225.17
34322,4718.45
34323,3438.14
34324,6217.79
34325,5405.38
34326,7139.06
34327,8423.8
34328,2247.67
34329,7057.33
34330,4378.17
34331,5241.15
34332,8358.91
34333,2711.08
34334,4910.66
34335,4667.57
34336,7129.08
34337,7449.99
34338,3974.71
34339,4511.35
34340,6882.11
34341,6218.46
34342,5607.53
34343,7137.63
34344,4762.8
34345,5733.96
34346,4226.77
34347,3139.64
34348,5376.99
34349,5920.54
34350,0.0
34351,6837.26
34352,7589.76
34353,3739.09
34354,7157.4
34355,3333.47
34356,3937.82
34357,7492.75
34358,6800.38
34359,6752.52
34360,9336.72
34361,6499.41
34362,5216.79
34363,6433.89
34364,7078.08
34365,4253.9
34366,2856.14
34367,5480.73
34368,4552.03
34369,6846.54
34370,3901.13
34371,5516.14
34372,6383.69
34373,6675.86
34374,5350.04
34375,2558.85
34376,6291.53
34377,6230.97
34378,3753.26
34379,5235.94
34380,3125.77
34381,5093.38
34382,3247.73
34383,4044.79
34384,4370.59
34385,6965.22
34386,6403.91
34387,6832.1
34388,8670.36
34389,4309.28
34390,4782.77
34391,10065.01
34392,5076.68
34393,7204.62
34394,6254.7
34395,5344.24
34396,5926.92
34397,4520.28
34398,4753.23
34399,7262.29
34400,5798.13
34401,2926.66
34402,3272.82
34403,7143.18
34404,8964.76
34405,0.0
34406,6338.55
34407,3887.06
34408,2387.86
34409,1805.01
34410,3550.89
34411,4635.24
34412,6668.29
34413,4793.53
34414,4158.94
34415,8006.03
34416,7251.12
34417,6628.31
34418,5296.01
34419,7713.83
34420,8964.44
34421,3742.08
34422,5887.91
34423,5269.82
34424,6194.7
34425,3038.49
34426,5374.32
34427,4658.02
34428,8902.16
34429,5437.33
34430,7176.8
34431,6770.78
34432,4378.95
34433,7610.11
34434,16488.56
34435,8637.19
34436,3565.75
34437,3324.95
34438,5812.12
34439,8905.32
34440,4876.87
34441,8773.7
34442,16574.04
34443,4505.94
34444,2390.54
34445,9587.42
34446,3355.58
34447,6311.35
34448,3326.52
34449,5713.08
34450,3227.68
34451,6956.61
34452,5563.98
34453,4926.14
34454,7835.83
34455,5621.55
34456,5638.88
34457,7382.65
34458,5496.35
34459,6007.12
34460,8721.24
34461,4931.69
34462,5971.98
34463,3946.44
34464,3274.17
34465,5453.95
34466,4782.56
34467,4888.46
34468,8217.11
34469,8644.98
34470,7258.45
34471,4244.97
34472,4033.11
34473,5451.53
34474,5238.67
34475,5913.38
34476,2985.31
34477,6641.89
34478,5327.06
34479,6748.06
34480,5286.14
34481,4123.96
34482,3413.78
34483,2608.36
34484,8115.17
34485,5565.51
34486,5416.55
34487,11148.08
34488,6783.43
34489,4179.74
34490,5383.85
34491,2472.95
34492,3853.58
34493,4275.37
34494,3530.87
34495,7891.24
34496,4234.83
34497,8498.67
34498,10297.35
34499,5123.13
34500,5599.09
34501,4751.73
34502,4469.41
34503,4533.27
34504,8662.53
34505,5204.83
34506,6170.71
34507,3391.76
34508,5209.43
34509,4731.52
34510,8529.35
34511,6397.95
34512,5191.2
34513,6125.65
34514,4225.24
34515,7728.98
34516,6369.95
34517,6426.04
34518,9037.24
34519,7036.1
34520,7636.24
34521,3164.92
34522,0.0
34523,4520.72
34524,8078.66
34525,7486.92
34526,7229.75
34527,5997.02
34528,7774.05
34529,4811.63
34530,5833.24
34531,6247.97
34532,2763.69
34533,11973.61
34534,15773.24
34535,6876.15
34536,6433.05
34537,6919.62
34538,7891.07
34539,7131.16
34540,2972.26
34541,4208.45
34542,5685.64
34543,7895.86
34544,2416.42
34545,4185.39
34546,5100.63
34547,4818.72
34548,4513.1
34549,2629.87
34550,2865.88
34551,6278.3
34552,3232.93
34553,4030.82
34554,5200.41
34555,4993.85
34556,8453.2
34557,9985.73
34558,4644.62
34559,6614.59
34560,6157.25
34561,9058.74
34562,5484.23
34563,2679.62
34564,5110.34
34565,11143.36
34566,3645.63
34567,6121.88
34568,2452.12
34569,3480.81
34570,5629.05
34571,6646.6
34572,5828.85
34573,8119.79
34574,8062.79
34575,7468.54
34576,3786.31
34577,11205.41
34578,1905.79
34579,3357.87
34580,6201.27
34581,4444.1
34582,10445.92
34583,2600.04
34584,4281.47
34585,4874.12
34586,7780.55
34587,8804.25
34588,4439.13
34589,3263.13
34590,9608.54
34591,8603.67
34592,4475.6
34593,5600.63
34594,8262.9
34595,5209.78
34596,4942.68
34597,3874.84
34598,6987.05
34599,4147.53
34600,12384.98
34601,7363.59
34602,12573.2
34603,6448.68
34604,4330.29
34605,2083.32
34606,6081.02
34607,5888.38
34608,4789.79
34609,8515.18
34610,5338.84
34611,2580.73
34612,6494.48
34613,2985.98
34614,9130.6
34615,6826.55
34616,7043.62
34617,7505.38
34618,4194.4
34619,6805.59
34620,7423.35
34621,4794.76
34622,5938.53
34623,4300.68
34624,8848.07
34625,5534.75
34626,3448.5
34627,5417.38
34628,7955.68
34629,5524.72
34630,3747.04
34631,4646.7
34632,4981.05
34633,4318.79
34634,5109.62
34635,9457.32
34636,4285.67
34637,3614.94
34638,6414.75
34639,5020.54
34640,3047.99
34641,5013.34
34642,8464.98
34643,6479.76
34644,9967.92
34645,8041.24
34646,6989.49
34647,6928.93
34648,3955.2
34649,9238.55
34650,6704.17
34651,6195.79
34652,4976.19
34653,5293.41
34654,4734.79
34655,2087.75
34656,11877.0
34657,5480.97
34658,5398.41
34659,4804.92
34660,1305.53
34661,7585.85
34662,5373.96
34663,4399.16
34664,3375.7
34665,6184.19
34666,4981.72
34667,3911.34
34668,9512.32
34669,4379.58
34670,4900.17
34671,3575.06
34672,2591.8
34673,4455.6
34674,12954.39
34675,5494.35
34676,5400.48
34677,4951.47
34678,3401.78
34679,3350.97
34680,5041.51
34681,2865.44
34682,9377.0
34683,5646.93
34684,2906.54
34685,7839.21
34686,2245.25
34687,3304.89
34688,9930.49
34689,7960.44
34690,8691.47
34691,2163.87
34692,4826.27
34693,3949.95
34694,3995.17
34695,15541.69
34696,9081.53
34697,4677.77
34698,3078.69
34699,5108.53
34700,3738.56
34701,2200.07
34702,7266.42
34703,4755.61
34704,5585.3
34705,6561.02
34706,4743.22
34707,4575.73
34708,5323.5
34709,7391.06
34710,6422.43
34711,2686.53
34712,5752.18
34713,6581.47
34714,7659.1
34715,5594.56
34716,6565.19
34717,2415.38
34718,8313.52
34719,4664.86
34720,2793.62
34721,4343.7
34722,4122.2
34723,4399.32
34724,6351.05
34725,3597.43
34726,7083.03
34727,4285.41
34728,6881.65
34729,7811.88
34730,4403.59
34731,7485.07
34732,5686.39
34733,2576.24
34734,10461.48
34735,3642.57
34736,3230.44
34737,5915.54
34738,10084.8
34739,9190.29
34740,4253.43
34741,4329.56
34742,6547.18
34743,6503.34
34744,4547.81
34745,8265.79
34746,2979.18
34747,4757.21
34748,3837.81
34749,3302.95
34750,2566.18
34751,7078.69
34752,6352.83
34753,4967.54
34754,4997.82
34755,6896.11
34756,6879.79
34757,4755.15
34758,0.0
34759,4921.52
34760,6330.29
34761,5016.77
34762,2130.79
34763,5547.38
34764,7055.76
34765,5213.98
34766,4878.98
34767,2974.6
34768,8402.06
34769,3027.21
34770,8084.65
34771,4930.82
34772,4284.92
34773,7893.06
34774,3868.0
34775,4144.11
34776,8348.88
34777,2557.2
34778,5642.18
34779,9434.33
34780,6401.11
34781,2468.04
34782,4851.86
34783,3399.76
34784,2143.09
34785,4665.78
34786,6129.18
34787,4663.26
34788,4044.06
34789,5298.76
34790,4869.23
34791,10810.98
34792,4589.33
34793,5846.38
34794,3950.22
34795,5900.71
34796,6213.61
34797,5760.81
34798,7159.98
34799,8383.9
34800,7304.53
34801,5492.15
34802,5158.53
34803,2563.2
34804,5299.73
34805,8441.43
34806,6244.69
34807,7313.7
34808,14404.21
34809,3108.24
34810,5096.78
34811,3868.31
34812,7435.07
34813,8129.71
34814,7463.29
34815,6593.29
34816,6872.69
34817,7088.53
34818,5946.45
34819,5202.73
34820,2387.97
34821,4848.55
34822,3264.53
34823,2856.31
34824,6976.24
34825,17168.66
34826,4975.76
34827,3008.54
34828,4544.21
34829,3935.47
34830,5275.44
34831,1789.37
34832,6274.03
34833,5929.51
34834,3246.03
34835,10021.99
34836,10704.94
34837,4181.22
34838,5898.94
34839,3615.88
34840,3979.02
34841,3841.47
34842,8269.65
34843,3643.21
34844,4076.63
34845,4912.89
34846,5233.03
34847,6253.15
34848,6737.1
34849,2946.84
34850,7455.45
34851,6461.62
34852,4948.65
34853,3628.34
34854,3613.66
34855,4558.59
34856,4774.14
34857,8806.48
34858,4362.88
34859,3845.25
34860,5957.84
34861,5023.98
34862,4968.36
34863,5354.58
34864,5549.07
34865,10045.67
34866,6646.87
34867,5743.31
34868,3561.85
34869,4212.21
34870,7002.54
34871,3741.76
34872,4453.33
34873,5019.2
34874,12312.95
34875,7027.75
34876,4077.28
34877,5445.41
34878,4552.19
34879,6398.43
34880,5345.28
34881,8993.73
34882,6240.15
34883,4913.57
34884,3893.98
34885,2034.1
34886,3983.6
34887,15685.42
34888,2197.77
34889,4651.74
34890,6290.83
34891,7137.71
34892,5567.6
34893,7759.06
34894,5557.99
34895,6988.29
34896,2527.19
34897,7413.93
34898,3977.67
34899,5980.68
34900,8799.73
34901,3799.36
34902,8403.83
34903,5368.15
34904,3054.03
34905,6067.27
34906,6879.03
34907,2400.44
34908,7400.16
34909,6400.79
34910,5028.89
34911,8852.43
34912,7948.0
34913,7718.51
34914,4161.12
34915,3460.33
34916,5220.6
34917,3252.16
34918,5686.66
34919,2363.93
34920,5561.78
34921,2624.91
34922,5310.03
34923,5616.15
34924,4468.7
34925,5161.47
34926,7936.73
34927,5315.13
34928,8009.3
34929,5714.24
34930,5782.37
34931,8560.68
34932,6136.41
34933,3857.87
34934,5192.22
34935,4926.47
34936,4932.2
34937,10127.62
34938,5235.63
34939,5371.0
34940,8556.61
34941,6305.21
34942,2050.77
34943,0.0
34944,7987.91
34945,5579.51
34946,7301.83
34947,5938.7
34948,6816.18
34949,4923.1
34950,4181.55
34951,0.0
34952,5978.85
34953,7655.63
34954,2674.85
34955,7503.29
34956,6409.72
34957,5586.7
34958,7073.72
34959,4230.4
34960,7095.67
34961,4051.74
34962,4633.36
34963,4533.75
34964,3351.94
34965,6274.16
34966,6765.84
34967,7591.42
34968,5887.81
34969,4122.45
34970,5749.84
34971,6564.17
34972,7570.16
34973,2879.55
34974,2674.35
34975,8760.55
34976,5261.89
34977,3571.14
34978,7254.78
34979,7305.6
34980,6470.52
34981,4507.59
34982,2009.84
34983,6316.93
34984,5853.85
34985,4957.56
34986,8699.09
34987,6634.1
34988,3514.85
34989,5771.22
34990,2780.28
34991,1173.71
34992,5731.71
34993,8020.91
34994,5336.38
34995,4673.28
34996,3052.75
34997,4952.2
34998,8228.76
34999,5475.15
35000,7399.24
35001,4418.54
35002,4548.14
35003,3257.2
35004,5938.64
35005,3393.85
35006,2361.89
35007,4016.2
35008,3461.49
35009,7095.09
35010,4375.82
35011,4594.03
35012,5065.2
35013,7387.89
35014,4358.75
35015,3714.4
35016,8707.07
35017,8523.87
35018,7136.78
35019,2217.3
35020,5467.9
35021,5170.82
35022,3747.61
35023,9053.28
35024,8886.57
35025,6438.59
35026,5909.83
35027,5909.83
35028,7454.05
35029,11258.29
35030,2751.28
35031,3261.58
35032,4885.47
35033,5544.28
35034,5043.46
35035,11238.23
35036,6931.14
35037,6332.38
35038,2552.85
35039,6094.34
35040,8373.5
35041,3418.06
35042,5639.89
35043,3275.87
35044,6684.52
35045,5217.56
35046,5251.28
35047,5889.8
35048,3460.61
35049,4832.64
35050,6298.11
35051,4815.91
35052,7594.45
35053,5145.96
35054,7344.82
35055,4748.84
35056,3494.76
35057,7562.32
35058,3035.38
35059,9986.37
35060,5531.28
35061,4285.03
35062,6455.2
35063,4072.55
35064,3893.19
35065,5554.34
35066,2457.99
35067,2828.26
35068,5649.03
35069,6063.69
35070,10242.94
35071,5238.99
35072,5382.05
35073,3614.51
35074,5167.99
35075,2944.87
35076,10051.73
35077,6806.52
35078,12660.17
35079,5207.82
35080,4754.75
35081,6382.81
35082,7352.39
35083,3009.39
35084,8296.35
35085,7157.52
35086,5230.42
35087,5258.07
35088,4396.03
35089,2842.83
35090,5011.55
35091,3337.21
35092,2738.76
35093,7586.08
35094,5770.87
35095,20724.63
35096,6767.89
35097,4628.71
35098,7424.94
35099,10591.29
35100,5533.89
35101,6678.95
35102,5703.92
35103,7747.24
35104,7714.32
35105,6198.48
35106,5643.15
35107,7580.44
35108,7603.73
35109,7359.55
35110,7779.63
35111,6158.01
35112,5591.25
35113,5849.27
35114,10225.19
35115,9762.3
35116,9617.85
35117,7676.68
35118,4927.29
35119,6635.66
35120,5124.5
35121,7608.2
35122,10246.4
35123,9871.6
35124,5568.83
35125,5081.62
35126,5452.65
35127,6039.4
35128,9996.47
35129,6791.95
35130,5729.99
35131,6393.66
35132,7410.61
35133,3924.88
35134,7625.23
35135,4508.98
35136,8346.34
35137,8101.53
35138,5818.79
35139,7730.02
35140,7045.5
35141,4923.59
35142,6198.79
35143,7527.55
35144,11774.57
35145,6576.59
35146,7782.96
35147,7711.05
35148,9992.92
35149,6653.67
35150,9923.17
35151,5222.95
35152,4298.38
35153,6018.27
35154,6317.14
35155,8309.6
35156,7984.66
35157,5911.54
35158,7969.27
35159,8041.28
35160,9674.78
35161,3880.57
35162,12524.55
35163,4853.4
35164,6536.81
35165,8248.26
35166,6821.83
35167,6784.24
35168,7511.92
35169,7112.57
35170,5597.36
35171,6231.53
35172,8943.91
35173,7648.6
35174,7167.95
35175,5059.1
35176,7393.54
35177,8225.85
35178,6687.66
35179,4994.84
35180,7429.69
35181,6102.22
35182,7346.6
35183,7886.68
35184,4017.27
35185,7885.82
35186,5946.69
35187,7297.77
35188,9904.5
35189,5085.93
35190,6501.69
35191,6096.03
35192,7163.32
35193,10324.64
35194,4993.53
35195,4387.87
35196,7218.68
35197,6841.04
35198,9015.47
35199,10189.87
35200,7995.51
35201,7395.26
35202,5302.81
35203,4446.36
35204,7017.13
35205,9145.17
35206,8467.71
35207,8247.7
35208,8018.17
35209,6199.46
35210,8979.62
35211,5643.62
35212,8092.81
35213,9216.17
35214,7948.83
35215,9805.67
35216,9389.63
35217,9081.71
35218,6524.99
35219,7469.59
35220,8598.86
35221,6860.8
35222,4755.71
35223,5510.58
35224,8286.95
35225,6572.2
35226,5259.12
35227,8535.54
35228,6886.81
35229,6231.05
35230,6126.11
35231,5395.46
35232,7218.41
35233,6684.4
35234,7459.19
35235,5844.17
35236,5231.4
35237,6607.5
35238,4167.79
35239,7273.31
35240,5511.7
35241,8958.16
35242,7660.91
35243,7362.85
35244,5841.24
35245,4867.59
35246,5195.2
35247,10733.1
35248,7440.59
35249,7969.55
35250,7883.28
35251,5958.15
35252,5908.35
35253,6389.75
35254,7590.56
35255,10879.63
35256,7066.14
35257,3756.26
35258,4758.68
35259,9013.35
35260,9516.73
35261,7776.35
35262,7747.21
35263,5115.57
35264,5558.71
35265,3194.95
35266,4592.59
35267,6437.19
35268,6794.03
35269,7053.58
35270,5975.12
35271,8300.2
35272,9553.62
35273,7591.22
35274,6570.39
35275,9355.54
35276,11296.55
35277,6533.32
35278,8361.72
35279,5261.2
35280,6796.69
35281,4529.31
35282,7270.6
35283,5511.08
35284,9274.82
35285,7422.48
35286,9452.0
35287,8055.17
35288,5631.3
35289,9431.25
35290,17486.91
35291,11072.91
35292,5243.18
35293,3263.3
35294,6432.36
35295,10207.45
35296,5384.71
35297,11926.74
35298,19961.33
35299,3890.09
35300,5061.49
35301,8126.61
35302,5306.49
35303,8857.98
35304,6420.65
35305,7681.96
35306,3921.74
35307,8466.39
35308,6297.78
35309,7453.2
35310,6690.75
35311,5982.76
35312,6018.03
35313,7659.99
35314,6028.96
35315,5435.29
35316,8600.96
35317,6120.77
35318,6737.07
35319,7185.96
35320,5864.99
35321,5427.67
35322,7424.65
35323,7328.9
35324,10756.27
35325,9218.34
35326,8142.68
35327,5963.51
35328,4210.29
35329,9552.56
35330,7647.67
35331,5767.58
35332,5240.41
35333,9196.59
35334,7336.87
35335,9645.38
35336,6505.28
35337,6470.55
35338,5632.18
35339,5217.0
35340,10045.01
35341,6033.02
35342,8796.84
35343,14287.75
35344,8039.01
35345,6421.11
35346,5619.76
35347,4962.36
35348,7545.34
35349,4631.95
35350,5292.8
35351,10284.65
35352,5452.21
35353,14258.7
35354,13976.57
35355,5014.48
35356,7182.97
35357,6597.41
35358,6659.45
35359,5149.53
35360,5955.3
35361,8057.32
35362,9129.39
35363,5411.22
35364,7176.58
35365,5285.11
35366,10182.45
35367,7710.58
35368,6687.69
35369,7161.28
35370,5657.83
35371,8636.71
35372,9374.71
35373,5928.28
35374,9920.71
35375,6971.69
35376,8861.12
35377,5723.93
35378,6170.58
35379,5416.02
35380,10515.58
35381,7026.93
35382,8364.69
35383,7082.97
35384,8970.18
35385,5168.86
35386,8684.62
35387,6468.95
35388,3978.64
35389,14393.59
35390,17714.85
35391,9181.54
35392,7533.79
35393,9514.8
35394,10058.2
35395,10301.43
35396,6399.15
35397,7148.6
35398,6083.41
35399,9469.19
35400,4238.74
35401,5801.9
35402,5922.39
35403,6099.8
35404,7464.55
35405,4587.98
35406,4754.97
35407,7041.67
35408,4593.77
35409,5254.0
35410,6037.71
35411,6631.93
35412,9933.79
35413,9947.67
35414,8031.3
35415,6343.1
35416,6895.49
35417,10773.9
35418,7841.64
35419,6625.69
35420,6522.54
35421,9894.53
35422,4957.69
35423,6797.77
35424,3296.74
35425,4968.55
35426,8361.87
35427,7443.26
35428,9118.65
35429,9637.38
35430,9615.28
35431,11136.13
35432,6203.61
35433,11507.35
35434,2821.38
35435,5651.27
35436,7012.9
35437,4744.63
35438,9022.89
35439,5599.26
35440,4826.54
35441,8640.19
35442,11005.55
35443,7905.5
35444,5586.1
35445,6158.12
35446,12174.53
35447,8886.96
35448,6321.89
35449,8401.05
35450,7886.13
35451,9629.05
35452,4491.8
35453,5853.55
35454,8000.04
35455,9324.75
35456,12782.61
35457,6134.47
35458,13284.49
35459,8545.32
35460,4994.88
35461,3601.12
35462,6242.48
35463,7495.76
35464,5835.71
35465,8685.56
35466,7313.87
35467,4346.46
35468,7473.48
35469,3750.5
35470,8068.34
35471,7200.08
35472,8027.11
35473,8957.29
35474,5783.05
35475,10367.4
35476,6908.95
35477,5147.98
35478,6817.73
35479,5912.98
35480,10861.38
35481,5981.7
35482,4788.68
35483,8179.25
35484,9370.7
35485,7753.68
35486,6585.38
35487,8638.47
35488,5472.12
35489,6043.18
35490,8042.31
35491,10200.74
35492,5592.13
35493,6161.46
35494,6918.37
35495,5351.64
35496,4595.61
35497,5970.64
35498,10180.16
35499,8789.5
35500,11478.95
35501,11549.35
35502,8793.74
35503,8414.93
35504,4893.36
35505,10048.4
35506,10046.99
35507,8267.92
35508,7957.66
35509,8693.87
35510,5976.67
35511,3536.71
35512,11926.11
35513,5480.41
35514,6458.1
35515,6988.39
35516,3152.52
35517,11699.8
35518,5414.47
35519,5275.29
35520,5273.44
35521,6311.09
35522,6612.84
35523,8074.61
35524,6983.16
35525,4686.44
35526,6411.88
35527,4047.73
35528,3613.95
35529,7399.74
35530,17218.87
35531,5274.07
35532,5965.93
35533,6886.82
35534,5501.99
35535,5471.25
35536,5356.46
35537,4261.3
35538,8674.75
35539,7148.79
35540,4723.05
35541,9152.65
35542,5703.71
35543,4680.85
35544,10417.66
35545,8718.56
35546,9452.69
35547,5588.26
35548,7352.35
35549,5051.54
35550,5317.91
35551,15104.04
35552,7418.89
35553,7024.26
35554,5358.32
35555,4649.7
35556,6250.9
35557,4259.25
35558,9645.34
35559,5309.49
35560,6288.71
35561,8232.76
35562,5395.02
35563,6589.13
35564,6587.32
35565,9915.26
35566,7891.53
35567,4321.71
35568,5940.38
35569,7423.78
35570,9546.93
35571,9103.27
35572,7351.09
35573,5031.59
35574,7439.26
35575,5889.51
35576,4653.36
35577,7463.19
35578,7029.29
35579,6517.42
35580,6070.9
35581,6572.5
35582,10500.87
35583,5328.12
35584,6562.63
35585,8349.59
35586,6713.53
35587,11734.25
35588,7323.68
35589,4975.49
35590,11883.67
35591,6172.29
35592,3317.92
35593,8941.98
35594,12584.53
35595,10232.1
35596,5608.56
35597,6495.1
35598,7152.46
35599,7041.19
35600,6529.52
35601,9337.35
35602,3710.43
35603,6982.65
35604,6811.73
35605,5678.1
35606,5463.65
35607,7569.72
35608,8495.41
35609,5479.56
35610,8334.01
35611,7134.28
35612,8683.94
35613,5984.2
35614,7588.02
35615,6364.95
35616,8199.91
35617,9243.62
35618,4015.56
35619,7925.74
35620,9861.2
35621,7090.67
35622,4999.4
35623,3897.94
35624,8423.98
35625,6747.95
35626,8428.39
35627,8030.02
35628,5489.1
35629,9018.51
35630,6394.28
35631,7308.89
35632,8564.63
35633,5387.23
35634,8370.4
35635,11296.78
35636,7527.62
35637,5486.97
35638,6844.79
35639,5429.75
35640,3216.48
35641,8170.33
35642,7381.8
35643,9295.24
35644,5742.31
35645,9035.2
35646,7796.93
35647,10389.11
35648,5551.11
35649,7019.48
35650,5700.3
35651,8416.26
35652,6726.73
35653,7340.15
35654,8041.99
35655,10023.1
35656,7779.17
35657,6958.32
35658,5648.24
35659,5043.52
35660,6069.28
35661,10660.4
35662,9354.14
35663,9891.73
35664,15879.67
35665,6097.64
35666,6627.46
35667,5952.49
35668,8186.46
35669,8748.04
35670,7416.77
35671,7517.88
35672,8203.94
35673,8054.64
35674,6616.97
35675,6180.89
35676,6146.0
35677,6522.36
35678,3801.05
35679,5491.7
35680,8527.7
35681,17166.91
35682,5915.62
35683,5044.83
35684,7443.0
35685,4001.95
35686,6357.31
35687,4329.67
35688,9239.68
35689,6430.91
35690,7258.2
35691,13276.17
35692,11136.81
35693,6617.88
35694,8363.89
35695,3669.35
35696,5409.24
35697,5168.29
35698,5699.07
35699,4947.31
35700,4768.06
35701,5773.84
35702,6072.43
35703,8920.14
35704,7051.35
35705,3414.06
35706,7573.19
35707,7886.29
35708,7735.42
35709,5231.35
35710,4600.58
35711,7940.26
35712,5679.56
35713,9629.09
35714,4701.74
35715,6051.52
35716,7474.13
35717,5708.97
35718,3954.24
35719,6468.28
35720,8146.44
35721,10429.42
35722,9844.84
35723,6332.62
35724,4178.24
35725,5260.25
35726,8102.21
35727,4753.55
35728,6819.03
35729,6537.63
35730,13699.36
35731,8292.4
35732,6565.67
35733,7902.16
35734,4481.1
35735,9136.44
35736,6055.81
35737,12529.29
35738,7168.53
35739,5748.22
35740,5138.95
35741,4832.39
35742,7355.9
35743,10671.5
35744,4469.78
35745,5588.4
35746,11099.51
35747,6767.35
35748,7316.55
35749,8335.86
35750,6139.3
35751,8232.75
35752,4611.71
35753,9818.08
35754,6161.85
35755,6935.67
35756,8074.0
35757,4541.99
35758,8501.46
35759,6506.58
35760,4052.4
35761,8599.84
35762,9885.99
35763,4450.64
35764,6971.24
35765,8591.67
35766,5588.73
35767,9444.26
35768,7274.31
35769,9931.17
35770,4584.43
35771,5111.66
35772,6747.22
35773,4653.07
35774,8120.16
35775,4371.6
35776,5957.5
35777,4538.61
35778,9088.35
35779,6255.99
35780,7235.41
35781,7379.34
35782,9162.73
35783,6859.9
35784,7476.19
35785,6823.56
35786,9708.71
35787,8606.52
35788,6573.66
35789,3397.58
35790,6113.7
35791,7063.2
35792,5157.28
35793,7054.38
35794,6646.72
35795,6297.45
35796,10885.36
35797,6601.01
35798,4676.8
35799,11883.04
35800,10290.31
35801,5390.43
35802,9560.78
35803,9726.21
35804,9060.48
35805,5107.0
35806,7393.13
35807,6229.25
35808,6617.15
35809,7712.51
35810,5048.52
35811,7947.52
35812,8038.71
35813,6403.81
35814,8156.77
35815,5718.93
35816,6624.75
35817,5200.26
35818,8735.27
35819,7458.32
35820,6676.59
35821,6261.78
35822,7872.12
35823,9543.98
35824,6762.37
35825,5537.61
35826,6163.41
35827,7379.16
35828,7403.85
35829,4402.69
35830,4098.43
35831,8258.84
35832,7079.38
35833,5584.93
35834,8060.88
35835,7915.87
35836,6486.19
35837,5917.15
35838,3824.73
35839,7346.17
35840,7326.18
35841,7136.17
35842,10942.39
35843,8444.09
35844,4721.6
35845,8710.68
35846,3736.47
35847,3133.29
35848,8045.13
35849,11899.04
35850,7711.7
35851,7086.48
35852,5205.9
35853,6816.38
35854,8935.37
35855,5925.79
35856,8405.01
35857,6097.64
35858,4780.67
35859,5931.75
35860,5691.07
35861,5795.85
35862,4713.08
35863,5160.33
35864,4566.09
35865,7319.11
35866,7709.83
35867,6101.99
35868,6368.37
35869,7386.65
35870,5918.17
35871,5777.96
35872,9493.84
35873,8826.56
35874,9051.21
35875,3931.31
35876,14613.03
35877,6669.01
35878,5262.95
35879,10965.33
35880,8624.4
35881,7562.68
35882,6080.84
35883,7397.8
35884,10663.98
35885,14484.26
35886,5063.53
35887,4652.57
35888,5531.49
35889,6820.29
35890,7210.46
35891,10149.59
35892,8729.67
35893,6979.31
35894,3914.53
35895,6888.8
35896,10209.83
35897,5308.01
35898,7358.45
35899,4421.39
35900,7996.84
35901,7728.79
35902,7518.96
35903,9188.31
35904,6564.02
35905,6027.99
35906,6902.24
35907,8118.66
35908,7851.88
35909,7473.18
35910,7728.35
35911,6798.65
35912,4104.48
35913,9338.58
35914,5036.51
35915,10132.31
35916,5776.79
35917,4749.35
35918,7157.55
35919,6242.03
35920,7275.79
35921,7436.66
35922,3805.72
35923,4947.21
35924,7825.7
35925,9562.99
35926,9844.46
35927,5775.15
35928,6142.75
35929,6706.4
35930,6309.71
35931,5410.08
35932,10469.21
35933,8713.06
35934,12339.72
35935,5156.79
35936,5832.37
35937,8925.92
35938,8604.34
35939,5500.97
35940,10637.15
35941,7229.94
35942,5371.11
35943,7235.55
35944,5438.49
35945,5141.62
35946,6785.6
35947,5379.28
35948,4827.26
35949,9016.8
35950,7005.88
35951,21893.47
35952,6521.93
35953,4532.59
35954,7857.52
35955,10475.96
35956,6471.46
35957,6966.64
35958,5679.55
35959,7984.17
35960,7779.03
35961,5603.78
35962,5788.12
35963,7418.47
35964,7992.81
35965,7805.38
35966,9574.5
35967,5965.77
35968,5232.17
35969,6060.35
35970,9520.73
35971,10515.2
35972,10010.07
35973,7786.35
35974,6423.64
35975,6159.49
35976,5055.36
35977,7991.89
35978,10321.42
35979,9557.1
35980,5731.97
35981,5382.6
35982,5643.79
35983,6121.53
35984,10737.86
35985,6996.38
35986,5788.22
35987,6159.39
35988,7618.94
35989,3565.21
35990,7222.37
35991,4589.1
35992,7275.57
35993,8322.81
35994,5572.36
35995,8003.76
35996,7031.94
35997,4764.37
35998,6992.89
35999,7585.38
36000,11636.57
36001,6393.66
36002,8041.17
36003,7881.77
36004,9920.16
36005,6446.95
36006,9741.04
36007,5246.74
36008,4831.22
36009,6769.65
36010,6215.15
36011,8335.74
36012,8002.75
36013,5961.49
36014,8041.99
36015,7723.35
36016,10287.25
36017,4085.08
36018,13520.54
36019,5356.57
36020,6636.5
36021,8798.3
36022,7097.3
36023,6950.34
36024,6961.03
36025,7082.16
36026,5674.31
36027,6123.65
36028,8635.96
36029,7455.68
36030,7825.91
36031,5112.73
36032,7096.89
36033,8289.56
36034,6238.25
36035,6034.11
36036,7514.8
36037,5995.36
36038,7429.03
36039,7888.07
36040,4039.38
36041,7915.94
36042,6311.85
36043,6984.64
36044,10095.18
36045,4363.89
36046,6244.6
36047,5401.51
36048,7304.25
36049,10523.91
36050,5144.72
36051,4746.83
36052,7339.68
36053,5583.13
36054,9220.76
36055,9519.34
36056,7744.84
36057,7877.08
36058,5461.99
36059,4598.21
36060,6811.72
36061,9234.18
36062,8965.5
36063,7827.26
36064,8049.87
36065,6383.2
36066,9066.2
36067,6024.37
36068,8226.72
36069,9159.74
36070,7245.59
36071,10157.96
36072,9061.99
36073,8402.2
36074,6385.22
36075,7026.45
36076,8046.78
36077,6798.1
36078,4854.17
36079,6136.47
36080,7987.96
36081,6062.1
36082,5264.97
36083,8739.27
36084,7046.74
36085,5736.79
36086,6066.33
36087,5365.3
36088,7690.29
36089,7326.42
36090,8026.87
36091,5750.02
36092,5268.62
36093,6533.8
36094,4104.75
36095,6349.9
36096,5416.62
36097,8779.93
36098,7686.08
36099,6887.1
36100,5696.77
36101,5884.84
36102,5138.99
36103,11007.04
36104,6703.91
36105,8508.47
36106,7885.3
36107,6354.09
36108,5559.78
36109,5659.23
36110,8513.6
36111,11757.77
36112,8393.57
36113,3521.41
36114,5138.35
36115,8724.5
36116,8803.27
36117,7151.93
36118,7918.76
36119,5958.04
36120,6042.32
36121,3305.14
36122,4917.76
36123,5700.85
36124,6695.89
36125,6868.73
36126,6128.31
36127,7870.5
36128,9766.76
36129,7639.13
36130,6626.57
36131,9197.95
36132,10305.65
36133,7144.83
36134,8432.09
36135,5403.46
36136,6688.58
36137,4286.7
36138,7973.69
36139,5182.98
36140,9304.49
36141,7220.54
36142,9379.93
36143,8571.9
36144,5680.32
36145,9339.88
36146,19204.7
36147,10904.17
36148,5565.02
36149,3067.58
36150,6380.82
36151,11074.74
36152,5569.13
36153,11684.68
36154,19034.93
36155,3481.26
36156,5127.43
36157,10652.8
36158,4993.45
36159,9482.53
36160,7048.03
36161,7755.24
36162,3503.36
36163,7308.63
36164,6129.53
36165,7650.57
36166,6649.87
36167,5850.86
36168,5875.57
36169,7299.14
36170,5267.69
36171,4911.31
36172,8025.37
36173,6159.44
36174,6424.39
36175,7204.49
36176,6318.46
36177,5865.42
36178,7589.15
36179,7459.3
36180,9349.44
36181,9395.02
36182,7684.78
36183,5671.19
36184,3962.04
36185,8848.78
36186,7973.83
36187,5767.78
36188,5087.7
36189,9605.17
36190,7853.85
36191,10131.27
36192,6994.7
36193,5801.21
36194,5747.47
36195,5137.8
36196,10040.28
36197,5377.63
36198,8006.82
36199,15359.34
36200,7705.0
36201,8847.81
36202,5170.85
36203,4766.8
36204,7184.39
36205,4699.02
36206,5696.61
36207,10753.71
36208,5292.47
36209,15118.06
36210,14691.44
36211,4510.29
36212,7093.87
36213,6974.37
36214,6658.6
36215,5410.6
36216,5667.41
36217,7398.54
36218,9438.24
36219,5578.49
36220,7137.72
36221,4803.05
36222,9710.99
36223,7322.73
36224,6195.33
36225,6627.59
36226,5332.67
36227,8077.3
36228,9845.92
36229,5867.58
36230,10307.46
36231,7016.51
36232,9153.56
36233,5718.98
36234,6063.41
36235,5338.32
36236,10379.58
36237,7023.31
36238,8299.44
36239,7325.51
36240,8622.09
36241,5001.72
36242,8705.7
36243,7408.32
36244,4054.5
36245,15260.05
36246,18030.15
36247,8252.29
36248,7005.8
36249,9957.46
36250,10325.7
36251,11105.03
36252,6413.1
36253,7294.67
36254,6212.87
36255,8410.77
36256,3844.21
36257,6010.81
36258,6092.22
36259,6180.28
36260,7902.79
36261,5075.03
36262,4864.36
36263,6998.78
36264,4467.14
36265,4725.34
36266,6169.83
36267,6541.64
36268,9523.39
36269,9509.9
36270,9002.7
36271,6367.26
36272,6819.82
36273,11578.21
36274,8237.34
36275,5966.63
36276,6446.61
36277,10749.47
36278,4365.07
36279,6657.2
36280,3853.15
36281,5603.09
36282,8385.39
36283,7328.26
36284,9598.37
36285,10237.06
36286,10348.55
36287,12117.81
36288,6363.79
36289,10622.04
36290,3043.36
36291,5686.17
36292,6402.89
36293,4431.57
36294,8605.13
36295,5804.86
36296,4931.94
36297,8780.72
36298,12059.67
36299,10618.47
36300,5804.79
36301,6033.86
36302,13237.42
36303,8954.33
36304,6829.08
36305,8322.96
36306,7458.35
36307,10598.82
36308,4427.01
36309,6009.61
36310,7959.94
36311,8357.3
36312,14174.54
36313,6016.81
36314,13653.07
36315,7813.76
36316,5134.13
36317,4098.86
36318,6433.12
36319,7382.17
36320,5780.39
36321,7511.64
36322,7532.2
36323,4675.15
36324,7775.5
36325,3532.86
36326,8264.69
36327,7286.2
36328,8389.28
36329,8441.99
36330,6031.91
36331,9613.85
36332,7029.95
36333,5038.74
36334,6930.08
36335,5717.9
36336,11732.47
36337,6617.11
36338,5119.91
36339,8185.94
36340,9118.53
36341,7842.36
36342,6602.99
36343,8913.32
36344,5497.37
36345,5362.69
36346,7448.23
36347,8743.39
36348,6827.01
36349,6796.36
36350,6385.2
36351,5487.7
36352,4797.7
36353,6108.34
36354,10137.61
36355,9022.68
36356,10992.94
36357,11744.66
36358,8332.99
36359,8034.54
36360,4914.82
36361,10535.89
36362,9885.15
36363,8526.03
36364,9294.5
36365,8426.36
36366,5629.83
36367,3758.01
36368,11370.36
36369,4982.84
36370,6991.12
36371,7045.03
36372,3415.48
36373,12400.9
36374,4896.82
36375,4724.25
36376,4409.21
36377,5971.32
36378,6683.38
36379,9222.3
36380,6815.44
36381,4839.51
36382,6062.91
36383,4132.08
36384,3627.3
36385,7185.54
36386,17347.81
36387,5933.36
36388,5852.35
36389,6716.23
36390,5130.54
36391,6058.75
36392,4953.31
36393,4557.0
36394,7464.94
36395,7242.69
36396,4566.42
36397,8889.06
36398,5738.66
36399,4533.8
36400,10256.52
36401,8895.93
36402,10495.52
36403,5677.14
36404,7756.69
36405,4965.32
36406,5135.92
36407,16001.77
36408,7217.63
36409,6878.65
36410,5776.18
36411,4428.54
36412,5542.81
36413,5713.63
36414,12031.62
36415,5741.04
36416,6162.77
36417,7173.26
36418,4585.18
36419,7019.25
36420,7494.39
36421,9695.72
36422,7439.44
36423,4258.4
36424,6060.0
36425,6663.73
36426,9889.47
36427,8571.9
36428,6655.41
36429,5033.42
36430,6766.57
36431,5912.11
36432,4815.95
36433,7464.21
36434,7272.71
36435,6852.8
36436,6048.92
36437,6563.4
36438,8970.42
36439,5750.96
36440,6537.31
36441,7588.42
36442,6523.8
36443,12078.87
36444,6858.91
36445,5083.76
36446,12145.06
36447,7229.74
36448,3512.39
36449,7757.48
36450,11671.79
36451,11160.57
36452,5875.18
36453,5932.21
36454,6554.83
36455,7570.48
36456,6301.24
36457,9693.92
36458,3629.78
36459,7345.99
36460,6896.24
36461,5885.5
36462,5369.38
36463,7346.29
36464,8688.32
36465,5670.47
36466,8999.94
36467,7284.54
36468,8834.5
36469,5886.91
36470,7159.73
36471,6384.88
36472,8446.15
36473,8505.84
36474,6244.96
36475,7741.73
36476,9810.51
36477,7265.95
36478,5364.07
36479,4856.5
36480,8504.57
36481,6956.16
36482,8444.82
36483,7949.08
36484,6082.61
36485,8667.43
36486,6794.32
36487,7608.98
36488,8641.76
36489,5675.38
36490,8595.34
36491,11077.27
36492,7749.65
36493,4806.05
36494,6670.34
36495,4588.65
36496,3262.81
36497,8589.87
36498,6741.19
36499,8931.67
36500,5623.16
36501,9202.89
36502,7082.8
36503,10986.91
36504,4602.77
36505,5761.42
36506,6038.58
36507,8523.71
36508,6837.31
36509,7869.5
36510,7477.82
36511,10243.94
36512,7659.32
36513,6941.89
36514,5666.66
36515,5180.82
36516,5632.8
36517,10466.97
36518,9827.07
36519,10208.95
36520,14947.29
36521,6073.98
36522,6670.54
36523,6496.52
36524,8237.46
36525,8760.12
36526,7372.93
36527,7779.94
36528,7833.95
36529,7685.18
36530,7055.05
36531,5874.0
36532,5773.09
36533,6173.32
36534,4089.09
36535,5668.94
36536,8723.11
36537,16991.45
36538,6159.54
36539,5147.86
36540,7827.55
36541,3848.18
36542,6555.69
36543,4354.03
36544,9271.33
36545,6570.33
36546,6258.66
36547,13576.74
36548,9769.16
36549,7448.53
36550,8093.1
36551,3823.19
36552,5293.15
36553,5681.23
36554,5630.94
36555,4813.92
36556,4722.78
36557,5720.49
36558,5783.3
36559,8576.62
36560,7248.23
36561,3645.91
36562,7162.3
36563,8111.15
36564,8219.05
36565,5304.92
36566,4772.88
36567,8563.99
36568,5481.01
36569,9552.79
36570,5068.0
36571,6402.97
36572,7702.9
36573,6029.61
36574,4057.99
36575,6568.54
36576,7757.57
36577,9681.79
36578,9782.45
36579,6248.29
36580,4276.81
36581,5112.68
36582,8046.65
36583,4880.67
36584,7304.79
36585,6186.59
36586,13263.2
36587,8376.61
36588,5946.04
36589,7705.32
36590,4483.58
36591,9408.99
36592,6149.24
36593,15302.27
36594,6892.75
36595,5783.27
36596,5046.27
36597,4590.13
36598,8029.36
36599,10428.68
36600,4333.41
36601,5001.42
36602,10361.03
36603,6729.51
36604,7278.61
36605,8612.25
36606,6022.11
36607,8176.85
36608,5079.49
36609,9949.88
36610,6281.78
36611,7558.09
36612,7786.74
36613,4307.88
36614,7959.37
36615,5673.13
36616,4177.31
36617,8812.09
36618,9474.74
36619,4431.03
36620,7129.9
36621,8153.41
36622,5528.26
36623,9338.72
36624,6374.8
36625,9048.51
36626,4667.26
36627,5170.24
36628,6697.37
36629,4659.92
36630,7922.72
36631,4693.45
36632,5977.17
36633,4801.39
36634,9300.14
36635,6323.48
36636,7148.4
36637,7595.35
36638,8003.5
36639,6751.22
36640,7692.63
36641,7176.28
36642,8941.98
36643,8379.43
36644,6597.33
36645,3500.42
36646,5792.9
36647,7160.51
36648,5189.85
36649,6404.83
36650,5676.87
36651,6654.22
36652,11115.76
36653,7060.82
36654,4481.26
36655,11605.39
36656,10178.56
36657,5525.93
36658,9925.39
36659,10813.79
36660,9647.43
36661,5307.15
36662,6938.57
36663,6038.61
36664,5742.78
36665,7200.29
36666,5149.62
36667,6810.58
36668,7937.65
36669,7105.84
36670,8232.21
36671,5865.42
36672,7184.54
36673,5913.59
36674,8137.24
36675,7150.33
36676,6728.23
36677,6559.93
36678,7148.44
36679,9354.5
36680,6058.83
36681,5828.91
36682,6462.78
36683,7179.54
36684,7689.07
36685,4487.18
36686,4127.55
36687,8082.59
36688,6713.34
36689,5805.02
36690,7980.07
36691,7805.21
36692,7060.47
36693,5817.95
36694,4013.97
36695,7177.45
36696,6582.03
36697,6643.25
36698,11320.73
36699,9265.14
36700,4655.66
36701,9652.72
36702,4167.46
36703,3522.3
36704,7800.73
36705,11636.78
36706,8299.27
36707,7750.43
36708,5312.42
36709,7525.12
36710,9373.75
36711,6360.25
36712,8409.27
36713,6338.35
36714,5128.55
36715,5289.22
36716,5251.88
36717,5607.65
36718,4556.83
36719,5011.92
36720,4204.82
36721,7314.62
36722,7250.27
36723,5886.9
36724,6461.79
36725,6819.89
36726,5874.71
36727,5538.51
36728,9316.36
36729,8893.32
36730,8953.08
36731,4306.47
36732,14260.22
36733,6553.95
36734,5179.43
36735,10581.35
36736,8190.09
36737,7568.46
36738,6044.31
36739,7437.59
36740,9541.92
36741,14793.79
36742,5184.87
36743,5029.96
36744,5358.12
36745,7732.67
36746,6345.2
36747,11251.48
36748,9416.62
36749,6091.83
36750,4662.43
36751,7269.02
36752,11551.17
36753,5120.39
36754,7392.7
36755,4483.09
36756,8062.07
36757,7879.14
36758,7864.02
36759,9157.58
36760,6227.9
36761,5832.37
36762,6820.37
36763,7114.36
36764,8078.49
36765,7325.32
36766,7836.97
36767,7141.02
36768,4233.64
36769,9551.93
36770,4928.69
36771,10746.06
36772,5563.46
36773,4539.39
36774,7274.95
36775,6608.39
36776,7724.4
36777,7668.52
36778,4154.08
36779,4680.31
36780,8118.65
36781,9712.31
36782,10194.13
36783,5126.16
36784,6184.65
36785,7135.11
36786,6217.38
36787,5899.85
36788,10065.47
36789,8664.32
36790,12322.12
36791,4746.57
36792,6165.92
36793,8676.22
36794,9728.3
36795,5465.92
36796,10340.37
36797,7011.76
36798,5201.09
36799,6340.39
36800,5475.22
36801,5197.61
36802,6588.51
36803,5499.09
36804,5080.39
36805,8992.93
36806,7201.4
36807,21874.57
36808,6444.81
36809,5052.67
36810,8121.55
36811,9867.51
36812,6251.63
36813,7194.31
36814,5556.87
36815,8880.71
36816,8557.12
36817,5842.71
36818,6055.19
36819,7259.67
36820,8709.53
36821,7305.59
36822,8544.62
36823,5897.68
36824,5252.79
36825,6086.2
36826,10090.66
36827,10273.17
36828,10701.54
36829,7825.31
36830,6108.61
36831,5958.51
36832,5174.15
36833,8334.05
36834,10604.9
36835,9425.45
36836,6940.67
36837,5856.36
36838,5335.55
36839,6162.88
36840,12012.7
36841,7096.19
36842,5338.83
36843,6340.22
36844,8288.54
36845,3544.58
36846,7341.19
36847,4778.42
36848,7225.95
36849,8069.54
36850,5725.61
36851,7666.94
36852,7070.52
36853,5276.0
36854,7047.42
36855,7519.17
36856,10792.12
36857,5969.91
36858,8897.71
36859,8372.05
36860,10469.71
36861,6523.71
36862,10375.87
36863,5552.84
36864,4676.23
36865,6999.86
36866,6060.76
36867,7717.64
36868,7323.27
36869,5954.4
36870,7420.23
36871,7897.41
36872,9739.73
36873,4073.24
36874,14512.15
36875,5408.23
36876,6636.42
36877,9728.7
36878,7072.81
36879,7109.88
36880,6803.64
36881,7274.78
36882,5410.47
36883,6093.56
36884,8766.49
36885,8172.37
36886,8329.88
36887,4886.79
36888,7191.23
36889,7450.15
36890,6525.46
36891,5587.31
36892,6579.56
36893,6149.05
36894,6576.15
36895,7903.06
36896,3942.45
36897,7952.69
36898,6736.02
36899,7012.51
36900,9532.27
36901,4620.99
36902,6764.63
36903,6177.72
36904,7423.27
36905,10140.17
36906,4971.8
36907,4333.2
36908,7480.81
36909,5964.42
36910,8481.68
36911,9214.61
36912,7865.78
36913,7998.56
36914,5423.17
36915,4781.2
36916,6985.16
36917,8744.37
36918,9168.02
36919,8336.72
36920,8647.36
36921,6617.8
36922,9068.4
36923,7076.99
36924,8800.94
36925,9414.19
36926,7230.49
36927,10647.61
36928,9133.41
36929,8686.7
36930,6099.04
36931,7617.04
36932,8011.82
36933,7138.19
36934,4813.56
36935,6122.71
36936,8269.97
36937,6781.26
36938,5629.33
36939,8853.73
36940,7038.62
36941,6529.86
36942,6249.28
36943,5991.05
36944,8006.84
36945,7289.36
36946,7758.76
36947,5710.37
36948,5249.8
36949,6964.19
36950,3843.19
36951,6227.42
36952,5581.23
36953,9208.12
36954,7721.08
36955,6876.37
36956,5630.59
36957,7444.26
36958,5176.12
36959,11419.17
36960,7273.23
36961,8506.8
36962,8538.61
36963,5299.73
36964,5971.95
36965,5837.64
36966,7679.57
36967,12398.53
36968,7159.82
36969,3516.77
36970,5948.45
36971,8980.67
36972,9520.23
36973,7354.33
36974,7983.69
36975,4906.21
36976,6081.42
36977,3382.78
36978,4992.34
36979,5815.47
36980,7100.67
36981,6994.05
36982,6983.87
36983,8176.24
36984,9209.7
36985,7811.44
36986,6735.96
36987,9807.37
36988,12740.96
36989,6579.98
36990,8478.17
36991,5329.4
36992,6535.73
36993,4057.8
36994,8350.48
36995,5916.23
36996,9463.3
36997,7306.79
36998,9314.03
36999,8789.27
37000,5561.1
37001,9439.2
37002,19494.91
37003,11211.77
37004,6609.43
37005,3172.18
37006,6173.13
37007,10792.02
37008,5770.61
37009,11898.75
37010,19265.91
37011,3705.77
37012,5742.4
37013,7991.6
37014,6379.18
37015,10467.4
37016,7118.03
37017,7906.68
37018,3612.07
37019,7895.13
37020,6022.07
37021,7744.66
37022,6506.66
37023,5698.47
37024,5473.56
37025,7349.86
37026,6074.29
37027,5244.21
37028,8004.74
37029,6292.05
37030,6393.79
37031,7885.84
37032,6620.44
37033,6148.86
37034,8042.87
37035,7636.81
37036,9174.38
37037,8942.59
37038,7255.38
37039,5975.42
37040,3863.51
37041,8998.98
37042,7904.11
37043,5844.61
37044,5068.53
37045,9891.48
37046,7596.3
37047,10053.04
37048,7582.62
37049,5830.65
37050,5458.94
37051,4934.2
37052,9978.83
37053,5196.85
37054,8265.92
37055,15318.02
37056,7510.09
37057,6645.09
37058,5219.27
37059,5384.99
37060,7622.92
37061,4787.05
37062,5859.51
37063,10641.48
37064,5067.0
37065,17376.88
37066,15756.81
37067,4705.08
37068,7170.43
37069,6852.56
37070,6573.0
37071,5353.35
37072,5700.47
37073,7701.06
37074,9073.57
37075,5642.62
37076,7715.64
37077,4634.16
37078,9837.3
37079,6998.25
37080,6568.86
37081,6439.74
37082,5544.49
37083,8152.53
37084,9721.43
37085,5727.08
37086,10933.85
37087,6781.06
37088,9282.76
37089,5712.87
37090,6473.32
37091,5234.26
37092,10687.79
37093,7024.94
37094,7843.83
37095,7310.46
37096,9243.67
37097,4818.03
37098,8551.76
37099,7270.22
37100,3992.84
37101,16708.26
37102,18127.6
37103,8998.36
37104,7289.03
37105,10198.05
37106,11707.05
37107,11673.08
37108,6307.29
37109,8256.36
37110,6250.8
37111,8401.68
37112,4052.06
37113,6364.09
37114,5536.38
37115,6118.51
37116,8183.36
37117,5468.92
37118,5276.74
37119,6861.27
37120,4386.54
37121,4702.73
37122,6187.33
37123,8352.87
37124,9815.69
37125,9821.35
37126,8864.46
37127,5532.92
37128,7004.65
37129,11121.24
37130,9079.64
37131,6074.29
37132,6937.91
37133,9825.33
37134,4568.12
37135,7207.92
37136,3443.18
37137,6231.76
37138,8395.76
37139,7327.88
37140,8766.79
37141,9355.42
37142,9357.72
37143,12144.91
37144,5946.06
37145,10248.23
37146,3478.43
37147,5697.26
37148,6628.09
37149,4355.24
37150,8634.25
37151,5657.41
37152,5164.51
37153,9011.26
37154,12828.38
37155,8681.18
37156,5456.38
37157,5516.26
37158,13391.66
37159,9528.47
37160,6829.66
37161,8857.88
37162,7520.7
37163,10717.16
37164,5177.51
37165,6690.24
37166,8259.99
37167,9342.44
37168,14523.83
37169,5798.13
37170,14060.39
37171,8082.55
37172,5056.53
37173,3553.93
37174,6553.1
37175,7489.43
37176,5712.84
37177,7293.79
37178,7142.99
37179,4719.91
37180,7411.21
37181,3595.71
37182,8269.63
37183,7139.77
37184,8783.64
37185,8625.85
37186,5509.93
37187,9548.27
37188,6961.45
37189,5446.5
37190,6385.77
37191,7058.12
37192,11676.89
37193,6339.64
37194,5188.91
37195,8931.68
37196,9095.5
37197,7637.05
37198,7179.7
37199,9156.99
37200,5688.81
37201,5528.22
37202,7132.59
37203,8683.1
37204,6737.73
37205,6645.37
37206,6171.86
37207,5044.46
37208,4654.99
37209,5439.31
37210,10205.95
37211,8806.14
37212,11150.84
37213,12294.63
37214,8365.43
37215,6894.51
37216,5078.51
37217,10659.02
37218,9761.64
37219,8403.29
37220,8927.92
37221,9073.2
37222,5838.19
37223,3727.16
37224,11536.2
37225,4239.57
37226,6959.28
37227,7093.65
37228,3477.94
37229,12909.77
37230,4158.97
37231,4025.7
37232,4540.69
37233,6117.32
37234,6982.97
37235,9405.6
37236,6717.77
37237,4778.23
37238,6052.64
37239,5453.63
37240,3549.5
37241,7414.64
37242,17704.45
37243,5723.81
37244,5838.45
37245,7794.85
37246,5081.12
37247,6769.21
37248,4820.67
37249,4876.29
37250,7743.74
37251,7002.77
37252,4919.17
37253,9337.55
37254,6650.55
37255,4647.33
37256,9767.58
37257,9419.8
37258,10215.26
37259,6624.28
37260,7775.87
37261,4902.5
37262,5258.0
37263,18251.18
37264,6876.58
37265,6515.57
37266,6394.27
37267,4494.81
37268,6007.47
37269,4462.63
37270,10077.52
37271,5597.26
37272,6005.92
37273,6919.34
37274,5204.89
37275,7135.81
37276,7240.4
37277,9101.57
37278,7193.26
37279,4654.65
37280,6126.01
37281,6519.81
37282,10318.99
37283,8894.02
37284,6498.21
37285,5144.26
37286,6627.98
37287,6653.31
37288,4782.74
37289,7631.35
37290,7259.16
37291,7091.55
37292,6052.29
37293,7066.13
37294,9085.47
37295,5690.36
37296,6536.89
37297,7575.18
37298,6444.48
37299,11906.51
37300,6828.05
37301,5434.74
37302,12159.6
37303,7004.6
37304,4069.83
37305,8072.97
37306,12080.43
37307,11300.64
37308,6018.9
37309,5926.89
37310,6721.07
37311,7583.19
37312,6340.19
37313,9612.31
37314,3571.2
37315,7221.83
37316,6627.8
37317,6597.79
37318,5095.69
37319,7556.01
37320,9182.2
37321,5805.89
37322,9298.25
37323,7358.35
37324,8762.1
37325,5626.56
37326,7687.92
37327,6416.71
37328,7687.59
37329,9380.2
37330,4094.25
37331,8174.59
37332,9757.27
37333,7565.2
37334,4867.73
37335,4809.71
37336,8555.16
37337,7006.39
37338,8644.51
37339,7637.51
37340,6177.24
37341,8106.43
37342,6781.22
37343,7344.58
37344,8553.0
37345,5843.93
37346,8552.12
37347,11527.97
37348,7870.48
37349,4692.53
37350,6919.47
37351,5243.19
37352,3425.38
37353,9444.56
37354,6506.44
37355,9164.7
37356,5455.75
37357,9062.61
37358,7146.76
37359,13338.8
37360,4752.17
37361,6147.87
37362,6069.63
37363,8532.92
37364,6948.35
37365,8039.38
37366,7357.88
37367,10751.08
37368,7717.22
37369,6852.59
37370,5011.7
37371,5418.88
37372,5082.05
37373,11127.35
37374,10431.45
37375,8696.67
37376,15625.24
37377,6348.05
37378,7117.05
37379,6636.69
37380,8611.44
37381,9116.89
37382,7380.03
37383,7673.76
37384,8008.14
37385,8064.72
37386,6760.87
37387,5775.15
37388,6029.03
37389,6083.21
37390,4341.79
37391,5865.58
37392,8978.95
37393,17394.74
37394,6160.01
37395,5333.14
37396,8386.91
37397,3831.82
37398,6431.45
37399,4355.49
37400,9119.98
37401,6430.31
37402,6177.37
37403,13605.44
37404,10731.5
37405,6931.19
37406,7786.69
37407,3616.64
37408,5679.91
37409,5782.46
37410,5479.04
37411,5287.99
37412,4611.32
37413,6093.8
37414,6069.02
37415,9266.14
37416,7079.83
37417,3442.47
37418,7264.95
37419,8535.35
37420,8443.39
37421,4969.06
37422,5382.11
37423,8650.64
37424,5592.86
37425,9943.56
37426,4777.14
37427,5644.58
37428,6919.48
37429,6764.88
37430,3972.78
37431,6991.6
37432,8325.43
37433,10242.77
37434,11171.99
37435,5962.87
37436,4113.21
37437,5528.19
37438,7984.37
37439,4890.95
37440,7364.78
37441,6318.47
37442,13451.02
37443,8088.73
37444,5957.89
37445,8047.71
37446,4710.99
37447,9759.62
37448,6325.7
37449,15721.96
37450,7118.48
37451,6120.64
37452,5581.93
37453,4267.41
37454,8611.37
37455,10506.98
37456,5400.07
37457,5357.7
37458,10475.13
37459,7245.52
37460,7485.6
37461,8388.0
37462,6433.28
37463,8222.18
37464,5080.53
37465,9590.75
37466,6198.41
37467,7538.33
37468,8043.59
37469,4789.28
37470,8433.63
37471,5788.85
37472,4277.75
37473,8765.23
37474,8981.84
37475,4739.4
37476,7197.29
37477,7361.5
37478,5409.56
37479,8911.97
37480,6023.58
37481,9017.12
37482,4709.52
37483,5230.38
37484,8098.37
37485,4202.25
37486,7801.97
37487,5063.35
37488,6288.3
37489,4864.55
37490,9458.08
37491,6618.01
37492,7401.15
37493,7434.76
37494,8316.71
37495,6510.98
37496,7852.75
37497,7518.88
37498,9525.81
37499,8708.77
37500,6520.58
37501,3450.2
37502,6018.52
37503,7140.61
37504,6004.86
37505,6422.11
37506,5904.78
37507,6876.86
37508,11355.01
37509,6928.23
37510,4792.1
37511,12056.24
37512,10212.13
37513,5441.9
37514,9744.96
37515,9575.82
37516,8721.91
37517,5371.81
37518,7465.16
37519,6321.05
37520,5983.6
37521,7234.89
37522,5223.9
37523,7389.13
37524,7842.31
37525,7296.57
37526,8819.64
37527,5989.22
37528,7191.76
37529,5178.97
37530,8362.71
37531,7576.76
37532,6058.82
37533,6830.92
37534,7264.4
37535,9383.1
37536,6114.47
37537,5660.6
37538,6133.22
37539,7275.72
37540,7757.27
37541,4435.78
37542,4214.04
37543,9294.25
37544,6834.92
37545,5724.49
37546,8043.15
37547,7840.16
37548,8773.42
37549,5697.34
37550,4127.84
37551,7124.53
37552,6841.97
37553,7016.56
37554,10906.98
37555,10471.26
37556,4821.2
37557,8697.7
37558,4264.14
37559,3577.22
37560,7884.18
37561,12445.4
37562,7914.72
37563,8123.13
37564,5694.58
37565,7342.84
37566,9965.29
37567,6731.62
37568,8115.28
37569,6757.3
37570,4711.44
37571,5842.2
37572,5372.26
37573,6440.4
37574,4936.39
37575,5269.71
37576,4399.71
37577,7444.69
37578,7710.33
37579,6391.77
37580,6039.57
37581,6733.13
37582,6005.81
37583,5499.52
37584,9315.79
37585,9145.5
37586,8912.03
37587,4503.78
37588,14871.92
37589,6428.58
37590,5364.73
37591,11330.77
37592,8943.02
37593,7893.08
37594,6038.16
37595,7538.6
37596,10236.83
37597,15090.7
37598,5361.72
37599,5351.21
37600,4966.66
37601,7359.1
37602,5874.11
37603,11575.17
37604,9300.92
37605,6280.13
37606,4501.87
37607,7000.1
37608,10449.79
37609,5169.07
37610,7063.64
37611,4457.01
37612,7716.9
37613,8185.43
37614,7617.39
37615,10617.63
37616,6607.64
37617,5341.86
37618,6182.78
37619,7872.78
37620,8161.42
37621,7778.34
37622,6990.59
37623,6860.87
37624,4226.45
37625,10012.87
37626,4929.89
37627,11251.41
37628,5433.92
37629,4583.41
37630,7728.02
37631,6584.46
37632,7779.52
37633,7956.23
37634,3897.99
37635,4982.92
37636,8635.73
37637,9984.07
37638,10368.46
37639,5848.64
37640,6528.38
37641,7376.85
37642,6133.29
37643,5790.23
37644,10055.61
37645,8770.45
37646,12240.93
37647,5010.57
37648,6295.94
37649,8639.44
37650,8759.88
37651,5942.12
37652,10003.93
37653,7463.9
37654,5406.64
37655,5680.89
37656,5225.86
37657,5282.35
37658,7013.13
37659,5836.83
37660,5457.78
37661,9383.03
37662,6729.88
37663,21590.84
37664,6390.19
37665,6117.64
37666,9020.03
37667,12612.03
37668,7085.29
37669,8421.2
37670,6202.74
37671,9219.16
37672,9312.72
37673,7155.63
37674,6631.67
37675,7883.17
37676,9434.72
37677,8619.82
37678,7938.13
37679,7669.6
37680,5352.6
37681,7098.42
37682,10655.07
37683,12531.56
37684,12944.13
37685,9326.81
37686,7455.18
37687,6939.03
37688,5900.15
37689,9374.17
37690,11576.08
37691,9700.84
37692,7563.76
37693,6825.33
37694,6508.54
37695,8768.41
37696,12249.12
37697,8602.86
37698,5912.53
37699,6881.58
37700,8769.02
37701,4016.04
37702,8406.99
37703,5235.28
37704,6666.48
37705,8316.69
37706,6351.61
37707,8684.26
37708,7405.21
37709,5829.34
37710,7991.99
37711,8216.69
37712,11721.41
37713,7056.78
37714,9808.25
37715,8041.56
37716,11093.36
37717,7912.62
37718,11597.27
37719,6495.28
37720,5623.19
37721,8008.79
37722,6666.16
37723,9005.13
37724,8585.77
37725,6918.47
37726,8662.19
37727,7118.06
37728,10492.56
37729,4543.68
37730,15923.0
37731,5891.8
37732,6853.41
37733,11243.97
37734,7777.12
37735,7980.87
37736,7381.25
37737,9177.94
37738,6333.91
37739,6791.6
37740,8412.59
37741,7856.79
37742,9852.07
37743,5605.4
37744,8231.3
37745,9259.71
37746,8119.61
37747,6124.35
37748,7711.18
37749,6325.43
37750,7530.43
37751,8403.09
37752,5041.8
37753,9055.16
37754,8042.13
37755,8416.01
37756,9262.31
37757,5136.38
37758,7683.56
37759,7250.78
37760,8911.68
37761,10296.71
37762,5721.47
37763,5574.23
37764,8117.8
37765,6481.29
37766,9050.69
37767,9444.69
37768,6959.24
37769,8942.36
37770,6910.32
37771,5048.84
37772,8383.31
37773,8784.47
37774,10356.18
37775,9437.3
37776,9821.81
37777,8297.54
37778,9970.3
37779,7525.19
37780,10308.96
37781,10068.53
37782,8797.05
37783,11414.15
37784,8988.76
37785,9016.89
37786,7574.29
37787,8434.39
37788,9134.13
37789,7804.8
37790,4962.1
37791,6454.65
37792,9791.03
37793,9078.18
37794,6135.26
37795,10887.7
37796,7505.98
37797,6024.41
37798,6742.19
37799,6871.48
37800,9845.25
37801,8631.97
37802,8384.75
37803,6895.27
37804,6472.28
37805,7862.64
37806,4578.71
37807,8388.43
37808,6751.56
37809,9752.55
37810,8429.93
37811,7325.37
37812,7599.83
37813,7275.25
37814,6004.47
37815,13101.74
37816,7920.01
37817,8838.75
37818,9865.53
37819,5798.33
37820,7229.78
37821,6022.77
37822,9106.72
37823,14155.24
37824,8354.53
37825,4592.09
37826,5807.43
37827,10253.44
37828,10201.28
37829,9190.57
37830,8898.06
37831,5539.06
37832,6546.04
37833,3929.21
37834,6149.98
37835,7128.83
37836,7420.35
37837,8693.57
37838,7238.75
37839,8792.39
37840,9674.58
37841,8646.57
37842,6432.54
37843,11203.61
37844,13914.88
37845,7844.93
37846,10312.69
37847,6160.57
37848,7650.51
37849,5188.63
37850,9125.2
37851,6415.88
37852,10630.43
37853,8459.25
37854,10090.59
37855,9749.28
37856,6537.21
37857,10331.09
37858,21670.09
37859,11831.44
37860,7972.71
37861,4149.58
37862,7284.66
37863,13328.87
37864,5922.85
37865,11896.79
37866,19872.69
37867,3939.58
37868,6316.74
37869,9064.04
37870,5989.51
37871,12487.56
37872,8307.82
37873,9260.83
37874,3597.74
37875,8085.92
37876,7881.06
37877,9074.39
37878,8740.34
37879,6898.64
37880,6788.71
37881,8160.79
37882,7315.38
37883,5622.75
37884,9010.23
37885,7393.23
37886,7418.13
37887,9688.18
37888,7777.63
37889,6702.75
37890,9114.45
37891,8852.06
37892,9184.27
37893,7582.05
37894,8639.15
37895,6305.38
37896,4678.37
37897,8243.16
37898,9263.64
37899,6542.68
37900,5194.32
37901,11532.69
37902,8763.93
37903,10121.89
37904,8588.86
37905,7185.3
37906,6501.98
37907,5055.9
37908,11857.52
37909,9222.85
37910,8655.81
37911,16970.68
37912,8404.66
37913,7315.44
37914,6127.77
37915,5696.19
37916,7834.31
37917,5349.54
37918,7090.79
37919,11473.42
37920,5908.55
37921,17905.75
37922,17805.33
37923,5499.14
37924,8497.42
37925,7440.58
37926,7763.63
37927,6741.92
37928,7828.16
37929,8546.25
37930,10799.95
37931,5791.41
37932,8122.01
37933,5310.51
37934,9899.69
37935,7899.95
37936,6843.38
37937,7328.43
37938,5929.4
37939,9525.05
37940,10920.35
37941,6561.57
37942,12658.98
37943,7146.19
37944,10715.41
37945,6115.45
37946,8807.07
37947,6717.45
37948,12249.31
37949,7669.26
37950,8082.84
37951,8690.87
37952,10420.02
37953,5517.64
37954,10345.18
37955,8400.81
37956,4926.0
37957,17770.95
37958,18272.55
37959,8244.74
37960,8467.16
37961,11154.24
37962,12806.79
37963,12502.32
37964,8478.74
37965,9083.57
37966,6992.02
37967,8819.32
37968,4814.67
37969,7849.77
37970,6347.77
37971,6402.98
37972,8804.62
37973,5955.82
37974,5641.42
37975,7507.22
37976,4264.75
37977,5592.06
37978,7027.06
37979,7941.37
37980,9626.85
37981,9663.48
37982,8827.28
37983,6462.16
37984,7182.98
37985,12659.54
37986,9531.61
37987,6964.48
37988,6764.44
37989,9015.71
37990,5171.43
37991,7415.76
37992,4567.58
37993,6584.59
37994,9180.47
37995,6569.0
37996,8015.12
37997,9591.96
37998,10058.3
37999,12822.12
38000,7192.72
38001,10164.9
38002,3756.78
38003,6662.11
38004,7186.87
38005,5788.15
38006,9529.96
38007,6792.73
38008,5934.64
38009,10840.83
38010,14043.7
38011,9353.86
38012,5792.99
38013,6610.81
38014,12085.81
38015,8136.59
38016,8532.62
38017,7178.94
38018,8055.17
38019,12084.2
38020,5479.65
38021,7178.74
38022,8977.85
38023,10338.13
38024,16962.65
38025,6962.65
38026,15901.41
38027,7914.59
38028,6676.18
38029,4375.63
38030,7758.82
38031,7577.62
38032,6410.98
38033,7332.6
38034,7536.25
38035,5667.59
38036,8311.67
38037,4395.22
38038,8963.02
38039,8447.69
38040,9437.3
38041,10115.06
38042,6276.38
38043,10986.38
38044,7498.02
38045,6198.14
38046,7404.72
38047,7239.51
38048,12828.06
38049,7438.35
38050,5874.15
38051,9296.93
38052,9122.07
38053,8383.92
38054,7958.78
38055,9941.92
38056,6172.12
38057,5846.61
38058,7303.25
38059,9523.53
38060,7914.05
38061,7630.25
38062,8428.76
38063,6573.54
38064,4773.56
38065,5975.2
38066,9939.49
38067,10064.51
38068,12081.59
38069,13445.72
38070,9185.86
38071,7429.36
38072,5574.23
38073,11864.99
38074,11204.35
38075,7602.3
38076,10294.43
38077,11618.58
38078,6145.71
38079,4772.63
38080,12213.36
38081,6861.5
38082,8725.43
38083,7636.03
38084,4167.12
38085,13537.83
38086,7132.68
38087,6760.5
38088,5285.37
38089,6996.41
38090,8485.57
38091,10875.5
38092,7270.96
38093,6119.39
38094,6821.24
38095,5494.9
38096,3868.13
38097,8964.9
38098,18112.38
38099,6572.71
38100,6346.38
38101,8806.76
38102,5950.12
38103,7471.03
38104,5478.31
38105,5668.05
38106,9140.72
38107,7637.69
38108,5538.62
38109,10168.01
38110,7629.97
38111,5728.06
38112,10443.46
38113,10998.03
38114,11889.35
38115,7467.12
38116,8626.08
38117,5884.66
38118,6260.97
38119,17312.47
38120,7595.0
38121,6966.41
38122,7042.61
38123,5038.08
38124,6564.08
38125,5527.89
38126,11482.97
38127,6383.09
38128,6981.28
38129,8229.49
38130,5905.12
38131,7906.36
38132,9317.53
38133,8438.04
38134,8050.35
38135,5380.9
38136,6500.27
38137,7942.12
38138,11520.43
38139,10296.36
38140,7697.96
38141,6178.73
38142,7728.46
38143,7455.48
38144,5024.54
38145,8839.77
38146,8256.89
38147,7429.53
38148,7219.11
38149,7957.13
38150,8668.22
38151,6928.6
38152,7346.75
38153,8464.89
38154,8106.61
38155,10698.91
38156,9346.32
38157,6269.72
38158,13801.56
38159,7511.27
38160,4911.35
38161,9792.62
38162,7965.33
38163,13350.87
38164,5636.21
38165,6608.32
38166,7217.32
38167,8539.28
38168,7192.87
38169,10147.15
38170,4539.27
38171,7748.05
38172,7539.96
38173,7013.27
38174,5990.82
38175,8072.28
38176,10274.64
38177,6074.18
38178,10668.92
38179,8387.1
38180,10179.71
38181,8056.5
38182,8245.39
38183,6512.98
38184,8817.73
38185,9917.42
38186,4984.79
38187,8433.8
38188,9015.07
38189,8789.8
38190,6033.47
38191,5317.92
38192,9746.69
38193,8072.84
38194,9978.16
38195,8848.71
38196,7245.74
38197,9376.61
38198,8627.33
38199,9181.26
38200,9039.59
38201,6694.8
38202,9294.68
38203,12502.83
38204,9298.56
38205,5877.03
38206,10348.12
38207,5279.1
38208,4353.84
38209,10365.99
38210,9112.37
38211,10802.78
38212,6998.84
38213,8150.64
38214,7379.1
38215,13532.22
38216,5422.59
38217,7012.78
38218,7192.57
38219,9952.42
38220,8112.66
38221,8035.47
38222,7834.52
38223,11428.61
38224,8118.92
38225,7973.81
38226,6400.45
38227,5971.02
38228,5976.35
38229,12863.87
38230,10953.18
38231,9560.19
38232,15907.82
38233,7688.55
38234,8132.77
38235,7882.09
38236,9645.09
38237,10020.28
38238,8156.25
38239,9436.41
38240,9829.94
38241,8481.71
38242,7947.09
38243,6972.77
38244,7792.55
38245,6775.58
38246,4609.22
38247,6682.12
38248,10160.28
38249,18849.25
38250,7898.2
38251,6172.16
38252,9726.52
38253,4676.51
38254,6517.63
38255,4642.18
38256,9953.09
38257,6665.9
38258,7555.28
38259,15227.82
38260,11464.97
38261,8553.46
38262,7505.45
38263,4244.66
38264,6240.38
38265,6445.6
38266,7352.93
38267,6024.82
38268,4620.92
38269,7407.82
38270,6360.1
38271,10166.93
38272,7574.06
38273,3972.06
38274,8226.15
38275,10179.87
38276,9419.11
38277,6783.68
38278,5936.89
38279,10082.05
38280,5192.21
38281,11748.52
38282,5829.67
38283,6003.42
38284,7628.33
38285,6670.86
38286,5627.08
38287,6834.52
38288,7613.95
38289,10963.73
38290,11958.34
38291,7163.66
38292,4993.35
38293,6086.01
38294,10042.93
38295,6288.94
38296,7947.06
38297,7403.47
38298,12039.97
38299,9188.14
38300,6924.93
38301,9326.32
38302,5163.97
38303,10175.26
38304,7238.71
38305,17070.82
38306,7224.58
38307,6947.77
38308,6409.99
38309,5076.36
38310,8897.53
38311,12885.41
38312,5292.2
38313,5575.78
38314,12243.37
38315,8354.65
38316,8302.78
38317,8905.58
38318,7446.85
38319,7542.08
38320,6093.6
38321,11518.35
38322,7388.99
38323,8705.95
38324,8241.82
38325,5505.06
38326,8119.61
38327,6950.47
38328,4789.53
38329,10480.36
38330,10627.87
38331,5473.88
38332,8208.22
38333,7846.02
38334,5863.49
38335,9402.44
38336,6497.48
38337,9835.83
38338,5074.19
38339,6682.04
38340,7649.06
38341,7017.31
38342,8801.64
38343,5647.2
38344,6843.81
38345,5730.65
38346,8462.24
38347,6913.09
38348,8233.41
38349,8618.82
38350,9267.2
38351,6585.36
38352,9834.08
38353,7246.83
38354,10987.41
38355,10145.91
38356,7676.2
38357,3836.92
38358,6638.76
38359,8641.79
38360,5237.56
38361,9697.26
38362,7107.37
38363,8929.72
38364,13639.27
38365,8198.98
38366,5206.64
38367,12420.72
38368,11186.14
38369,6390.8
38370,12093.75
38371,11302.45
38372,8117.73
38373,6237.09
38374,8932.71
38375,7643.35
38376,6206.15
38377,8057.99
38378,5834.09
38379,8050.0
38380,8554.91
38381,9070.92
38382,10196.77
38383,7042.04
38384,8314.08
38385,5073.77
38386,8339.01
38387,8351.1
38388,6429.54
38389,8361.9
38390,8096.2
38391,11255.48
38392,6902.6
38393,6189.41
38394,7326.98
38395,7672.87
38396,9021.73
38397,4789.77
38398,5360.03
38399,9304.21
38400,6882.02
38401,6796.62
38402,9167.4
38403,7988.34
38404,8900.55
38405,6421.16
38406,5114.11
38407,8031.62
38408,8227.53
38409,9621.25
38410,11919.2
38411,10734.99
38412,6407.04
38413,9820.09
38414,4852.12
38415,4464.56
38416,8940.28
38417,13713.3
38418,8289.63
38419,9454.03
38420,6648.13
38421,8670.42
38422,11376.06
38423,7906.13
38424,8724.19
38425,7026.62
38426,5991.46
38427,6299.63
38428,6068.05
38429,6754.17
38430,5775.63
38431,6234.78
38432,4827.2
38433,8278.98
38434,9580.93
38435,6927.4
38436,7997.63
38437,8309.9
38438,6690.03
38439,5861.57
38440,9322.47
38441,11212.47
38442,8020.91
38443,5526.64
38444,18083.71
38445,6774.26
38446,7173.7
38447,10994.61
38448,10147.27
38449,9350.9
38450,6804.98
38451,9143.8
38452,11997.55
38453,15507.37
38454,6731.01
38455,7592.13
38456,6050.63
38457,8948.6
38458,6399.1
38459,11434.05
38460,10773.79
38461,8260.84
38462,4844.32
38463,7858.65
38464,10508.39
38465,6168.4
38466,8606.85
38467,4320.06
38468,8680.72
38469,9676.98
38470,9092.19
38471,12244.21
38472,7742.6
38473,6296.62
38474,6746.77
38475,9800.65
38476,9684.73
38477,8710.12
38478,7798.04
38479,7796.74
38480,4959.05
38481,11704.99
38482,5421.13
38483,12733.56
38484,6106.36
38485,5222.42
38486,7980.99
38487,7082.92
38488,8901.0
38489,8770.49
38490,4768.11
38491,5572.13
38492,9226.52
38493,11725.59
38494,11288.43
38495,6020.26
38496,7524.16
38497,8814.52
38498,7545.2
38499,6370.93
38500,12003.2
38501,9933.94
38502,13059.47
38503,8261.27
38504,7457.5
38505,8889.27
38506,9825.63
38507,6663.4
38508,12033.66
38509,8162.28
38510,6843.07
38511,6784.24
38512,6464.69
38513,5841.98
38514,8026.65
38515,6667.61
38516,6203.94
38517,11618.78
38518,7274.44
38519,21844.06
38520,7260.02
38521,5706.48
38522,10091.19
38523,14492.96
38524,8614.7
38525,10424.29
38526,7451.25
38527,10625.34
38528,11561.79
38529,8027.23
38530,7494.01
38531,9314.44
38532,11147.71
38533,10571.09
38534,10142.56
38535,9517.59
38536,6772.31
38537,8810.96
38538,14491.48
38539,15586.63
38540,15349.59
38541,12883.52
38542,7781.24
38543,8150.18
38544,6226.11
38545,10635.39
38546,15861.83
38547,11148.45
38548,10000.71
38549,8668.06
38550,6904.72
38551,8738.62
38552,13844.7
38553,9927.43
38554,7436.6
38555,9219.65
38556,10258.42
38557,4622.52
38558,9966.81
38559,6491.74
38560,8302.69
38561,10463.33
38562,7438.54
38563,9644.58
38564,10140.08
38565,6615.49
38566,9400.49
38567,9950.49
38568,14176.62
38569,8068.18
38570,12688.39
38571,9051.92
38572,12435.91
38573,10470.84
38574,14393.73
38575,8326.53
38576,6557.04
38577,10118.6
38578,8218.62
38579,13385.06
38580,11032.9
38581,8437.6
38582,10076.03
38583,8548.38
38584,12930.94
38585,5107.13
38586,18156.44
38587,7100.27
38588,8335.95
38589,12861.28
38590,9621.71
38591,9803.67
38592,7490.98
38593,11470.38
38594,7752.31
38595,7936.65
38596,10456.15
38597,10124.82
38598,11981.73
38599,7297.25
38600,9812.45
38601,14346.3
38602,9050.43
38603,6901.96
38604,9370.79
38605,8566.61
38606,9308.45
38607,9589.4
38608,5531.56
38609,12763.53
38610,8799.06
38611,10040.26
38612,12132.98
38613,5772.51
38614,8908.04
38615,8824.3
38616,11481.41
38617,12558.29
38618,6876.65
38619,6914.28
38620,9736.19
38621,7871.48
38622,11854.49
38623,11451.77
38624,9209.64
38625,10656.59
38626,8581.79
38627,6397.14
38628,11060.88
38629,10472.28
38630,11482.04
38631,12095.29
38632,12409.37
38633,8987.91
38634,12648.73
38635,8693.03
38636,11923.14
38637,13151.83
38638,10444.28
38639,13811.5
38640,9727.4
38641,12625.83
38642,8713.54
38643,8886.22
38644,12006.66
38645,9514.99
38646,5643.26
38647,7836.4
38648,11825.4
38649,10280.35
38650,7251.36
38651,13570.88
38652,8770.02
38653,7622.13
38654,7698.31
38655,8817.15
38656,12067.67
38657,10033.48
38658,10582.1
38659,7660.81
38660,7992.19
38661,10839.19
38662,5522.68
38663,9317.99
38664,8359.09
38665,11139.79
38666,9952.26
38667,8708.89
38668,9721.68
38669,8715.39
38670,6523.51
38671,13892.44
38672,9286.85
38673,11415.0
38674,9576.95
38675,7486.3
38676,9109.49
38677,7210.1
38678,10399.75
38679,17777.72
38680,9583.77
38681,4654.0
38682,7192.17
38683,12640.38
38684,12525.34
38685,10089.22
38686,11309.74
38687,6622.04
38688,7786.08
38689,4380.16
38690,6945.31
38691,8804.35
38692,10261.91
38693,9412.55
38694,6748.06
38695,10651.58
38696,12300.08
38697,11013.8
38698,7964.75
38699,11868.86
38700,20360.29
38701,9852.33
38702,11466.62
38703,7711.59
38704,9882.82
38705,6908.78
38706,11466.74
38707,8506.62
38708,11728.3
38709,9362.1
38710,12500.37
38711,11490.22
38712,7746.61
38713,14017.1
38714,24685.28
38715,16970.8
38716,10855.18
38717,4774.88
38718,9564.58
38719,15927.67
38720,7768.92
38721,12859.32
38722,21279.41
38723,4516.51
38724,8361.28
38725,10373.85
38726,7592.12
38727,15387.53
38728,10164.25
38729,11979.93
38730,3864.95
38731,9867.08
38732,10371.5
38733,10672.79
38734,15001.24
38735,8052.52
38736,7293.8
38737,9558.16
38738,8255.19
38739,6526.71
38740,10188.45
38741,9030.73
38742,9717.75
38743,10821.58
38744,8324.22
38745,8557.06
38746,9694.56
38747,10748.9
38748,11461.06
38749,9445.86
38750,8777.17
38751,7086.5
38752,4909.47
38753,9574.15
38754,10338.96
38755,8590.04
38756,6190.19
38757,13795.95
38758,10972.64
38759,14079.37
38760,8565.12
38761,8591.13
38762,8246.0
38763,6766.69
38764,15348.2
38765,7681.11
38766,9600.4
38767,19915.84
38768,10101.8
38769,8743.46
38770,7035.53
38771,6733.81
38772,10062.63
38773,5458.3
38774,8295.19
38775,12837.79
38776,7533.09
38777,20833.52
38778,18388.64
38779,6848.75
38780,9250.18
38781,6858.67
38782,9921.09
38783,7761.38
38784,11083.47
38785,10506.7
38786,13740.74
38787,7340.36
38788,9122.36
38789,6549.59
38790,11357.27
38791,9294.64
38792,9286.78
38793,8801.74
38794,6014.06
38795,12839.16
38796,12424.68
38797,8392.94
38798,15643.59
38799,8871.51
38800,12892.86
38801,6562.28
38802,8613.77
38803,9239.03
38804,15716.48
38805,9228.62
38806,11413.62
38807,10780.88
38808,13332.95
38809,6653.14
38810,10862.18
38811,10123.25
38812,5840.15
38813,19165.99
38814,21887.19
38815,11162.62
38816,11433.37
38817,13917.81
38818,15875.37
38819,14932.08
38820,9784.53
38821,12405.06
38822,9166.4
38823,10605.96
38824,5461.0
38825,8822.85
38826,7707.24
38827,7934.27
38828,10181.64
38829,6916.41
38830,7682.31
38831,9127.3
38832,5119.4
38833,6407.19
38834,7576.42
38835,10289.94
38836,14040.72
38837,12482.5
38838,10071.09
38839,7588.36
38840,8295.64
38841,15883.39
38842,11962.91
38843,8529.04
38844,8181.49
38845,11383.02
38846,6111.42
38847,10024.04
38848,5548.37
38849,7620.14
38850,12419.29
38851,8791.0
38852,8747.85
38853,12197.34
38854,13383.6
38855,14172.96
38856,8348.05
38857,11982.39
38858,4238.81
38859,7270.55
38860,7680.36
38861,6532.32
38862,10168.66
38863,8046.25
38864,7043.13
38865,12608.48
38866,16086.82
38867,11380.24
38868,7119.71
38869,7566.25
38870,13758.79
38871,9309.31
38872,9531.24
38873,7472.24
38874,10125.16
38875,13505.34
38876,6621.35
38877,9486.6
38878,11260.36
38879,11772.79
38880,17741.46
38881,8535.22
38882,16254.64
38883,9615.34
38884,7550.35
38885,5184.33
38886,8839.86
38887,8734.09
38888,8765.27
38889,9496.62
38890,8421.17
38891,7286.02
38892,9906.31
38893,5213.12
38894,10134.7
38895,10622.85
38896,10987.57
38897,12924.09
38898,8104.59
38899,12187.98
38900,8147.05
38901,7266.5
38902,8170.87
38903,8223.97
38904,15291.86
38905,9535.67
38906,7014.2
38907,11779.09
38908,12821.16
38909,11111.87
38910,9673.43
38911,11610.98
38912,7137.88
38913,5984.67
38914,8583.07
38915,11543.7
38916,9727.4
38917,9331.19
38918,10354.8
38919,7849.79
38920,6053.36
38921,7236.0
38922,11259.41
38923,11645.09
38924,14191.2
38925,15849.99
38926,11607.69
38927,9744.49
38928,6316.14
38929,12935.66
38930,13198.86
38931,11028.28
38932,11934.02
38933,12802.87
38934,7541.74
38935,5792.83
38936,13352.23
38937,9090.74
38938,11439.24
38939,8715.55
38940,4786.2
38941,16944.76
38942,7689.35
38943,7587.58
38944,6156.89
38945,7970.16
38946,8845.42
38947,14662.89
38948,8382.87
38949,6387.5
38950,8046.96
38951,6597.08
38952,4261.29
38953,9465.38
38954,21352.14
38955,7678.48
38956,7616.8
38957,10451.08
38958,6631.33
38959,8702.37
38960,6311.96
38961,6875.13
38962,10662.74
38963,10604.55
38964,6007.32
38965,13213.88
38966,10538.3
38967,7481.92
38968,13716.26
38969,13421.21
38970,13048.35
38971,8753.43
38972,10885.04
38973,6775.6
38974,7715.33
38975,19687.42
38976,11102.98
38977,8538.46
38978,9324.28
38979,6888.0
38980,7889.94
38981,5889.23
38982,13769.78
38983,6326.26
38984,7217.55
38985,10401.95
38986,6438.13
38987,8692.4
38988,10192.12
38989,11710.74
38990,10529.56
38991,7103.17
38992,7725.33
38993,9603.18
38994,13068.01
38995,12009.18
38996,9698.19
38997,7186.76
38998,9820.81
38999,8562.75
39000,6296.48
39001,9911.91
39002,10636.0
39003,9325.29
39004,8854.86
39005,9693.76
39006,11198.56
39007,8090.4
39008,9073.69
39009,9018.61
39010,11245.82
39011,13150.84
39012,8082.07
39013,7385.27
39014,16956.74
39015,9381.51
39016,5448.79
39017,10626.35
39018,10493.52
39019,15439.08
39020,6503.78
39021,8725.02
39022,8653.07
39023,9450.66
39024,9211.47
39025,14866.66
39026,4371.28
39027,10596.0
39028,9394.65
39029,7751.71
39030,7742.03
39031,9518.38
39032,13408.23
39033,7016.64
39034,12027.62
39035,10799.65
39036,13472.29
39037,6168.53
39038,10011.13
39039,7689.22
39040,11419.84
39041,12377.81
39042,6258.74
39043,8713.88
39044,12171.7
39045,11151.52
39046,6309.19
39047,5345.86
39048,12609.06
39049,10068.24
39050,12414.59
39051,9790.48
39052,6539.06
39053,12487.72
39054,11118.48
39055,12094.26
39056,10826.61
39057,9473.28
39058,11306.31
39059,16178.34
39060,9859.28
39061,6586.98
39062,10503.14
39063,6153.46
39064,4664.83
39065,13254.52
39066,8840.35
39067,13013.1
39068,7328.48
39069,10453.37
39070,9889.42
39071,16512.68
39072,6890.91
39073,7587.22
39074,9959.6
39075,10890.04
39076,8905.76
39077,9901.05
39078,8779.34
39079,13738.99
39080,9860.52
39081,9559.09
39082,7456.22
39083,6568.62
39084,6971.73
39085,16661.56
39086,13562.25
39087,11479.93
39088,17663.07
39089,9373.27
39090,8697.53
39091,10438.27
39092,12137.61
39093,13886.32
39094,9390.41
39095,11972.15
39096,13559.26
39097,9587.21
39098,9316.65
39099,8709.96
39100,8498.93
39101,8135.61
39102,5970.73
39103,9309.46
39104,12637.95
39105,20730.65
39106,9363.37
39107,7056.55
39108,11546.94
39109,6056.34
39110,8459.72
39111,4916.59
39112,11914.58
39113,8491.52
39114,9414.5
39115,19455.96
39116,12706.99
39117,10437.1
39118,9936.62
39119,5316.21
39120,6631.77
39121,7834.18
39122,9861.13
39123,7858.34
39124,6372.34
39125,8381.22
39126,7820.38
39127,12213.18
39128,10955.7
39129,4681.9
39130,10353.33
39131,12594.45
39132,11787.72
39133,9440.96
39134,7368.41
39135,11118.5
39136,6576.12
39137,14058.97
39138,7242.14
39139,8364.54
39140,9989.09
39141,8338.62
39142,6004.83
39143,8817.64
39144,10315.51
39145,12803.26
39146,15311.15
39147,8417.92
39148,5429.29
39149,7067.0
39150,13593.92
39151,7502.51
39152,10372.4
39153,8574.33
39154,15876.75
39155,12079.59
39156,8699.48
39157,10222.09
39158,6122.94
39159,12990.73
39160,8044.93
39161,18644.73
39162,8574.15
39163,7933.72
39164,8126.89
39165,6725.75
39166,10654.15
39167,18828.09
39168,6614.16
39169,6812.84
39170,14936.8
39171,9943.97
39172,9674.89
39173,11460.76
39174,9747.82
39175,9829.48
39176,6872.56
39177,13606.5
39178,8943.57
39179,9684.98
39180,9149.2
39181,6877.42
39182,9676.23
39183,7362.25
39184,4852.59
39185,11685.57
39186,11739.22
39187,5759.95
39188,10021.87
39189,10150.17
39190,7480.36
39191,11884.93
39192,8402.12
39193,11423.81
39194,6780.51
39195,7813.62
39196,9122.45
39197,6436.69
39198,10647.96
39199,7220.73
39200,8425.74
39201,6454.07
39202,11027.04
39203,7382.93
39204,8802.96
39205,10925.94
39206,10933.02
39207,9016.7
39208,12203.25
39209,8438.67
39210,13695.1
39211,12429.75
39212,8520.24
39213,4660.11
39214,8118.65
39215,10614.21
39216,7006.46
39217,13304.03
39218,9138.82
39219,10701.95
39220,15583.43
39221,7868.64
39222,6941.99
39223,15720.92
39224,14137.25
39225,7028.05
39226,12666.07
39227,12713.75
39228,8524.94
39229,7207.99
39230,10256.83
39231,8828.77
39232,7155.2
39233,10167.96
39234,7065.99
39235,8203.69
39236,11208.81
39237,10784.51
39238,13851.54
39239,8164.89
39240,10782.67
39241,6018.25
39242,9686.21
39243,10443.36
39244,8408.15
39245,9221.1
39246,10015.62
39247,14018.36
39248,9143.71
39249,7770.11
39250,9059.77
39251,9480.47
39252,10345.67
39253,5823.83
39254,6264.98
39255,10266.0
39256,7424.35
39257,8666.66
39258,11309.59
39259,9238.24
39260,10951.03
39261,8021.76
39262,5774.15
39263,9830.23
39264,10344.87
39265,10939.19
39266,14450.18
39267,13414.28
39268,6411.83
39269,12721.54
39270,4912.2
39271,4486.89
39272,11267.96
39273,15212.67
39274,10350.49
39275,11413.67
39276,9388.99
39277,11498.7
39278,14765.02
39279,8843.76
39280,11067.03
39281,7911.41
39282,6215.6
39283,7660.06
39284,7496.43
39285,8224.86
39286,7323.44
39287,8889.87
39288,6104.78
39289,9857.3
39290,11548.75
39291,8563.54
39292,9018.85
39293,9871.23
39294,8167.97
39295,6633.73
39296,12081.56
39297,12204.95
39298,9258.79
39299,6761.58
39300,21248.93
39301,8491.15
39302,9269.0
39303,15971.6
39304,11692.16
39305,13064.84
39306,8870.72
39307,9364.79
39308,13151.67
39309,21337.18
39310,8449.56
39311,8290.16
39312,7662.18
39313,10125.13
39314,8358.32
39315,12283.38
39316,13229.16
39317,7937.33
39318,6800.68
39319,9498.05
39320,12494.91
39321,7481.1
39322,10650.76
39323,5390.64
39324,10427.73
39325,10896.31
39326,11510.87
39327,14241.0
39328,9619.09
39329,7221.76
39330,8449.69
39331,9650.81
39332,10789.25
39333,10842.16
39334,10612.67
39335,9798.89
39336,6516.05
39337,12454.83
39338,6175.47
39339,14071.2
39340,8115.65
39341,7302.99
39342,10431.84
39343,8090.94
39344,9316.1
39345,10094.21
39346,5606.62
39347,6841.95
39348,11634.44
39349,12251.11
39350,12741.47
39351,7024.71
39352,8274.6
39353,11815.12
39354,9080.83
39355,7618.85
39356,14003.45
39357,12609.27
39358,14547.5
39359,6463.57
39360,9034.12
39361,11122.25
39362,12697.97
39363,8976.62
39364,15276.61
39365,9384.0
39366,7577.94
39367,7510.49
39368,8071.32
39369,7057.92
39370,10564.6
39371,7799.96
39372,8019.42
39373,15445.74
39374,8971.25
39375,24531.74
39376,8570.79
39377,0.0
39378,0.0
39379,0.0
39380,0.0
39381,0.0
39382,0.0
39383,0.0
39384,0.0
39385,0.0
39386,0.0
39387,0.0
39388,0.0
39389,0.0
39390,0.0
39391,0.0
39392,0.0
39393,0.0
39394,0.0
39395,0.0
39396,0.0
39397,0.0
39398,0.0
39399,0.0
39400,0.0
39401,0.0
39402,0.0
39403,0.0
39404,0.0
39405,0.0
39406,0.0
39407,0.0
39408,0.0
39409,0.0
39410,0.0
39411,0.0
39412,0.0
39413,0.0
39414,0.0
39415,0.0
39416,0.0
39417,0.0
39418,0.0
39419,0.0
39420,0.0
39421,0.0
39422,0.0
39423,0.0
39424,0.0
39425,0.0
39426,0.0
39427,0.0
39428,0.0
39429,0.0
39430,0.0
39431,0.0
39432,0.0
39433,0.0
39434,0.0
39435,0.0
39436,0.0
39437,0.0
39438,0.0
39439,0.0
39440,0.0
39441,0.0
39442,0.0
39443,0.0
39444,0.0
39445,0.0
39446,0.0
39447,0.0
39448,0.0
39449,0.0
39450,0.0
39451,0.0
39452,0.0
39453,0.0
39454,0.0
39455,0.0
39456,0.0
39457,0.0
39458,0.0
39459,0.0
39460,0.0
39461,0.0
39462,0.0
39463,0.0
39464,0.0
39465,0.0
39466,0.0
39467,0.0
39468,4695.8
39469,0.0
39470,0.0
39471,0.0
39472,0.0
39473,0.0
39474,0.0
39475,0.0
39476,0.0
39477,0.0
39478,0.0
39479,0.0
39480,0.0
39481,0.0
39482,0.0
39483,0.0
39484,0.0
39485,0.0
39486,0.0
39487,0.0
39488,0.0
39489,0.0
39490,0.0
39491,0.0
39492,0.0
39493,0.0
39494,0.0
39495,0.0
39496,0.0
39497,0.0
39498,0.0
39499,0.0
39500,0.0
39501,0.0
39502,0.0
39503,0.0
39504,0.0
39505,0.0
39506,0.0
39507,0.0
39508,0.0
39509,0.0
39510,0.0
39511,0.0
39512,0.0
39513,0.0
39514,0.0
39515,0.0
39516,0.0
39517,0.0
39518,0.0
39519,0.0
39520,0.0
39521,0.0
39522,0.0
39523,0.0
39524,0.0
39525,0.0
39526,0.0
39527,0.0
39528,0.0
39529,0.0
39530,0.0
39531,0.0
39532,0.0
39533,0.0
39534,0.0
39535,0.0
39536,3477.6
39537,0.0
39538,0.0
39539,0.0
39540,0.0
39541,0.0
39542,0.0
39543,0.0
39544,0.0
39545,0.0
39546,0.0
39547,0.0
39548,0.0
39549,0.0
39550,0.0
39551,0.0
39552,0.0
39553,0.0
39554,0.0
39555,0.0
39556,0.0
39557,0.0
39558,0.0
39559,0.0
39560,0.0
39561,0.0
39562,0.0
39563,0.0
39564,0.0
39565,0.0
39566,0.0
39567,0.0
39568,0.0
39569,0.0
39570,0.0
39571,0.0
39572,0.0
39573,0.0
39574,0.0
39575,0.0
39576,0.0
39577,16150.33
39578,29939.53
39579,0.0
39580,0.0
39581,0.0
39582,0.0
39583,0.0
39584,0.0
39585,0.0
39586,6632.12
39587,0.0
39588,0.0
39589,0.0
39590,0.0
39591,0.0
39592,0.0
39593,0.0
39594,0.0
39595,0.0
39596,0.0
39597,0.0
39598,0.0
39599,0.0
39600,0.0
39601,0.0
39602,0.0
39603,0.0
39604,0.0
39605,5607.37
39606,0.0
39607,0.0
39608,0.0
39609,0.0
39610,0.0
39611,0.0
39612,0.0
39613,0.0
39614,0.0
39615,3125.88
39616,0.0
39617,0.0
39618,0.0
39619,0.0
39620,0.0
39621,0.0
39622,0.0
39623,0.0
39624,0.0
39625,0.0
39626,0.0
39627,0.0
39628,0.0
39629,0.0
39630,0.0
39631,0.0
39632,0.0
39633,9625.57
39634,0.0
39635,0.0
39636,0.0
39637,0.0
39638,0.0
39639,0.0
39640,0.0
39641,0.0
39642,0.0
39643,0.0
39644,0.0
39645,0.0
39646,0.0
39647,0.0
39648,0.0
39649,0.0
39650,8542.76
39651,0.0
39652,0.0
39653,0.0
39654,0.0
39655,0.0
39656,0.0
39657,0.0
39658,0.0
39659,0.0
39660,0.0
39661,0.0
39662,0.0
39663,0.0
39664,0.0
39665,0.0
39666,0.0
39667,0.0
39668,0.0
39669,0.0
39670,0.0
39671,0.0
39672,0.0
39673,0.0
39674,0.0
39675,0.0
39676,0.0
39677,0.0
39678,0.0
39679,0.0
39680,0.0
39681,0.0
39682,0.0
39683,0.0
39684,0.0
39685,0.0
39686,0.0
39687,0.0
39688,0.0
39689,0.0
39690,0.0
39691,0.0
39692,0.0
39693,0.0
39694,0.0
39695,0.0
39696,0.0
39697,0.0
39698,0.0
39699,0.0
39700,0.0
39701,0.0
39702,0.0
39703,0.0
39704,0.0
39705,0.0
39706,0.0
39707,0.0
39708,0.0
39709,0.0
39710,0.0
39711,0.0
39712,2239.14
39713,0.0
39714,0.0
39715,0.0
39716,0.0
39717,0.0
39718,0.0
39719,0.0
39720,0.0
39721,0.0
39722,0.0
39723,0.0
39724,0.0
39725,0.0
39726,7159.34
39727,0.0
39728,0.0
39729,0.0
39730,0.0
39731,0.0
39732,0.0
39733,0.0
39734,0.0
39735,0.0
39736,0.0
39737,0.0
39738,0.0
39739,0.0
39740,0.0
39741,0.0
39742,0.0
39743,0.0
39744,0.0
39745,0.0
39746,0.0
39747,0.0
39748,0.0
39749,0.0
39750,0.0
39751,0.0
39752,0.0
39753,0.0
39754,0.0
39755,0.0
39756,0.0
39757,0.0
39758,0.0
39759,0.0
39760,0.0
39761,0.0
39762,0.0
39763,0.0
39764,0.0
39765,0.0
39766,0.0
39767,0.0
39768,0.0
39769,8347.45
39770,0.0
39771,0.0
39772,0.0
39773,0.0
39774,0.0
39775,0.0
39776,0.0
39777,0.0
39778,0.0
39779,2675.63
39780,0.0
39781,0.0
39782,0.0
39783,6544.91
39784,0.0
39785,0.0
39786,0.0
39787,0.0
39788,0.0
39789,0.0
39790,0.0
39791,0.0
39792,0.0
39793,0.0
39794,0.0
39795,0.0
39796,0.0
39797,0.0
39798,0.0
39799,0.0
39800,0.0
39801,0.0
39802,0.0
39803,0.0
39804,0.0
39805,0.0
39806,0.0
39807,0.0
39808,0.0
39809,0.0
39810,20925.89
39811,0.0
39812,0.0
39813,0.0
39814,0.0
39815,0.0
39816,0.0
39817,0.0
39818,0.0
39819,0.0
39820,0.0
39821,0.0
39822,0.0
39823,0.0
39824,6154.24
39825,0.0
39826,0.0
39827,0.0
39828,0.0
39829,0.0
39830,0.0
39831,0.0
39832,0.0
39833,0.0
39834,0.0
39835,0.0
39836,0.0
39837,0.0
39838,0.0
39839,0.0
39840,0.0
39841,0.0
39842,0.0
39843,0.0
39844,0.0
39845,0.0
39846,0.0
39847,0.0
39848,0.0
39849,0.0
39850,0.0
39851,0.0
39852,0.0
39853,0.0
39854,0.0
39855,0.0
39856,0.0
39857,0.0
39858,0.0
39859,0.0
39860,0.0
39861,0.0
39862,0.0
39863,0.0
39864,0.0
39865,0.0
39866,0.0
39867,0.0
39868,0.0
39869,0.0
39870,0.0
39871,0.0
39872,0.0
39873,0.0
39874,0.0
39875,0.0
39876,0.0
39877,0.0
39878,0.0
39879,0.0
39880,0.0
39881,0.0
39882,0.0
39883,0.0
39884,0.0
39885,0.0
39886,0.0
39887,0.0
39888,0.0
39889,0.0
39890,0.0
39891,0.0
39892,0.0
39893,0.0
39894,0.0
39895,0.0
39896,0.0
39897,0.0
39898,0.0
39899,12408.48
39900,0.0
39901,0.0
39902,0.0
39903,0.0
39904,0.0
39905,0.0
39906,0.0
39907,0.0
39908,0.0
39909,0.0
39910,0.0
39911,0.0
39912,0.0
39913,0.0
39914,0.0
39915,0.0
39916,0.0
39917,0.0
39918,0.0
39919,0.0
39920,0.0
39921,0.0
39922,0.0
39923,0.0
39924,0.0
39925,0.0
39926,0.0
39927,0.0
39928,0.0
39929,0.0
39930,0.0
39931,0.0
39932,0.0
39933,0.0
39934,0.0
39935,0.0
39936,0.0
39937,0.0
39938,0.0
39939,0.0
39940,0.0
39941,0.0
39942,0.0
39943,5128.32
39944,16347.59
39945,0.0
39946,0.0
39947,0.0
39948,0.0
39949,0.0
39950,0.0
39951,0.0
39952,0.0
39953,0.0
39954,0.0
39955,0.0
39956,0.0
39957,0.0
39958,0.0
39959,0.0
39960,0.0
39961,0.0
39962,0.0
39963,0.0
39964,0.0
39965,0.0
39966,0.0
39967,0.0
39968,0.0
39969,0.0
39970,0.0
39971,0.0
39972,11592.41
39973,0.0
39974,0.0
39975,0.0
39976,0.0
39977,0.0
39978,0.0
39979,0.0
39980,0.0
39981,0.0
39982,0.0
39983,0.0
39984,0.0
39985,0.0
39986,0.0
39987,0.0
39988,0.0
39989,0.0
39990,0.0
39991,0.0
39992,0.0
39993,0.0
39994,0.0
39995,0.0
39996,0.0
39997,0.0
39998,0.0
39999,0.0
40000,0.0
40001,0.0
40002,0.0
40003,0.0
40004,0.0
40005,0.0
40006,0.0
40007,0.0
40008,0.0
40009,0.0
40010,0.0
40011,0.0
40012,0.0
40013,0.0
40014,0.0
40015,0.0
40016,0.0
40017,0.0
40018,0.0
40019,0.0
40020,0.0
40021,0.0
40022,0.0
40023,0.0
40024,0.0
40025,0.0
40026,0.0
40027,0.0
40028,0.0
40029,0.0
40030,0.0
40031,0.0
40032,0.0
40033,0.0
40034,0.0
40035,0.0
40036,0.0
40037,0.0
40038,0.0
40039,0.0
40040,0.0
40041,0.0
40042,3173.99
40043,0.0
40044,0.0
40045,0.0
40046,2766.98
40047,0.0
40048,0.0
40049,0.0
40050,0.0
40051,0.0
40052,0.0
40053,0.0
40054,0.0
40055,0.0
40056,0.0
40057,0.0
40058,0.0
40059,0.0
40060,0.0
40061,0.0
40062,0.0
40063,0.0
40064,0.0
40065,0.0
40066,0.0
40067,0.0
40068,0.0
40069,0.0
40070,0.0
40071,0.0
40072,0.0
40073,0.0
40074,0.0
40075,0.0
40076,0.0
40077,0.0
40078,0.0
40079,0.0
40080,0.0
40081,0.0
40082,0.0
40083,0.0
40084,0.0
40085,0.0
40086,0.0
40087,0.0
40088,0.0
40089,0.0
40090,0.0
40091,0.0
40092,0.0
40093,0.0
40094,0.0
40095,0.0
40096,0.0
40097,3302.88
40098,0.0
40099,0.0
40100,0.0
40101,0.0
40102,0.0
40103,0.0
40104,0.0
40105,0.0
40106,0.0
40107,0.0
40108,0.0
40109,0.0
40110,0.0
40111,0.0
40112,11235.22
40113,0.0
40114,0.0
40115,0.0
40116,0.0
40117,0.0
40118,0.0
40119,0.0
40120,0.0
40121,0.0
40122,0.0
40123,0.0
40124,0.0
40125,0.0
40126,0.0
40127,0.0
40128,0.0
40129,0.0
40130,0.0
40131,0.0
40132,0.0
40133,0.0
40134,0.0
40135,0.0
40136,0.0
40137,0.0
40138,0.0
40139,0.0
40140,0.0
40141,0.0
40142,0.0
40143,0.0
40144,0.0
40145,0.0
40146,0.0
40147,0.0
40148,0.0
40149,0.0
40150,0.0
40151,0.0
40152,0.0
40153,0.0
40154,0.0
40155,0.0
40156,0.0
40157,0.0
40158,0.0
40159,0.0
40160,0.0
40161,0.0
40162,0.0
40163,0.0
40164,0.0
40165,0.0
40166,0.0
40167,0.0
40168,0.0
40169,0.0
40170,0.0
40171,0.0
40172,0.0
40173,0.0
40174,0.0
40175,0.0
40176,5320.93
40177,0.0
40178,0.0
40179,0.0
40180,0.0
40181,0.0
40182,0.0
40183,0.0
40184,0.0
40185,0.0
40186,0.0
40187,0.0
40188,0.0
40189,0.0
40190,0.0
40191,0.0
40192,0.0
40193,0.0
40194,0.0
40195,0.0
40196,0.0
40197,0.0
40198,0.0
40199,0.0
40200,0.0
40201,0.0
40202,0.0
40203,0.0
40204,0.0
40205,0.0
40206,0.0
40207,0.0
40208,0.0
40209,0.0
40210,0.0
40211,0.0
40212,0.0
40213,0.0
40214,0.0
40215,0.0
40216,0.0
40217,13997.79
40218,5231.54
40219,0.0
40220,0.0
40221,0.0
40222,0.0
40223,0.0
40224,0.0
40225,0.0
40226,0.0
40227,0.0
40228,0.0
40229,0.0
40230,0.0
40231,0.0
40232,0.0
40233,5145.06
40234,4332.6
40235,7192.69
40236,3150.12
40237,6304.9
40238,4878.19
40239,6228.31
40240,6016.1
40241,4570.15
40242,3770.25
40243,5833.14
40244,5638.53
40245,4522.42
40246,5732.64
40247,5274.43
40248,3813.71
40249,5131.91
40250,7494.14
40251,9602.99
40252,7321.53
40253,6953.38
40254,4872.89
40255,5712.13
40256,2555.81
40257,8724.55
40258,7580.44
40259,9689.88
40260,6005.58
40261,3685.06
40262,5458.68
40263,5966.59
40264,8486.12
40265,5370.6
40266,5652.3
40267,5584.55
40268,5572.17
40269,2746.69
40270,7584.93
40271,4436.25
40272,6466.26
40273,7993.6
40274,3975.69
40275,8067.31
40276,5392.03
40277,4896.87
40278,3819.83
40279,7246.8
40280,9453.07
40281,6282.49
40282,5879.02
40283,8093.09
40284,8377.72
40285,6333.11
40286,7117.78
40287,2752.14
40288,2642.5
40289,5254.72
40290,6150.39
40291,8625.87
40292,7681.09
40293,4362.89
40294,8208.66
40295,8722.73
40296,5704.56
40297,3186.65
40298,11413.31
40299,3700.98
40300,4812.64
40301,8149.7
40302,6153.19
40303,6163.65
40304,2930.94
40305,5943.31
40306,4774.67
40307,5247.52
40308,8666.48
40309,7325.1
40310,6497.81
40311,3388.17
40312,7785.73
40313,11284.24
40314,5240.24
40315,3665.4
40316,6938.93
40317,6209.66
40318,8443.75
40319,8665.55
40320,2689.56
40321,8071.71
40322,4860.18
40323,6543.01
40324,8181.43
40325,3506.01
40326,5521.76
40327,5651.14
40328,6860.56
40329,8603.63
40330,4448.26
40331,5288.26
40332,6663.66
40333,6477.12
40334,5587.36
40335,7452.04
40336,4720.5
40337,5757.09
40338,5114.35
40339,3197.81
40340,6113.51
40341,6547.97
40342,6722.12
40343,7428.82
40344,8494.81
40345,4330.22
40346,7931.24
40347,3443.73
40348,4195.35
40349,8216.56
40350,7286.71
40351,7166.93
40352,8997.57
40353,7219.65
40354,5660.83
40355,6844.95
40356,7692.5
40357,4237.3
40358,3058.47
40359,5962.2
40360,5198.37
40361,7664.06
40362,4508.3
40363,5610.33
40364,6952.5
40365,6600.95
40366,6381.07
40367,3088.62
40368,6823.77
40369,7588.3
40370,4232.55
40371,5749.22
40372,3079.33
40373,6117.62
40374,3845.37
40375,4973.39
40376,5279.81
40377,8011.56
40378,6677.97
40379,7254.93
40380,9127.06
40381,4316.07
40382,5294.21
40383,9791.23
40384,5686.3
40385,7936.66
40386,7471.72
40387,5561.23
40388,6494.72
40389,4518.19
40390,5039.99
40391,8462.11
40392,5832.05
40393,3570.66
40394,4201.23
40395,7486.09
40396,9807.99
40397,6999.09
40398,6732.62
40399,4341.77
40400,3118.3
40401,1797.59
40402,3519.87
40403,5781.94
40404,6245.17
40405,5220.76
40406,4299.5
40407,8366.79
40408,8114.24
40409,7811.8
40410,5429.4
40411,8728.5
40412,10873.79
40413,4181.25
40414,6648.13
40415,5374.97
40416,6698.62
40417,2993.64
40418,5660.17
40419,5035.5
40420,9214.93
40421,5972.28
40422,7848.19
40423,7104.88
40424,5230.76
40425,9729.6
40426,15884.2
40427,9777.09
40428,4677.38
40429,3565.46
40430,6740.58
40431,9535.42
40432,4598.77
40433,8721.1
40434,19173.45
40435,4337.86
40436,2969.65
40437,9624.24
40438,3759.8
40439,6647.6
40440,3812.23
40441,5900.84
40442,3611.11
40443,7823.44
40444,6125.65
40445,5768.66
40446,8875.92
40447,6713.85
40448,6395.51
40449,7131.81
40450,5475.24
40451,6607.59
40452,9651.5
40453,5276.52
40454,6534.72
40455,4581.08
40456,3987.39
40457,5668.91
40458,5213.63
40459,5115.45
40460,8345.01
40461,7603.38
40462,7714.9
40463,4699.41
40464,4388.69
40465,5241.22
40466,6381.75
40467,5891.1
40468,2794.03
40469,6884.39
40470,6228.26
40471,7590.29
40472,6143.42
40473,4475.26
40474,3618.36
40475,3283.38
40476,9371.6
40477,6034.85
40478,6204.72
40479,12446.13
40480,7155.24
40481,4527.08
40482,5691.06
40483,2780.07
40484,4235.34
40485,4222.94
40486,4701.58
40487,8294.1
40488,5372.38
40489,9625.1
40490,12523.89
40491,5910.16
40492,5988.24
40493,5144.88
40494,4882.26
40495,5576.68
40496,10736.84
40497,5960.09
40498,6927.41
40499,3678.16
40500,5715.9
40501,5525.5
40502,10157.29
40503,7069.2
40504,5560.58
40505,7101.22
40506,4337.74
40507,8897.75
40508,6942.24
40509,6809.87
40510,10137.93
40511,7595.16
40512,8196.81
40513,3655.46
40514,6175.63
40515,4992.83
40516,9435.53
40517,8119.79
40518,7508.99
40519,6837.35
40520,8095.73
40521,5193.59
40522,6721.77
40523,6233.84
40524,3178.37
40525,12761.64
40526,16799.26
40527,8127.14
40528,8354.66
40529,7816.93
40530,8391.06
40531,7867.17
40532,3559.88
40533,4450.03
40534,6432.33
40535,8032.36
40536,2665.52
40537,4563.06
40538,5407.53
40539,4948.92
40540,5459.73
40541,3362.26
40542,3171.35
40543,6143.06
40544,3514.48
40545,4752.67
40546,5900.65
40547,5092.93
40548,9323.51
40549,11026.23
40550,5812.74
40551,7196.97
40552,6635.97
40553,9437.35
40554,6414.43
40555,3135.9
40556,5411.67
40557,12131.26
40558,4389.93
40559,7255.31
40560,2969.1
40561,3596.76
40562,5781.84
40563,6688.9
40564,5750.92
40565,8779.62
40566,9027.4
40567,7171.26
40568,4474.69
40569,11495.48
40570,2056.79
40571,4096.96
40572,6442.78
40573,5163.98
40574,10354.7
40575,2837.7
40576,5207.45
40577,5588.69
40578,8746.83
40579,10946.17
40580,5331.29
40581,3698.07
40582,9338.72
40583,9032.41
40584,5581.61
40585,5150.54
40586,9511.85
40587,6182.18
40588,5709.17
40589,4050.13
40590,7598.45
40591,5127.35
40592,13056.8
40593,8275.64
40594,12237.68
40595,7211.19
40596,5463.55
40597,2335.61
40598,6482.39
40599,6199.51
40600,5400.97
40601,9569.8
40602,5946.7
40603,3135.78
40604,7061.16
40605,3807.96
40606,9135.14
40607,7060.62
40608,6959.32
40609,8092.29
40610,4839.97
40611,7683.97
40612,7853.05
40613,5670.23
40614,5734.55
40615,3914.78
40616,10820.03
40617,6935.08
40618,4013.9
40619,6391.59
40620,8094.2
40621,5942.89
40622,4017.89
40623,5726.47
40624,5712.07
40625,4405.4
40626,5201.72
40627,9878.29
40628,4694.86
40629,4144.68
40630,6980.78
40631,5713.99
40632,3134.74
40633,4939.92
40634,8493.25
40635,7014.19
40636,11144.34
40637,9113.38
40638,7365.96
40639,7063.99
40640,5096.19
40641,9645.28
40642,7517.09
40643,7268.31
40644,4066.12
40645,5918.4
40646,5043.08
40647,2344.78
40648,12382.85
40649,6003.55
40650,7108.99
40651,5135.05
40652,1353.13
40653,8196.44
40654,5703.24
40655,4458.27
40656,3946.17
40657,6424.53
40658,6408.17
40659,4453.46
40660,12212.73
40661,4819.04
40662,5054.99
40663,3909.18
40664,2741.98
40665,5370.44
40666,14106.89
40667,5435.42
40668,5820.81
40669,5684.07
40670,3807.18
40671,4293.11
40672,5822.09
40673,3370.23
40674,9746.63
40675,6236.46
40676,3134.31
40677,8701.62
40678,2952.98
40679,4789.93
40680,9380.57
40681,9355.6
40682,9170.51
40683,2868.55
40684,5663.59
40685,4816.46
40686,5661.46
40687,15599.78
40688,10162.29
40689,5673.24
40690,3546.41
40691,5933.49
40692,4608.04
40693,2834.03
40694,7760.06
40695,4964.6
40696,5954.54
40697,7328.72
40698,4793.31
40699,4836.01
40700,5969.42
40701,8452.06
40702,7273.66
40703,2903.28
40704,6047.44
40705,6914.77
40706,9104.66
40707,6925.24
40708,7342.59
40709,2737.46
40710,8602.44
40711,5443.55
40712,3295.82
40713,4620.42
40714,4394.47
40715,4329.26
40716,7032.62
40717,4742.92
40718,7295.21
40719,5094.58
40720,7756.28
40721,8612.95
40722,5197.72
40723,7573.78
40724,6409.07
40725,2974.72
40726,11086.09
40727,4235.27
40728,3817.02
40729,6274.79
40730,10660.59
40731,11465.51
40732,4584.98
40733,4775.46
40734,6825.6
40735,6760.8
40736,4901.64
40737,6873.67
40738,3246.25
40739,6491.53
40740,4509.51
40741,3632.53
40742,2744.45
40743,7332.4
40744,7921.27
40745,5138.32
40746,5507.75
40747,8376.07
40748,8421.44
40749,4697.44
40750,5427.25
40751,5028.11
40752,6769.67
40753,5785.09
40754,2261.02
40755,6176.19
40756,8293.1
40757,6469.1
40758,5964.04
40759,3044.32
40760,9259.57
40761,3044.08
40762,8571.95
40763,5511.37
40764,4139.08
40765,8337.28
40766,4223.93
40767,4223.77
40768,8978.22
40769,2805.92
40770,6468.79
40771,10808.0
40772,7507.56
40773,2861.92
40774,5765.15
40775,3921.53
40776,2279.52
40777,5662.95
40778,6681.07
40779,5590.57
40780,4612.37
40781,5887.36
40782,5273.45
40783,11898.7
40784,4535.31
40785,6301.35
40786,4528.75
40787,6827.19
40788,6575.25
40789,6839.26
40790,7806.08
40791,9428.53
40792,7089.06
40793,5821.63
40794,5338.34
40795,2847.45
40796,5976.47
40797,8886.48
40798,7113.25
40799,7536.43
40800,14816.18
40801,3719.08
40802,5681.54
40803,4698.11
40804,8388.45
40805,8957.97
40806,7968.24
40807,7669.71
40808,7644.17
40809,7426.9
40810,6072.19
40811,5324.6
40812,2798.59
40813,5236.28
40814,3564.78
40815,3380.91
40816,7743.28
40817,18031.92
40818,6044.66
40819,3607.74
40820,4943.77
40821,3873.46
40822,5355.61
40823,1949.65
40824,6392.74
40825,5588.9
40826,4105.08
40827,11564.27
40828,11487.33
40829,5057.52
40830,5919.1
40831,4261.39
40832,3993.69
40833,4399.46
40834,8438.37
40835,4079.79
40836,4486.5
40837,4844.24
40838,5610.41
40839,7045.57
40840,7537.98
40841,3344.49
40842,8164.02
40843,7112.03
40844,5239.64
40845,4455.95
40846,4356.07
40847,4802.87
40848,4743.32
40849,10327.03
40850,4883.61
40851,4110.63
40852,6557.98
40853,4942.04
40854,5779.18
40855,5417.04
40856,6165.64
40857,10774.8
40858,7330.35
40859,5936.73
40860,4033.42
40861,4908.14
40862,10243.23
40863,4466.14
40864,4916.56
40865,5458.52
40866,12199.49
40867,7674.42
40868,4430.97
40869,6336.71
40870,5148.01
40871,7334.4
40872,6078.66
40873,10295.28
40874,6940.05
40875,4947.84
40876,4305.08
40877,2507.86
40878,4588.97
40879,17573.77
40880,2585.97
40881,4964.98
40882,6458.91
40883,8409.66
40884,6120.25
40885,8324.18
40886,6069.02
40887,7202.49
40888,3055.43
40889,7796.35
40890,4262.88
40891,6136.48
40892,8538.07
40893,3996.71
40894,8307.81
40895,5711.38
40896,3033.58
40897,6517.52
40898,6683.71
40899,2941.89
40900,8199.27
40901,7218.57
40902,5016.99
40903,9695.65
40904,7804.15
40905,7993.86
40906,5024.73
40907,4812.41
40908,5883.83
40909,3403.72
40910,6180.55
40911,3222.82
40912,6287.84
40913,3078.33
40914,5353.05
40915,5138.54
40916,4871.71
40917,6189.64
40918,8449.19
40919,5377.58
40920,9214.92
40921,5809.97
40922,6250.99
40923,8621.79
40924,6792.32
40925,4455.06
40926,5172.46
40927,4760.75
40928,5236.14
40929,12163.61
40930,6507.15
40931,6601.02
40932,9949.36
40933,6413.99
40934,2290.29
40935,9032.93
40936,8847.09
40937,6270.15
40938,6754.98
40939,6907.19
40940,7447.21
40941,5173.96
40942,4466.82
40943,3947.71
40944,5975.61
40945,7963.52
40946,2820.84
40947,8403.09
40948,6775.82
40949,5530.03
40950,7659.81
40951,4980.94
40952,7655.65
40953,3844.29
40954,5371.06
40955,4877.14
40956,3795.04
40957,6448.89
40958,7453.81
40959,8721.26
40960,7010.93
40961,4293.68
40962,6156.6
40963,6909.92
40964,8345.66
40965,3110.37
40966,3022.83
40967,9218.98
40968,5731.8
40969,4022.08
40970,7997.36
40971,7365.7
40972,7625.67
40973,4611.61
40974,2603.0
40975,7038.22
40976,6493.37
40977,6263.26
40978,10152.9
40979,7064.23
40980,3939.51
40981,6641.41
40982,2859.66
40983,1445.54
40984,5798.26
40985,9518.32
40986,4632.77
40987,5234.43
40988,3393.69
40989,5327.69
40990,10426.69
40991,5538.75
40992,9999.8
40993,4975.84
40994,4741.44
40995,3681.38
40996,6243.88
40997,4107.67
40998,2211.73
40999,4755.18
41000,3779.79
41001,7557.91
41002,4356.9
41003,5289.67
41004,5350.5
41005,7886.49
41006,4820.73
41007,3823.03
41008,8918.64
41009,8893.06
41010,7409.9
41011,2731.74
41012,6619.62
41013,5367.4
41014,3830.11
41015,8342.92
41016,10061.16
41017,7012.63
41018,6341.71
41019,5550.89
41020,5472.69
41021,11428.19
41022,3515.99
41023,3983.88
41024,5419.18
41025,7486.29
41026,6026.66
41027,10403.2
41028,7909.68
41029,6474.73
41030,3310.25
41031,6905.32
41032,8178.22
41033,3663.31
41034,6490.55
41035,3468.52
41036,7019.0
41037,6407.81
41038,6157.16
41039,7156.64
41040,3754.05
41041,4736.94
41042,7012.14
41043,5041.2
41044,8360.13
41045,5986.43
41046,8145.89
41047,5576.41
41048,3290.37
41049,8581.3
41050,2971.52
41051,10000.87
41052,5742.32
41053,5427.78
41054,7303.79
41055,4501.68
41056,4507.18
41057,5564.71
41058,3484.83
41059,2869.18
41060,5639.78
41061,6882.81
41062,10435.16
41063,5638.95
41064,5940.86
41065,4302.08
41066,6618.76
41067,2702.43
41068,10701.12
41069,7093.49
41070,13357.79
41071,5863.86
41072,5613.05
41073,8542.53
41074,7850.69
41075,3428.18
41076,8499.06
41077,7265.35
41078,5403.46
41079,6078.51
41080,4730.83
41081,3138.8
41082,6049.43
41083,3819.45
41084,3052.4
41085,9008.27
41086,5954.68
41087,20823.07
41088,6748.48
