Id,Sales
1,4083.82421875
2,7515.97607421875
3,8422.181640625
4,6847.9833984375
5,7049.46337890625
6,5788.77001953125
7,7238.115234375
8,7695.11376953125
9,5709.6708984375
10,5348.93994140625
11,6222.36376953125
12,7966.294921875
13,7076.3974609375
14,8811.923828125
15,5237.16162109375
16,4421.6923828125
17,5605.5302734375
18,9511.1396484375
19,10506.568359375
20,9191.90625
21,7910.6396484375
22,5078.3642578125
23,5496.44287109375
24,4614.119140625
25,7563.89404296875
26,10730.59375
27,8905.5419921875
28,5094.42919921875
29,5822.4287109375
30,4668.240234375
31,5612.6572265625
32,11016.857421875
33,6516.5107421875
34,5102.79541015625
35,5166.71435546875
36,9510.626953125
37,3211.046875
38,7456.44775390625
39,4204.98486328125
40,7329.03662109375
41,7200.9091796875
42,4980.88818359375
43,7995.23974609375
44,6635.12744140625
45,4957.8681640625
46,6621.97705078125
47,7258.6904296875
48,11924.775390625
49,5653.8974609375
50,8475.4453125
51,6779.90185546875
52,8876.0546875
53,6386.87939453125
54,9580.1318359375
55,4623.60009765625
56,5136.40478515625
57,5816.71875
58,5547.1357421875
59,9006.45703125
60,7449.400390625
61,5569.8515625
62,7470.88720703125
63,6732.01123046875
64,10191.5185546875
65,3827.46875
66,12003.5947265625
67,4709.52197265625
68,5522.9951171875
69,8107.6904296875
70,4633.583984375
71,6313.75927734375
72,6341.8486328125
73,7590.82080078125
74,6384.1298828125
75,5431.32958984375
76,7235.43310546875
77,7511.72265625
78,7024.30126953125
79,4724.44189453125
80,7310.87255859375
81,11790.970703125
82,6320.1318359375
83,4040.158935546875
84,6800.63037109375
85,6024.13427734375
86,5367.2001953125
87,7513.7626953125
88,3842.16845703125
89,7670.4375
90,5830.2802734375
91,6651.5263671875
92,6619.74365234375
93,3713.2939453125
94,5197.03369140625
95,5056.0322265625
96,8482.203125
97,7998.65966796875
98,5045.65576171875
99,4639.7353515625
100,7040.9326171875
101,6141.88427734375
102,5697.9140625
103,6423.91357421875
104,6336.4365234375
105,7188.2724609375
106,5508.11083984375
107,3802.618408203125
108,6767.63037109375
109,7997.31494140625
110,8085.96728515625
111,8874.63671875
112,7655.556640625
113,5521.29052734375
114,8237.9892578125
115,5329.76513671875
116,6950.97509765625
117,9189.4033203125
118,6093.6240234375
119,10110.501953125
120,7615.09716796875
121,7086.26171875
122,5846.2822265625
123,7035.45556640625
124,7940.234375
125,6910.15478515625
126,4476.46728515625
127,5600.08642578125
128,7620.2216796875
129,5710.69970703125
130,4198.9130859375
131,8388.6669921875
132,6452.4267578125
133,5493.3974609375
134,5756.68994140625
135,5199.60498046875
136,7266.8935546875
137,7077.0771484375
138,6808.88818359375
139,5663.0869140625
140,4542.55029296875
141,6081.09716796875
142,3839.785888671875
143,5963.10546875
144,5517.71826171875
145,8190.3857421875
146,6599.60107421875
147,6274.19873046875
148,11017.189453125
149,4847.75927734375
150,4896.69091796875
151,10046.8916015625
152,6827.69677734375
153,7822.27880859375
154,6919.5869140625
155,5342.45068359375
156,6162.9697265625
157,5431.54052734375
158,8622.6279296875
159,11541.1904296875
160,6466.1298828125
161,2805.577880859375
162,4398.8193359375
163,7715.76025390625
164,7903.80517578125
165,6174.87939453125
166,6609.951171875
167,4915.1103515625
168,5071.931640625
169,3685.863037109375
170,5689.57373046875
171,5822.56884765625
172,7364.068359375
173,7303.30859375
174,7786.40966796875
175,7844.1552734375
176,8908.298828125
177,7131.69482421875
178,5432.7626953125
179,9293.72265625
180,9999.376953125
181,5933.80224609375
182,7349.99755859375
183,5217.75048828125
184,6565.57666015625
185,4145.640625
186,7329.8662109375
187,5108.63720703125
188,9164.6396484375
189,6540.33203125
190,8197.634765625
191,7881.1279296875
192,5306.26904296875
193,8683.3056640625
194,18662.607421875
195,9678.09375
196,6174.59619140625
197,2814.69677734375
198,6599.34521484375
199,8429.1298828125
200,5569.6416015625
201,12849.7421875
202,15017.7392578125
203,4357.62841796875
204,5438.0537109375
205,9348.4072265625
206,4474.12744140625
207,8918.8291015625
208,6573.1533203125
209,7711.44482421875
210,5820.65966796875
211,7153.642578125
212,5387.75927734375
213,7296.90966796875
214,10133.2470703125
215,6172.3154296875
216,5760.63330078125
217,6885.625
218,5227.189453125
219,4887.78857421875
220,7262.4443359375
221,5455.748046875
222,5910.22509765625
223,6691.880859375
224,6022.9677734375
225,7198.35693359375
226,7262.6806640625
227,7109.546875
228,8116.53466796875
229,7214.0869140625
230,7739.669921875
231,5831.3818359375
232,3377.552001953125
233,6693.056640625
234,6089.771484375
235,5903.91943359375
236,4890.6767578125
237,8097.76123046875
238,7168.28369140625
239,9435.6904296875
240,6743.2744140625
241,5570.25341796875
242,5110.1748046875
243,3766.186279296875
244,9873.6083984375
245,5143.787109375
246,7369.919921875
247,15623.4873046875
248,7130.810546875
249,7082.4970703125
250,5847.97998046875
251,4453.591796875
252,6986.3232421875
253,3553.141357421875
254,5971.90771484375
255,10108.6669921875
256,5219.35595703125
257,16892.693359375
258,12750.099609375
259,4733.9326171875
260,6537.58154296875
261,5429.087890625
262,6879.64892578125
263,5195.43505859375
264,10944.9609375
265,7256.5283203125
266,9715.919921875
267,4481.783203125
268,7529.123046875
269,4911.3525390625
270,8164.50341796875
271,7149.43505859375
272,6457.18359375
273,6321.61083984375
274,6275.64111328125
275,8172.4765625
276,9138.162109375
277,5777.63720703125
278,10114.0361328125
279,6343.04443359375
280,9937.1484375
281,5298.5986328125
282,5304.123046875
283,5655.95751953125
284,10548.84375
285,5745.46630859375
286,7589.7255859375
287,7035.97265625
288,8720.0517578125
289,4925.03515625
290,8596.4052734375
291,6980.69189453125
292,3793.2470703125
293,12568.1005859375
294,17858.375
295,7061.75537109375
296,6473.66357421875
297,8794.9384765625
298,10426.00390625
299,10432.2509765625
300,5540.8916015625
301,7433.078125
302,5445.37890625
303,8383.5849609375
304,4260.91650390625
305,6408.361328125
306,5561.091796875
307,5846.88671875
308,6311.466796875
309,5276.408203125
310,4903.0546875
311,6923.2470703125
312,4035.18212890625
313,4742.181640625
314,6491.39990234375
315,6334.38623046875
316,9493.025390625
317,8113.72998046875
318,7543.44189453125
319,6195.5576171875
320,5979.7451171875
321,11309.32421875
322,7403.4306640625
323,5428.11865234375
324,5356.703125
325,7255.732421875
326,4478.7998046875
327,6968.8330078125
328,3267.08544921875
329,5021.88134765625
330,9014.91796875
331,5548.46435546875
332,5287.4658203125
333,8277.45703125
334,9761.771484375
335,12395.6171875
336,5780.12109375
337,8717.6796875
338,2697.05419921875
339,5201.9423828125
340,6131.3173828125
341,4254.14697265625
342,7932.0283203125
343,5865.68701171875
344,5343.47998046875
345,8548.306640625
346,9486.9345703125
347,9951.15625
348,5186.82177734375
349,5094.93359375
350,7644.69140625
351,6715.82763671875
352,5961.9384765625
353,5392.1689453125
354,6682.6162109375
355,9802.9501953125
356,4535.7509765625
357,5943.966796875
358,7601.28076171875
359,7816.98291015625
360,12641.3427734375
361,5638.55908203125
362,14541.2392578125
363,6572.2578125
364,4769.15771484375
365,3432.564208984375
366,5922.62451171875
367,5922.3984375
368,6037.5556640625
369,7189.06982421875
370,5428.85205078125
371,4838.7060546875
372,7162.97314453125
373,3811.51416015625
374,7250.046875
375,7107.9365234375
376,7478.97119140625
377,8882.0556640625
378,5523.345703125
379,8648.494140625
380,6189.55859375
381,5525.91650390625
382,6019.7529296875
383,5137.6943359375
384,10458.30859375
385,6473.21923828125
386,5085.15234375
387,7127.74169921875
388,8734.92578125
389,7492.1298828125
390,6277.5771484375
391,8217.92578125
392,5393.2626953125
393,6405.86181640625
394,7555.26220703125
395,8493.55078125
396,6485.349609375
397,6626.53955078125
398,5644.87890625
399,5078.92236328125
400,3627.85400390625
401,6209.2890625
402,7742.92919921875
403,8198.8076171875
404,10319.1298828125
405,11398.9140625
406,8323.4794921875
407,5751.86962890625
408,4967.0732421875
409,10283.474609375
410,11170.2509765625
411,8074.203125
412,8341.94921875
413,7736.2333984375
414,5852.06884765625
415,4332.29443359375
416,8154.76708984375
417,7199.1474609375
418,5950.9658203125
419,6101.62158203125
420,2603.27392578125
421,10787.884765625
422,5727.3720703125
423,4928.4189453125
424,4877.42333984375
425,5493.02880859375
426,6246.171875
427,8260.4228515625
428,6740.97802734375
429,4779.94140625
430,4324.60888671875
431,3988.50341796875
432,3583.95458984375
433,6621.54736328125
434,16611.36328125
435,4525.7939453125
436,5786.5166015625
437,6573.32177734375
438,5344.35693359375
439,5266.861328125
440,5010.17431640625
441,3758.521240234375
442,7490.9365234375
443,6833.4248046875
444,4308.22802734375
445,8546.580078125
446,6031.82177734375
447,4802.41162109375
448,8981.439453125
449,7076.5009765625
450,9290.37109375
451,5211.537109375
452,6491.201171875
453,4323.09228515625
454,4736.28662109375
455,14076.84375
456,10404.443359375
457,6799.77001953125
458,5611.61376953125
459,4816.78759765625
460,5726.17919921875
461,5108.294921875
462,10974.119140625
463,5192.7373046875
464,5352.1748046875
465,7712.52880859375
466,5056.31298828125
467,6269.89111328125
468,7324.3857421875
469,6656.94970703125
470,7064.13671875
471,3941.084716796875
472,5886.1533203125
473,6586.287109375
474,8530.513671875
475,8354.3916015625
476,6917.35595703125
477,4593.1240234375
478,7566.99462890625
479,5635.08837890625
480,4441.6611328125
481,6924.30517578125
482,7207.22802734375
483,6902.32177734375
484,6507.1845703125
485,5918.65966796875
486,6052.4033203125
487,5906.58984375
488,6876.4375
489,6313.96435546875
490,6402.587890625
491,9345.8310546875
492,5408.900390625
493,4411.3662109375
494,11676.7568359375
495,5831.68603515625
496,3154.20947265625
497,7431.91650390625
498,8456.900390625
499,10128.1103515625
500,4334.3291015625
501,5687.68798828125
502,5632.986328125
503,7024.57080078125
504,5597.57861328125
505,8386.7802734375
506,2751.32861328125
507,6062.810546875
508,6056.1748046875
509,5237.91162109375
510,5053.50146484375
511,6498.63818359375
512,7762.7021484375
513,5630.13232421875
514,8631.935546875
515,7036.5556640625
516,8680.1259765625
517,4858.3134765625
518,6727.6162109375
519,7345.23486328125
520,8831.5859375
521,7862.2236328125
522,5676.42529296875
523,9115.3037109375
524,7325.02001953125
525,7689.6533203125
526,3978.77392578125
527,3851.41650390625
528,9058.2958984375
529,6193.75390625
530,8864.6181640625
531,6590.47314453125
532,5564.55517578125
533,8552.2373046875
534,6602.5029296875
535,6969.0
536,8005.9287109375
537,6385.953125
538,9441.583984375
539,10575.8046875
540,7526.77197265625
541,5159.2392578125
542,6057.02099609375
543,4239.56005859375
544,0.0
545,8247.6005859375
546,5251.7578125
547,8223.3818359375
548,4659.65283203125
549,5854.2578125
550,5357.66845703125
551,9364.517578125
552,5313.70458984375
553,4856.58203125
554,6436.67041015625
555,7270.98193359375
556,4737.47998046875
557,7514.13232421875
558,7424.74609375
559,8133.06640625
560,7408.31982421875
561,7015.94091796875
562,5604.921875
563,4447.9365234375
564,4968.34814453125
565,9736.3115234375
566,9276.95703125
567,6470.89111328125
568,14585.8056640625
569,6609.087890625
570,4922.041015625
571,6538.7548828125
572,8468.8876953125
573,10169.9775390625
574,6908.97900390625
575,8261.845703125
576,7841.736328125
577,8390.189453125
578,6437.77587890625
579,5794.8896484375
580,4791.279296875
581,4707.49072265625
582,4145.88427734375
583,5683.97900390625
584,8289.5244140625
585,17244.716796875
586,6822.248046875
587,5671.7607421875
588,7529.88720703125
589,4748.9873046875
590,5994.90283203125
591,4361.94384765625
592,8881.0341796875
593,6438.3046875
594,6020.6142578125
595,13016.013671875
596,10203.8193359375
597,5644.55859375
598,6868.67578125
599,3753.072998046875
600,4957.00390625
601,5482.21533203125
602,8390.9013671875
603,4875.15625
604,4861.53564453125
605,5364.9638671875
606,5022.52099609375
607,6706.82373046875
608,7343.1083984375
609,2841.3486328125
610,7365.19775390625
611,7081.486328125
612,7847.71630859375
613,4799.2216796875
614,3815.12060546875
615,7819.548828125
616,4434.5029296875
617,9233.8515625
618,4462.33935546875
619,4674.8486328125
620,6973.72216796875
621,5554.54150390625
622,4680.45068359375
623,5624.7568359375
624,6565.052734375
625,8511.4501953125
626,9316.2001953125
627,5189.67236328125
628,4320.50048828125
629,5748.5712890625
630,5803.19140625
631,4534.32275390625
632,5884.125
633,6738.77294921875
634,11334.21484375
635,7639.78125
636,6079.53076171875
637,7454.14404296875
638,4620.36181640625
639,8927.775390625
640,5904.95166015625
641,13164.63671875
642,5965.3271484375
643,5414.619140625
644,4824.41796875
645,3824.441162109375
646,7232.22412109375
647,19518.341796875
648,4177.66748046875
649,4349.6533203125
650,9071.5986328125
651,6103.23388671875
652,9508.6083984375
653,7989.49072265625
654,6059.31005859375
655,4976.42578125
656,3614.789306640625
657,9303.1591796875
658,6070.68359375
659,7158.060546875
660,7284.3974609375
661,5830.6708984375
662,6590.580078125
663,6100.25634765625
664,3596.710205078125
665,8696.7353515625
666,8389.365234375
667,4479.89111328125
668,7832.05712890625
669,7242.03125
670,4812.796875
671,9710.6474609375
672,6843.49755859375
673,7575.2880859375
674,4505.5185546875
675,4982.0478515625
676,6091.22216796875
677,0.0
678,7999.29150390625
679,3950.4912109375
680,5716.04443359375
681,4537.7373046875
682,6321.75927734375
683,5584.0380859375
684,7485.3291015625
685,6833.79150390625
686,7746.80322265625
687,5785.15380859375
688,7106.623046875
689,6280.67578125
690,8152.91259765625
691,10193.1591796875
692,8054.98388671875
693,3122.59912109375
694,5782.5712890625
695,7294.2421875
696,3851.826904296875
697,10853.478515625
698,6261.28271484375
699,8483.9150390625
700,9375.2314453125
701,6901.81298828125
702,4420.6455078125
703,10904.12890625
704,9658.7451171875
705,5329.1630859375
706,8810.2099609375
707,9812.412109375
708,5029.8203125
709,6476.58349609375
710,6712.67236328125
711,5330.404296875
712,5843.14013671875
713,6524.73486328125
714,4474.14892578125
715,6195.5419921875
716,7109.3271484375
717,6519.90576171875
718,7988.73974609375
719,5377.1181640625
720,6126.96533203125
721,4728.6875
722,7879.8115234375
723,6945.21484375
724,6108.2158203125
725,8065.85498046875
726,7212.3896484375
727,9359.0849609375
728,5315.41259765625
729,5441.5458984375
730,6512.53955078125
731,7070.49755859375
732,5714.6572265625
733,4387.74072265625
734,4762.908203125
735,6920.08154296875
736,7661.9599609375
737,5465.1025390625
738,8063.2998046875
739,5588.41064453125
740,5796.12060546875
741,5001.83740234375
742,3062.589111328125
743,7448.6904296875
744,6233.89794921875
745,6196.05224609375
746,9495.08984375
747,7959.5732421875
748,4223.7412109375
749,8512.2998046875
750,4791.2724609375
751,3377.835205078125
752,7468.61865234375
753,10154.0517578125
754,8292.9384765625
755,6934.74951171875
756,4495.7265625
757,6288.51220703125
758,9385.3642578125
759,6245.28759765625
760,7834.5517578125
761,5027.33740234375
762,4298.888671875
763,5525.3837890625
764,5257.70751953125
765,5357.58251953125
766,5303.3583984375
767,5139.4931640625
768,4260.763671875
769,6571.2568359375
770,7564.66064453125
771,5118.162109375
772,5833.2734375
773,6840.71435546875
774,5988.17919921875
775,5794.15673828125
776,8388.8759765625
777,7070.474609375
778,5153.30322265625
779,3680.310546875
780,10846.541015625
781,6432.736328125
782,5308.68359375
783,8288.3486328125
784,7198.34765625
785,7113.115234375
786,5838.8583984375
787,7208.03466796875
788,8550.044921875
789,12067.6494140625
790,5038.05615234375
791,4689.669921875
792,4946.69921875
793,6557.68310546875
794,5947.12890625
795,7586.623046875
796,8603.888671875
797,5525.8515625
798,3899.7861328125
799,5586.193359375
800,8437.85546875
801,4587.185546875
802,7592.4931640625
803,3966.79443359375
804,6556.0283203125
805,8243.6396484375
806,6999.94677734375
807,8539.48046875
808,6445.2861328125
809,4940.72314453125
810,6331.8759765625
811,6558.61376953125
812,8334.12109375
813,7348.35888671875
814,8432.59765625
815,6517.666015625
816,4319.50439453125
817,9750.3232421875
818,4131.873046875
819,9093.0234375
820,5899.294921875
821,4644.64111328125
822,6872.21923828125
823,6157.72509765625
824,6056.03173828125
825,8873.625
826,4889.66845703125
827,4438.6728515625
828,7876.23046875
829,8203.7109375
830,8990.48828125
831,5164.8740234375
832,5922.52490234375
833,6242.87353515625
834,6659.89453125
835,5862.22119140625
836,9104.408203125
837,8704.44140625
838,11221.595703125
839,4191.998046875
840,5768.197265625
841,0.0
842,8559.5986328125
843,4834.78369140625
844,9116.130859375
845,6574.1513671875
846,6111.6201171875
847,5501.509765625
848,4925.2490234375
849,5438.19189453125
850,5941.0849609375
851,4640.60986328125
852,4695.3623046875
853,8496.7177734375
854,6966.67529296875
855,22726.1953125
856,6876.083984375
857,4437.93701171875
858,8119.65771484375
859,9494.126953125
860,6922.8701171875
861,7176.3779296875
862,6219.78466796875
863,8616.3681640625
864,8757.990234375
865,6663.23876953125
866,5493.57861328125
867,6601.3349609375
868,8629.990234375
869,7881.75732421875
870,7919.91552734375
871,5815.150390625
872,4777.52978515625
873,5939.01318359375
874,10735.375
875,10612.630859375
876,9867.5654296875
877,8329.5869140625
878,4993.93310546875
879,6394.73388671875
880,4999.072265625
881,8144.7802734375
882,11700.2666015625
883,9911.9638671875
884,5725.77001953125
885,6732.0146484375
886,4190.53662109375
887,5847.89453125
888,11861.8876953125
889,6769.46728515625
890,4962.4482421875
891,5421.5341796875
892,10277.6953125
893,3735.26171875
894,8122.7197265625
895,4464.3701171875
896,7304.1123046875
897,6711.11181640625
898,5894.84375
899,8195.134765625
900,7194.61474609375
901,5669.9169921875
902,6924.80810546875
903,7394.25
904,11300.7099609375
905,5691.779296875
906,8739.0634765625
907,7627.9111328125
908,9334.5078125
909,6907.8125
910,9901.095703125
911,5060.56005859375
912,5035.99072265625
913,6617.82568359375
914,5890.74658203125
915,9270.4013671875
916,7733.5576171875
917,5955.5419921875
918,7473.44482421875
919,6812.44873046875
920,9405.49609375
921,4110.67041015625
922,14212.6787109375
923,5500.42578125
924,6127.68212890625
925,8519.748046875
926,4925.35107421875
927,6362.61376953125
928,6611.48046875
929,7712.45166015625
930,6500.55615234375
931,6131.18017578125
932,7320.2041015625
933,8269.8623046875
934,7733.7587890625
935,5307.279296875
936,7568.81103515625
937,11896.78125
938,6750.630859375
939,5015.6025390625
940,6761.29345703125
941,6314.0517578125
942,6224.38330078125
943,7871.13427734375
944,4332.3154296875
945,8391.8994140625
946,6531.61279296875
947,6989.244140625
948,8027.6708984375
949,4322.50439453125
950,5710.20068359375
951,5567.1220703125
952,8651.7919921875
953,8440.2490234375
954,5063.01953125
955,5290.291015625
956,7252.291015625
957,6037.71533203125
958,6209.396484375
959,6899.04931640625
960,6485.5380859375
961,7525.2724609375
962,5932.85302734375
963,4400.435546875
964,7318.326171875
965,7964.03369140625
966,8370.1748046875
967,8592.5556640625
968,8441.65234375
969,5803.14111328125
970,9013.54296875
971,6301.7978515625
972,7450.05712890625
973,9174.8701171875
974,6080.20849609375
975,10800.05078125
976,8145.17529296875
977,7977.12744140625
978,5902.0146484375
979,7389.27197265625
980,8274.0947265625
981,6904.31201171875
982,4381.595703125
983,5777.095703125
984,8569.638671875
985,5707.18017578125
986,4759.52392578125
987,8856.177734375
988,7033.1953125
989,6028.77685546875
990,6385.55078125
991,5798.2783203125
992,7851.3125
993,7256.0498046875
994,7440.626953125
995,6220.21826171875
996,4928.60791015625
997,6487.330078125
998,4206.1025390625
999,6213.23046875
1000,5702.2578125
1001,8488.2900390625
1002,7481.68017578125
1003,6856.58349609375
1004,11417.8818359375
1005,6407.62890625
1006,5456.01025390625
1007,10816.4619140625
1008,7787.623046875
1009,8579.5087890625
1010,8029.30859375
1011,4679.34228515625
1012,6323.44189453125
1013,5759.3349609375
1014,8805.2783203125
1015,12589.1630859375
1016,6476.5400390625
1017,3438.879638671875
1018,5545.40673828125
1019,8365.62890625
1020,8320.3740234375
1021,6370.6162109375
1022,6738.205078125
1023,5166.3720703125
1024,5590.2421875
1025,3860.494873046875
1026,5374.73779296875
1027,5940.4677734375
1028,7741.47998046875
1029,7675.4736328125
1030,8991.0048828125
1031,8276.91015625
1032,9035.822265625
1033,7450.578125
1034,5392.1357421875
1035,9816.318359375
1036,11230.51953125
1037,5774.1611328125
1038,8032.61962890625
1039,5229.603515625
1040,6843.45703125
1041,4351.9423828125
1042,7626.92138671875
1043,5698.79833984375
1044,9588.6337890625
1045,7136.6484375
1046,8668.796875
1047,8347.5537109375
1048,5326.7900390625
1049,9307.8486328125
1050,19171.544921875
1051,10247.189453125
1052,6625.5283203125
1053,3274.2626953125
1054,7265.20458984375
1055,8918.001953125
1056,5492.4873046875
1057,12307.916015625
1058,15618.552734375
1059,4640.58203125
1060,6094.71337890625
1061,8165.328125
1062,5534.875
1063,9579.90234375
1064,6933.5
1065,8321.001953125
1066,6003.80078125
1067,7626.6123046875
1068,5988.1875
1069,7765.1826171875
1070,10560.66796875
1071,6337.1279296875
1072,5930.06787109375
1073,7191.97216796875
1074,5653.90966796875
1075,5386.5537109375
1076,7830.55712890625
1077,5542.9697265625
1078,6100.53955078125
1079,7220.65771484375
1080,6057.67578125
1081,7696.2607421875
1082,7412.72021484375
1083,7534.2666015625
1084,8665.0205078125
1085,7932.21826171875
1086,8029.2529296875
1087,5906.904296875
1088,4140.0029296875
1089,7502.68212890625
1090,6647.5859375
1091,6410.8193359375
1092,5374.734375
1093,8990.732421875
1094,7181.02099609375
1095,9920.8759765625
1096,7047.39208984375
1097,5564.02294921875
1098,5232.50439453125
1099,4341.69775390625
1100,10172.552734375
1101,5625.9384765625
1102,8235.1904296875
1103,15833.4541015625
1104,7305.91357421875
1105,6671.63818359375
1106,5414.9775390625
1107,4772.20556640625
1108,6900.7802734375
1109,4288.11328125
1110,6354.18359375
1111,10387.4189453125
1112,5308.96484375
1113,18024.28125
1114,13733.9384765625
1115,4705.69970703125
1116,7232.1337890625
1117,5884.9404296875
1118,7383.0888671875
1119,5760.9990234375
1120,11342.462890625
1121,6903.03466796875
1122,10311.7841796875
1123,5080.4287109375
1124,8102.0224609375
1125,5082.49609375
1126,8872.3427734375
1127,7308.2158203125
1128,6452.4912109375
1129,6255.78076171875
1130,5907.326171875
1131,8761.70703125
1132,9131.0107421875
1133,6342.82958984375
1134,10844.5537109375
1135,6455.224609375
1136,10705.1171875
1137,5759.53515625
1138,5834.9482421875
1139,6202.47900390625
1140,11908.1279296875
1141,6025.05078125
1142,6908.49365234375
1143,7450.2265625
1144,9053.61328125
1145,5287.4912109375
1146,8711.5673828125
1147,7411.91845703125
1148,4249.892578125
1149,14073.2587890625
1150,17563.99609375
1151,7431.01123046875
1152,7037.39990234375
1153,9242.0458984375
1154,10976.0693359375
1155,11427.865234375
1156,5955.5625
1157,7997.24609375
1158,5639.595703125
1159,8542.9248046875
1160,4641.1171875
1161,7097.423828125
1162,6304.5595703125
1163,6180.642578125
1164,6630.46337890625
1165,6055.16748046875
1166,5422.6318359375
1167,6747.7158203125
1168,3973.32861328125
1169,5341.32763671875
1170,6401.919921875
1171,7738.6220703125
1172,9592.4853515625
1173,8370.8359375
1174,7601.8818359375
1175,6375.50146484375
1176,6365.9853515625
1177,11536.0126953125
1178,7862.93310546875
1179,5949.7802734375
1180,5792.69970703125
1181,8290.6728515625
1182,4933.0849609375
1183,7535.544921875
1184,3488.80029296875
1185,5669.349609375
1186,8986.9912109375
1187,6109.78173828125
1188,5264.57373046875
1189,8482.423828125
1190,9466.8388671875
1191,13110.26171875
1192,7146.3134765625
1193,8484.9033203125
1194,3144.64501953125
1195,5535.92236328125
1196,6455.4404296875
1197,4527.9287109375
1198,8316.1513671875
1199,5389.8232421875
1200,5919.0185546875
1201,9487.103515625
1202,10760.9931640625
1203,8605.107421875
1204,5608.89599609375
1205,5354.52587890625
1206,9949.361328125
1207,8116.826171875
1208,6398.294921875
1209,5426.0693359375
1210,7587.39013671875
1211,9981.607421875
1212,4974.48876953125
1213,6716.28955078125
1214,8288.5478515625
1215,8684.16796875
1216,13032.60546875
1217,6426.57421875
1218,15691.0146484375
1219,6471.6044921875
1220,5411.2158203125
1221,3530.969970703125
1222,6716.7734375
1223,5942.70556640625
1224,6085.044921875
1225,7344.34814453125
1226,5973.70849609375
1227,4868.19775390625
1228,7193.58642578125
1229,4263.28515625
1230,7594.736328125
1231,7725.7841796875
1232,8002.6962890625
1233,9522.943359375
1234,5421.9365234375
1235,9307.4296875
1236,6698.1533203125
1237,5844.8056640625
1238,5708.9189453125
1239,6222.22802734375
1240,11022.8154296875
1241,6609.3046875
1242,5252.3359375
1243,8170.15380859375
1244,8817.7802734375
1245,7835.486328125
1246,6883.99658203125
1247,9164.521484375
1248,5852.8369140625
1249,6566.27587890625
1250,8194.2099609375
1251,8924.6357421875
1252,6718.81396484375
1253,7003.75048828125
1254,6301.2548828125
1255,5646.876953125
1256,4475.07666015625
1257,5946.66845703125
1258,7537.251953125
1259,8719.154296875
1260,10367.4873046875
1261,11684.859375
1262,8549.921875
1263,6376.83154296875
1264,5202.20458984375
1265,10939.0771484375
1266,11429.5625
1267,8382.9453125
1268,8641.0068359375
1269,8078.94091796875
1270,6329.46044921875
1271,4830.2685546875
1272,8170.72119140625
1273,7791.94580078125
1274,6397.1552734375
1275,6520.74951171875
1276,3151.89599609375
1277,11223.4541015625
1278,6208.79931640625
1279,5472.49267578125
1280,5347.771484375
1281,5493.03271484375
1282,6934.4609375
1283,9514.1787109375
1284,6870.4189453125
1285,5541.30859375
1286,4918.0673828125
1287,4923.68603515625
1288,3884.0869140625
1289,6920.00439453125
1290,17305.087890625
1291,4661.69287109375
1292,6059.63818359375
1293,7591.904296875
1294,5412.7255859375
1295,5955.31982421875
1296,5275.32861328125
1297,4049.2666015625
1298,7277.49951171875
1299,7238.9697265625
1300,4706.07958984375
1301,9063.6533203125
1302,6569.24853515625
1303,5583.2646484375
1304,9341.5966796875
1305,8023.73291015625
1306,10215.0361328125
1307,5940.599609375
1308,6834.2431640625
1309,4824.69482421875
1310,5133.447265625
1311,16256.2099609375
1312,11255.46484375
1313,6769.6083984375
1314,5987.0732421875
1315,4493.28076171875
1316,6498.50244140625
1317,4465.22021484375
1318,9790.46484375
1319,6141.0927734375
1320,5702.6796875
1321,8006.830078125
1322,5201.4111328125
1323,6856.96826171875
1324,7471.18310546875
1325,6824.9443359375
1326,6931.6396484375
1327,4319.51806640625
1328,5956.2177734375
1329,6711.083984375
1330,9263.12890625
1331,8799.2001953125
1332,7223.83935546875
1333,4626.64111328125
1334,7840.4345703125
1335,6404.77880859375
1336,4950.462890625
1337,7285.4697265625
1338,7507.4267578125
1339,6832.88427734375
1340,6994.70654296875
1341,6534.1552734375
1342,6124.25146484375
1343,5761.33447265625
1344,7190.40185546875
1345,6210.1962890625
1346,7184.953125
1347,9253.3017578125
1348,5354.61669921875
1349,4905.35400390625
1350,12258.8046875
1351,5961.84228515625
1352,4435.697265625
1353,8001.86181640625
1354,9223.53125
1355,11258.0947265625
1356,4649.3935546875
1357,5978.0732421875
1358,6248.22216796875
1359,7583.7373046875
1360,5724.60009765625
1361,8888.6796875
1362,3086.83154296875
1363,6811.73486328125
1364,6131.64208984375
1365,5787.1953125
1366,5504.81201171875
1367,7085.1220703125
1368,8517.859375
1369,5795.4482421875
1370,9385.0888671875
1371,7586.5439453125
1372,9058.4931640625
1373,5290.169921875
1374,6852.87451171875
1375,7274.373046875
1376,9011.4052734375
1377,8228.271484375
1378,4729.80859375
1379,8591.72265625
1380,6984.66552734375
1381,8122.58837890625
1382,4779.42724609375
1383,4260.71435546875
1384,9304.134765625
1385,6447.51513671875
1386,9391.1015625
1387,6596.81494140625
1388,5869.40087890625
1389,8000.0537109375
1390,6767.140625
1391,7152.57421875
1392,8354.8642578125
1393,6543.19580078125
1394,9662.9912109375
1395,10793.287109375
1396,7751.6298828125
1397,5493.75634765625
1398,6762.8251953125
1399,3878.52294921875
1400,0.0
1401,8311.8232421875
1402,5145.61083984375
1403,8539.7392578125
1404,4849.4072265625
1405,6026.39208984375
1406,5912.62255859375
1407,10356.74609375
1408,5361.79345703125
1409,5422.4453125
1410,6566.85498046875
1411,7714.38916015625
1412,4956.88037109375
1413,8252.234375
1414,7929.29443359375
1415,8615.3515625
1416,7432.39013671875
1417,6963.724609375
1418,5861.96484375
1419,4927.60107421875
1420,5098.4873046875
1421,10545.0458984375
1422,10055.0146484375
1423,7080.26123046875
1424,14460.2265625
1425,7044.3994140625
1426,4793.87744140625
1427,7147.5986328125
1428,8567.19140625
1429,10080.4619140625
1430,7232.83544921875
1431,8354.2392578125
1432,8270.7587890625
1433,9016.1337890625
1434,6959.4599609375
1435,5830.4931640625
1436,5363.28759765625
1437,4807.95361328125
1438,4592.92578125
1439,6051.18896484375
1440,8400.3955078125
1441,18264.7265625
1442,7405.650390625
1443,6251.076171875
1444,8090.9990234375
1445,4722.8720703125
1446,6522.294921875
1447,4624.81591796875
1448,8832.6279296875
1449,6623.7294921875
1450,6404.3681640625
1451,13806.318359375
1452,11255.6298828125
1453,6335.7294921875
1454,7112.84619140625
1455,4119.65625
1456,5450.1494140625
1457,6016.8837890625
1458,8369.6240234375
1459,5282.85986328125
1460,4560.5712890625
1461,5860.08544921875
1462,5839.30224609375
1463,7408.12109375
1464,7774.80029296875
1465,3283.388671875
1466,7331.0283203125
1467,7536.361328125
1468,8128.17626953125
1469,5327.78173828125
1470,4712.9072265625
1471,7880.03369140625
1472,4855.072265625
1473,9933.935546875
1474,4633.0810546875
1475,4945.4296875
1476,7190.12451171875
1477,5756.61181640625
1478,4988.26416015625
1479,5899.72802734375
1480,7319.90966796875
1481,9358.6572265625
1482,10604.9736328125
1483,5412.7763671875
1484,4818.34130859375
1485,6108.6669921875
1486,5639.5927734375
1487,4618.7373046875
1488,6338.68212890625
1489,6992.96728515625
1490,12065.8291015625
1491,8135.54052734375
1492,6543.1728515625
1493,8433.123046875
1494,4925.74365234375
1495,9160.59375
1496,5952.587890625
1497,14111.66796875
1498,6085.1630859375
1499,5765.50048828125
1500,5339.09130859375
1501,4211.36572265625
1502,7845.42041015625
1503,20903.654296875
1504,5232.0439453125
1505,4721.7080078125
1506,9470.1572265625
1507,7099.4443359375
1508,9401.25390625
1509,8407.6396484375
1510,6354.51611328125
1511,5343.349609375
1512,3855.6005859375
1513,9970.08984375
1514,6363.7744140625
1515,7648.0322265625
1516,7459.39501953125
1517,6385.59716796875
1518,7613.83642578125
1519,6354.0419921875
1520,4198.81396484375
1521,9353.29296875
1522,8735.5400390625
1523,4836.00732421875
1524,7850.4365234375
1525,6936.61328125
1526,5181.34228515625
1527,9397.9677734375
1528,6720.96044921875
1529,7441.34912109375
1530,4679.21923828125
1531,5433.58740234375
1532,7957.48583984375
1533,0.0
1534,8248.6787109375
1535,4972.9150390625
1536,6089.6640625
1537,4864.71533203125
1538,6364.0048828125
1539,6179.349609375
1540,7944.974609375
1541,7118.43359375
1542,7722.54833984375
1543,6102.46826171875
1544,7732.1875
1545,6924.84912109375
1546,9605.6357421875
1547,10016.58203125
1548,8338.7431640625
1549,3384.5634765625
1550,6018.8095703125
1551,7508.47314453125
1552,4691.1552734375
1553,11318.1494140625
1554,6735.02294921875
1555,8946.251953125
1556,10292.7666015625
1557,6626.2958984375
1558,4865.00537109375
1559,11192.5078125
1560,10321.572265625
1561,5718.21728515625
1562,9483.623046875
1563,9947.748046875
1564,5101.46533203125
1565,7294.16259765625
1566,7243.02587890625
1567,5812.65771484375
1568,6406.61669921875
1569,6599.45068359375
1570,4979.52392578125
1571,6915.8779296875
1572,7670.14892578125
1573,6895.8173828125
1574,8614.0712890625
1575,6258.0615234375
1576,6647.79248046875
1577,4502.50830078125
1578,8098.509765625
1579,7471.54296875
1580,6577.3388671875
1581,8727.8642578125
1582,7338.9404296875
1583,9695.9931640625
1584,5572.8935546875
1585,6182.25927734375
1586,6626.84130859375
1587,7384.7919921875
1588,6474.70458984375
1589,4865.486328125
1590,5596.82373046875
1591,8442.6689453125
1592,7503.6884765625
1593,5945.93115234375
1594,8026.892578125
1595,6239.26806640625
1596,6847.10400390625
1597,5066.76611328125
1598,3480.974609375
1599,7429.4765625
1600,6436.55322265625
1601,6744.10986328125
1602,10023.259765625
1603,9804.3466796875
1604,3900.26904296875
1605,8363.181640625
1606,5198.486328125
1607,3336.889892578125
1608,7557.806640625
1609,11407.9267578125
1610,8022.6298828125
1611,7510.01318359375
1612,4662.55078125
1613,6850.76123046875
1614,10010.4853515625
1615,6909.126953125
1616,8227.6513671875
1617,5617.25537109375
1618,4462.3876953125
1619,5643.50634765625
1620,5385.1572265625
1621,5911.4521484375
1622,6029.375
1623,5394.3427734375
1624,4520.97607421875
1625,7375.134765625
1626,8210.2529296875
1627,5741.4140625
1628,6188.08154296875
1629,7539.01220703125
1630,6727.0537109375
1631,5858.4326171875
1632,8890.341796875
1633,8295.083984375
1634,5490.27490234375
1635,4210.09375
1636,11870.5185546875
1637,6838.77587890625
1638,6034.3515625
1639,9110.759765625
1640,7853.3623046875
1641,7876.61572265625
1642,6334.40380859375
1643,7573.57958984375
1644,8991.5673828125
1645,14543.3525390625
1646,5639.7333984375
1647,4938.62548828125
1648,4728.76123046875
1649,6546.03759765625
1650,5911.759765625
1651,9190.583984375
1652,8305.5634765625
1653,6176.2607421875
1654,4021.750732421875
1655,6094.630859375
1656,8023.388671875
1657,5146.7138671875
1658,7785.51513671875
1659,4290.236328125
1660,6936.4736328125
1661,8929.931640625
1662,7422.25341796875
1663,9551.2060546875
1664,6894.73876953125
1665,4876.845703125
1666,6125.1220703125
1667,7468.99951171875
1668,8820.15234375
1669,7371.69873046875
1670,8363.748046875
1671,6624.6923828125
1672,4857.41552734375
1673,9922.794921875
1674,4492.62744140625
1675,9077.5478515625
1676,6321.9423828125
1677,4844.552734375
1678,7330.123046875
1679,6413.57666015625
1680,6712.2333984375
1681,9605.59765625
1682,5142.05224609375
1683,4522.86962890625
1684,8280.9775390625
1685,9225.296875
1686,9555.54296875
1687,5846.61572265625
1688,5983.52685546875
1689,6602.1005859375
1690,6564.97705078125
1691,5854.306640625
1692,9845.849609375
1693,9201.6083984375
1694,12971.46875
1695,4496.8662109375
1696,6043.79248046875
1697,0.0
1698,8962.4462890625
1699,5747.24951171875
1700,9739.8720703125
1701,6848.02880859375
1702,6122.1630859375
1703,5412.49365234375
1704,5511.521484375
1705,5699.6796875
1706,7436.40380859375
1707,5545.59326171875
1708,5282.9248046875
1709,9713.369140625
1710,7316.70703125
1711,22937.767578125
1712,7042.396484375
1713,4558.669921875
1714,9305.888671875
1715,10594.6630859375
1716,7496.6318359375
1717,8398.9287109375
1718,6688.3603515625
1719,8286.86328125
1720,9227.8349609375
1721,6578.2822265625
1722,6177.55517578125
1723,6790.978515625
1724,9220.4423828125
1725,7654.81884765625
1726,9246.1357421875
1727,7204.60009765625
1728,5326.14404296875
1729,6987.79541015625
1730,10750.4189453125
1731,11089.5185546875
1732,10829.73828125
1733,9435.58203125
1734,5948.89013671875
1735,6289.9248046875
1736,5293.56201171875
1737,8951.732421875
1738,11788.861328125
1739,9538.94140625
1740,6519.68896484375
1741,7074.529296875
1742,5310.72900390625
1743,6658.72314453125
1744,11551.4296875
1745,7676.6572265625
1746,5930.2841796875
1747,5714.09130859375
1748,10227.34765625
1749,4021.42724609375
1750,8520.5947265625
1751,5057.966796875
1752,7195.95263671875
1753,7674.9541015625
1754,5908.240234375
1755,8203.7841796875
1756,8104.07421875
1757,5791.35205078125
1758,8147.66796875
1759,7089.01513671875
1760,11898.9306640625
1761,6059.43310546875
1762,9627.8779296875
1763,7354.73974609375
1764,9951.6962890625
1765,7532.68408203125
1766,11157.2236328125
1767,5997.2900390625
1768,5971.732421875
1769,6993.0615234375
1770,6301.8828125
1771,10787.6904296875
1772,8094.55615234375
1773,6737.5615234375
1774,8148.65185546875
1775,7451.8671875
1776,10895.7197265625
1777,4724.72119140625
1778,14198.51171875
1779,5854.5322265625
1780,6773.01708984375
1781,9297.701171875
1782,5304.36181640625
1783,7134.5634765625
1784,7390.435546875
1785,8593.41796875
1786,6677.12841796875
1787,6090.392578125
1788,7911.01806640625
1789,8528.9443359375
1790,8373.6865234375
1791,5845.1142578125
1792,8084.6513671875
1793,12941.08984375
1794,7330.50439453125
1795,5036.50927734375
1796,7472.75439453125
1797,6392.62646484375
1798,6740.81884765625
1799,7851.06494140625
1800,4858.53369140625
1801,9054.8125
1802,6910.0107421875
1803,7842.5361328125
1804,7747.65283203125
1805,5111.0361328125
1806,5916.84375
1807,5986.3662109375
1808,9160.5439453125
1809,9512.6455078125
1810,5559.39697265625
1811,5607.81591796875
1812,8018.1767578125
1813,7033.30859375
1814,6416.822265625
1815,7374.59912109375
1816,7375.17578125
1817,7854.599609375
1818,6269.9814453125
1819,5155.46728515625
1820,8659.8046875
1821,7887.45068359375
1822,9570.794921875
1823,9080.9169921875
1824,8782.11328125
1825,6496.47900390625
1826,9191.81640625
1827,6976.6826171875
1828,8146.87158203125
1829,9991.591796875
1830,6869.82080078125
1831,12056.037109375
1832,8525.2548828125
1833,8739.0234375
1834,6888.0458984375
1835,8316.7451171875
1836,9038.5927734375
1837,8083.35302734375
1838,5395.68603515625
1839,6002.5888671875
1840,9187.9111328125
1841,6336.83349609375
1842,5166.5556640625
1843,10092.8251953125
1844,7142.5107421875
1845,6410.87158203125
1846,6805.11279296875
1847,6503.6640625
1848,8734.5009765625
1849,7857.22119140625
1850,7994.72216796875
1851,6240.43505859375
1852,5770.34326171875
1853,7150.2490234375
1854,4722.51513671875
1855,7581.71240234375
1856,6221.95556640625
1857,9093.568359375
1858,7985.13525390625
1859,7192.3828125
1860,11827.7138671875
1861,6259.97607421875
1862,5402.44873046875
1863,11686.65625
1864,7896.126953125
1865,8625.5517578125
1866,8423.9453125
1867,5058.2548828125
1868,6780.36474609375
1869,6424.30419921875
1870,9440.6728515625
1871,13609.2724609375
1872,7170.55908203125
1873,3628.640625
1874,5345.68359375
1875,8449.619140625
1876,8854.0341796875
1877,7840.9443359375
1878,7754.9345703125
1879,5424.61767578125
1880,6324.4306640625
1881,4228.87353515625
1882,6053.90966796875
1883,6357.86181640625
1884,8002.97314453125
1885,8568.8583984375
1886,9903.0205078125
1887,8303.486328125
1888,9506.6318359375
1889,7909.70654296875
1890,5796.099609375
1891,10906.1513671875
1892,12529.19140625
1893,6638.3583984375
1894,8973.927734375
1895,5614.271484375
1896,7456.9072265625
1897,4862.57958984375
1898,8760.8955078125
1899,6108.2255859375
1900,10048.9794921875
1901,7794.88720703125
1902,8720.4169921875
1903,8864.486328125
1904,5754.1064453125
1905,10590.4609375
1906,20287.513671875
1907,11480.484375
1908,7569.302734375
1909,3909.14892578125
1910,7361.880859375
1911,9783.6396484375
1912,6238.58935546875
1913,12753.39453125
1914,16023.037109375
1915,4712.10791015625
1916,6566.6103515625
1917,8526.537109375
1918,5778.130859375
1919,10217.9990234375
1920,8133.099609375
1921,8964.3564453125
1922,6103.97509765625
1923,7632.38037109375
1924,7237.13232421875
1925,8138.55517578125
1926,11572.4462890625
1927,6478.14501953125
1928,6338.3466796875
1929,7488.5693359375
1930,6318.650390625
1931,5909.45458984375
1932,8174.986328125
1933,6301.4560546875
1934,6877.7578125
1935,8659.380859375
1936,7315.822265625
1937,8588.91015625
1938,8166.47900390625
1939,8252.9501953125
1940,9088.619140625
1941,8074.31787109375
1942,8776.353515625
1943,6264.01611328125
1944,4058.05908203125
1945,6999.18505859375
1946,7390.17236328125
1947,6268.08935546875
1948,5474.13037109375
1949,10525.1025390625
1950,8515.826171875
1951,10384.0595703125
1952,8366.9423828125
1953,6400.6904296875
1954,6172.7431640625
1955,4431.34765625
1956,11666.3154296875
1957,5897.947265625
1958,8321.90625
1959,17438.7890625
1960,7777.86279296875
1961,6854.69384765625
1962,6120.81640625
1963,5642.02197265625
1964,8142.2236328125
1965,4677.578125
1966,6835.69384765625
1967,10825.8173828125
1968,5743.5068359375
1969,19261.990234375
1970,15322.1025390625
1971,5218.78662109375
1972,7848.03955078125
1973,6392.85009765625
1974,7833.978515625
1975,6660.09912109375
1976,11761.2568359375
1977,7364.25
1978,11351.33203125
1979,6104.4404296875
1980,8507.83984375
1981,4970.59912109375
1982,9791.0078125
1983,8054.8134765625
1984,7292.2783203125
1985,6885.765625
1986,5755.96435546875
1987,9536.9638671875
1988,9780.380859375
1989,6384.22216796875
1990,11586.7314453125
1991,6639.0126953125
1992,11397.7294921875
1993,6163.00146484375
1994,6122.5166015625
1995,6741.08056640625
1996,12042.8701171875
1997,6606.52490234375
1998,8048.20703125
1999,7600.9189453125
2000,9307.076171875
2001,5441.763671875
2002,9473.169921875
2003,8260.072265625
2004,4714.400390625
2005,14298.2744140625
2006,18311.234375
2007,8022.056640625
2008,7694.23046875
2009,10996.12109375
2010,11906.6572265625
2011,12260.849609375
2012,6812.4697265625
2013,8931.646484375
2014,6542.8447265625
2015,9517.6865234375
2016,5430.716796875
2017,7559.62841796875
2018,6134.16259765625
2019,7030.0615234375
2020,7418.6943359375
2021,6249.39990234375
2022,6226.81005859375
2023,7168.28369140625
2024,4851.4541015625
2025,5691.349609375
2026,7277.4013671875
2027,7529.4658203125
2028,10279.4677734375
2029,9090.0927734375
2030,8164.87841796875
2031,6810.14404296875
2032,6903.70068359375
2033,12387.8349609375
2034,8764.0791015625
2035,6397.75390625
2036,6186.03125
2037,9198.6806640625
2038,5071.1103515625
2039,7567.173828125
2040,4075.184326171875
2041,6365.0751953125
2042,10311.26171875
2043,6196.72021484375
2044,5904.8935546875
2045,9240.162109375
2046,9939.1298828125
2047,13708.8515625
2048,7127.52392578125
2049,8978.578125
2050,3496.04248046875
2051,6043.36083984375
2052,7205.63037109375
2053,5160.935546875
2054,8721.1279296875
2055,6221.17041015625
2056,6384.001953125
2057,9726.658203125
2058,11841.349609375
2059,9001.24609375
2060,6352.4765625
2061,6216.45751953125
2062,9576.2236328125
2063,8080.5419921875
2064,7090.4189453125
2065,6224.80810546875
2066,7734.44580078125
2067,11615.46484375
2068,5215.22021484375
2069,7387.87890625
2070,8918.630859375
2071,9161.2080078125
2072,14298.671875
2073,6881.6826171875
2074,16176.4658203125
2075,7412.36083984375
2076,5500.57080078125
2077,4010.927490234375
2078,7433.84228515625
2079,7050.01171875
2080,6653.408203125
2081,6766.14111328125
2082,6275.70166015625
2083,5570.9619140625
2084,7306.359375
2085,4638.2080078125
2086,8426.1728515625
2087,8318.5478515625
2088,9098.1142578125
2089,10411.4326171875
2090,6339.95166015625
2091,9995.93359375
2092,7011.9267578125
2093,6143.98046875
2094,6315.193359375
2095,5877.18505859375
2096,11638.2587890625
2097,7290.58154296875
2098,5958.86083984375
2099,8195.439453125
2100,9776.306640625
2101,8082.13818359375
2102,7571.84375
2103,9457.6328125
2104,6347.001953125
2105,6890.79833984375
2106,8882.2509765625
2107,8999.58203125
2108,7364.8447265625
2109,7545.3447265625
2110,6649.7177734375
2111,5517.88525390625
2112,4513.1083984375
2113,5827.67529296875
2114,8114.92724609375
2115,9162.453125
2116,11252.771484375
2117,12739.6259765625
2118,8932.677734375
2119,6498.9794921875
2120,5611.7919921875
2121,11547.072265625
2122,12002.0126953125
2123,9016.45703125
2124,9643.4638671875
2125,10124.0634765625
2126,6520.9833984375
2127,5285.61474609375
2128,8962.4091796875
2129,8403.693359375
2130,7043.4833984375
2131,7146.7578125
2132,3766.55126953125
2133,11764.322265625
2134,6006.16845703125
2135,6331.7958984375
2136,5632.14404296875
2137,5636.6611328125
2138,7773.20263671875
2139,10250.9248046875
2140,7395.318359375
2141,5807.96630859375
2142,5608.80859375
2143,4793.15283203125
2144,4298.39208984375
2145,7807.2646484375
2146,17233.51953125
2147,5442.45751953125
2148,6246.35498046875
2149,7803.5693359375
2150,6215.08203125
2151,5888.98291015625
2152,5366.87060546875
2153,4546.54736328125
2154,8349.62890625
2155,7860.39306640625
2156,5441.04248046875
2157,10018.9326171875
2158,7590.59423828125
2159,5754.60498046875
2160,9795.0712890625
2161,8752.58203125
2162,10793.09375
2163,6916.12060546875
2164,7924.0615234375
2165,5667.90283203125
2166,5720.28955078125
2167,16114.990234375
2168,11834.6748046875
2169,7202.52490234375
2170,6689.5654296875
2171,4945.375
2172,6733.662109375
2173,5474.32373046875
2174,10368.056640625
2175,6534.1806640625
2176,6252.994140625
2177,7874.50341796875
2178,5886.8037109375
2179,7993.8115234375
2180,8885.0361328125
2181,7714.04443359375
2182,7776.54296875
2183,4966.72900390625
2184,7085.826171875
2185,7189.39794921875
2186,10745.3642578125
2187,9490.626953125
2188,7860.11669921875
2189,5454.31298828125
2190,8287.9189453125
2191,6643.263671875
2192,4802.18896484375
2193,8025.84033203125
2194,7980.99267578125
2195,7625.8701171875
2196,7382.90673828125
2197,7150.333984375
2198,6612.75927734375
2199,6875.9541015625
2200,7837.3447265625
2201,6704.236328125
2202,8121.439453125
2203,10579.7451171875
2204,6320.53759765625
2205,5591.10986328125
2206,12961.2529296875
2207,6779.44091796875
2208,4409.28173828125
2209,9087.205078125
2210,9717.8828125
2211,12691.8916015625
2212,5079.865234375
2213,6625.3271484375
2214,6793.255859375
2215,8062.80859375
2216,6737.130859375
2217,9270.1640625
2218,3877.140625
2219,6947.75439453125
2220,6952.6630859375
2221,6578.30419921875
2222,6143.107421875
2223,7670.5244140625
2224,10229.40234375
2225,6737.04296875
2226,10362.734375
2227,8292.27734375
2228,9761.55078125
2229,5751.23583984375
2230,7760.1796875
2231,8232.1240234375
2232,9808.0341796875
2233,8678.3408203125
2234,5532.78759765625
2235,8680.2890625
2236,8207.283203125
2237,8349.3623046875
2238,5167.27001953125
2239,4419.07080078125
2240,10201.58984375
2241,7392.91796875
2242,10066.5341796875
2243,7704.275390625
2244,6624.2451171875
2245,9524.0869140625
2246,8064.27587890625
2247,8812.548828125
2248,8750.7099609375
2249,7501.130859375
2250,9890.84765625
2251,11533.4755859375
2252,8814.0537109375
2253,5860.45849609375
2254,7362.74072265625
2255,4945.09814453125
2256,0.0
2257,9336.21875
2258,5626.01611328125
2259,9952.4697265625
2260,5301.68310546875
2261,6792.7314453125
2262,6583.00048828125
2263,10039.556640625
2264,5532.0517578125
2265,5779.20556640625
2266,7044.7158203125
2267,8566.9287109375
2268,5333.24755859375
2269,8164.36962890625
2270,7818.068359375
2271,8792.3603515625
2272,7825.8046875
2273,7571.09619140625
2274,6215.97412109375
2275,5527.86474609375
2276,5734.20849609375
2277,12161.451171875
2278,10237.302734375
2279,7218.7587890625
2280,14717.2021484375
2281,7765.55419921875
2282,5822.50634765625
2283,7996.8486328125
2284,9615.765625
2285,11318.4755859375
2286,8169.2255859375
2287,9767.3671875
2288,8908.2119140625
2289,9442.373046875
2290,7149.89697265625
2291,6758.28466796875
2292,5853.365234375
2293,5331.22265625
2294,5000.9296875
2295,6457.275390625
2296,9516.958984375
2297,18575.1953125
2298,7852.662109375
2299,6943.7314453125
2300,8720.2666015625
2301,5064.87158203125
2302,6869.63916015625
2303,4726.1181640625
2304,9900.517578125
2305,7203.06396484375
2306,7095.423828125
2307,14645.462890625
2308,11080.630859375
2309,6765.3125
2310,8019.7353515625
2311,4492.5263671875
2312,5760.4873046875
2313,6320.84912109375
2314,8606.0107421875
2315,6094.1240234375
2316,5030.96728515625
2317,6500.60107421875
2318,6133.5615234375
2319,8320.865234375
2320,8492.6357421875
2321,3302.207275390625
2322,8167.95361328125
2323,8534.560546875
2324,8897.576171875
2325,6461.9248046875
2326,5191.1728515625
2327,8741.3056640625
2328,5333.23193359375
2329,10506.400390625
2330,5169.6552734375
2331,5891.2607421875
2332,7626.3349609375
2333,6574.7392578125
2334,5239.15625
2335,6113.087890625
2336,7801.51611328125
2337,10014.3193359375
2338,11543.111328125
2339,6015.93115234375
2340,5112.8125
2341,6569.08740234375
2342,6297.38232421875
2343,5512.30908203125
2344,7430.5029296875
2345,7722.064453125
2346,12887.9560546875
2347,8249.64453125
2348,6817.99853515625
2349,8752.416015625
2350,5589.9384765625
2351,10089.056640625
2352,6986.50341796875
2353,15427.607421875
2354,7243.3349609375
2355,6736.248046875
2356,6218.69287109375
2357,4215.4814453125
2358,8526.25390625
2359,22029.771484375
2360,5367.3935546875
2361,4976.56005859375
2362,11430.8798828125
2363,7776.2666015625
2364,10463.3427734375
2365,9030.17578125
2366,7378.1748046875
2367,5552.58056640625
2368,4271.51904296875
2369,10942.3134765625
2370,7262.939453125
2371,8218.8974609375
2372,8488.6328125
2373,7060.11474609375
2374,8239.19140625
2375,7211.9775390625
2376,4710.44775390625
2377,10057.7255859375
2378,9783.111328125
2379,5425.76123046875
2380,8581.41796875
2381,7697.37646484375
2382,5606.39306640625
2383,10109.2373046875
2384,7211.3037109375
2385,8023.09814453125
2386,5138.88037109375
2387,5605.4365234375
2388,7406.46826171875
2389,0.0
2390,8930.4150390625
2391,5552.73583984375
2392,6556.98974609375
2393,5870.4228515625
2394,7236.57080078125
2395,6795.91650390625
2396,8702.9765625
2397,8625.4736328125
2398,8544.1572265625
2399,6767.744140625
2400,7988.00048828125
2401,7211.2744140625
2402,10098.41015625
2403,10853.9990234375
2404,8786.60546875
2405,3944.884765625
2406,6988.4404296875
2407,8256.232421875
2408,4938.5634765625
2409,11400.0634765625
2410,6964.96484375
2411,9661.2626953125
2412,11883.24609375
2413,7388.49365234375
2414,5848.275390625
2415,13177.1435546875
2416,10719.6572265625
2417,6224.8251953125
2418,11065.1708984375
2419,11492.5859375
2420,5518.50244140625
2421,7499.75732421875
2422,7897.81103515625
2423,6951.20361328125
2424,6542.4755859375
2425,7428.31005859375
2426,5582.52685546875
2427,7683.4765625
2428,8058.56494140625
2429,7845.5751953125
2430,9644.4248046875
2431,6722.65380859375
2432,7278.97705078125
2433,5143.048828125
2434,8993.763671875
2435,8072.79296875
2436,6639.75537109375
2437,9217.427734375
2438,8220.0390625
2439,10851.98046875
2440,6590.29248046875
2441,7010.2060546875
2442,7334.630859375
2443,7619.20263671875
2444,7044.59765625
2445,4819.74365234375
2446,6058.5205078125
2447,8241.8671875
2448,7237.423828125
2449,6767.22509765625
2450,9164.83203125
2451,6770.95068359375
2452,7031.6826171875
2453,5502.79638671875
2454,4408.33642578125
2455,8972.6845703125
2456,7421.68505859375
2457,8494.3232421875
2458,10617.9482421875
2459,9693.509765625
2460,5246.97216796875
2461,8922.3134765625
2462,4991.5869140625
2463,4001.821533203125
2464,8766.689453125
2465,11950.2470703125
2466,8593.9189453125
2467,8286.6279296875
2468,5835.455078125
2469,7990.56494140625
2470,10689.076171875
2471,7386.689453125
2472,9060.0615234375
2473,5798.29443359375
2474,4793.2841796875
2475,6434.650390625
2476,5720.39208984375
2477,6486.01171875
2478,6458.32080078125
2479,5104.84228515625
2480,4796.06689453125
2481,7434.6796875
2482,9433.2861328125
2483,6581.4560546875
2484,7408.2900390625
2485,8065.39501953125
2486,6629.2119140625
2487,6488.55810546875
2488,8092.5673828125
2489,8074.7041015625
2490,5272.416015625
2491,4614.87939453125
2492,14785.2021484375
2493,6772.70849609375
2494,6892.6953125
2495,9537.103515625
2496,8487.2529296875
2497,8276.03515625
2498,7006.31982421875
2499,8310.7294921875
2500,11275.0068359375
2501,14888.1162109375
2502,6591.8564453125
2503,5922.80419921875
2504,5014.9765625
2505,7004.23095703125
2506,6609.142578125
2507,8867.2529296875
2508,9663.4228515625
2509,6565.49951171875
2510,4573.85546875
2511,6698.97802734375
2512,8570.177734375
2513,5501.1982421875
2514,8461.9931640625
2515,4990.705078125
2516,7222.24609375
2517,9780.583984375
2518,8006.77783203125
2519,10479.34375
2520,7542.57861328125
2521,5687.01416015625
2522,6518.24169921875
2523,8433.822265625
2524,9416.05078125
2525,7881.6162109375
2526,8973.15234375
2527,7505.15185546875
2528,5089.787109375
2529,10537.3271484375
2530,5000.66015625
2531,10710.4423828125
2532,6727.62646484375
2533,5319.77392578125
2534,8335.4296875
2535,7422.08154296875
2536,7241.708984375
2537,10354.212890625
2538,4802.7001953125
2539,5097.58740234375
2540,9376.7392578125
2541,10562.794921875
2542,10125.3662109375
2543,6254.53564453125
2544,6808.337890625
2545,7963.5078125
2546,7656.4912109375
2547,6656.0283203125
2548,10882.0849609375
2549,9346.5625
2550,13554.54296875
2551,4996.0107421875
2552,6685.65869140625
2553,0.0
2554,9402.55078125
2555,6840.8837890625
2556,10389.6064453125
2557,7479.52197265625
2558,6858.76220703125
2559,6507.56689453125
2560,6223.4599609375
2561,6716.04541015625
2562,8384.0439453125
2563,6187.58447265625
2564,6323.45751953125
2565,10930.421875
2566,6797.923828125
2567,22751.111328125
2568,7375.26318359375
2569,5628.30810546875
2570,9848.326171875
2571,11819.96875
2572,8830.171875
2573,10214.8203125
2574,7302.92431640625
2575,9686.0986328125
2576,11039.7353515625
2577,7054.50732421875
2578,7276.42724609375
2579,8475.2021484375
2580,10998.7216796875
2581,9480.046875
2582,10610.4130859375
2583,8125.18408203125
2584,6268.10009765625
2585,9002.2216796875
2586,13945.3828125
2587,12839.240234375
2588,12642.75390625
2589,12415.6484375
2590,6125.8984375
2591,7062.62646484375
2592,5056.6376953125
2593,10571.505859375
2594,15866.0390625
2595,11590.89453125
2596,9017.1962890625
2597,7979.0400390625
2598,4959.01904296875
2599,8569.552734375
2600,13916.365234375
2601,9171.61328125
2602,6974.9765625
2603,7654.2275390625
2604,12290.3515625
2605,4505.060546875
2606,10687.2802734375
2607,6531.1240234375
2608,9729.2275390625
2609,10452.9638671875
2610,7109.89208984375
2611,10174.8837890625
2612,10350.625
2613,7056.87744140625
2614,8767.7734375
2615,9462.9521484375
2616,14986.4345703125
2617,7264.197265625
2618,12005.8486328125
2619,8692.095703125
2620,11005.708984375
2621,9822.78515625
2622,12998.125
2623,7558.70068359375
2624,7002.6181640625
2625,8244.4384765625
2626,7587.50830078125
2627,13432.5888671875
2628,10734.87109375
2629,7841.15771484375
2630,10347.830078125
2631,8333.822265625
2632,12806.1650390625
2633,5316.1767578125
2634,16607.470703125
2635,6099.125
2636,7885.556640625
2637,11026.5712890625
2638,6279.39697265625
2639,9102.6298828125
2640,8672.7373046875
2641,11181.361328125
2642,8126.29052734375
2643,7560.82763671875
2644,10142.3662109375
2645,10395.9345703125
2646,9939.537109375
2647,7731.02978515625
2648,9434.62890625
2649,16506.03125
2650,8852.810546875
2651,5783.478515625
2652,9313.48828125
2653,7296.02490234375
2654,7780.6953125
2655,10417.4765625
2656,5443.98876953125
2657,11301.7763671875
2658,8348.158203125
2659,9554.412109375
2660,9519.6826171875
2661,5345.4765625
2662,7915.6630859375
2663,7011.69287109375
2664,12053.60546875
2665,10460.1669921875
2666,6212.7841796875
2667,6711.9853515625
2668,9866.2734375
2669,8375.4326171875
2670,7991.69970703125
2671,8594.98046875
2672,8592.44140625
2673,9313.4443359375
2674,7299.45654296875
2675,5982.50439453125
2676,10032.7578125
2677,10458.7392578125
2678,10193.373046875
2679,12170.341796875
2680,11684.0478515625
2681,8075.16064453125
2682,11569.984375
2683,8145.837890625
2684,10155.9970703125
2685,13207.087890625
2686,8641.0244140625
2687,14206.8359375
2688,9323.310546875
2689,11507.359375
2690,7900.50341796875
2691,9622.658203125
2692,11630.51171875
2693,8935.2060546875
2694,5701.02099609375
2695,7286.37353515625
2696,11408.14453125
2697,7807.34619140625
2698,5812.84912109375
2699,12929.435546875
2700,7756.83349609375
2701,7584.6279296875
2702,7422.98095703125
2703,8211.064453125
2704,10598.671875
2705,9479.109375
2706,9903.59375
2707,8066.7431640625
2708,7304.18505859375
2709,9192.6748046875
2710,5256.5087890625
2711,8346.890625
2712,7732.1015625
2713,10481.7802734375
2714,8953.333984375
2715,7711.86572265625
2716,14255.1474609375
2717,7536.060546875
2718,6704.1279296875
2719,13790.0947265625
2720,8696.4912109375
2721,10938.1611328125
2722,8835.3447265625
2723,6646.80126953125
2724,8572.212890625
2725,7362.921875
2726,11473.212890625
2727,17059.259765625
2728,8594.66796875
2729,5342.16357421875
2730,6238.30322265625
2731,10378.822265625
2732,10676.9326171875
2733,8990.2548828125
2734,8996.33984375
2735,6154.65087890625
2736,6592.76318359375
2737,4450.42724609375
2738,6925.38818359375
2739,7693.36572265625
2740,10360.3916015625
2741,9522.1513671875
2742,11302.666015625
2743,10071.6748046875
2744,12363.23828125
2745,9491.962890625
2746,8016.06298828125
2747,12203.3427734375
2748,17298.46875
2749,8359.0830078125
2750,9777.1318359375
2751,7201.125
2752,8787.44921875
2753,7472.533203125
2754,10428.240234375
2755,8096.0771484375
2756,11563.1162109375
2757,9080.134765625
2758,11797.3984375
2759,10207.7861328125
2760,6684.80078125
2761,13216.240234375
2762,23480.998046875
2763,15182.646484375
2764,9401.9560546875
2765,4082.89111328125
2766,8192.6953125
2767,11048.8271484375
2768,6845.43115234375
2769,13314.669921875
2770,19073.48046875
2771,5745.201171875
2772,8337.521484375
2773,10112.09765625
2774,6990.92138671875
2775,12610.498046875
2776,10169.5927734375
2777,11718.8447265625
2778,6432.36669921875
2779,9698.1142578125
2780,8365.8583984375
2781,10285.33203125
2782,15645.0419921875
2783,8588.7294921875
2784,7449.23486328125
2785,9232.3515625
2786,7451.10986328125
2787,6848.04150390625
2788,9856.818359375
2789,8992.7900390625
2790,8781.56640625
2791,9511.75
2792,8014.7001953125
2793,9988.9287109375
2794,9543.4775390625
2795,10270.650390625
2796,11913.9453125
2797,9767.79296875
2798,9886.181640625
2799,7334.50244140625
2800,4847.810546875
2801,8449.3193359375
2802,8371.4931640625
2803,8437.201171875
2804,7005.51806640625
2805,11133.5087890625
2806,10649.16796875
2807,12983.63671875
2808,9359.2890625
2809,8182.64892578125
2810,7251.19482421875
2811,5065.99462890625
2812,14631.1572265625
2813,7023.01806640625
2814,9418.2177734375
2815,19958.6484375
2816,9572.421875
2817,7416.46484375
2818,6666.8896484375
2819,6610.45703125
2820,9605.123046875
2821,5541.64501953125
2822,7928.43408203125
2823,12604.6396484375
2824,7622.81884765625
2825,22545.0390625
2826,16663.923828125
2827,6443.8671875
2828,9364.205078125
2829,7044.56494140625
2830,9648.7177734375
2831,7580.8154296875
2832,14237.2138671875
2833,9778.1240234375
2834,13830.908203125
2835,8642.466796875
2836,10040.10546875
2837,6409.2587890625
2838,11661.3427734375
2839,9893.6123046875
2840,9258.8955078125
2841,8273.166015625
2842,6465.0400390625
2843,11859.2333984375
2844,11080.3193359375
2845,7856.830078125
2846,14721.107421875
2847,8369.908203125
2848,13212.4287109375
2849,6508.1533203125
2850,7504.03369140625
2851,8120.20458984375
2852,16415.193359375
2853,7965.63330078125
2854,10451.9091796875
2855,9806.9169921875
2856,11916.0302734375
2857,6844.7509765625
2858,10475.00390625
2859,9116.62109375
2860,5902.96630859375
2861,16173.982421875
2862,21018.869140625
2863,11503.6572265625
2864,9937.4375
2865,12740.984375
2866,14280.802734375
2867,14004.2880859375
2868,8185.81591796875
2869,11251.439453125
2870,8491.6083984375
2871,11534.6396484375
2872,5758.064453125
2873,8560.7060546875
2874,7308.857421875
2875,7965.6533203125
2876,9263.595703125
2877,7120.51611328125
2878,7604.2490234375
2879,9719.71875
2880,5575.10546875
2881,6721.55224609375
2882,8925.8359375
2883,9635.646484375
2884,13403.9453125
2885,11104.4716796875
2886,9820.4345703125
2887,8421.1298828125
2888,8485.572265625
2889,14661.6845703125
2890,9245.8671875
2891,7492.18603515625
2892,7974.1923828125
2893,10666.26953125
2894,6004.14453125
2895,9210.0634765625
2896,4867.64501953125
2897,7181.67236328125
2898,12343.4033203125
2899,7869.615234375
2900,8620.8427734375
2901,12074.1787109375
2902,12060.4775390625
2903,14874.75
2904,8227.146484375
2905,11627.6083984375
2906,4482.42333984375
2907,7521.86083984375
2908,8147.244140625
2909,6037.9560546875
2910,9216.5654296875
2911,7480.38330078125
2912,7485.064453125
2913,11885.0234375
2914,13750.0146484375
2915,10715.2548828125
2916,7563.4716796875
2917,7620.39404296875
2918,11731.8310546875
2919,9322.5732421875
2920,8315.8837890625
2921,7311.8642578125
2922,9101.3251953125
2923,13582.740234375
2924,6451.728515625
2925,9349.828125
2926,11325.220703125
2927,10583.0478515625
2928,16449.1953125
2929,8274.5576171875
2930,17302.05078125
2931,9242.89453125
2932,6908.0
2933,4653.68212890625
2934,8670.9365234375
2935,8443.4697265625
2936,8568.6435546875
2937,8423.2109375
2938,7751.669921875
2939,7007.92724609375
2940,8038.48291015625
2941,5941.2861328125
2942,9717.03515625
2943,10791.5830078125
2944,10808.2099609375
2945,12753.404296875
2946,8322.82421875
2947,11453.0986328125
2948,7602.46826171875
2949,7577.24072265625
2950,8449.587890625
2951,6820.83837890625
2952,13962.60546875
2953,9166.6083984375
2954,6489.44921875
2955,10581.890625
2956,12290.451171875
2957,10078.7666015625
2958,9210.3193359375
2959,11264.0986328125
2960,6811.828125
2961,7192.85595703125
2962,10757.75390625
2963,11249.474609375
2964,9361.45703125
2965,8999.9365234375
2966,9012.5390625
2967,7354.4111328125
2968,5484.412109375
2969,6885.4560546875
2970,10472.732421875
2971,10798.03125
2972,12901.79296875
2973,15871.2802734375
2974,10403.154296875
2975,7531.060546875
2976,6686.3056640625
2977,13374.3134765625
2978,15270.908203125
2979,12558.51953125
2980,10935.240234375
2981,10796.154296875
2982,7370.70751953125
2983,5902.76123046875
2984,10282.78515625
2985,10537.921875
2986,9519.755859375
2987,7962.56787109375
2988,4229.0185546875
2989,14420.794921875
2990,8507.943359375
2991,7764.9697265625
2992,6283.75732421875
2993,7018.23291015625
2994,8267.8515625
2995,13236.9765625
2996,8785.59765625
2997,6588.70068359375
2998,6258.68896484375
2999,5913.6982421875
3000,4769.36865234375
3001,9560.7001953125
3002,19881.30859375
3003,5486.23974609375
3004,8024.83642578125
3005,9387.693359375
3006,6303.42578125
3007,6840.734375
3008,6996.4208984375
3009,5879.7138671875
3010,9668.8388671875
3011,10082.6611328125
3012,5677.93896484375
3013,12736.146484375
3014,9399.76171875
3015,6708.4501953125
3016,12147.7861328125
3017,11196.8564453125
3018,11949.1044921875
3019,8407.775390625
3020,9097.2646484375
3021,6107.7744140625
3022,6328.20703125
3023,18344.48046875
3024,15760.5517578125
3025,9090.642578125
3026,7533.142578125
3027,6940.6923828125
3028,8084.568359375
3029,6007.533203125
3030,11716.6767578125
3031,7011.3818359375
3032,8113.39794921875
3033,10089.8857421875
3034,7188.88037109375
3035,9220.8544921875
3036,9073.0791015625
3037,10264.6484375
3038,10052.8994140625
3039,6411.1513671875
3040,7631.8564453125
3041,9614.7646484375
3042,12651.3291015625
3043,10817.2255859375
3044,9428.9853515625
3045,5826.90380859375
3046,10022.087890625
3047,7679.9248046875
3048,6081.10498046875
3049,9456.6328125
3050,10044.7294921875
3051,9572.6171875
3052,9785.0107421875
3053,8566.7470703125
3054,8112.38330078125
3055,8120.0810546875
3056,9001.673828125
3057,8284.8251953125
3058,10386.1357421875
3059,12436.6103515625
3060,7911.85546875
3061,6382.1142578125
3062,16245.59765625
3063,7608.94921875
3064,5206.3798828125
3065,10059.4228515625
3066,12720.3515625
3067,14389.6279296875
3068,6468.16552734375
3069,8353.5791015625
3070,7482.458984375
3071,9387.0341796875
3072,8409.9892578125
3073,12614.171875
3074,4780.1806640625
3075,8469.6552734375
3076,9053.052734375
3077,7462.37353515625
3078,7377.08447265625
3079,9007.6796875
3080,12136.9423828125
3081,7325.41650390625
3082,12286.1103515625
3083,10402.9736328125
3084,11504.5234375
3085,7288.2197265625
3086,8396.6865234375
3087,8916.845703125
3088,12448.462890625
3089,10892.1474609375
3090,5882.67724609375
3091,9198.576171875
3092,11151.302734375
3093,10469.2763671875
3094,6071.06494140625
3095,5442.38671875
3096,13865.3017578125
3097,8054.64453125
3098,11911.6728515625
3099,9625.072265625
3100,7243.1572265625
3101,12127.1943359375
3102,10259.806640625
3103,11316.689453125
3104,10479.7275390625
3105,9331.0869140625
3106,11698.162109375
3107,12952.4267578125
3108,9886.849609375
3109,6901.82666015625
3110,9436.068359375
3111,5883.4833984375
3112,0.0
3113,11410.2041015625
3114,7259.85302734375
3115,12200.841796875
3116,6595.52734375
3117,9712.99609375
3118,8363.9287109375
3119,11671.716796875
3120,7318.73095703125
3121,6944.0859375
3122,8954.8017578125
3123,9709.998046875
3124,7024.90087890625
3125,9419.583984375
3126,8755.7861328125
3127,9982.234375
3128,10152.958984375
3129,8957.2900390625
3130,6865.62744140625
3131,6249.50732421875
3132,6860.45654296875
3133,14862.5712890625
3134,12203.0087890625
3135,8878.2236328125
3136,15507.4326171875
3137,9608.69921875
3138,6834.765625
3139,9762.033203125
3140,11317.041015625
3141,14945.33203125
3142,9879.5927734375
3143,11567.2158203125
3144,11741.6279296875
3145,10926.2451171875
3146,9537.6767578125
3147,7741.3232421875
3148,7902.04345703125
3149,6958.37451171875
3150,5797.26025390625
3151,8257.2275390625
3152,11282.111328125
3153,21225.85546875
3154,9833.638671875
3155,7155.81298828125
3156,10814.22265625
3157,7197.154296875
3158,8954.021484375
3159,5219.72509765625
3160,12649.9150390625
3161,9087.91015625
3162,9172.7001953125
3163,18054.798828125
3164,12637.724609375
3165,8386.5439453125
3166,9699.25
3167,5242.6162109375
3168,6585.021484375
3169,7697.56494140625
3170,11058.5029296875
3171,7176.92919921875
3172,6093.2255859375
3173,7061.380859375
3174,6925.08056640625
3175,9482.208984375
3176,10914.9931640625
3177,3862.005615234375
3178,9816.47265625
3179,10500.9892578125
3180,10926.939453125
3181,8650.62109375
3182,6581.96875
3183,10539.3681640625
3184,6047.8662109375
3185,12649.2099609375
3186,6470.212890625
3187,7493.7294921875
3188,9449.0234375
3189,8190.7626953125
3190,5984.57421875
3191,8578.80078125
3192,10307.0205078125
3193,12036.8125
3194,14001.1669921875
3195,7311.64990234375
3196,5126.91162109375
3197,7545.36767578125
3198,7814.03271484375
3199,6225.919921875
3200,9366.0439453125
3201,8733.2265625
3202,14192.0087890625
3203,10539.4873046875
3204,8366.0341796875
3205,10100.1123046875
3206,6378.39794921875
3207,11958.6767578125
3208,7400.25048828125
3209,15917.3828125
3210,9180.1396484375
3211,8171.41650390625
3212,7002.95703125
3213,5528.4169921875
3214,9633.9248046875
3215,26883.56640625
3216,6177.55078125
3217,6515.14990234375
3218,12666.9091796875
3219,8679.4404296875
3220,10664.876953125
3221,11019.1435546875
3222,9141.390625
3223,7243.9443359375
3224,5733.00390625
3225,12657.3271484375
3226,8594.814453125
3227,8732.328125
3228,9445.333984375
3229,7259.646484375
3230,9744.013671875
3231,8481.2578125
3232,5297.38330078125
3233,11178.1435546875
3234,11050.0771484375
3235,5793.828125
3236,10175.5087890625
3237,9435.7978515625
3238,5762.9287109375
3239,12751.0244140625
3240,8830.1484375
3241,9628.1591796875
3242,6249.26513671875
3243,7836.96533203125
3244,8092.408203125
3245,0.0
3246,10465.142578125
3247,6547.33447265625
3248,7418.1650390625
3249,6552.72412109375
3250,9026.068359375
3251,6747.00927734375
3252,10039.64453125
3253,10985.931640625
3254,10314.4541015625
3255,9021.9208984375
3256,9460.71875
3257,7356.1162109375
3258,12170.353515625
3259,13758.7568359375
3260,10016.109375
3261,3986.83349609375
3262,7952.45263671875
3263,10241.85546875
3264,5812.51904296875
3265,14583.953125
3266,9430.810546875
3267,11427.634765625
3268,13167.17578125
3269,7937.9375
3270,6721.5146484375
3271,14344.6123046875
3272,13516.8310546875
3273,6998.75830078125
3274,11603.0107421875
3275,11278.87109375
3276,7844.37060546875
3277,7410.62451171875
3278,9730.640625
3279,7563.36669921875
3280,7869.0556640625
3281,9101.841796875
3282,6731.6162109375
3283,7960.5673828125
3284,10477.1982421875
3285,9522.31640625
3286,12404.8935546875
3287,7478.91162109375
3288,8365.60546875
3289,5546.38330078125
3290,9865.302734375
3291,9398.1796875
3292,8194.9853515625
3293,9503.943359375
3294,10066.4130859375
3295,12975.111328125
3296,8218.6787109375
3297,7760.576171875
3298,8735.431640625
3299,8776.9921875
3300,7775.31689453125
3301,5544.09912109375
3302,7153.4453125
3303,8918.7880859375
3304,7421.47216796875
3305,8827.419921875
3306,10757.044921875
3307,7997.759765625
3308,8182.16796875
3309,7117.8916015625
3310,4925.76171875
3311,10825.013671875
3312,8714.0546875
3313,9865.1728515625
3314,12332.259765625
3315,11080.1171875
3316,5623.33544921875
3317,10027.25
3318,5980.93701171875
3319,4029.544189453125
3320,11135.2763671875
3321,13541.6357421875
3322,9997.423828125
3323,10498.900390625
3324,7379.810546875
3325,9834.1728515625
3326,12704.7998046875
3327,8790.3984375
3328,10926.9716796875
3329,6804.751953125
3330,6016.77197265625
3331,6786.60498046875
3332,6934.45556640625
3333,7450.509765625
3334,8210.7998046875
3335,8082.26904296875
3336,6045.81982421875
3337,8068.306640625
3338,10057.12890625
3339,8919.8056640625
3340,8185.81103515625
3341,9576.80078125
3342,8045.14404296875
3343,7702.22265625
3344,11457.0498046875
3345,9905.4873046875
3346,8705.1943359375
3347,5889.6064453125
3348,16241.3876953125
3349,8605.9609375
3350,8840.03125
3351,13432.814453125
3352,9595.6552734375
3353,11443.462890625
3354,8146.05859375
3355,8885.1435546875
3356,11648.015625
3357,19179.2578125
3358,8457.65234375
3359,7191.9150390625
3360,6022.384765625
3361,8436.6767578125
3362,8480.072265625
3363,9195.7724609375
3364,12116.9228515625
3365,7645.8623046875
3366,5381.29833984375
3367,8577.4521484375
3368,10571.517578125
3369,6622.1806640625
3370,10307.787109375
3371,5087.86474609375
3372,9665.1376953125
3373,10781.712890625
3374,9708.66015625
3375,11755.2060546875
3376,8818.541015625
3377,7095.951171875
3378,7932.466796875
3379,10125.15234375
3380,10983.009765625
3381,9701.505859375
3382,10763.0810546875
3383,9028.7900390625
3384,6771.21044921875
3385,12453.140625
3386,5160.68017578125
3387,11930.66796875
3388,8027.95751953125
3389,6966.89794921875
3390,9789.279296875
3391,7962.23876953125
3392,8565.857421875
3393,11605.890625
3394,6176.58837890625
3395,6458.078125
3396,11066.2236328125
3397,13198.546875
3398,11158.3837890625
3399,7518.52685546875
3400,7590.88037109375
3401,9596.92578125
3402,8913.6494140625
3403,8248.5693359375
3404,13441.2333984375
3405,12526.033203125
3406,14473.9453125
3407,6578.798828125
3408,7988.873046875
3409,0.0
3410,12234.615234375
3411,7889.74462890625
3412,13169.5185546875
3413,8639.9716796875
3414,8415.4853515625
3415,7911.85107421875
3416,8313.2001953125
3417,7225.642578125
3418,9128.921875
3419,7992.14453125
3420,7664.4140625
3421,14932.466796875
3422,8263.7138671875
3423,24557.42578125
3424,9916.408203125
3425,0.0
3426,0.0
3427,0.0
3428,0.0
3429,0.0
3430,0.0
3431,0.0
3432,0.0
3433,0.0
3434,0.0
3435,0.0
3436,0.0
3437,0.0
3438,0.0
3439,0.0
3440,0.0
3441,0.0
3442,0.0
3443,0.0
3444,0.0
3445,0.0
3446,0.0
3447,0.0
3448,0.0
3449,0.0
3450,0.0
3451,0.0
3452,0.0
3453,0.0
3454,0.0
3455,0.0
3456,0.0
3457,0.0
3458,0.0
3459,0.0
3460,0.0
3461,0.0
3462,0.0
3463,0.0
3464,0.0
3465,0.0
3466,0.0
3467,0.0
3468,0.0
3469,0.0
3470,0.0
3471,0.0
3472,0.0
3473,0.0
3474,0.0
3475,0.0
3476,0.0
3477,0.0
3478,0.0
3479,0.0
3480,0.0
3481,0.0
3482,0.0
3483,0.0
3484,0.0
3485,0.0
3486,0.0
3487,0.0
3488,0.0
3489,0.0
3490,0.0
3491,0.0
3492,0.0
3493,0.0
3494,0.0
3495,0.0
3496,0.0
3497,0.0
3498,0.0
3499,0.0
3500,0.0
3501,0.0
3502,0.0
3503,0.0
3504,0.0
3505,0.0
3506,0.0
3507,0.0
3508,0.0
3509,0.0
3510,0.0
3511,0.0
3512,0.0
3513,0.0
3514,0.0
3515,0.0
3516,3037.00439453125
3517,0.0
3518,0.0
3519,0.0
3520,0.0
3521,0.0
3522,0.0
3523,0.0
3524,0.0
3525,0.0
3526,0.0
3527,0.0
3528,0.0
3529,0.0
3530,0.0
3531,0.0
3532,0.0
3533,0.0
3534,0.0
3535,0.0
3536,0.0
3537,0.0
3538,0.0
3539,0.0
3540,0.0
3541,0.0
3542,0.0
3543,0.0
3544,0.0
3545,0.0
3546,0.0
3547,0.0
3548,0.0
3549,0.0
3550,0.0
3551,0.0
3552,0.0
3553,0.0
3554,0.0
3555,0.0
3556,0.0
3557,0.0
3558,0.0
3559,0.0
3560,0.0
3561,0.0
3562,0.0
3563,0.0
3564,0.0
3565,0.0
3566,0.0
3567,0.0
3568,0.0
3569,0.0
3570,0.0
3571,0.0
3572,0.0
3573,0.0
3574,0.0
3575,0.0
3576,0.0
3577,0.0
3578,0.0
3579,0.0
3580,0.0
3581,0.0
3582,0.0
3583,0.0
3584,3458.18408203125
3585,0.0
3586,0.0
3587,0.0
3588,0.0
3589,0.0
3590,0.0
3591,0.0
3592,0.0
3593,0.0
3594,0.0
3595,0.0
3596,0.0
3597,0.0
3598,0.0
3599,0.0
3600,0.0
3601,0.0
3602,0.0
3603,0.0
3604,0.0
3605,0.0
3606,0.0
3607,0.0
3608,0.0
3609,0.0
3610,0.0
3611,0.0
3612,0.0
3613,0.0
3614,0.0
3615,0.0
3616,0.0
3617,0.0
3618,0.0
3619,0.0
3620,0.0
3621,0.0
3622,0.0
3623,0.0
3624,0.0
3625,17269.345703125
3626,24273.21875
3627,0.0
3628,0.0
3629,0.0
3630,0.0
3631,0.0
3632,0.0
3633,0.0
3634,8517.984375
3635,0.0
3636,0.0
3637,0.0
3638,0.0
3639,0.0
3640,0.0
3641,0.0
3642,0.0
3643,0.0
3644,0.0
3645,0.0
3646,0.0
3647,0.0
3648,0.0
3649,0.0
3650,0.0
3651,0.0
3652,0.0
3653,4578.77001953125
3654,0.0
3655,0.0
3656,0.0
3657,0.0
3658,0.0
3659,0.0
3660,0.0
3661,0.0
3662,0.0
3663,4160.15625
3664,0.0
3665,0.0
3666,0.0
3667,0.0
3668,0.0
3669,0.0
3670,0.0
3671,0.0
3672,0.0
3673,0.0
3674,0.0
3675,0.0
3676,0.0
3677,0.0
3678,0.0
3679,0.0
3680,0.0
3681,9495.3056640625
3682,0.0
3683,0.0
3684,0.0
3685,0.0
3686,0.0
3687,0.0
3688,0.0
3689,0.0
3690,0.0
3691,0.0
3692,0.0
3693,0.0
3694,0.0
3695,0.0
3696,0.0
3697,0.0
3698,9554.3642578125
3699,0.0
3700,0.0
3701,0.0
3702,0.0
3703,0.0
3704,0.0
3705,0.0
3706,0.0
3707,0.0
3708,0.0
3709,0.0
3710,0.0
3711,0.0
3712,0.0
3713,0.0
3714,0.0
3715,0.0
3716,0.0
3717,0.0
3718,0.0
3719,0.0
3720,0.0
3721,0.0
3722,0.0
3723,0.0
3724,0.0
3725,0.0
3726,0.0
3727,0.0
3728,0.0
3729,0.0
3730,0.0
3731,0.0
3732,0.0
3733,0.0
3734,0.0
3735,0.0
3736,0.0
3737,0.0
3738,0.0
3739,0.0
3740,0.0
3741,0.0
3742,0.0
3743,0.0
3744,0.0
3745,0.0
3746,0.0
3747,0.0
3748,0.0
3749,0.0
3750,0.0
3751,0.0
3752,0.0
3753,0.0
3754,0.0
3755,0.0
3756,0.0
3757,0.0
3758,0.0
3759,0.0
3760,2350.20361328125
3761,0.0
3762,0.0
3763,0.0
3764,0.0
3765,0.0
3766,0.0
3767,0.0
3768,0.0
3769,0.0
3770,0.0
3771,0.0
3772,0.0
3773,0.0
3774,4727.75048828125
3775,0.0
3776,0.0
3777,0.0
3778,0.0
3779,0.0
3780,0.0
3781,0.0
3782,0.0
3783,0.0
3784,0.0
3785,0.0
3786,0.0
3787,0.0
3788,0.0
3789,0.0
3790,0.0
3791,0.0
3792,0.0
3793,0.0
3794,0.0
3795,0.0
3796,0.0
3797,0.0
3798,0.0
3799,0.0
3800,0.0
3801,0.0
3802,0.0
3803,0.0
3804,0.0
3805,0.0
3806,0.0
3807,0.0
3808,0.0
3809,0.0
3810,0.0
3811,0.0
3812,0.0
3813,0.0
3814,0.0
3815,0.0
3816,0.0
3817,7575.11767578125
3818,0.0
3819,0.0
3820,0.0
3821,0.0
3822,0.0
3823,0.0
3824,0.0
3825,0.0
3826,0.0
3827,3176.513671875
3828,0.0
3829,0.0
3830,0.0
3831,5480.4580078125
3832,0.0
3833,0.0
3834,0.0
3835,0.0
3836,0.0
3837,0.0
3838,0.0
3839,0.0
3840,0.0
3841,0.0
3842,0.0
3843,0.0
3844,0.0
3845,0.0
3846,0.0
3847,0.0
3848,0.0
3849,0.0
3850,0.0
3851,0.0
3852,0.0
3853,0.0
3854,0.0
3855,0.0
3856,0.0
3857,0.0
3858,20685.53125
3859,0.0
3860,0.0
3861,0.0
3862,0.0
3863,0.0
3864,0.0
3865,0.0
3866,0.0
3867,0.0
3868,0.0
3869,0.0
3870,0.0
3871,0.0
3872,6987.29443359375
3873,0.0
3874,0.0
3875,0.0
3876,0.0
3877,0.0
3878,0.0
3879,0.0
3880,0.0
3881,0.0
3882,0.0
3883,0.0
3884,0.0
3885,0.0
3886,0.0
3887,0.0
3888,0.0
3889,0.0
3890,0.0
3891,0.0
3892,0.0
3893,0.0
3894,0.0
3895,0.0
3896,0.0
3897,0.0
3898,0.0
3899,0.0
3900,0.0
3901,0.0
3902,0.0
3903,0.0
3904,0.0
3905,0.0
3906,0.0
3907,0.0
3908,0.0
3909,0.0
3910,0.0
3911,0.0
3912,0.0
3913,0.0
3914,0.0
3915,0.0
3916,0.0
3917,0.0
3918,0.0
3919,0.0
3920,0.0
3921,0.0
3922,0.0
3923,0.0
3924,0.0
3925,0.0
3926,0.0
3927,0.0
3928,0.0
3929,0.0
3930,0.0
3931,0.0
3932,0.0
3933,0.0
3934,0.0
3935,0.0
3936,0.0
3937,0.0
3938,0.0
3939,0.0
3940,0.0
3941,0.0
3942,0.0
3943,0.0
3944,0.0
3945,0.0
3946,0.0
3947,14180.41796875
3948,0.0
3949,0.0
3950,0.0
3951,0.0
3952,0.0
3953,0.0
3954,0.0
3955,0.0
3956,0.0
3957,0.0
3958,0.0
3959,0.0
3960,0.0
3961,0.0
3962,0.0
3963,0.0
3964,0.0
3965,0.0
3966,0.0
3967,0.0
3968,0.0
3969,0.0
3970,0.0
3971,0.0
3972,0.0
3973,0.0
3974,0.0
3975,0.0
3976,0.0
3977,0.0
3978,0.0
3979,0.0
3980,0.0
3981,0.0
3982,0.0
3983,0.0
3984,0.0
3985,0.0
3986,0.0
3987,0.0
3988,0.0
3989,0.0
3990,0.0
3991,3900.21435546875
3992,17086.654296875
3993,0.0
3994,0.0
3995,0.0
3996,0.0
3997,0.0
3998,0.0
3999,0.0
4000,0.0
4001,0.0
4002,0.0
4003,0.0
4004,0.0
4005,0.0
4006,0.0
4007,0.0
4008,0.0
4009,0.0
4010,0.0
4011,0.0
4012,0.0
4013,0.0
4014,0.0
4015,0.0
4016,0.0
4017,0.0
4018,0.0
4019,0.0
4020,11684.1171875
4021,0.0
4022,0.0
4023,0.0
4024,0.0
4025,0.0
4026,0.0
4027,0.0
4028,0.0
4029,0.0
4030,0.0
4031,0.0
4032,0.0
4033,0.0
4034,0.0
4035,0.0
4036,0.0
4037,0.0
4038,0.0
4039,0.0
4040,0.0
4041,0.0
4042,0.0
4043,0.0
4044,0.0
4045,0.0
4046,0.0
4047,0.0
4048,0.0
4049,0.0
4050,0.0
4051,0.0
4052,0.0
4053,0.0
4054,0.0
4055,0.0
4056,0.0
4057,0.0
4058,0.0
4059,0.0
4060,0.0
4061,0.0
4062,0.0
4063,0.0
4064,0.0
4065,0.0
4066,0.0
4067,0.0
4068,0.0
4069,0.0
4070,0.0
4071,0.0
4072,0.0
4073,0.0
4074,0.0
4075,0.0
4076,0.0
4077,0.0
4078,0.0
4079,0.0
4080,0.0
4081,0.0
4082,0.0
4083,0.0
4084,0.0
4085,0.0
4086,0.0
4087,0.0
4088,0.0
4089,0.0
4090,2772.2041015625
4091,0.0
4092,0.0
4093,0.0
4094,2597.0458984375
4095,0.0
4096,0.0
4097,0.0
4098,0.0
4099,0.0
4100,0.0
4101,0.0
4102,0.0
4103,0.0
4104,0.0
4105,0.0
4106,0.0
4107,0.0
4108,0.0
4109,0.0
4110,0.0
4111,0.0
4112,0.0
4113,0.0
4114,0.0
4115,0.0
4116,0.0
4117,0.0
4118,0.0
4119,0.0
4120,0.0
4121,0.0
4122,0.0
4123,0.0
4124,0.0
4125,0.0
4126,0.0
4127,0.0
4128,0.0
4129,0.0
4130,0.0
4131,0.0
4132,0.0
4133,0.0
4134,0.0
4135,0.0
4136,0.0
4137,0.0
4138,0.0
4139,0.0
4140,0.0
4141,0.0
4142,0.0
4143,0.0
4144,0.0
4145,2484.739013671875
4146,0.0
4147,0.0
4148,0.0
4149,0.0
4150,0.0
4151,0.0
4152,0.0
4153,0.0
4154,0.0
4155,0.0
4156,0.0
4157,0.0
4158,0.0
4159,0.0
4160,11822.0634765625
4161,0.0
4162,0.0
4163,0.0
4164,0.0
4165,0.0
4166,0.0
4167,0.0
4168,0.0
4169,0.0
4170,0.0
4171,0.0
4172,0.0
4173,0.0
4174,0.0
4175,0.0
4176,0.0
4177,0.0
4178,0.0
4179,0.0
4180,0.0
4181,0.0
4182,0.0
4183,0.0
4184,0.0
4185,0.0
4186,0.0
4187,0.0
4188,0.0
4189,0.0
4190,0.0
4191,0.0
4192,0.0
4193,0.0
4194,0.0
4195,0.0
4196,0.0
4197,0.0
4198,0.0
4199,0.0
4200,0.0
4201,0.0
4202,0.0
4203,0.0
4204,0.0
4205,0.0
4206,0.0
4207,0.0
4208,0.0
4209,0.0
4210,0.0
4211,0.0
4212,0.0
4213,0.0
4214,0.0
4215,0.0
4216,0.0
4217,0.0
4218,0.0
4219,0.0
4220,0.0
4221,0.0
4222,0.0
4223,0.0
4224,3949.415283203125
4225,0.0
4226,0.0
4227,0.0
4228,0.0
4229,0.0
4230,0.0
4231,0.0
4232,0.0
4233,0.0
4234,0.0
4235,0.0
4236,0.0
4237,0.0
4238,0.0
4239,0.0
4240,0.0
4241,0.0
4242,0.0
4243,0.0
4244,0.0
4245,0.0
4246,0.0
4247,0.0
4248,0.0
4249,0.0
4250,0.0
4251,0.0
4252,0.0
4253,0.0
4254,0.0
4255,0.0
4256,0.0
4257,0.0
4258,0.0
4259,0.0
4260,0.0
4261,0.0
4262,0.0
4263,0.0
4264,0.0
4265,13955.9033203125
4266,5351.45166015625
4267,0.0
4268,0.0
4269,0.0
4270,0.0
4271,0.0
4272,0.0
4273,0.0
4274,0.0
4275,0.0
4276,0.0
4277,0.0
4278,0.0
4279,0.0
4280,0.0
4281,3888.866455078125
4282,4330.0400390625
4283,6214.19140625
4284,3721.631591796875
4285,6139.05712890625
4286,4332.5751953125
4287,5213.4482421875
4288,7138.37744140625
4289,4607.8251953125
4290,3160.209228515625
4291,5494.00634765625
4292,5417.0693359375
4293,4218.78369140625
4294,6243.85205078125
4295,6163.37255859375
4296,3322.598388671875
4297,3841.661376953125
4298,7006.9990234375
4299,7405.119140625
4300,6375.46484375
4301,7583.837890625
4302,3202.090576171875
4303,5368.5166015625
4304,2814.401123046875
4305,7797.626953125
4306,8328.7314453125
4307,8407.873046875
4308,5642.67333984375
4309,4576.4091796875
4310,5068.025390625
4311,5925.63427734375
4312,8120.837890625
4313,4079.205322265625
4314,5255.2607421875
4315,4544.12353515625
4316,5764.99462890625
4317,2610.327880859375
4318,7932.3359375
4319,4312.71728515625
4320,7325.01123046875
4321,6162.125
4322,3320.508056640625
4323,8811.9443359375
4324,6253.73583984375
4325,5186.0927734375
4326,3822.04150390625
4327,7814.6474609375
4328,10376.19921875
4329,6255.3935546875
4330,5998.642578125
4331,8362.6630859375
4332,8061.37255859375
4333,5940.36767578125
4334,6317.333984375
4335,2571.056640625
4336,2909.37109375
4337,4753.47900390625
4338,6140.06005859375
4339,8497.060546875
4340,7357.90185546875
4341,4163.37060546875
4342,8207.35546875
4343,6999.7421875
4344,4505.03759765625
4345,3284.35107421875
4346,10936.94921875
4347,3574.83203125
4348,4468.58984375
4349,6542.318359375
4350,4011.92626953125
4351,5769.697265625
4352,3350.537353515625
4353,6022.775390625
4354,5797.8662109375
4355,5251.185546875
4356,8609.98046875
4357,7143.3583984375
4358,4764.375
4359,3490.519287109375
4360,7651.2705078125
4361,12586.177734375
4362,5361.06884765625
4363,2904.35791015625
4364,6745.4248046875
4365,5605.92041015625
4366,6781.48681640625
4367,9632.1611328125
4368,2500.640869140625
4369,7519.31640625
4370,5023.78271484375
4371,5675.919921875
4372,6635.7646484375
4373,2850.544189453125
4374,4419.3330078125
4375,5236.9638671875
4376,8037.1513671875
4377,7137.28076171875
4378,4796.7666015625
4379,4547.251953125
4380,7286.03564453125
4381,6623.7734375
4382,5046.91943359375
4383,4825.931640625
4384,4746.5244140625
4385,6085.71728515625
4386,4459.21875
4387,3022.537841796875
4388,5617.7724609375
4389,6508.32080078125
4390,6894.291015625
4391,7337.8515625
4392,8043.61083984375
4393,4237.498046875
4394,7478.921875
4395,2950.776123046875
4396,3568.7353515625
4397,8442.361328125
4398,6694.32373046875
4399,7065.22216796875
4400,10170.3203125
4401,6548.7666015625
4402,5713.28955078125
4403,6776.3818359375
4404,7897.31103515625
4405,4375.2724609375
4406,3553.954833984375
4407,4887.615234375
4408,4896.5712890625
4409,4749.79296875
4410,3415.8388671875
4411,5863.86328125
4412,6191.01708984375
4413,5864.708984375
4414,6033.55712890625
4415,2750.604248046875
4416,6206.42333984375
4417,7181.71533203125
4418,3762.431884765625
4419,6027.29736328125
4420,3365.38232421875
4421,5555.8154296875
4422,2814.361572265625
4423,4180.48583984375
4424,4790.353515625
4425,6969.2802734375
4426,5770.880859375
4427,6677.76123046875
4428,12894.490234375
4429,3966.072509765625
4430,5913.216796875
4431,10006.607421875
4432,5792.41796875
4433,8152.78662109375
4434,5700.57275390625
4435,5053.798828125
4436,7189.8681640625
4437,4948.53466796875
4438,4605.3369140625
4439,8042.66748046875
4440,5175.2470703125
4441,2155.016357421875
4442,3245.43017578125
4443,7104.2509765625
4444,8716.9169921875
4445,6068.77490234375
4446,6248.443359375
4447,4572.263671875
4448,2404.472900390625
4449,2157.682861328125
4450,3639.240478515625
4451,5192.9287109375
4452,7071.56689453125
4453,5404.82470703125
4454,6847.8623046875
4455,8040.48095703125
4456,7970.8271484375
4457,7035.99365234375
4458,5691.60595703125
4459,8402.54296875
4460,8975.6494140625
4461,4267.4111328125
4462,5464.19287109375
4463,5297.373046875
4464,6557.166015625
4465,3693.777099609375
4466,4983.14892578125
4467,4348.17138671875
4468,8527.6552734375
4469,5864.72265625
4470,7239.2158203125
4471,6983.255859375
4472,4774.86767578125
4473,8257.81640625
4474,16410.80859375
4475,8083.51953125
4476,4526.82958984375
4477,4196.86328125
4478,6553.5244140625
4479,6133.00048828125
4480,4760.16455078125
4481,9710.494140625
4482,13671.5078125
4483,5279.78076171875
4484,3465.524658203125
4485,10163.4453125
4486,3518.669677734375
4487,5153.103515625
4488,3810.567626953125
4489,6264.27880859375
4490,0.0
4491,7001.0830078125
4492,5504.4921875
4493,5708.3046875
4494,9853.73046875
4495,6324.037109375
4496,6218.7001953125
4497,6843.2001953125
4498,4698.15380859375
4499,6619.70068359375
4500,9362.349609375
4501,5165.58544921875
4502,5814.0869140625
4503,4114.53759765625
4504,3495.78564453125
4505,5931.2587890625
4506,5082.8623046875
4507,5015.47314453125
4508,8523.1552734375
4509,8438.9892578125
4510,7137.1787109375
4511,4573.65478515625
4512,4396.52294921875
4513,4254.1640625
4514,4030.958984375
4515,6144.6162109375
4516,2887.467529296875
4517,6748.728515625
4518,5452.3994140625
4519,7644.4619140625
4520,5622.22607421875
4521,4637.5146484375
4522,3374.444091796875
4523,2244.02587890625
4524,8398.259765625
4525,5922.51611328125
4526,5423.0224609375
4527,12146.01171875
4528,7466.04150390625
4529,4029.6259765625
4530,5659.568359375
4531,2697.00830078125
4532,4237.9111328125
4533,4135.51953125
4534,4609.853515625
4535,9401.5419921875
4536,4848.6689453125
4537,9320.6982421875
4538,9563.5654296875
4539,5921.23486328125
4540,5986.50048828125
4541,4858.9716796875
4542,5132.150390625
4543,4787.6337890625
4544,10085.921875
4545,5694.033203125
4546,6776.4306640625
4547,3380.726318359375
4548,5654.5263671875
4549,5938.5703125
4550,7628.0556640625
4551,7082.3974609375
4552,6165.5693359375
4553,7112.12353515625
4554,5264.06640625
4555,8346.47265625
4556,6628.8896484375
4557,6938.04541015625
4558,8672.6328125
4559,6939.9462890625
4560,8870.2255859375
4561,3602.54638671875
4562,5584.7666015625
4563,5251.6328125
4564,8251.8876953125
4565,6677.4580078125
4566,6907.1396484375
4567,6453.85986328125
4568,6982.970703125
4569,5580.29638671875
4570,6582.9169921875
4571,6200.94384765625
4572,3111.450927734375
4573,9996.794921875
4574,16555.697265625
4575,6843.72119140625
4576,5772.640625
4577,6639.375
4578,7948.0546875
4579,7474.3896484375
4580,3313.947998046875
4581,4530.080078125
4582,5959.59521484375
4583,8836.1611328125
4584,2845.551025390625
4585,4179.96533203125
4586,5259.16650390625
4587,4788.76318359375
4588,3749.756103515625
4589,3557.30078125
4590,3099.164794921875
4591,7562.61376953125
4592,4150.6708984375
4593,5015.49169921875
4594,6026.1640625
4595,5473.88427734375
4596,9372.5966796875
4597,11698.4453125
4598,5368.02783203125
4599,7867.56787109375
4600,6562.4560546875
4601,9746.0986328125
4602,4683.99365234375
4603,3023.843505859375
4604,5159.53271484375
4605,11401.3759765625
4606,3980.9580078125
4607,7122.75
4608,2082.98193359375
4609,3346.947265625
4610,7693.83154296875
4611,6832.68896484375
4612,5202.84814453125
4613,9281.4814453125
4614,8680.7822265625
4615,8347.16796875
4616,4385.03125
4617,7809.53955078125
4618,2042.1973876953125
4619,3738.32861328125
4620,6690.05908203125
4621,4938.59423828125
4622,10760.7578125
4623,3009.6982421875
4624,6112.1142578125
4625,5464.2890625
4626,8452.1865234375
4627,8488.2978515625
4628,5093.3427734375
4629,3128.635498046875
4630,7592.86767578125
4631,9191.7109375
4632,4499.5087890625
4633,5906.78955078125
4634,9339.962890625
4635,6606.4287109375
4636,5150.5380859375
4637,3747.427978515625
4638,7909.70751953125
4639,4002.180419921875
4640,11613.4189453125
4641,7627.5771484375
4642,14967.845703125
4643,6896.25
4644,4922.009765625
4645,2022.520751953125
4646,5931.203125
4647,5722.72314453125
4648,5387.86962890625
4649,8831.56640625
4650,6155.74462890625
4651,2143.947509765625
4652,6002.58251953125
4653,3086.97509765625
4654,7139.3056640625
4655,7383.359375
4656,6388.3984375
4657,8161.84716796875
4658,5043.29443359375
4659,6799.33837890625
4660,6082.6513671875
4661,6085.10595703125
4662,6892.87158203125
4663,3812.160400390625
4664,8883.1318359375
4665,6293.7666015625
4666,3778.248046875
4667,5168.93701171875
4668,7680.83544921875
4669,5514.310546875
4670,4204.5771484375
4671,4896.923828125
4672,5269.41845703125
4673,5834.54736328125
4674,6457.13134765625
4675,9511.7373046875
4676,4291.79931640625
4677,3440.065673828125
4678,6161.0732421875
4679,5814.16748046875
4680,3157.728271484375
4681,4971.45849609375
4682,8579.82421875
4683,6579.59716796875
4684,9963.0712890625
4685,8217.595703125
4686,7463.419921875
4687,6011.21826171875
4688,4247.740234375
4689,10054.1298828125
4690,7889.64990234375
4691,7040.08251953125
4692,4798.34033203125
4693,5228.07861328125
4694,4775.25634765625
4695,2885.138916015625
4696,7460.43115234375
4697,7135.51904296875
4698,5697.37451171875
4699,4399.7666015625
4700,1996.9615478515625
4701,6812.16162109375
4702,6372.63525390625
4703,4706.296875
4704,4310.74853515625
4705,5667.115234375
4706,5243.82177734375
4707,4442.67236328125
4708,9842.8671875
4709,4971.6484375
4710,4796.99755859375
4711,3617.6298828125
4712,3074.8408203125
4713,4792.07177734375
4714,13466.6123046875
4715,3099.994873046875
4716,5859.23583984375
4717,5001.10400390625
4718,3749.621826171875
4719,3663.427001953125
4720,6317.41943359375
4721,2689.20654296875
4722,8983.1005859375
4723,6516.42333984375
4724,2276.284912109375
4725,8170.52001953125
4726,2992.058837890625
4727,3939.21142578125
4728,9491.9287109375
4729,7351.830078125
4730,8109.69970703125
4731,2401.535888671875
4732,4526.859375
4733,4573.44677734375
4734,4066.577392578125
4735,15259.521484375
4736,11675.482421875
4737,6131.2744140625
4738,3202.82666015625
4739,6231.23486328125
4740,4450.9931640625
4741,2959.458251953125
4742,7462.56689453125
4743,4604.28125
4744,5753.1904296875
4745,7179.50830078125
4746,5379.75048828125
4747,5145.3662109375
4748,5664.609375
4749,6278.0263671875
4750,6962.60205078125
4751,2742.7919921875
4752,6707.65380859375
4753,7021.93212890625
4754,8081.8408203125
4755,5928.796875
4756,7557.0380859375
4757,2454.01171875
4758,9223.62109375
4759,4895.572265625
4760,2558.840576171875
4761,4526.47509765625
4762,4631.38037109375
4763,4444.76513671875
4764,7259.38623046875
4765,3838.89501953125
4766,6572.0478515625
4767,5066.22705078125
4768,7736.22705078125
4769,8128.4892578125
4770,4932.26171875
4771,7850.2705078125
4772,6012.6171875
4773,2779.774169921875
4774,10960.7607421875
4775,3784.07080078125
4776,3387.8310546875
4777,6041.0380859375
4778,12963.25
4779,9549.15234375
4780,4324.38427734375
4781,4534.8203125
4782,5738.64013671875
4783,6799.83251953125
4784,5106.20166015625
4785,7596.0966796875
4786,3410.6162109375
4787,3958.5234375
4788,4170.806640625
4789,3476.528564453125
4790,3029.8125
4791,7318.59326171875
4792,6231.78125
4793,6000.19287109375
4794,5127.880859375
4795,8093.04736328125
4796,7567.80712890625
4797,4634.6201171875
4798,5246.8349609375
4799,5492.73486328125
4800,6901.08935546875
4801,5173.046875
4802,2369.95654296875
4803,6723.53857421875
4804,6620.20849609375
4805,6126.8291015625
4806,5367.935546875
4807,3222.958251953125
4808,9811.16015625
4809,2622.212890625
4810,8975.775390625
4811,5031.3203125
4812,4406.974609375
4813,8491.447265625
4814,3105.58154296875
4815,4364.03662109375
4816,8310.0185546875
4817,2823.01220703125
4818,6968.21337890625
4819,9245.2041015625
4820,6758.73046875
4821,2663.136474609375
4822,4928.2890625
4823,3426.4208984375
4824,2310.837158203125
4825,4951.564453125
4826,5711.97998046875
4827,5002.72998046875
4828,4370.85791015625
4829,5146.921875
4830,4151.29345703125
4831,8059.6337890625
4832,5441.83349609375
4833,5903.220703125
4834,4149.19384765625
4835,5218.96484375
4836,6485.51318359375
4837,6026.58349609375
4838,7669.50439453125
4839,7361.75537109375
4840,7845.73974609375
4841,5769.47216796875
4842,5197.43994140625
4843,3158.631591796875
4844,5704.712890625
4845,8428.4326171875
4846,5956.08251953125
4847,6583.623046875
4848,14415.140625
4849,3455.03515625
4850,5044.927734375
4851,4465.69091796875
4852,8302.9541015625
4853,9367.7080078125
4854,7659.13818359375
4855,8022.41748046875
4856,7674.91552734375
4857,6645.05712890625
4858,6634.4169921875
4859,4887.7900390625
4860,3475.966552734375
4861,5219.89892578125
4862,3259.587646484375
4863,3280.056884765625
4864,7117.38232421875
4865,18841.08203125
4866,5452.6162109375
4867,3718.575927734375
4868,4652.36328125
4869,5200.98291015625
4870,6402.7373046875
4871,2675.01025390625
4872,5782.732421875
4873,7021.55078125
4874,3529.394287109375
4875,10509.421875
4876,10987.060546875
4877,3707.951904296875
4878,4766.619140625
4879,4360.1611328125
4880,3721.08154296875
4881,5171.13671875
4882,8150.67236328125
4883,4971.5537109375
4884,5177.47900390625
4885,3521.709716796875
4886,5297.99853515625
4887,4352.44677734375
4888,7193.4775390625
4889,2884.736328125
4890,8346.2509765625
4891,5816.2314453125
4892,4631.72265625
4893,4415.771484375
4894,3788.345458984375
4895,4692.0244140625
4896,3543.140625
4897,9331.8330078125
4898,4489.0712890625
4899,3885.63427734375
4900,6070.28125
4901,5100.326171875
4902,5581.89013671875
4903,4607.04833984375
4904,5527.50732421875
4905,8806.583984375
4906,6147.32421875
4907,6254.1083984375
4908,3947.160888671875
4909,4463.9111328125
4910,4524.04638671875
4911,4085.094970703125
4912,4932.9404296875
4913,5605.6611328125
4914,10838.3310546875
4915,7236.501953125
4916,4418.18310546875
4917,5643.19091796875
4918,4339.32763671875
4919,6658.57080078125
4920,5749.00048828125
4921,8890.5830078125
4922,7043.63525390625
4923,5353.70556640625
4924,3468.6943359375
4925,2241.68359375
4926,4485.537109375
4927,21081.650390625
4928,2225.42236328125
4929,5051.68115234375
4930,6273.60205078125
4931,7372.51904296875
4932,7190.90185546875
4933,8504.97265625
4934,5289.72705078125
4935,6486.57177734375
4936,2691.478515625
4937,7686.09326171875
4938,4313.18896484375
4939,6991.64892578125
4940,8850.0634765625
4941,5269.27978515625
4942,7942.78955078125
4943,7188.80078125
4944,3572.352294921875
4945,6265.380859375
4946,6381.3125
4947,3069.25048828125
4948,8465.44921875
4949,6729.99072265625
4950,4821.20556640625
4951,9254.5791015625
4952,8815.9599609375
4953,6495.0849609375
4954,4470.11376953125
4955,4321.3037109375
4956,5354.55615234375
4957,0.0
4958,6098.90771484375
4959,2202.03369140625
4960,5476.4501953125
4961,2689.358642578125
4962,5859.1474609375
4963,5368.4287109375
4964,4463.18115234375
4965,5825.97998046875
4966,8520.79296875
4967,5721.9306640625
4968,7183.61181640625
4969,4978.013671875
4970,5603.23046875
4971,9465.4384765625
4972,6826.63330078125
4973,4702.76123046875
4974,4931.86279296875
4975,4815.6591796875
4976,4176.26123046875
4977,12410.8916015625
4978,6686.970703125
4979,6910.83544921875
4980,8534.30078125
4981,6398.548828125
4982,2788.573974609375
4983,13759.7041015625
4984,8110.544921875
4985,6631.41845703125
4986,7102.837890625
4987,6603.279296875
4988,7846.65771484375
4989,5887.04638671875
4990,4241.82275390625
4991,3351.97998046875
4992,4419.2529296875
4993,7356.39208984375
4994,2394.3447265625
4995,7668.70166015625
4996,7149.75634765625
4997,4692.6005859375
4998,6871.759765625
4999,4502.49853515625
5000,6409.32177734375
5001,3214.573486328125
5002,4923.7177734375
5003,4871.3017578125
5004,3852.674560546875
5005,6511.78369140625
5006,7080.404296875
5007,7955.00146484375
5008,5683.7958984375
5009,4267.66357421875
5010,6439.78271484375
5011,6897.6181640625
5012,5693.0322265625
5013,2940.51611328125
5014,3930.246337890625
5015,8620.62890625
5016,6140.07763671875
5017,3882.32568359375
5018,7711.20751953125
5019,6733.91845703125
5020,4738.02294921875
5021,4706.7353515625
5022,1439.1951904296875
5023,7025.28662109375
5024,6024.47216796875
5025,5145.609375
5026,8722.064453125
5027,6345.96484375
5028,3359.734375
5029,5829.0341796875
5030,4700.0458984375
5031,1176.21142578125
5032,5690.734375
5033,7484.939453125
5034,5725.697265625
5035,4258.37548828125
5036,2879.07373046875
5037,4740.92138671875
5038,6431.0830078125
5039,5542.388671875
5040,8705.673828125
5041,3800.749267578125
5042,4071.6494140625
5043,3560.505859375
5044,6292.14794921875
5045,3131.840087890625
5046,2843.869140625
5047,4985.45947265625
5048,3560.487548828125
5049,6058.3740234375
5050,4463.58154296875
5051,5362.98486328125
5052,5277.08642578125
5053,7195.673828125
5054,4650.103515625
5055,3295.676025390625
5056,9467.9296875
5057,6612.0771484375
5058,6323.83251953125
5059,2203.044677734375
5060,4630.22900390625
5061,6386.05126953125
5062,4323.91357421875
5063,8310.3525390625
5064,7623.5087890625
5065,5924.96484375
5066,6337.75537109375
5067,5794.87744140625
5068,7164.1943359375
5069,11318.3896484375
5070,3262.492919921875
5071,5072.11328125
5072,4796.26806640625
5073,5087.00927734375
5074,5978.859375
5075,8488.3173828125
5076,5313.69482421875
5077,6017.783203125
5078,2690.842529296875
5079,5588.05078125
5080,6556.86181640625
5081,3468.320556640625
5082,6225.55908203125
5083,3364.169921875
5084,6580.962890625
5085,6153.34619140625
5086,4855.90478515625
5087,5822.84375
5088,4409.2685546875
5089,5762.66064453125
5090,6537.27734375
5091,4776.9560546875
5092,8221.72265625
5093,5965.6953125
5094,9056.9248046875
5095,5401.677734375
5096,3697.91943359375
5097,8147.4892578125
5098,2719.270751953125
5099,8861.6591796875
5100,5718.42724609375
5101,5592.66943359375
5102,6945.83349609375
5103,4658.302734375
5104,4688.87109375
5105,6488.3017578125
5106,2484.908203125
5107,2896.702392578125
5108,5935.7734375
5109,6450.6181640625
5110,7054.99609375
5111,6344.44580078125
5112,5538.728515625
5113,3589.07373046875
5114,6372.005859375
5115,2941.3447265625
5116,10946.5283203125
5117,7142.7236328125
5118,12607.4951171875
5119,5148.5107421875
5120,4630.86181640625
5121,9325.7568359375
5122,7661.3515625
5123,3088.345458984375
5124,7400.33935546875
5125,5089.81884765625
5126,6333.85302734375
5127,6159.5859375
5128,5114.19482421875
5129,3678.17919921875
5130,5724.623046875
5131,4056.12060546875
5132,2308.68017578125
5133,7346.76171875
5134,6267.7880859375
5135,22754.263671875
5136,7559.576171875
5137,3192.526611328125
5138,5727.39306640625
5139,8656.337890625
5140,5266.03076171875
5141,6310.630859375
5142,4771.62158203125
5143,6489.35986328125
5144,6966.97119140625
5145,3710.78173828125
5146,4606.97900390625
5147,5481.212890625
5148,6819.17041015625
5149,5984.0185546875
5150,7214.60498046875
5151,4342.26806640625
5152,4511.66943359375
5153,4670.34375
5154,8653.318359375
5155,8696.9736328125
5156,7067.34765625
5157,6596.44189453125
5158,3653.86376953125
5159,5414.27587890625
5160,3749.45361328125
5161,7257.15478515625
5162,8824.4833984375
5163,8864.837890625
5164,4226.2958984375
5165,5631.28125
5166,3911.702392578125
5167,6349.7236328125
5168,8881.0791015625
5169,5555.5419921875
5170,4694.09033203125
5171,4158.73388671875
5172,6798.73974609375
5173,3423.200439453125
5174,6812.1748046875
5175,3469.77734375
5176,6681.9111328125
5177,6068.7783203125
5178,4633.03857421875
5179,7579.18701171875
5180,5649.73681640625
5181,4950.64501953125
5182,5890.60205078125
5183,6443.98193359375
5184,9547.7587890625
5185,5859.083984375
5186,6104.70849609375
5187,6753.65380859375
5188,8177.71484375
5189,5933.82861328125
5190,7710.78515625
5191,3518.593505859375
5192,4365.2109375
5193,5064.70361328125
5194,5643.83447265625
5195,8587.7587890625
5196,6656.8505859375
5197,4521.232421875
5198,6774.64501953125
5199,6617.44677734375
5200,7300.27978515625
5201,3466.8544921875
5202,10820.2412109375
5203,3578.272705078125
5204,5550.84423828125
5205,6858.05078125
5206,3470.748291015625
5207,4848.39013671875
5208,6177.1513671875
5209,6127.767578125
5210,6021.69970703125
5211,4474.23828125
5212,6988.892578125
5213,6729.43798828125
5214,4540.412109375
5215,5017.533203125
5216,6705.92333984375
5217,11321.5
5218,6069.19384765625
5219,3772.1611328125
5220,6449.59375
5221,5983.564453125
5222,6101.17333984375
5223,7591.28076171875
5224,3524.02001953125
5225,6926.26611328125
5226,5705.60400390625
5227,5728.6484375
5228,6397.76708984375
5229,4669.10205078125
5230,5139.05810546875
5231,4849.73974609375
5232,7094.896484375
5233,7262.31689453125
5234,4919.3486328125
5235,4417.39990234375
5236,6013.06787109375
5237,5523.38232421875
5238,4565.94384765625
5239,6651.8505859375
5240,5541.51708984375
5241,6023.50927734375
5242,4277.240234375
5243,4020.11181640625
5244,5453.59228515625
5245,7383.54248046875
5246,6818.64013671875
5247,7020.75830078125
5248,7021.93017578125
5249,4692.720703125
5250,7825.71142578125
5251,4437.41357421875
5252,4913.66162109375
5253,7705.68115234375
5254,5369.92578125
5255,8485.638671875
5256,7912.83984375
5257,6258.57861328125
5258,5640.0595703125
5259,6955.904296875
5260,7160.296875
5261,5569.84033203125
5262,4503.7333984375
5263,4962.1767578125
5264,6267.45166015625
5265,4605.41455078125
5266,3855.57275390625
5267,6691.876953125
5268,5886.69287109375
5269,5410.98681640625
5270,5050.86328125
5271,4392.4560546875
5272,5650.0078125
5273,6123.8876953125
5274,4941.98583984375
5275,5049.95849609375
5276,4871.2109375
5277,5489.0498046875
5278,3162.25732421875
5279,6045.47998046875
5280,4041.4306640625
5281,7312.61279296875
5282,6741.318359375
5283,6151.24462890625
5284,9894.65234375
5285,3434.92919921875
5286,5424.7138671875
5287,9048.6650390625
5288,5921.4765625
5289,7326.24609375
5290,6311.52685546875
5291,4508.619140625
5292,5676.31982421875
5293,5406.375
5294,6525.17919921875
5295,9178.1796875
5296,5898.17724609375
5297,2370.844970703125
5298,4091.291748046875
5299,6819.326171875
5300,7710.60302734375
5301,4882.361328125
5302,5389.3505859375
5303,4399.978515625
5304,4370.51806640625
5305,2960.76708984375
5306,4174.1318359375
5307,5301.74267578125
5308,6243.0400390625
5309,7108.27099609375
5310,11827.056640625
5311,7366.05859375
5312,7578.84814453125
5313,6780.19189453125
5314,4516.17529296875
5315,8494.525390625
5316,8527.708984375
5317,4912.0634765625
5318,6318.9248046875
5319,4160.9384765625
5320,5965.16650390625
5321,3483.556396484375
5322,5050.2578125
5323,3830.189697265625
5324,8274.4267578125
5325,6275.40966796875
5326,7175.25439453125
5327,7551.06689453125
5328,4769.2724609375
5329,7475.869140625
5330,15902.06640625
5331,7789.14013671875
5332,5032.41650390625
5333,2966.087890625
5334,5917.03564453125
5335,6512.92822265625
5336,5580.74365234375
5337,12035.5380859375
5338,14738.33984375
5339,4173.0107421875
5340,4389.66845703125
5341,7037.6826171875
5342,4448.90087890625
5343,6210.19775390625
5344,5080.21630859375
5345,6408.17431640625
5346,0.0
5347,6937.6953125
5348,5801.92529296875
5349,7069.02685546875
5350,8017.6083984375
5351,5755.736328125
5352,5833.0625
5353,6001.341796875
5354,3882.64013671875
5355,4647.6240234375
5356,8023.74658203125
5357,4990.9365234375
5358,5052.89990234375
5359,5852.296875
5360,4661.51953125
5361,5373.6640625
5362,6483.275390625
5363,5768.7626953125
5364,7887.93994140625
5365,7135.61669921875
5366,6880.64208984375
5367,5503.82470703125
5368,3420.624267578125
5369,5339.53662109375
5370,5370.17333984375
5371,5416.3251953125
5372,4086.156494140625
5373,6727.080078125
5374,5774.0390625
5375,8546.9208984375
5376,5566.19873046875
5377,4750.10693359375
5378,4437.0576171875
5379,4107.2802734375
5380,8128.0244140625
5381,4876.7861328125
5382,7585.34814453125
5383,13126.892578125
5384,7194.970703125
5385,5159.77294921875
5386,4968.0322265625
5387,3855.762451171875
5388,6217.6201171875
5389,3473.940185546875
5390,4935.5048828125
5391,9081.7158203125
5392,4985.05712890625
5393,11954.78125
5394,9977.6845703125
5395,5002.57177734375
5396,6114.4677734375
5397,5412.8642578125
5398,5939.0390625
5399,4561.0595703125
5400,10688.7861328125
5401,5761.75634765625
5402,7490.763671875
5403,3649.433837890625
5404,7097.1005859375
5405,5240.19384765625
5406,7697.81494140625
5407,6037.3818359375
5408,6829.7431640625
5409,6645.31689453125
5410,6412.791015625
5411,7202.888671875
5412,8200.310546875
5413,6138.3232421875
5414,8559.9375
5415,6243.18359375
5416,7650.78515625
5417,5001.6806640625
5418,4401.23291015625
5419,4764.02197265625
5420,7919.44677734375
5421,5608.4345703125
5422,6358.03955078125
5423,5815.4990234375
5424,7098.48095703125
5425,5324.09912109375
5426,7575.849609375
5427,5537.7939453125
5428,3537.7216796875
5429,10748.6123046875
5430,15210.505859375
5431,5598.71728515625
5432,5854.62548828125
5433,6537.95068359375
5434,8773.349609375
5435,9424.212890625
5436,4963.080078125
5437,6331.98486328125
5438,5284.1015625
5439,8064.79931640625
5440,4085.930908203125
5441,4983.1005859375
5442,4604.84814453125
5443,5086.12841796875
5444,5793.400390625
5445,4679.1826171875
5446,3286.24267578125
5447,6751.64306640625
5448,3578.88818359375
5449,4013.426025390625
5450,5384.93359375
5451,5239.755859375
5452,8298.7734375
5453,8250.2421875
5454,6612.68701171875
5455,6211.375
5456,6084.5732421875
5457,9363.9609375
5458,5772.97412109375
5459,4610.58203125
5460,4381.1181640625
5461,7879.568359375
5462,4175.45361328125
5463,6428.68310546875
5464,2793.264892578125
5465,3816.20263671875
5466,6975.6630859375
5467,5840.72607421875
5468,5095.05908203125
5469,8461.3876953125
5470,8675.3125
5471,10051.9521484375
5472,5993.02783203125
5473,9098.5810546875
5474,2878.166259765625
5475,5347.95751953125
5476,5836.02099609375
5477,3612.978515625
5478,7956.87060546875
5479,4434.50634765625
5480,6113.05126953125
5481,7983.0498046875
5482,8805.916015625
5483,6344.240234375
5484,4947.5478515625
5485,4337.072265625
5486,7606.287109375
5487,7198.89501953125
5488,4282.35986328125
5489,5230.68115234375
5490,5988.27685546875
5491,7285.1328125
5492,4097.6298828125
5493,5031.3623046875
5494,7003.8759765625
5495,6787.86279296875
5496,10853.9892578125
5497,5668.79736328125
5498,12588.4990234375
5499,6178.7109375
5500,4469.49658203125
5501,2633.4619140625
5502,5303.6494140625
5503,5508.9638671875
5504,5172.39892578125
5505,6821.32080078125
5506,4761.79345703125
5507,3793.18115234375
5508,5711.32958984375
5509,3372.5283203125
5510,6274.380859375
5511,6295.595703125
5512,7323.37109375
5513,7300.96630859375
5514,4819.3134765625
5515,8140.142578125
5516,5680.6513671875
5517,5747.61962890625
5518,5349.08251953125
5519,4055.6279296875
5520,8062.40576171875
5521,5684.1865234375
5522,3778.3779296875
5523,6048.025390625
5524,7628.84619140625
5525,6090.1474609375
5526,5567.9482421875
5527,7483.35986328125
5528,5107.81396484375
5529,7025.6953125
5530,6551.05712890625
5531,8561.7373046875
5532,4361.7578125
5533,4974.30126953125
5534,5292.44189453125
5535,4692.60791015625
5536,4183.578125
5537,4657.3623046875
5538,7243.2373046875
5539,7226.345703125
5540,9615.1533203125
5541,9512.982421875
5542,7519.1572265625
5543,5887.23828125
5544,4915.6904296875
5545,9572.44921875
5546,9604.130859375
5547,6940.0634765625
5548,6826.70068359375
5549,7696.88671875
5550,4789.91943359375
5551,4346.65185546875
5552,6676.82470703125
5553,5880.650390625
5554,5219.41796875
5555,5023.37744140625
5556,1751.384033203125
5557,8050.0478515625
5558,5227.17626953125
5559,4280.42333984375
5560,5360.9306640625
5561,4418.76953125
5562,5854.80517578125
5563,6277.0478515625
5564,6680.56787109375
5565,4873.24560546875
5566,4488.17333984375
5567,2949.785888671875
5568,3611.10009765625
5569,6223.46044921875
5570,16254.4951171875
5571,3875.2080078125
5572,5490.23486328125
5573,5369.9306640625
5574,4708.951171875
5575,4079.614013671875
5576,5145.61376953125
5577,3373.93408203125
5578,7376.734375
5579,6771.1826171875
5580,3168.691650390625
5581,7709.53515625
5582,4598.84033203125
5583,4582.6982421875
5584,8122.00390625
5585,6180.46484375
5586,8610.802734375
5587,4093.75244140625
5588,5193.203125
5589,4072.223876953125
5590,4695.9609375
5591,12950.197265625
5592,9799.0048828125
5593,7163.349609375
5594,4347.72119140625
5595,4841.36279296875
5596,5452.98876953125
5597,3759.629638671875
5598,8842.41015625
5599,4338.36865234375
5600,5066.7646484375
5601,6812.8857421875
5602,4413.2490234375
5603,5824.51611328125
5604,5692.84912109375
5605,6045.82861328125
5606,5991.0546875
5607,3468.815185546875
5608,5712.1513671875
5609,6064.85498046875
5610,7202.56103515625
5611,7770.5234375
5612,6718.0791015625
5613,3478.704833984375
5614,8150.369140625
5615,4582.22265625
5616,4128.48779296875
5617,6870.296875
5618,6402.357421875
5619,5391.18994140625
5620,5301.71240234375
5621,5556.748046875
5622,5389.29736328125
5623,5123.15234375
5624,7271.541015625
5625,6170.84765625
5626,5353.6669921875
5627,8780.111328125
5628,5585.96728515625
5629,3907.960693359375
5630,10018.5498046875
5631,4578.14208984375
5632,3015.21630859375
5633,7033.57763671875
5634,11455.369140625
5635,8172.1650390625
5636,4483.16259765625
5637,5556.85009765625
5638,5663.40283203125
5639,6324.255859375
5640,5863.0966796875
5641,6965.29638671875
5642,2935.34375
5643,4337.85986328125
5644,5316.0234375
5645,4276.732421875
5646,4643.6796875
5647,6138.91162109375
5648,6082.705078125
5649,5499.3916015625
5650,7147.5888671875
5651,5806.8134765625
5652,7441.8896484375
5653,4603.14306640625
5654,5826.43310546875
5655,6108.44287109375
5656,7091.462890625
5657,7572.9365234375
5658,3400.0380859375
5659,8445.939453125
5660,6874.8408203125
5661,6205.5361328125
5662,4349.09912109375
5663,3384.200927734375
5664,7644.3740234375
5665,4786.82568359375
5666,8170.39697265625
5667,5735.29931640625
5668,4311.021484375
5669,7708.70947265625
5670,4355.453125
5671,4421.5
5672,7479.7001953125
5673,4601.19873046875
5674,8079.60986328125
5675,9040.06640625
5676,6337.3623046875
5677,4272.77392578125
5678,4268.2646484375
5679,3741.653076171875
5680,2426.1494140625
5681,6781.27294921875
5682,4500.7373046875
5683,8132.69873046875
5684,3752.509033203125
5685,5150.84814453125
5686,5291.6650390625
5687,7744.75732421875
5688,4937.3984375
5689,4637.46533203125
5690,4237.58349609375
5691,6336.07177734375
5692,5074.5009765625
5693,6558.9560546875
5694,7359.9736328125
5695,7192.82763671875
5696,6621.81201171875
5697,6454.087890625
5698,5414.36865234375
5699,4099.77490234375
5700,4976.73974609375
5701,9290.9208984375
5702,6987.36767578125
5703,6950.57958984375
5704,15277.603515625
5705,4838.12255859375
5706,4237.63720703125
5707,5565.31298828125
5708,8297.5205078125
5709,7826.7109375
5710,6412.07958984375
5711,7449.58349609375
5712,7161.1328125
5713,6861.080078125
5714,6014.0009765625
5715,4833.205078125
5716,4849.3056640625
5717,4395.5771484375
5718,3263.573974609375
5719,4178.98046875
5720,6817.8125
5721,15816.294921875
5722,5389.345703125
5723,4570.64208984375
5724,6844.14990234375
5725,4379.8017578125
5726,6286.61181640625
5727,4110.53515625
5728,7244.99560546875
5729,6024.51220703125
5730,6175.890625
5731,10816.6513671875
5732,12489.9404296875
5733,4480.06494140625
5734,6243.33935546875
5735,3875.327392578125
5736,4873.2392578125
5737,4981.10009765625
5738,7262.8642578125
5739,4538.9736328125
5740,4713.1572265625
5741,4406.35986328125
5742,4888.4697265625
5743,5761.07763671875
5744,5898.556640625
5745,3878.5859375
5746,6790.53515625
5747,6539.63037109375
5748,6249.8681640625
5749,3537.4326171875
5750,3238.73828125
5751,6665.240234375
5752,3985.639404296875
5753,8902.5009765625
5754,3888.002197265625
5755,4251.72705078125
5756,6028.45458984375
5757,4926.4189453125
5758,4269.20751953125
5759,4909.6259765625
5760,5110.63818359375
5761,8779.591796875
5762,7361.046875
5763,5526.3798828125
5764,4661.95556640625
5765,5092.7275390625
5766,5629.41259765625
5767,4348.91796875
5768,4798.75537109375
5769,6180.22216796875
5770,10717.4873046875
5771,6363.7744140625
5772,5630.57373046875
5773,6417.96826171875
5774,3832.243896484375
5775,8284.0927734375
5776,4118.75830078125
5777,9560.994140625
5778,5825.39501953125
5779,4714.8388671875
5780,4148.02197265625
5781,4103.158203125
5782,5921.693359375
5783,20519.91015625
5784,3366.9990234375
5785,4777.18017578125
5786,8679.8505859375
5787,5856.5888671875
5788,7159.90576171875
5789,7463.27587890625
5790,4733.2314453125
5791,5124.60986328125
5792,3661.055908203125
5793,8324.5166015625
5794,5505.67724609375
5795,7101.60107421875
5796,6506.7431640625
5797,5673.8154296875
5798,7419.4609375
5799,6253.6484375
5800,3881.66796875
5801,8164.7978515625
5802,8676.859375
5803,3857.234375
5804,6982.5576171875
5805,6065.42333984375
5806,4532.32373046875
5807,8505.8642578125
5808,6507.36181640625
5809,7084.115234375
5810,4466.2578125
5811,4290.95556640625
5812,5691.474609375
5813,4312.890625
5814,7034.75
5815,3422.5390625
5816,5485.9970703125
5817,4143.34130859375
5818,5135.765625
5819,4908.45947265625
5820,6058.9765625
5821,6163.958984375
5822,7738.6728515625
5823,5231.80322265625
5824,6705.9580078125
5825,5017.15771484375
5826,7441.52978515625
5827,8710.4833984375
5828,7594.4443359375
5829,3561.325439453125
5830,5566.6455078125
5831,6083.6494140625
5832,4415.5908203125
5833,11237.388671875
5834,5757.15087890625
5835,7107.71630859375
5836,8840.9736328125
5837,6427.46826171875
5838,3752.329345703125
5839,11870.08984375
5840,8978.486328125
5841,5341.8173828125
5842,6315.7900390625
5843,7977.6259765625
5844,5995.9423828125
5845,7008.0869140625
5846,6303.31982421875
5847,4790.61474609375
5848,5314.318359375
5849,6150.171875
5850,3801.5830078125
5851,6654.525390625
5852,6366.451171875
5853,5183.8466796875
5854,6279.12109375
5855,5316.4501953125
5856,5315.71728515625
5857,4193.57080078125
5858,6994.24755859375
5859,6511.2998046875
5860,5637.35400390625
5861,6110.05859375
5862,5960.728515625
5863,8567.88671875
5864,5218.96142578125
5865,4606.77587890625
5866,5490.2265625
5867,6537.64794921875
5868,5139.97216796875
5869,4267.416015625
5870,3935.434326171875
5871,6701.8662109375
5872,7201.94775390625
5873,5230.91259765625
5874,6976.1669921875
5875,6252.8681640625
5876,4263.6123046875
5877,4397.17529296875
5878,2696.275634765625
5879,6156.82275390625
5880,6100.5224609375
5881,5273.83984375
5882,7161.69384765625
5883,6459.79443359375
5884,4104.10546875
5885,6976.47119140625
5886,4093.708740234375
5887,2598.444580078125
5888,6050.564453125
5889,9343.91796875
5890,7193.50732421875
5891,5703.81689453125
5892,3419.0888671875
5893,5556.23046875
5894,6353.326171875
5895,4812.5078125
5896,7037.15869140625
5897,4416.20556640625
5898,4574.6220703125
5899,4860.7802734375
5900,5222.39453125
5901,4814.62255859375
5902,4129.8203125
5903,3900.89990234375
5904,4001.2783203125
5905,6178.5517578125
5906,6185.2255859375
5907,4466.388671875
5908,5745.986328125
5909,6147.81640625
5910,3984.875
5911,4525.60986328125
5912,7828.693359375
5913,6082.8115234375
5914,5469.44189453125
5915,3066.384765625
5916,9795.8330078125
5917,6273.642578125
5918,4714.00927734375
5919,7018.0400390625
5920,5691.90869140625
5921,5759.7900390625
5922,5526.78173828125
5923,6178.76806640625
5924,8228.00390625
5925,10905.6533203125
5926,3898.030517578125
5927,4636.2998046875
5928,4525.732421875
5929,5327.541015625
5930,5471.1591796875
5931,6566.4130859375
5932,6888.51806640625
5933,4950.52783203125
5934,3293.930419921875
5935,4664.76220703125
5936,7513.763671875
5937,4613.90234375
5938,6026.1123046875
5939,3448.085205078125
5940,6437.263671875
5941,6267.0625
5942,6316.44580078125
5943,6708.3828125
5944,5825.30712890625
5945,4972.6572265625
5946,5728.005859375
5947,6762.10693359375
5948,7133.44140625
5949,6480.1171875
5950,7460.27783203125
5951,5051.66748046875
5952,3990.44482421875
5953,8582.4599609375
5954,3508.47021484375
5955,8845.61328125
5956,5758.81494140625
5957,4667.3642578125
5958,5298.96484375
5959,5583.61767578125
5960,6554.47412109375
5961,7885.24951171875
5962,3345.168212890625
5963,4133.046875
5964,5954.41357421875
5965,7126.35498046875
5966,7025.3701171875
5967,5394.408203125
5968,5178.615234375
5969,4243.81787109375
5970,6063.2314453125
5971,4696.3916015625
5972,8766.013671875
5973,7801.04443359375
5974,12293.923828125
5975,3597.376708984375
5976,5325.01220703125
5977,10788.787109375
5978,7679.8515625
5979,4116.86767578125
5980,7550.9482421875
5981,5746.34765625
5982,5425.8662109375
5983,5487.46484375
5984,4603.8662109375
5985,5077.353515625
5986,5315.056640625
5987,4052.418701171875
5988,3741.55078125
5989,6762.3427734375
5990,6223.49169921875
5991,21399.513671875
5992,6283.22607421875
5993,3101.668701171875
5994,5928.52392578125
5995,7814.8779296875
5996,5254.8681640625
5997,6074.2978515625
5998,4702.58056640625
5999,6432.4482421875
6000,6672.271484375
6001,3869.806884765625
6002,4469.48095703125
6003,5153.61279296875
6004,7052.578125
6005,5738.20263671875
6006,8270.3173828125
6007,3947.865966796875
6008,3999.40869140625
6009,3888.78759765625
6010,7736.33349609375
6011,8478.328125
6012,7450.09521484375
6013,6665.6005859375
6014,4110.8583984375
6015,5082.82275390625
6016,3789.5927734375
6017,6934.982421875
6018,8341.8095703125
6019,8731.8974609375
6020,3961.885009765625
6021,5837.044921875
6022,4231.81298828125
6023,5561.73681640625
6024,8662.4765625
6025,5320.5947265625
6026,4386.24462890625
6027,4044.908203125
6028,6845.56396484375
6029,3433.8427734375
6030,6312.93798828125
6031,3413.926025390625
6032,6265.76123046875
6033,6088.0302734375
6034,4632.75341796875
6035,7116.7412109375
6036,5623.5341796875
6037,5252.53369140625
6038,5917.1044921875
6039,6060.34814453125
6040,9347.9306640625
6041,5446.37255859375
6042,6687.14404296875
6043,6809.95947265625
6044,8026.35986328125
6045,5996.4619140625
6046,7636.08740234375
6047,3631.736572265625
6048,4577.83740234375
6049,5310.6357421875
6050,5322.53369140625
6051,7805.67236328125
6052,6160.7060546875
6053,4628.30810546875
6054,6534.97412109375
6055,5504.33251953125
6056,8060.3583984375
6057,3488.6552734375
6058,10754.05078125
6059,3881.8818359375
6060,5484.61474609375
6061,6854.0673828125
6062,3918.521728515625
6063,5002.27392578125
6064,5529.4189453125
6065,6264.755859375
6066,5777.5302734375
6067,4621.4208984375
6068,7014.64208984375
6069,6395.2705078125
6070,4419.18408203125
6071,5378.921875
6072,6569.369140625
6073,11106.2275390625
6074,5920.2080078125
6075,4235.21142578125
6076,5944.0146484375
6077,6194.84716796875
6078,5569.0810546875
6079,7429.70263671875
6080,3619.705810546875
6081,6552.39794921875
6082,5662.7568359375
6083,5371.3310546875
6084,6385.18017578125
6085,3751.011962890625
6086,4218.06591796875
6087,4285.22802734375
6088,7136.80078125
6089,7230.1787109375
6090,4964.05078125
6091,4469.53271484375
6092,5733.689453125
6093,5216.6171875
6094,4828.90234375
6095,6062.27685546875
6096,5726.09423828125
6097,6530.60498046875
6098,4458.6865234375
6099,4003.797119140625
6100,5041.36083984375
6101,7610.0859375
6102,7109.1376953125
6103,6945.81103515625
6104,6637.24072265625
6105,4631.70703125
6106,7417.81103515625
6107,4341.443359375
6108,4915.8720703125
6109,8045.80419921875
6110,5283.5771484375
6111,8642.2685546875
6112,7377.13037109375
6113,5778.5078125
6114,5689.40771484375
6115,6620.7880859375
6116,6324.51953125
6117,5305.0537109375
6118,3947.402587890625
6119,5339.5400390625
6120,6438.37353515625
6121,4458.185546875
6122,3576.225830078125
6123,6609.4423828125
6124,5801.41162109375
6125,5038.208984375
6126,5012.78466796875
6127,4488.89794921875
6128,5825.29541015625
6129,6018.66650390625
6130,4956.6875
6131,4755.142578125
6132,4927.3369140625
6133,5479.25390625
6134,3356.0791015625
6135,5536.375
6136,3992.186767578125
6137,7000.43115234375
6138,6189.48486328125
6139,5504.4716796875
6140,9328.318359375
6141,3980.56982421875
6142,5262.85595703125
6143,8862.5673828125
6144,5432.0810546875
6145,6761.1806640625
6146,6112.71240234375
6147,4614.4169921875
6148,5638.71142578125
6149,4922.525390625
6150,6721.46630859375
6151,9565.287109375
6152,5885.6640625
6153,2184.9365234375
6154,3945.9580078125
6155,6288.126953125
6156,6167.79638671875
6157,4726.97998046875
6158,5288.4482421875
6159,4499.36865234375
6160,4882.8974609375
6161,3108.736572265625
6162,4313.513671875
6163,5153.6826171875
6164,5983.69189453125
6165,5815.5712890625
6166,4891.9755859375
6167,6913.8994140625
6168,7352.458984375
6169,6568.5009765625
6170,4760.28271484375
6171,8039.6123046875
6172,7624.02880859375
6173,4794.3017578125
6174,6730.14453125
6175,4271.24755859375
6176,5722.92724609375
6177,3495.760009765625
6178,5283.109375
6179,3656.5869140625
6180,8358.908203125
6181,6130.30126953125
6182,6772.62158203125
6183,7582.84130859375
6184,5002.13818359375
6185,6642.916015625
6186,16647.041015625
6187,8115.04541015625
6188,5085.22705078125
6189,2581.3173828125
6190,5339.69140625
6191,6482.8427734375
6192,4836.85302734375
6193,11606.76171875
6194,13486.865234375
6195,4582.76953125
6196,4456.361328125
6197,8827.2890625
6198,4075.39697265625
6199,6584.3046875
6200,4910.478515625
6201,6476.62255859375
6202,4896.91845703125
6203,6375.2998046875
6204,5427.00048828125
6205,7260.56591796875
6206,7568.86572265625
6207,5849.05712890625
6208,5460.3359375
6209,6176.6171875
6210,3663.18603515625
6211,4445.6611328125
6212,6625.96630859375
6213,5013.27783203125
6214,4813.20703125
6215,5930.82373046875
6216,5220.494140625
6217,6064.78857421875
6218,6187.73486328125
6219,5840.84130859375
6220,7591.5517578125
6221,6577.7685546875
6222,6300.2578125
6223,5435.337890625
6224,3364.33642578125
6225,5394.30615234375
6226,5230.24951171875
6227,5032.361328125
6228,3950.570556640625
6229,6837.71142578125
6230,5906.115234375
6231,8364.2177734375
6232,6125.13818359375
6233,4606.69970703125
6234,4458.28369140625
6235,3819.232666015625
6236,8005.58154296875
6237,4615.20361328125
6238,6708.087890625
6239,13808.6083984375
6240,6508.2080078125
6241,6237.345703125
6242,4576.70166015625
6243,4024.647705078125
6244,5679.71435546875
6245,3514.2119140625
6246,5209.6572265625
6247,9833.9580078125
6248,4789.1904296875
6249,12451.7041015625
6250,10396.7001953125
6251,4696.2060546875
6252,5922.033203125
6253,5323.5009765625
6254,5915.9765625
6255,4676.00341796875
6256,8738.7431640625
6257,5714.060546875
6258,7422.330078125
6259,3727.7294921875
6260,6823.30126953125
6261,4906.6875
6262,7034.501953125
6263,5751.8017578125
6264,5962.80615234375
6265,6014.6396484375
6266,5977.96435546875
6267,6613.83935546875
6268,8452.298828125
6269,5398.04150390625
6270,8180.74169921875
6271,5922.26318359375
6272,8274.0380859375
6273,5061.96875
6274,4579.03125
6275,4766.35302734375
6276,7396.89111328125
6277,5221.3134765625
6278,6688.77587890625
6279,5876.10498046875
6280,6989.09033203125
6281,4738.001953125
6282,7870.31396484375
6283,6073.2919921875
6284,3491.716796875
6285,10371.6044921875
6286,15558.3603515625
6287,5461.3447265625
6288,5142.9443359375
6289,7479.173828125
6290,8493.3974609375
6291,9288.3837890625
6292,4695.19482421875
6293,6136.82421875
6294,5317.6328125
6295,7309.06591796875
6296,3788.0302734375
6297,4922.0146484375
6298,4095.99462890625
6299,4920.6015625
6300,5329.55126953125
6301,4937.86474609375
6302,3396.838623046875
6303,6221.59716796875
6304,3480.283203125
6305,3779.773193359375
6306,5368.53369140625
6307,5198.97265625
6308,7788.2099609375
6309,7540.49072265625
6310,7058.70751953125
6311,5785.78125
6312,5768.51123046875
6313,9552.177734375
6314,6128.52294921875
6315,3873.13916015625
6316,4329.4970703125
6317,7037.58740234375
6318,4202.3076171875
6319,5959.50537109375
6320,3214.184326171875
6321,4231.0
6322,7460.87939453125
6323,5470.02197265625
6324,4730.71240234375
6325,7833.48291015625
6326,8640.509765625
6327,10777.7490234375
6328,5517.30322265625
6329,7897.38037109375
6330,2962.802001953125
6331,4647.7626953125
6332,5546.78369140625
6333,3392.913330078125
6334,6795.634765625
6335,4802.33984375
6336,6166.27490234375
6337,7922.49169921875
6338,8755.3955078125
6339,7500.763671875
6340,4940.47509765625
6341,4423.8662109375
6342,7978.5087890625
6343,6797.556640625
6344,5094.84814453125
6345,4964.69140625
6346,5675.6767578125
6347,7906.908203125
6348,3976.895751953125
6349,5246.93408203125
6350,6663.96044921875
6351,6282.32470703125
6352,11324.9140625
6353,5263.89404296875
6354,12509.0888671875
6355,6151.3427734375
6356,4536.38525390625
6357,3379.39111328125
6358,5099.15869140625
6359,5237.72021484375
6360,5002.19189453125
6361,6078.84765625
6362,4588.33251953125
6363,3863.09228515625
6364,5391.708984375
6365,3399.234375
6366,6204.2216796875
6367,5972.74951171875
6368,7216.09033203125
6369,7123.1005859375
6370,4493.7626953125
6371,7827.17822265625
6372,5420.43896484375
6373,5584.8720703125
6374,5059.4951171875
6375,4392.33935546875
6376,8845.16796875
6377,6180.89404296875
6378,3770.735595703125
6379,5799.17333984375
6380,7301.86328125
6381,5790.6201171875
6382,5441.20947265625
6383,7115.22607421875
6384,5179.30126953125
6385,5995.138671875
6386,6467.42529296875
6387,7493.33349609375
6388,5450.14794921875
6389,5255.09423828125
6390,4657.29931640625
6391,4247.1240234375
6392,4181.70556640625
6393,4500.05224609375
6394,6691.1943359375
6395,7321.50244140625
6396,9148.55859375
6397,8913.40234375
6398,6906.57568359375
6399,6160.23388671875
6400,5088.93505859375
6401,9739.3681640625
6402,9405.599609375
6403,6214.072265625
6404,6975.2470703125
6405,6624.61376953125
6406,4952.98486328125
6407,4236.3828125
6408,6180.6845703125
6409,5947.72607421875
6410,5414.37744140625
6411,4902.8251953125
6412,2097.723876953125
6413,8417.1953125
6414,5558.63671875
6415,4812.8466796875
6416,4629.52294921875
6417,4626.69189453125
6418,6013.7841796875
6419,6639.86865234375
6420,6241.46044921875
6421,5347.09130859375
6422,4200.9482421875
6423,3514.7421875
6424,3893.739501953125
6425,5796.56396484375
6426,17068.083984375
6427,4032.208740234375
6428,5418.470703125
6429,5929.43115234375
6430,4216.333984375
6431,4132.10498046875
6432,4630.47265625
6433,3562.40380859375
6434,7316.03466796875
6435,6517.57421875
6436,3224.213134765625
6437,7055.30517578125
6438,4662.68603515625
6439,4454.44384765625
6440,8191.95068359375
6441,5909.7109375
6442,8576.7158203125
6443,4077.796142578125
6444,5422.1923828125
6445,3756.955810546875
6446,4386.31787109375
6447,12440.9384765625
6448,9662.5439453125
6449,6881.62548828125
6450,4763.1796875
6451,4863.2109375
6452,5124.6806640625
6453,4576.54931640625
6454,10108.486328125
6455,4441.76953125
6456,4875.55712890625
6457,6188.880859375
6458,4036.61279296875
6459,5983.56689453125
6460,6196.20947265625
6461,5742.8486328125
6462,6070.07373046875
6463,3555.912109375
6464,5727.73779296875
6465,5660.56591796875
6466,7107.11474609375
6467,7576.5458984375
6468,6282.35888671875
6469,3546.2255859375
6470,7741.83154296875
6471,4684.92578125
6472,3994.18798828125
6473,5864.8466796875
6474,6479.693359375
6475,5066.59130859375
6476,5785.634765625
6477,5673.85498046875
6478,5589.8984375
6479,5089.8876953125
6480,7160.4541015625
6481,5867.49169921875
6482,4742.18994140625
6483,8516.4169921875
6484,5075.2236328125
6485,3807.07470703125
6486,9782.3955078125
6487,5039.134765625
6488,3166.314697265625
6489,6561.26318359375
6490,11286.5927734375
6491,8109.2470703125
6492,4780.74853515625
6493,5181.29736328125
6494,5475.32275390625
6495,6132.0810546875
6496,5385.9033203125
6497,6419.89208984375
6498,3041.371826171875
6499,4563.7578125
6500,5441.326171875
6501,4609.4443359375
6502,4395.71337890625
6503,6152.3212890625
6504,5826.21044921875
6505,5498.8486328125
6506,6781.6611328125
6507,5392.822265625
6508,7017.41650390625
6509,4045.940185546875
6510,5903.5859375
6511,6426.27978515625
6512,7281.5791015625
6513,6619.19873046875
6514,4172.025390625
6515,8086.64453125
6516,6730.69287109375
6517,6363.02734375
6518,4121.708984375
6519,3537.518798828125
6520,7248.85107421875
6521,4632.1484375
6522,7724.42236328125
6523,5340.36181640625
6524,5027.3544921875
6525,7228.18408203125
6526,5022.6279296875
6527,4306.9111328125
6528,7482.14111328125
6529,4914.54931640625
6530,8059.240234375
6531,8552.5966796875
6532,6300.8017578125
6533,4095.8369140625
6534,4255.734375
6535,3743.8798828125
6536,2758.203125
6537,6614.05712890625
6538,4396.41650390625
6539,7235.78125
6540,3469.305419921875
6541,4578.17138671875
6542,4858.1162109375
6543,7846.03857421875
6544,4289.45556640625
6545,4362.6494140625
6546,3913.20751953125
6547,6052.236328125
6548,4821.87109375
6549,6533.0654296875
6550,6650.9404296875
6551,7921.55810546875
6552,6147.57470703125
6553,6742.48583984375
6554,5371.14892578125
6555,3907.28466796875
6556,4594.75
6557,8481.33984375
6558,7103.99267578125
6559,7113.548828125
6560,13814.6689453125
6561,4912.69775390625
6562,4574.2958984375
6563,5425.14892578125
6564,7657.87744140625
6565,7645.02587890625
6566,5767.99755859375
6567,7421.203125
6568,6742.134765625
6569,6394.328125
6570,5641.7080078125
6571,4535.38818359375
6572,4491.73291015625
6573,4154.97021484375
6574,3516.220458984375
6575,4149.68310546875
6576,6836.38525390625
6577,14854.8203125
6578,5772.76318359375
6579,4910.83642578125
6580,5998.90673828125
6581,4026.750244140625
6582,5588.55908203125
6583,4299.36328125
6584,7954.119140625
6585,5954.662109375
6586,5637.8212890625
6587,10627.3974609375
6588,10123.7421875
6589,4913.76513671875
6590,6237.4501953125
6591,4116.07763671875
6592,4746.94580078125
6593,5296.68115234375
6594,6951.37744140625
6595,4247.2099609375
6596,4550.400390625
6597,4524.89013671875
6598,4806.0751953125
6599,5469.77197265625
6600,5605.10205078125
6601,3829.211181640625
6602,6401.22021484375
6603,6126.59619140625
6604,5600.39111328125
6605,3461.612060546875
6606,2960.625732421875
6607,6460.34765625
6608,4152.5068359375
6609,8515.591796875
6610,4048.83447265625
6611,4088.16455078125
6612,5708.99609375
6613,4891.8056640625
6614,3985.627685546875
6615,4848.88037109375
6616,4880.2978515625
6617,7727.81005859375
6618,7003.056640625
6619,5136.75830078125
6620,4764.13330078125
6621,5169.3896484375
6622,4878.03955078125
6623,4613.50732421875
6624,4812.4267578125
6625,6122.34814453125
6626,10532.24609375
6627,6066.7275390625
6628,5570.63916015625
6629,6583.7333984375
6630,3975.45849609375
6631,7669.56982421875
6632,4555.70751953125
6633,10012.6884765625
6634,5334.29541015625
6635,4814.47216796875
6636,3021.267578125
6637,3658.77978515625
6638,6285.2412109375
6639,18684.14453125
6640,3212.626220703125
6641,4133.80419921875
6642,7916.931640625
6643,5616.119140625
6644,7579.203125
6645,7150.388671875
6646,4666.03857421875
6647,5228.7734375
6648,3855.377197265625
6649,8382.1015625
6650,5479.8720703125
6651,6704.42919921875
6652,6263.6982421875
6653,5215.767578125
6654,6991.29248046875
6655,5886.67626953125
6656,3902.504638671875
6657,7908.77978515625
6658,7641.548828125
6659,4215.37353515625
6660,6813.58837890625
6661,5616.10546875
6662,4208.3291015625
6663,8023.8466796875
6664,6306.41796875
6665,6731.82275390625
6666,4189.09814453125
6667,4225.6611328125
6668,5970.30419921875
6669,4234.99365234375
6670,7004.43798828125
6671,3169.695556640625
6672,5367.7138671875
6673,4079.20458984375
6674,5428.58447265625
6675,4888.58349609375
6676,6052.85888671875
6677,5900.458984375
6678,7105.6279296875
6679,4871.88818359375
6680,6500.21875
6681,5363.0126953125
6682,6379.82568359375
6683,8455.0703125
6684,7260.6494140625
6685,3219.020263671875
6686,5147.5556640625
6687,6054.01318359375
6688,4766.01318359375
6689,10712.74609375
6690,5498.32421875
6691,7183.849609375
6692,9092.697265625
6693,6546.5986328125
6694,3425.04931640625
6695,13450.2666015625
6696,8624.0400390625
6697,5145.689453125
6698,6261.84423828125
6699,8341.654296875
6700,4949.05029296875
6701,6177.87109375
6702,5835.8740234375
6703,4866.63330078125
6704,4694.51806640625
6705,5406.12060546875
6706,3697.43212890625
6707,5841.20751953125
6708,5406.068359375
6709,5320.58349609375
6710,5824.24560546875
6711,5190.798828125
6712,5264.0517578125
6713,4566.2275390625
6714,6183.3154296875
6715,6095.9130859375
6716,5319.80908203125
6717,6321.4169921875
6718,5868.14697265625
6719,8281.64453125
6720,4426.1826171875
6721,4476.373046875
6722,5231.9736328125
6723,6410.06201171875
6724,5242.9033203125
6725,4124.90087890625
6726,4033.69482421875
6727,6650.8740234375
6728,6720.49560546875
6729,4623.2255859375
6730,6344.64697265625
6731,5600.3896484375
6732,4384.49560546875
6733,4300.87255859375
6734,2967.9482421875
6735,6183.39697265625
6736,5582.58984375
6737,4972.58251953125
6738,7503.59326171875
6739,6624.91943359375
6740,3984.08837890625
6741,7281.92724609375
6742,4905.18505859375
6743,2913.767333984375
6744,6065.99658203125
6745,9258.6728515625
6746,7311.99462890625
6747,5688.2275390625
6748,3728.658203125
6749,5246.79541015625
6750,6840.1220703125
6751,4739.45166015625
6752,6969.42578125
6753,4161.662109375
6754,4497.4970703125
6755,4415.72607421875
6756,4603.98046875
6757,4699.00830078125
6758,3832.136474609375
6759,3885.36865234375
6760,3664.84423828125
6761,5899.18212890625
6762,5428.04296875
6763,4274.8447265625
6764,5656.19580078125
6765,5590.00732421875
6766,4382.68310546875
6767,4585.900390625
6768,6862.62744140625
6769,6334.515625
6770,5308.984375
6771,2983.55224609375
6772,8708.666015625
6773,5817.84033203125
6774,4362.96728515625
6775,6740.19580078125
6776,5781.18310546875
6777,5741.06494140625
6778,5309.79150390625
6779,6310.67724609375
6780,6448.841796875
6781,10825.103515625
6782,3815.419189453125
6783,4913.83349609375
6784,4502.38525390625
6785,5905.53515625
6786,4894.033203125
6787,6575.41943359375
6788,6479.22314453125
6789,4672.115234375
6790,3228.098388671875
6791,4642.775390625
6792,8050.8935546875
6793,4018.806884765625
6794,5776.5400390625
6795,3869.9462890625
6796,5962.89599609375
6797,7132.3466796875
6798,6116.71728515625
6799,6624.4384765625
6800,5562.43310546875
6801,4654.41943359375
6802,5497.84228515625
6803,5647.7646484375
6804,7065.8583984375
6805,6356.88623046875
6806,7273.38818359375
6807,5177.92578125
6808,3977.118408203125
6809,8328.65625
6810,3586.9892578125
6811,8831.3984375
6812,5258.26416015625
6813,4187.7431640625
6814,5456.345703125
6815,5546.28955078125
6816,6434.73974609375
6817,7963.4345703125
6818,3823.09033203125
6819,4043.4970703125
6820,6006.9052734375
6821,7048.841796875
6822,6752.8486328125
6823,4794.60595703125
6824,5528.470703125
6825,4262.18994140625
6826,5986.2412109375
6827,4448.64404296875
6828,8674.2939453125
6829,7093.16162109375
6830,10890.1650390625
6831,3866.944091796875
6832,5519.8173828125
6833,10609.3935546875
6834,7664.05615234375
6835,3791.791748046875
6836,7581.56689453125
6837,5655.76220703125
6838,5130.03515625
6839,4697.0302734375
6840,4579.23486328125
6841,5140.9052734375
6842,4917.1240234375
6843,4017.654052734375
6844,3538.084716796875
6845,6922.322265625
6846,6729.8193359375
6847,20169.810546875
6848,6154.78173828125
6849,3190.63671875
6850,5742.7861328125
6851,7884.3056640625
6852,4907.46533203125
6853,6078.04931640625
6854,4767.55419921875
6855,6710.51904296875
6856,6794.6357421875
6857,4645.33740234375
6858,4239.822265625
6859,5090.603515625
6860,6742.65576171875
6861,5523.9677734375
6862,7919.34912109375
6863,3794.955078125
6864,3660.49365234375
6865,3917.39990234375
6866,8294.6572265625
6867,8936.634765625
6868,7444.45458984375
6869,6505.23486328125
6870,3571.529052734375
6871,5111.50634765625
6872,3525.7265625
6873,7007.52734375
6874,8706.8564453125
6875,8870.3173828125
6876,4101.0048828125
6877,6017.357421875
6878,3667.599365234375
6879,4994.80126953125
6880,9050.0859375
6881,5293.40234375
6882,4003.11865234375
6883,4261.99267578125
6884,6657.67578125
6885,3263.08984375
6886,6308.0625
6887,3442.17138671875
6888,5602.58251953125
6889,5418.5078125
6890,4482.6083984375
6891,6666.94091796875
6892,5103.86865234375
6893,4917.67236328125
6894,5737.13232421875
6895,5469.90478515625
6896,8493.205078125
6897,5029.31884765625
6898,6820.45068359375
6899,6692.49658203125
6900,7963.32470703125
6901,5574.16552734375
6902,7655.90771484375
6903,3434.880859375
6904,4214.501953125
6905,5154.89990234375
6906,4734.37158203125
6907,7527.91796875
6908,6050.6162109375
6909,4303.5732421875
6910,5726.20751953125
6911,5897.041015625
6912,7051.87646484375
6913,3545.1650390625
6914,11517.7939453125
6915,4071.1513671875
6916,5468.4580078125
6917,6561.74072265625
6918,3761.47265625
6919,4922.6494140625
6920,5349.28759765625
6921,5899.86181640625
6922,5476.5693359375
6923,4498.2529296875
6924,6716.5107421875
6925,6502.03759765625
6926,4860.25
6927,4041.42236328125
6928,6432.88525390625
6929,10739.0576171875
6930,5691.2490234375
6931,4405.8427734375
6932,5782.10595703125
6933,5747.71728515625
6934,5692.64794921875
6935,7066.36279296875
6936,3528.964111328125
6937,6461.87890625
6938,5704.63623046875
6939,5410.96240234375
6940,6779.26953125
6941,4003.9013671875
6942,4384.85009765625
6943,4223.45751953125
6944,7021.57666015625
6945,6937.52685546875
6946,4885.3876953125
6947,4496.90576171875
6948,5552.8896484375
6949,5011.28759765625
6950,4545.2509765625
6951,5788.30126953125
6952,5152.29736328125
6953,6358.669921875
6954,4290.853515625
6955,3883.356201171875
6956,5077.447265625
6957,6860.423828125
6958,6710.4306640625
6959,7255.1005859375
6960,6843.23193359375
6961,4734.43798828125
6962,7263.4384765625
6963,4620.7080078125
6964,5178.30712890625
6965,7581.6005859375
6966,5076.41552734375
6967,8425.96484375
6968,7459.83154296875
6969,5750.4677734375
6970,5096.869140625
6971,6389.4638671875
6972,6030.94970703125
6973,5201.13720703125
6974,3987.31103515625
6975,4913.583984375
6976,6347.1240234375
6977,4059.845703125
6978,3628.1796875
6979,6421.9912109375
6980,5939.490234375
6981,4852.1259765625
6982,5046.62060546875
6983,4217.068359375
6984,5711.8388671875
6985,5914.43701171875
6986,5178.7607421875
6987,4781.08447265625
6988,4311.09423828125
6989,5335.82568359375
6990,3096.18896484375
6991,5134.31689453125
6992,3802.25634765625
6993,6845.83203125
6994,6245.8486328125
6995,5548.3056640625
6996,9154.6083984375
6997,4318.62939453125
6998,4879.92333984375
6999,8791.7431640625
7000,5720.68505859375
7001,6683.98095703125
7002,6135.41943359375
7003,3908.9111328125
7004,5529.59619140625
7005,4487.17919921875
7006,6427.3515625
7007,9544.9150390625
7008,5123.18798828125
7009,1951.635498046875
7010,4560.58447265625
7011,6371.73486328125
7012,6152.140625
7013,4428.23193359375
7014,5333.51416015625
7015,4363.23779296875
7016,4211.6474609375
7017,2948.279052734375
7018,4144.70751953125
7019,4710.56005859375
7020,5861.3720703125
7021,5810.67724609375
7022,6589.29248046875
7023,6699.8974609375
7024,7220.52294921875
7025,6342.27685546875
7026,4394.525390625
7027,8229.8740234375
7028,7777.63818359375
7029,4348.13818359375
7030,6694.3876953125
7031,3993.046630859375
7032,5547.50927734375
7033,2711.939697265625
7034,5189.41162109375
7035,3416.797119140625
7036,8166.12255859375
7037,6058.189453125
7038,6821.50341796875
7039,7039.27587890625
7040,4435.5673828125
7041,6671.82666015625
7042,16038.83984375
7043,7931.66943359375
7044,4789.6953125
7045,2768.889404296875
7046,5252.33154296875
7047,6366.044921875
7048,5200.64990234375
7049,11167.490234375
7050,13695.2451171875
7051,4253.95556640625
7052,4346.34619140625
7053,7594.984375
7054,4526.68994140625
7055,6105.41015625
7056,4617.53125
7057,6269.59814453125
7058,0.0
7059,6382.673828125
7060,5167.412109375
7061,7135.9375
7062,7468.1376953125
7063,5204.69384765625
7064,5065.20556640625
7065,5366.18994140625
7066,3573.22216796875
7067,4316.46826171875
7068,6981.23779296875
7069,4389.7353515625
7070,4481.998046875
7071,5931.6240234375
7072,4938.1474609375
7073,5734.546875
7074,5886.52392578125
7075,5723.599609375
7076,7159.6748046875
7077,6489.30517578125
7078,6438.57177734375
7079,5038.4609375
7080,3208.69189453125
7081,5288.26025390625
7082,5101.6435546875
7083,4879.11181640625
7084,3799.969482421875
7085,6644.236328125
7086,5628.52978515625
7087,8262.427734375
7088,6180.6669921875
7089,4099.3896484375
7090,4283.61865234375
7091,3908.47216796875
7092,7674.20556640625
7093,4487.2001953125
7094,6208.76708984375
7095,13124.16015625
7096,6085.552734375
7097,4820.63330078125
7098,3777.262451171875
7099,4003.31640625
7100,5768.0380859375
7101,3419.822509765625
7102,5068.5244140625
7103,9782.453125
7104,4488.7890625
7105,12823.955078125
7106,10285.7099609375
7107,4178.51220703125
7108,5514.94287109375
7109,4929.333984375
7110,5669.1767578125
7111,4562.6884765625
7112,8633.5419921875
7113,5644.955078125
7114,6779.37744140625
7115,3531.275634765625
7116,6666.505859375
7117,4188.78515625
7118,7029.298828125
7119,5493.18115234375
7120,5599.71728515625
7121,5353.29541015625
7122,5695.94140625
7123,6873.8046875
7124,8004.83837890625
7125,5223.5478515625
7126,8095.99365234375
7127,5709.0654296875
7128,7992.81005859375
7129,4893.78076171875
7130,4634.53369140625
7131,4716.748046875
7132,7832.5029296875
7133,4830.9189453125
7134,6046.35498046875
7135,5804.15869140625
7136,6865.66357421875
7137,4538.28173828125
7138,6409.66162109375
7139,5715.4208984375
7140,3207.3974609375
7141,11098.736328125
7142,14413.9736328125
7143,5309.296875
7144,5131.263671875
7145,7360.431640625
7146,8092.38134765625
7147,9398.740234375
7148,4623.76708984375
7149,6046.5341796875
7150,5367.3857421875
7151,6779.04833984375
7152,3488.200927734375
7153,4737.3564453125
7154,4366.9423828125
7155,4529.224609375
7156,5292.29931640625
7157,4501.3525390625
7158,3221.458251953125
7159,6054.68798828125
7160,2925.6181640625
7161,4140.505859375
7162,5042.4541015625
7163,5553.8994140625
7164,7701.806640625
7165,7169.89794921875
7166,6404.98828125
7167,5490.48876953125
7168,5668.61181640625
7169,9142.0634765625
7170,5865.216796875
7171,3936.880615234375
7172,4257.16748046875
7173,7058.076171875
7174,3931.1923828125
7175,6209.2744140625
7176,2785.155029296875
7177,4158.8857421875
7178,6578.0595703125
7179,5153.46337890625
7180,4615.47509765625
7181,8103.19287109375
7182,8116.27587890625
7183,10541.4072265625
7184,5464.9208984375
7185,7224.3388671875
7186,2896.342529296875
7187,4875.2333984375
7188,5477.74072265625
7189,3254.25732421875
7190,6967.7646484375
7191,4380.97607421875
7192,6046.13818359375
7193,7858.1552734375
7194,8925.8427734375
7195,6569.08154296875
7196,4394.56298828125
7197,3885.620849609375
7198,8783.1142578125
7199,7220.0693359375
7200,4713.27294921875
7201,4398.099609375
7202,5996.521484375
7203,7341.98681640625
7204,3850.127685546875
7205,5329.8662109375
7206,6703.4814453125
7207,6402.5673828125
7208,10901.13671875
7209,5408.830078125
7210,12499.8388671875
7211,5570.78759765625
7212,4651.74267578125
7213,2703.283447265625
7214,5151.02001953125
7215,4782.2802734375
7216,4589.17041015625
7217,6099.53466796875
7218,4349.43212890625
7219,3418.961669921875
7220,4978.7294921875
7221,3417.840087890625
7222,5867.634765625
7223,5633.63330078125
7224,6927.53369140625
7225,6982.423828125
7226,4060.061279296875
7227,7655.68603515625
7228,5545.68310546875
7229,5602.2763671875
7230,4767.58935546875
7231,4597.87744140625
7232,8371.59765625
7233,5684.1328125
7234,3715.08154296875
7235,5931.6298828125
7236,6937.29345703125
7237,5530.08203125
7238,5258.80029296875
7239,7340.60498046875
7240,5292.2119140625
7241,6263.59423828125
7242,6415.5810546875
7243,7363.60205078125
7244,4649.158203125
7245,4803.056640625
7246,4404.52001953125
7247,4371.96142578125
7248,3755.0283203125
7249,4282.29345703125
7250,6095.06494140625
7251,6816.908203125
7252,9156.802734375
7253,8452.328125
7254,6566.15771484375
7255,6035.48974609375
7256,4643.6826171875
7257,10046.1064453125
7258,9026.8720703125
7259,6036.220703125
7260,6842.48974609375
7261,6600.24658203125
7262,4751.97509765625
7263,4290.47021484375
7264,5950.47412109375
7265,5840.5234375
7266,5542.646484375
7267,4681.12158203125
7268,2202.96826171875
7269,7883.16845703125
7270,5467.33447265625
7271,5198.2998046875
7272,4520.29345703125
7273,4275.2861328125
7274,5962.484375
7275,6517.4072265625
7276,5994.14501953125
7277,5497.583984375
7278,4051.450927734375
7279,3636.3779296875
7280,3694.307861328125
7281,5649.10791015625
7282,16805.640625
7283,3573.225830078125
7284,5013.64794921875
7285,5867.84375
7286,4090.857666015625
7287,4147.3740234375
7288,4588.8935546875
7289,3164.20849609375
7290,6479.8671875
7291,6221.21826171875
7292,2832.776611328125
7293,6874.77294921875
7294,4355.234375
7295,4306.38330078125
7296,8034.5283203125
7297,6256.35595703125
7298,8779.0849609375
7299,4108.82763671875
7300,4995.8203125
7301,3717.825439453125
7302,4148.42431640625
7303,13650.5146484375
7304,9800.619140625
7305,6809.033203125
7306,4248.46630859375
7307,4081.37841796875
7308,4724.93212890625
7309,3749.514892578125
7310,8506.6083984375
7311,4615.01123046875
7312,5022.98974609375
7313,6038.76708984375
7314,3740.27685546875
7315,5764.7041015625
7316,5430.01611328125
7317,5481.2158203125
7318,5489.14501953125
7319,3214.21337890625
7320,5161.92431640625
7321,4953.52490234375
7322,6907.2890625
7323,6979.3955078125
7324,5963.609375
7325,3069.795166015625
7326,7404.7587890625
7327,4734.79296875
7328,3840.103759765625
7329,5610.11083984375
7330,6120.64013671875
7331,4806.06640625
7332,5562.98779296875
7333,5451.46875
7334,5061.06298828125
7335,4747.3525390625
7336,6918.37939453125
7337,5180.68408203125
7338,4489.23876953125
7339,8068.93994140625
7340,4730.89453125
7341,3539.799560546875
7342,9690.30078125
7343,4773.12890625
7344,3431.869384765625
7345,6336.89990234375
7346,10988.1884765625
7347,7884.8154296875
7348,4436.90625
7349,4834.021484375
7350,5039.58544921875
7351,6091.26025390625
7352,4931.93701171875
7353,6310.2998046875
7354,2459.176025390625
7355,4816.83935546875
7356,5297.634765625
7357,4401.49658203125
7358,4148.83544921875
7359,6280.7109375
7360,5980.10986328125
7361,5267.5888671875
7362,7013.515625
7363,5273.158203125
7364,6952.7978515625
7365,4348.81787109375
7366,5462.74365234375
7367,5787.744140625
7368,6709.564453125
7369,6826.41015625
7370,3129.2841796875
7371,8207.4638671875
7372,6345.1416015625
7373,6047.4951171875
7374,4437.26171875
7375,3223.755126953125
7376,7087.55126953125
7377,4572.2724609375
7378,7913.29833984375
7379,5207.75048828125
7380,4697.13720703125
7381,6467.98046875
7382,4748.70947265625
7383,4067.08349609375
7384,7349.16064453125
7385,4319.0126953125
7386,7865.68994140625
7387,8665.1005859375
7388,6054.6943359375
7389,3869.045654296875
7390,4039.01806640625
7391,2990.393310546875
7392,2603.84912109375
7393,5955.3583984375
7394,4055.359619140625
7395,7434.11376953125
7396,3181.908447265625
7397,4238.10205078125
7398,4205.10498046875
7399,8070.11279296875
7400,4190.37255859375
7401,4334.83984375
7402,4059.58935546875
7403,5975.1015625
7404,4238.6162109375
7405,6369.22265625
7406,6202.2314453125
7407,7466.57958984375
7408,5757.82763671875
7409,6357.20166015625
7410,5145.93994140625
7411,3771.640869140625
7412,4437.07470703125
7413,8535.1328125
7414,7293.900390625
7415,6775.0
7416,13839.892578125
7417,4665.82177734375
7418,4223.63330078125
7419,5723.82958984375
7420,7165.56103515625
7421,7261.71826171875
7422,5634.6943359375
7423,6940.3857421875
7424,6674.1279296875
7425,6525.91064453125
7426,5457.71240234375
7427,4498.96240234375
7428,4255.57177734375
7429,3978.951416015625
7430,3361.85107421875
7431,4101.52294921875
7432,6292.66015625
7433,14605.6376953125
7434,5385.88037109375
7435,4724.35546875
7436,6081.96435546875
7437,3413.9814453125
7438,5883.33447265625
7439,3695.921875
7440,7872.4462890625
7441,5485.828125
7442,5128.26513671875
7443,10903.744140625
7444,11037.2333984375
7445,4767.54833984375
7446,5786.775390625
7447,3841.4716796875
7448,4623.55078125
7449,5336.80908203125
7450,6606.08642578125
7451,4258.11181640625
7452,3966.098876953125
7453,4150.32568359375
7454,4894.12158203125
7455,5287.0087890625
7456,5680.4677734375
7457,3901.120849609375
7458,6208.349609375
7459,5943.85302734375
7460,5691.09130859375
7461,3330.776123046875
7462,3279.35107421875
7463,6178.96875
7464,3574.986328125
7465,8578.8681640625
7466,3860.003662109375
7467,3792.135009765625
7468,5146.22314453125
7469,4553.1025390625
7470,4002.030517578125
7471,4344.10986328125
7472,4927.89990234375
7473,8038.4716796875
7474,7139.4892578125
7475,4917.07568359375
7476,4572.236328125
7477,5167.30029296875
7478,4693.43701171875
7479,4357.42822265625
7480,4684.27392578125
7481,5873.18896484375
7482,10312.873046875
7483,5513.68701171875
7484,5295.392578125
7485,6705.923828125
7486,3909.1181640625
7487,7567.67919921875
7488,4303.25537109375
7489,10117.673828125
7490,5100.11962890625
7491,4595.49365234375
7492,3111.67138671875
7493,3462.248046875
7494,6391.46875
7495,18088.275390625
7496,3464.52392578125
7497,4321.06201171875
7498,7719.771484375
7499,5514.78173828125
7500,7072.07861328125
7501,7287.3408203125
7502,4679.18017578125
7503,4866.83642578125
7504,3789.1064453125
7505,8129.8076171875
7506,4993.0888671875
7507,6865.27099609375
7508,6458.931640625
7509,5174.38427734375
7510,7171.662109375
7511,5632.2138671875
7512,3819.558837890625
7513,7712.72119140625
7514,7532.42529296875
7515,3889.544189453125
7516,6595.138671875
7517,5304.6259765625
7518,4117.89599609375
7519,7946.78125
7520,5709.97021484375
7521,7120.39794921875
7522,3939.64208984375
7523,4086.6025390625
7524,6474.87890625
7525,3784.18212890625
7526,6501.89892578125
7527,3728.66162109375
7528,5468.16064453125
7529,4092.07470703125
7530,5033.8662109375
7531,5341.904296875
7532,5868.51220703125
7533,5854.693359375
7534,6740.32666015625
7535,4512.81494140625
7536,6622.4140625
7537,5120.6630859375
7538,6510.68212890625
7539,7694.0029296875
7540,6693.97265625
7541,2908.139892578125
7542,4502.89306640625
7543,5828.517578125
7544,4653.10302734375
7545,10443.056640625
7546,4767.25634765625
7547,7021.7431640625
7548,8699.861328125
7549,5967.81787109375
7550,3252.611572265625
7551,12147.6962890625
7552,8505.4609375
7553,5311.7685546875
7554,6086.525390625
7555,7369.54638671875
7556,4678.04638671875
7557,5975.84912109375
7558,5849.9853515625
7559,4289.3984375
7560,4488.77978515625
7561,5303.7265625
7562,3409.12158203125
7563,6846.51123046875
7564,5291.2509765625
7565,5103.24951171875
7566,5962.53369140625
7567,5249.65673828125
7568,5137.560546875
7569,3601.940673828125
7570,5891.517578125
7571,5883.27587890625
7572,5141.84130859375
7573,6575.61328125
7574,5588.4716796875
7575,8001.8603515625
7576,4380.8583984375
7577,4378.94775390625
7578,4622.2900390625
7579,6255.7890625
7580,5346.3525390625
7581,4121.2802734375
7582,4033.714599609375
7583,7038.8310546875
7584,6453.587890625
7585,4458.33984375
7586,6225.64990234375
7587,5649.40185546875
7588,4802.60546875
7589,3852.0146484375
7590,2630.581787109375
7591,5896.9912109375
7592,5412.1875
7593,4842.36474609375
7594,7412.4072265625
7595,6938.30859375
7596,3961.333740234375
7597,6494.48779296875
7598,4629.97314453125
7599,2691.14111328125
7600,5834.77294921875
7601,9435.4033203125
7602,6237.99951171875
7603,5540.64892578125
7604,3280.41015625
7605,5234.48876953125
7606,7013.46630859375
7607,5185.6962890625
7608,6306.93896484375
7609,4203.3544921875
7610,4233.2939453125
7611,4275.546875
7612,4576.38623046875
7613,4548.64404296875
7614,3711.83154296875
7615,3599.724609375
7616,3568.561279296875
7617,6182.01123046875
7618,5446.30517578125
7619,3865.7529296875
7620,5235.6591796875
7621,5785.7998046875
7622,4523.60546875
7623,4573.87646484375
7624,6795.52099609375
7625,6279.6796875
7626,4910.720703125
7627,2962.83056640625
7628,8272.958984375
7629,5652.21435546875
7630,4319.99609375
7631,6049.70361328125
7632,5544.50634765625
7633,5521.873046875
7634,5256.21435546875
7635,6405.1962890625
7636,6943.61181640625
7637,11144.8662109375
7638,3639.92138671875
7639,4625.46240234375
7640,3905.8125
7641,5253.3046875
7642,4802.32861328125
7643,6616.384765625
7644,5736.8173828125
7645,5092.435546875
7646,2811.491455078125
7647,4321.90283203125
7648,7037.17529296875
7649,3771.149169921875
7650,5374.69677734375
7651,3377.1708984375
7652,5855.43359375
7653,7215.86572265625
7654,5855.97802734375
7655,6766.43701171875
7656,5385.00927734375
7657,4152.466796875
7658,5066.8857421875
7659,5381.00244140625
7660,7174.5615234375
7661,5769.7939453125
7662,6832.68896484375
7663,4583.0673828125
7664,3935.47705078125
7665,8375.892578125
7666,3102.010498046875
7667,8063.943359375
7668,5159.40478515625
7669,3884.0966796875
7670,5552.2685546875
7671,5079.02685546875
7672,6285.28662109375
7673,7699.779296875
7674,3650.994384765625
7675,3776.473876953125
7676,5929.61376953125
7677,6890.1689453125
7678,6525.11669921875
7679,4891.42724609375
7680,4969.4013671875
7681,4226.32958984375
7682,5442.36962890625
7683,4167.8955078125
7684,9096.546875
7685,7049.68408203125
7686,11126.052734375
7687,3404.441162109375
7688,4943.12646484375
7689,10981.53515625
7690,6882.685546875
7691,3787.3037109375
7692,7268.3671875
7693,5097.150390625
7694,4770.46826171875
7695,4126.12548828125
7696,4547.19384765625
7697,4494.50390625
7698,4571.9833984375
7699,4330.52197265625
7700,3277.828857421875
7701,7266.25537109375
7702,6220.74658203125
7703,20031.79296875
7704,5864.8349609375
7705,3128.24853515625
7706,6549.1923828125
7707,8362.0654296875
7708,5011.58837890625
7709,6472.1171875
7710,5021.52294921875
7711,6508.51513671875
7712,6707.35546875
7713,3263.25146484375
7714,4701.70263671875
7715,5359.23583984375
7716,7055.255859375
7717,5725.2412109375
7718,7803.85546875
7719,4333.91796875
7720,3868.15576171875
7721,3667.3642578125
7722,8028.21435546875
7723,8497.796875
7724,7672.56298828125
7725,7034.44921875
7726,3983.483154296875
7727,4822.298828125
7728,3408.315185546875
7729,7145.79345703125
7730,8600.134765625
7731,8741.525390625
7732,4045.6806640625
7733,6014.150390625
7734,4181.9013671875
7735,5026.32470703125
7736,9205.0947265625
7737,5371.3076171875
7738,4020.8828125
7739,3801.121826171875
7740,6734.61376953125
7741,3352.912353515625
7742,6197.56494140625
7743,3170.468994140625
7744,5673.96875
7745,5856.75732421875
7746,4615.1728515625
7747,6949.98291015625
7748,5582.322265625
7749,5092.47998046875
7750,6305.96337890625
7751,5794.00927734375
7752,8467.9140625
7753,5181.06591796875
7754,6902.03271484375
7755,6660.841796875
7756,8168.833984375
7757,5807.171875
7758,7448.1318359375
7759,3000.9853515625
7760,4625.1748046875
7761,5437.18896484375
7762,5218.69384765625
7763,8496.35546875
7764,6523.396484375
7765,4436.01220703125
7766,5709.1337890625
7767,5827.09619140625
7768,7004.87451171875
7769,3598.773681640625
7770,11233.4130859375
7771,4121.80419921875
7772,5317.9296875
7773,7252.38916015625
7774,3762.929443359375
7775,4840.724609375
7776,5409.7490234375
7777,6118.46923828125
7778,5573.03515625
7779,4188.48583984375
7780,6438.42041015625
7781,6668.615234375
7782,5185.3046875
7783,4085.083740234375
7784,6742.42529296875
7785,10705.861328125
7786,6040.48876953125
7787,4279.38134765625
7788,5525.0791015625
7789,5804.61865234375
7790,5526.84228515625
7791,6917.3271484375
7792,3713.935546875
7793,6559.10009765625
7794,5879.12158203125
7795,5279.2333984375
7796,6473.1162109375
7797,4517.58984375
7798,4144.9130859375
7799,4351.62841796875
7800,7167.46728515625
7801,6801.93017578125
7802,4908.83837890625
7803,4621.8173828125
7804,5645.68017578125
7805,5133.57177734375
7806,4838.49462890625
7807,5741.65185546875
7808,5176.93408203125
7809,6649.05126953125
7810,4493.82275390625
7811,4030.580078125
7812,5434.09716796875
7813,6912.6865234375
7814,6544.3994140625
7815,6613.16015625
7816,6596.2294921875
7817,4738.58056640625
7818,7171.81689453125
7819,4872.29296875
7820,5085.74951171875
7821,7645.5419921875
7822,4886.3466796875
7823,8758.5009765625
7824,7202.3212890625
7825,5869.25439453125
7826,5550.81982421875
7827,6668.01806640625
7828,6283.35546875
7829,5205.943359375
7830,3918.87060546875
7831,5091.4462890625
7832,6224.6572265625
7833,4301.90771484375
7834,3758.0146484375
7835,6886.00244140625
7836,5759.01806640625
7837,4964.44677734375
7838,5085.259765625
7839,4452.14208984375
7840,6039.64501953125
7841,5825.25537109375
7842,4545.8359375
7843,4711.7578125
7844,4462.8203125
7845,5499.5185546875
7846,3551.91162109375
7847,6001.9951171875
7848,3828.58203125
7849,6949.57275390625
7850,6296.0859375
7851,5545.53076171875
7852,9209.380859375
7853,3867.62353515625
7854,4948.4267578125
7855,9162.7470703125
7856,5443.0849609375
7857,6725.818359375
7858,6006.36474609375
7859,3670.08349609375
7860,5583.99072265625
7861,4508.5693359375
7862,6858.58056640625
7863,9716.78515625
7864,5699.88671875
7865,1937.4156494140625
7866,3797.16015625
7867,6755.0712890625
7868,6543.8525390625
7869,4488.67529296875
7870,5624.94140625
7871,4386.21142578125
7872,4364.3984375
7873,3054.01220703125
7874,4539.033203125
7875,4866.2255859375
7876,5693.45068359375
7877,6030.5927734375
7878,6640.11474609375
7879,6568.19482421875
7880,7263.3203125
7881,6525.6337890625
7882,4919.75927734375
7883,8751.125
7884,7739.22265625
7885,4597.02392578125
7886,6885.41455078125
7887,4051.546875
7888,5632.58349609375
7889,2959.837646484375
7890,5380.56298828125
7891,3610.489013671875
7892,8357.3701171875
7893,6225.4541015625
7894,7017.31591796875
7895,7396.1904296875
7896,4654.58984375
7897,6849.8330078125
7898,16607.291015625
7899,7734.9599609375
7900,5126.07421875
7901,2941.887451171875
7902,5456.02392578125
7903,6572.75341796875
7904,5190.447265625
7905,11810.5830078125
7906,14313.4404296875
7907,4097.1015625
7908,4613.70361328125
7909,7111.60791015625
7910,4353.07275390625
7911,6395.75927734375
7912,5147.6884765625
7913,6405.66748046875
7914,0.0
7915,6680.314453125
7916,5426.09130859375
7917,7076.87158203125
7918,7358.30419921875
7919,5489.74267578125
7920,4999.91455078125
7921,6491.75830078125
7922,3623.3271484375
7923,4464.0517578125
7924,7180.51171875
7925,4539.208984375
7926,4683.5390625
7927,6350.67431640625
7928,5596.1943359375
7929,5685.5986328125
7930,6138.3154296875
7931,5644.59033203125
7932,7296.609375
7933,7000.49365234375
7934,6949.42333984375
7935,5033.47802734375
7936,3553.1123046875
7937,5278.76708984375
7938,5527.0634765625
7939,4708.828125
7940,3676.859130859375
7941,7394.115234375
7942,5619.662109375
7943,8527.2724609375
7944,6269.33544921875
7945,4204.60888671875
7946,4448.72265625
7947,3756.421142578125
7948,8088.5732421875
7949,4374.28662109375
7950,6487.46923828125
7951,14183.759765625
7952,6533.17626953125
7953,5295.5703125
7954,4092.6689453125
7955,4020.237548828125
7956,5816.75927734375
7957,3501.862060546875
7958,5525.6572265625
7959,9941.65234375
7960,4693.8740234375
7961,12998.173828125
7962,10825.154296875
7963,4263.169921875
7964,6371.94775390625
7965,5308.9375
7966,5769.20361328125
7967,4676.548828125
7968,8921.6962890625
7969,5462.96337890625
7970,7712.9228515625
7971,3820.79736328125
7972,6729.8125
7973,4452.64404296875
7974,7514.62158203125
7975,5341.4912109375
7976,5703.38916015625
7977,5697.55029296875
7978,5658.091796875
7979,6768.85107421875
7980,8186.61279296875
7981,5437.296875
7982,8393.3896484375
7983,5571.14453125
7984,8049.60498046875
7985,5006.10986328125
7986,4490.11083984375
7987,4602.5234375
7988,8135.56103515625
7989,5102.4794921875
7990,6179.10400390625
7991,5945.89794921875
7992,7130.28564453125
7993,4611.2333984375
7994,7801.23828125
7995,6027.73681640625
7996,3305.613037109375
7997,10682.904296875
7998,14557.77734375
7999,5071.2177734375
8000,5578.43798828125
8001,7942.5087890625
8002,8559.9013671875
8003,9948.6669921875
8004,5069.9560546875
8005,6250.80322265625
8006,5600.3603515625
8007,7048.22412109375
8008,3790.161376953125
8009,5186.5869140625
8010,4156.12939453125
8011,4611.85107421875
8012,5593.13330078125
8013,4729.67333984375
8014,3691.886962890625
8015,6070.73681640625
8016,2895.436279296875
8017,3882.280517578125
8018,5514.95654296875
8019,5015.05322265625
8020,7462.630859375
8021,7726.685546875
8022,6531.54638671875
8023,5651.73095703125
8024,5295.8125
8025,9417.3095703125
8026,6396.1865234375
8027,4182.57763671875
8028,4294.7470703125
8029,7588.4697265625
8030,3876.0048828125
8031,6058.1357421875
8032,2960.314697265625
8033,4176.1796875
8034,7351.78564453125
8035,4792.93896484375
8036,4754.52197265625
8037,8008.740234375
8038,8142.7431640625
8039,10838.75390625
8040,5582.8759765625
8041,6879.34619140625
8042,3147.507080078125
8043,5056.27197265625
8044,5482.673828125
8045,3462.079345703125
8046,6951.7998046875
8047,4569.22314453125
8048,6334.84912109375
8049,7859.4375
8050,9151.8203125
8051,5869.39697265625
8052,4755.53173828125
8053,4245.2255859375
8054,8687.6435546875
8055,7277.32080078125
8056,4910.7548828125
8057,4668.85595703125
8058,5858.435546875
8059,8169.0341796875
8060,3691.35302734375
8061,5521.91943359375
8062,6531.46435546875
8063,6359.40673828125
8064,11260.0751953125
8065,5261.6591796875
8066,12615.93359375
8067,5718.2939453125
8068,4456.5517578125
8069,3072.48486328125
8070,5259.43994140625
8071,5986.27392578125
8072,4528.41552734375
8073,5514.5341796875
8074,4523.09375
8075,3791.12158203125
8076,5065.05078125
8077,3353.92431640625
8078,5939.53125
8079,5870.26708984375
8080,6880.33984375
8081,7230.3505859375
8082,4187.11767578125
8083,8088.828125
8084,5455.72998046875
8085,5724.220703125
8086,5280.8798828125
8087,4078.711181640625
8088,8608.6015625
8089,5953.14453125
8090,3677.437744140625
8091,5904.17333984375
8092,7208.4404296875
8093,5828.1484375
8094,5551.89453125
8095,7227.0146484375
8096,5245.017578125
8097,6036.947265625
8098,6805.15185546875
8099,7160.1171875
8100,4410.95751953125
8101,5142.33642578125
8102,4407.74365234375
8103,4349.8701171875
8104,3953.33935546875
8105,4264.83544921875
8106,6700.30859375
8107,7118.70458984375
8108,9154.8984375
8109,8683.12109375
8110,6761.3525390625
8111,6191.998046875
8112,4958.3115234375
8113,10106.892578125
8114,9456.0185546875
8115,6144.958984375
8116,6996.06298828125
8117,7394.92431640625
8118,4800.24755859375
8119,4511.8359375
8120,6219.2841796875
8121,5991.97314453125
8122,5484.48046875
8123,4560.849609375
8124,2187.0009765625
8125,8053.0634765625
8126,5560.24267578125
8127,5339.18896484375
8128,4519.4521484375
8129,4567.34716796875
8130,6362.44091796875
8131,6610.45703125
8132,6135.47314453125
8133,5292.72998046875
8134,4057.685791015625
8135,3417.00439453125
8136,3939.076904296875
8137,5722.45166015625
8138,17276.1171875
8139,4101.3828125
8140,5007.28515625
8141,5878.369140625
8142,4577.73388671875
8143,4089.901611328125
8144,4523.0244140625
8145,3632.107421875
8146,6854.8486328125
8147,6167.10302734375
8148,2861.36279296875
8149,6591.66455078125
8150,4227.10498046875
8151,4384.33154296875
8152,8461.5068359375
8153,6603.9580078125
8154,8837.193359375
8155,4438.61181640625
8156,5583.66064453125
8157,3725.797607421875
8158,4563.69384765625
8159,12894.86328125
8160,9648.5
8161,6822.68994140625
8162,4831.58251953125
8163,4346.193359375
8164,4905.04638671875
8165,4010.215576171875
8166,8933.8818359375
8167,4824.59326171875
8168,5250.6806640625
8169,6094.24267578125
8170,3963.280029296875
8171,6081.18896484375
8172,5656.4296875
8173,5410.671875
8174,5420.94140625
8175,3774.345703125
8176,5374.49267578125
8177,5204.45703125
8178,7094.4619140625
8179,7548.41162109375
8180,6152.86962890625
8181,3149.2216796875
8182,7412.67236328125
8183,4875.81396484375
8184,3709.953369140625
8185,6126.203125
8186,6202.98681640625
8187,5275.2763671875
8188,5358.16748046875
8189,5789.17431640625
8190,4749.017578125
8191,5251.44677734375
8192,7292.103515625
8193,5341.888671875
8194,4604.51171875
8195,8586.806640625
8196,4878.74462890625
8197,3786.694580078125
8198,9518.6572265625
8199,5062.24853515625
8200,3023.684326171875
8201,6997.935546875
8202,9812.763671875
8203,8055.826171875
8204,4255.18408203125
8205,4979.97119140625
8206,5158.9541015625
8207,6232.6982421875
8208,5787.29296875
8209,6256.2265625
8210,2719.75146484375
8211,4564.248046875
8212,5217.63330078125
8213,4708.5244140625
8214,4094.22998046875
8215,6546.8369140625
8216,6349.43115234375
8217,5434.2578125
8218,6925.58740234375
8219,5472.29638671875
8220,6886.810546875
8221,4082.007568359375
8222,5654.85107421875
8223,6362.3701171875
8224,6435.41259765625
8225,6882.642578125
8226,3454.6494140625
8227,8449.126953125
8228,6563.47412109375
8229,5828.69775390625
8230,4422.26611328125
8231,3389.16748046875
8232,7120.21240234375
8233,4587.87109375
8234,7815.578125
8235,5330.87060546875
8236,4928.28564453125
8237,6868.58935546875
8238,5095.34814453125
8239,4382.52685546875
8240,7277.94189453125
8241,4398.25146484375
8242,7409.32861328125
8243,8382.0234375
8244,6786.01123046875
8245,4353.05078125
8246,4214.56005859375
8247,3133.258544921875
8248,2698.478515625
8249,6515.13134765625
8250,3709.203857421875
8251,7773.875
8252,3359.1767578125
8253,5050.81005859375
8254,4507.53515625
8255,7611.05859375
8256,4128.009765625
8257,4592.876953125
8258,4278.73974609375
8259,6351.34423828125
8260,4461.1015625
8261,6129.45654296875
8262,6505.8388671875
8263,7604.498046875
8264,6038.390625
8265,6507.28173828125
8266,5125.9501953125
8267,4068.5859375
8268,4481.04443359375
8269,8844.8212890625
8270,6797.08154296875
8271,7443.47119140625
8272,13583.9228515625
8273,5000.24560546875
8274,4310.1123046875
8275,5897.0947265625
8276,7518.0927734375
8277,7489.53466796875
8278,5839.67529296875
8279,7433.04150390625
8280,6667.23046875
8281,6490.46875
8282,5525.67529296875
8283,4583.09619140625
8284,4661.5849609375
8285,4021.585205078125
8286,3855.75048828125
8287,4115.13330078125
8288,6574.02099609375
8289,14445.5107421875
8290,5422.14990234375
8291,4453.3076171875
8292,6276.62939453125
8293,3492.8896484375
8294,6133.447265625
8295,3848.50244140625
8296,7702.77685546875
8297,5588.26611328125
8298,5492.87939453125
8299,10670.2587890625
8300,10748.794921875
8301,4654.1669921875
8302,5868.4033203125
8303,4068.215087890625
8304,4718.6455078125
8305,5556.78271484375
8306,6821.56787109375
8307,4298.25244140625
8308,4084.05078125
8309,4308.6474609375
8310,4839.55615234375
8311,5838.98974609375
8312,5577.38671875
8313,3664.925537109375
8314,6185.41455078125
8315,6147.87353515625
8316,5705.02587890625
8317,3463.604736328125
8318,2900.519775390625
8319,6438.908203125
8320,3516.01025390625
8321,8789.5947265625
8322,3749.3984375
8323,3857.921630859375
8324,5188.92919921875
8325,4779.66357421875
8326,4045.87109375
8327,4560.91943359375
8328,5046.1943359375
8329,8093.96337890625
8330,6998.455078125
8331,5035.318359375
8332,4666.86181640625
8333,4910.16259765625
8334,4673.5205078125
8335,4724.16552734375
8336,4820.3642578125
8337,5951.5634765625
8338,10191.0576171875
8339,5972.283203125
8340,5409.6669921875
8341,6546.84814453125
8342,3548.002197265625
8343,7638.06103515625
8344,4631.46533203125
8345,10358.7568359375
8346,5116.36669921875
8347,4825.751953125
8348,3705.850830078125
8349,3284.309814453125
8350,6726.26953125
8351,17617.892578125
8352,3186.28076171875
8353,4241.50341796875
8354,7839.9267578125
8355,5767.46728515625
8356,7205.30029296875
8357,7047.30126953125
8358,4739.13037109375
8359,4249.9599609375
8360,3924.081787109375
8361,8387.7470703125
8362,4935.37841796875
8363,7158.28955078125
8364,6632.52197265625
8365,5136.23193359375
8366,7143.8232421875
8367,5768.25537109375
8368,3833.040283203125
8369,8400.1943359375
8370,8115.97412109375
8371,3297.345947265625
8372,6571.1416015625
8373,5286.4345703125
8374,4208.703125
8375,8297.619140625
8376,5770.751953125
8377,6845.001953125
8378,3967.240234375
8379,4194.1845703125
8380,6230.80224609375
8381,3952.6845703125
8382,6817.57373046875
8383,3704.447021484375
8384,5511.9462890625
8385,4391.30126953125
8386,5076.0361328125
8387,5254.3212890625
8388,6248.25634765625
8389,5290.48095703125
8390,6847.2294921875
8391,4503.72607421875
8392,6455.69189453125
8393,5005.11328125
8394,6353.2919921875
8395,8076.67626953125
8396,6784.9560546875
8397,3001.146728515625
8398,4864.2880859375
8399,6079.42578125
8400,4584.8818359375
8401,10085.7880859375
8402,5574.93017578125
8403,7154.3837890625
8404,8980.4765625
8405,6391.3271484375
8406,3665.32470703125
8407,13102.140625
8408,8549.537109375
8409,5068.48681640625
8410,6473.529296875
8411,8510.671875
8412,4748.28369140625
8413,6057.2685546875
8414,5880.138671875
8415,4456.251953125
8416,4258.251953125
8417,5271.8779296875
8418,3696.843994140625
8419,6842.9677734375
8420,5533.54736328125
8421,5368.37841796875
8422,5919.6923828125
8423,5312.90380859375
8424,5252.72216796875
8425,4144.2880859375
8426,6412.62255859375
8427,6173.68896484375
8428,5089.58984375
8429,6542.61279296875
8430,5949.7080078125
8431,8561.1357421875
8432,4481.48486328125
8433,4231.05029296875
8434,4998.0078125
8435,6154.1826171875
8436,5583.517578125
8437,3974.1025390625
8438,4220.35302734375
8439,6195.296875
8440,6595.193359375
8441,4446.0517578125
8442,6555.9697265625
8443,5362.875
8444,4273.25048828125
8445,4617.14501953125
8446,2684.656982421875
8447,6120.763671875
8448,5751.982421875
8449,5595.25146484375
8450,7255.1298828125
8451,6811.84814453125
8452,4246.31298828125
8453,7230.9296875
8454,4706.2431640625
8455,3346.129150390625
8456,6540.1328125
8457,9153.4951171875
8458,6582.34326171875
8459,5767.86474609375
8460,3086.59326171875
8461,5498.7587890625
8462,6697.50830078125
8463,4917.85498046875
8464,6747.4052734375
8465,4215.9775390625
8466,4305.6728515625
8467,4234.0556640625
8468,4525.97412109375
8469,4713.39453125
8470,3840.2060546875
8471,3557.197509765625
8472,3424.4521484375
8473,5920.3798828125
8474,6049.6962890625
8475,4051.66748046875
8476,5726.43701171875
8477,5576.15478515625
8478,4318.603515625
8479,4036.77783203125
8480,6183.7578125
8481,6268.49365234375
8482,5094.1728515625
8483,3278.96240234375
8484,9812.15625
8485,5797.56494140625
8486,4504.0263671875
8487,6499.947265625
8488,6027.0078125
8489,5802.08935546875
8490,5344.115234375
8491,6643.919921875
8492,7268.9296875
8493,10742.859375
8494,3918.9580078125
8495,4584.39794921875
8496,4159.6123046875
8497,5026.02392578125
8498,4712.35888671875
8499,6733.7880859375
8500,6296.75146484375
8501,4995.29248046875
8502,3215.100830078125
8503,4723.8974609375
8504,7606.69677734375
8505,4019.29296875
8506,6195.9228515625
8507,3117.099609375
8508,6526.55859375
8509,7137.0234375
8510,6045.3837890625
8511,7225.083984375
8512,5866.7509765625
8513,4118.73779296875
8514,5248.03173828125
8515,6331.85595703125
8516,7233.501953125
8517,6218.52587890625
8518,6333.02685546875
8519,4757.15576171875
8520,3822.97119140625
8521,8577.5751953125
8522,3060.266357421875
8523,8982.1865234375
8524,5126.73388671875
8525,3727.208984375
8526,5205.90087890625
8527,5808.21630859375
8528,5993.6962890625
8529,8214.2451171875
8530,3591.35400390625
8531,4002.841796875
8532,5944.78173828125
8533,7147.361328125
8534,6691.51904296875
8535,5229.59814453125
8536,5451.78125
8537,4742.6416015625
8538,5865.046875
8539,4654.62109375
8540,8870.6484375
8541,7253.42236328125
8542,11394.037109375
8543,3489.38916015625
8544,5205.84423828125
8545,10683.802734375
8546,7168.669921875
8547,4283.54541015625
8548,7342.71044921875
8549,5157.93701171875
8550,5244.4130859375
8551,4740.69677734375
8552,4628.4619140625
8553,5111.05322265625
8554,4466.2294921875
8555,4137.06396484375
8556,4064.46630859375
8557,6551.73828125
8558,5874.45849609375
8559,19320.958984375
8560,6011.10009765625
8561,3915.115234375
8562,6201.08154296875
8563,8885.1796875
8564,5739.4306640625
8565,7216.60107421875
8566,5411.521484375
8567,6772.41015625
8568,6985.01513671875
8569,3694.2060546875
8570,5151.044921875
8571,5404.99267578125
8572,7647.28125
8573,6104.33056640625
8574,8659.2021484375
8575,4736.640625
8576,4416.84765625
8577,4982.60009765625
8578,9434.08984375
8579,10285.1611328125
8580,7957.25830078125
8581,7320.45654296875
8582,4023.509521484375
8583,5462.06689453125
8584,4788.63427734375
8585,8114.07666015625
8586,9396.58203125
8587,10135.515625
8588,4553.2919921875
8589,5845.62890625
8590,3678.0224609375
8591,5917.234375
8592,9439.08984375
8593,6255.0888671875
8594,4948.80078125
8595,5521.90869140625
8596,7220.1982421875
8597,4007.66455078125
8598,6555.92578125
8599,3802.625732421875
8600,6706.87451171875
8601,5790.171875
8602,5190.677734375
8603,7854.24755859375
8604,6651.84716796875
8605,5822.25244140625
8606,6883.43798828125
8607,6320.19189453125
8608,8983.390625
8609,6160.95458984375
8610,7624.6240234375
8611,7108.3544921875
8612,8644.1494140625
8613,6230.15185546875
8614,7772.5234375
8615,4247.16455078125
8616,5318.26123046875
8617,5834.69873046875
8618,5850.31640625
8619,8505.3037109375
8620,7363.6142578125
8621,5428.12353515625
8622,7261.58935546875
8623,7131.00732421875
8624,7277.373046875
8625,4021.495361328125
8626,12279.6953125
8627,4390.2431640625
8628,6797.8369140625
8629,7509.8486328125
8630,4531.302734375
8631,5324.14501953125
8632,5540.0263671875
8633,6905.93701171875
8634,5714.4306640625
8635,5143.8525390625
8636,7593.93359375
8637,7337.74267578125
8638,5695.30810546875
8639,4815.9638671875
8640,7253.6748046875
8641,11934.5224609375
8642,6684.4931640625
8643,4741.1669921875
8644,6412.06640625
8645,6832.97314453125
8646,6423.36767578125
8647,8309.52734375
8648,3849.535888671875
8649,7251.95556640625
8650,6624.2275390625
8651,6195.46533203125
8652,8215.4814453125
8653,4837.80224609375
8654,4287.39794921875
8655,4627.87890625
8656,7993.68603515625
8657,7958.03515625
8658,5498.30224609375
8659,4639.947265625
8660,6449.87548828125
8661,5907.30419921875
8662,5417.294921875
8663,6546.0712890625
8664,6404.470703125
8665,6884.927734375
8666,5113.96142578125
8667,4258.36181640625
8668,5967.8193359375
8669,7861.8349609375
8670,7410.01708984375
8671,7187.62451171875
8672,7530.099609375
8673,5486.84814453125
8674,8136.83349609375
8675,5038.2275390625
8676,5703.708984375
8677,8681.10546875
8678,5727.1064453125
8679,9279.423828125
8680,7535.47265625
8681,6598.51025390625
8682,6011.2802734375
8683,7322.31396484375
8684,6877.92626953125
8685,6236.85107421875
8686,4876.32861328125
8687,5039.66357421875
8688,7166.3125
8689,4769.63525390625
8690,3687.40283203125
8691,7526.4873046875
8692,6642.74267578125
8693,6010.880859375
8694,5431.97509765625
8695,5030.1572265625
8696,6746.60791015625
8697,6642.89013671875
8698,5355.67626953125
8699,5295.35302734375
8700,5625.22265625
8701,6199.02490234375
8702,3333.158447265625
8703,6160.1201171875
8704,4489.29150390625
8705,7572.97314453125
8706,7575.88232421875
8707,6505.68701171875
8708,10624.7841796875
8709,4302.41650390625
8710,5404.74853515625
8711,10369.927734375
8712,6027.5400390625
8713,7536.29150390625
8714,7398.49951171875
8715,4445.181640625
8716,6336.69189453125
8717,5467.07177734375
8718,7515.48974609375
8719,10366.6279296875
8720,6603.48095703125
8721,2342.23193359375
8722,4226.67333984375
8723,7400.150390625
8724,6834.7119140625
8725,4801.326171875
8726,5794.8525390625
8727,4687.427734375
8728,4748.2001953125
8729,3698.896240234375
8730,4875.14697265625
8731,5453.55078125
8732,6621.6669921875
8733,6630.74755859375
8734,7464.703125
8735,7149.31640625
8736,8233.96484375
8737,7526.19384765625
8738,5062.23583984375
8739,9285.779296875
8740,8849.9716796875
8741,5403.19921875
8742,7387.90234375
8743,4793.279296875
8744,6148.7109375
8745,3691.162841796875
8746,5776.4130859375
8747,4359.43212890625
8748,9534.703125
8749,6831.373046875
8750,6895.02783203125
8751,7879.01611328125
8752,5399.13818359375
8753,7362.30712890625
8754,17926.166015625
8755,8717.693359375
8756,6016.77587890625
8757,3137.81201171875
8758,5847.17333984375
8759,7319.544921875
8760,5964.3916015625
8761,12020.8896484375
8762,14970.7666015625
8763,4987.3291015625
8764,5173.20458984375
8765,7864.4365234375
8766,4582.3466796875
8767,6983.380859375
8768,5672.43994140625
8769,7138.69873046875
8770,0.0
8771,7495.46826171875
8772,5862.57373046875
8773,8079.22998046875
8774,8727.794921875
8775,5737.2861328125
8776,5774.65771484375
8777,7284.8349609375
8778,4260.3994140625
8779,4961.4912109375
8780,7792.09423828125
8781,5254.40673828125
8782,5505.982421875
8783,6014.18310546875
8784,6000.1767578125
8785,6570.6591796875
8786,6687.55126953125
8787,6879.03759765625
8788,8588.28515625
8789,9459.751953125
8790,7047.7900390625
8791,5598.0869140625
8792,3654.44580078125
8793,5797.25732421875
8794,6118.37841796875
8795,5511.72900390625
8796,4856.01123046875
8797,7507.05810546875
8798,6024.6142578125
8799,9536.234375
8800,6995.49072265625
8801,5049.60400390625
8802,4785.57177734375
8803,4355.00390625
8804,8847.9208984375
8805,4879.07763671875
8806,7155.47119140625
8807,15386.998046875
8808,7010.07275390625
8809,5551.689453125
8810,5008.9296875
8811,4393.87109375
8812,6461.89501953125
8813,4358.8857421875
8814,5894.833984375
8815,11377.119140625
8816,4986.3896484375
8817,13186.2646484375
8818,11579.888671875
8819,4915.3271484375
8820,7215.1611328125
8821,5665.47412109375
8822,6409.28271484375
8823,5381.19140625
8824,9345.4033203125
8825,5475.22314453125
8826,8047.20947265625
8827,4786.81787109375
8828,7426.7109375
8829,5009.32177734375
8830,8037.322265625
8831,6005.24853515625
8832,6706.40576171875
8833,6575.80615234375
8834,6015.90380859375
8835,7377.8701171875
8836,8957.8681640625
8837,6227.64892578125
8838,9013.1396484375
8839,6571.00390625
8840,9236.4833984375
8841,5170.93310546875
8842,5244.01220703125
8843,5206.525390625
8844,8759.08984375
8845,5558.54345703125
8846,7187.009765625
8847,6499.453125
8848,7543.33642578125
8849,5533.03564453125
8850,7487.76953125
8851,6446.9189453125
8852,4175.78662109375
8853,11837.87890625
8854,16344.5244140625
8855,6485.06591796875
8856,6272.40087890625
8857,8343.30859375
8858,9173.78515625
8859,9890.8330078125
8860,5116.46337890625
8861,7159.21435546875
8862,6019.412109375
8863,7675.474609375
8864,3876.573974609375
8865,5460.36474609375
8866,4304.328125
8867,5898.5869140625
8868,6653.81298828125
8869,5329.09814453125
8870,3971.658935546875
8871,6720.25244140625
8872,3865.16796875
8873,4373.09521484375
8874,6037.21630859375
8875,5723.26806640625
8876,8299.107421875
8877,8252.9501953125
8878,7423.10107421875
8879,6209.46923828125
8880,6024.775390625
8881,11312.9951171875
8882,6436.8310546875
8883,4624.8369140625
8884,4821.91552734375
8885,8621.8662109375
8886,4454.091796875
8887,6831.166015625
8888,3360.009765625
8889,4911.08447265625
8890,8175.56787109375
8891,5455.1591796875
8892,5449.4482421875
8893,8775.6162109375
8894,9109.189453125
8895,11777.3525390625
8896,6200.59912109375
8897,8248.1748046875
8898,3234.5625
8899,5786.23486328125
8900,6107.06005859375
8901,3770.115478515625
8902,7410.44775390625
8903,5035.73388671875
8904,7057.83203125
8905,8471.2822265625
8906,9175.015625
8907,6841.0205078125
8908,5116.36376953125
8909,4611.1728515625
8910,10459.0849609375
8911,8426.2919921875
8912,5530.6552734375
8913,5127.97998046875
8914,6561.60400390625
8915,8717.634765625
8916,4500.65869140625
8917,6298.0712890625
8918,7654.7841796875
8919,6835.94091796875
8920,12515.3720703125
8921,5584.66357421875
8922,13288.0712890625
8923,6787.02783203125
8924,4616.49365234375
8925,3418.481689453125
8926,5538.9375
8927,6641.87646484375
8928,5280.16845703125
8929,6332.626953125
8930,5048.150390625
8931,4582.51220703125
8932,5536.14697265625
8933,3830.208251953125
8934,6683.71630859375
8935,6434.4599609375
8936,7920.83056640625
8937,7532.7841796875
8938,5214.60302734375
8939,8293.5498046875
8940,6363.66455078125
8941,6297.71875
8942,5966.1220703125
8943,4639.37939453125
8944,9770.34375
8945,6979.841796875
8946,4684.62451171875
8947,6254.67333984375
8948,8264.8896484375
8949,6505.306640625
8950,6116.1064453125
8951,7825.134765625
8952,5692.79248046875
8953,6526.66845703125
8954,7464.88720703125
8955,7824.64404296875
8956,5321.8955078125
8957,5673.29931640625
8958,4965.00537109375
8959,5027.541015625
8960,4480.23193359375
8961,4626.64697265625
8962,7449.73388671875
8963,8073.021484375
8964,10766.005859375
8965,10438.9013671875
8966,7912.103515625
8967,6835.2314453125
8968,5645.171875
8969,11502.3916015625
8970,10861.7646484375
8971,7444.02587890625
8972,7814.884765625
8973,7770.1611328125
8974,5384.47021484375
8975,4969.84228515625
8976,7137.54736328125
8977,6285.361328125
8978,5851.7041015625
8979,5598.5009765625
8980,1940.4639892578125
8981,9025.3466796875
8982,6023.3291015625
8983,5911.16357421875
8984,5021.4423828125
8985,4819.3896484375
8986,6761.77001953125
8987,7185.8232421875
8988,7118.33203125
8989,6184.91650390625
8990,4526.97265625
8991,3970.787109375
8992,4186.099609375
8993,6545.87255859375
8994,17957.0078125
8995,4124.314453125
8996,5545.27783203125
8997,6168.52978515625
8998,4743.7958984375
8999,4676.78515625
9000,4942.12841796875
9001,3945.088623046875
9002,7554.63916015625
9003,7028.49951171875
9004,3701.964599609375
9005,8398.8046875
9006,4781.9033203125
9007,4945.32275390625
9008,9840.0029296875
9009,6817.1708984375
9010,9420.4306640625
9011,5009.99462890625
9012,5931.7548828125
9013,4156.0576171875
9014,4979.22216796875
9015,13895.62109375
9016,9988.5771484375
9017,7532.3173828125
9018,5712.10595703125
9019,5253.826171875
9020,5735.513671875
9021,4342.318359375
9022,9486.2314453125
9023,5620.36572265625
9024,5802.0859375
9025,6524.15380859375
9026,4736.2587890625
9027,6430.63623046875
9028,5568.41162109375
9029,6632.31494140625
9030,6180.11767578125
9031,4209.82470703125
9032,6260.9580078125
9033,6070.07373046875
9034,8143.10302734375
9035,8352.53125
9036,7058.6826171875
9037,4318.63525390625
9038,8685.8095703125
9039,5383.3671875
9040,4601.5654296875
9041,6868.28466796875
9042,7235.47998046875
9043,5811.38427734375
9044,6302.875
9045,6425.39892578125
9046,5783.6767578125
9047,5817.3076171875
9048,7947.7578125
9049,6067.501953125
9050,5385.9931640625
9051,9256.2080078125
9052,5274.0107421875
9053,3896.34033203125
9054,10673.4091796875
9055,5488.85107421875
9056,3523.9990234375
9057,6958.115234375
9058,10801.1904296875
9059,8225.904296875
9060,5286.75537109375
9061,5733.728515625
9062,5862.19189453125
9063,7152.5712890625
9064,6161.74365234375
9065,7306.88134765625
9066,2995.67822265625
9067,5163.9375
9068,5685.38623046875
9069,4924.033203125
9070,5287.04296875
9071,7010.1064453125
9072,6881.17041015625
9073,5863.1416015625
9074,7454.51318359375
9075,5764.01416015625
9076,7729.3642578125
9077,4268.4833984375
9078,6855.1103515625
9079,6571.18798828125
9080,7287.3671875
9081,7553.6630859375
9082,3623.17333984375
9083,8549.30859375
9084,7218.7412109375
9085,6735.47216796875
9086,5148.53759765625
9087,3672.357666015625
9088,7725.41748046875
9089,4867.95703125
9090,8364.2666015625
9091,5940.35693359375
9092,5388.90478515625
9093,7261.3740234375
9094,6314.37060546875
9095,4677.0361328125
9096,8231.087890625
9097,4882.26416015625
9098,8672.2763671875
9099,9254.6376953125
9100,6694.0810546875
9101,4499.9140625
9102,4892.033203125
9103,4046.681396484375
9104,3019.20703125
9105,7666.759765625
9106,4494.23583984375
9107,8371.12109375
9108,4161.1611328125
9109,5330.30810546875
9110,5413.88525390625
9111,8145.396484375
9112,4721.57958984375
9113,5014.80029296875
9114,4254.42138671875
9115,7013.7255859375
9116,5648.61962890625
9117,6469.2412109375
9118,7738.6826171875
9119,8310.1923828125
9120,6752.43798828125
9121,7366.25927734375
9122,5779.80615234375
9123,4558.48681640625
9124,5084.0126953125
9125,9822.0263671875
9126,6929.60302734375
9127,8627.2177734375
9128,14085.103515625
9129,6064.9091796875
9130,4933.33837890625
9131,6186.77783203125
9132,7829.11328125
9133,8478.796875
9134,6650.81298828125
9135,7907.47314453125
9136,7644.9111328125
9137,7315.94775390625
9138,6526.75048828125
9139,4939.42626953125
9140,5783.7998046875
9141,4718.68798828125
9142,3823.27099609375
9143,4749.55419921875
9144,7422.013671875
9145,16152.3896484375
9146,6192.5908203125
9147,5397.00830078125
9148,6402.0283203125
9149,4240.28125
9150,6670.27490234375
9151,3951.8740234375
9152,9395.0859375
9153,6145.4130859375
9154,6099.32568359375
9155,12156.4189453125
9156,11872.203125
9157,4851.919921875
9158,6945.16552734375
9159,4202.5869140625
9160,5154.50732421875
9161,6273.908203125
9162,7710.29541015625
9163,4681.30224609375
9164,4422.505859375
9165,4736.09521484375
9166,5262.48095703125
9167,5789.951171875
9168,6417.80859375
9169,4009.792724609375
9170,7001.5107421875
9171,6960.5966796875
9172,5940.87841796875
9173,4085.03662109375
9174,3445.530517578125
9175,7143.60400390625
9176,4136.95751953125
9177,9622.2705078125
9178,4701.1923828125
9179,4694.96826171875
9180,5895.978515625
9181,5554.77783203125
9182,4457.01318359375
9183,5639.2158203125
9184,5751.5078125
9185,9273.857421875
9186,7593.3076171875
9187,5672.4375
9188,4565.67919921875
9189,6042.28173828125
9190,5732.80419921875
9191,4940.2001953125
9192,5722.21533203125
9193,6354.89599609375
9194,11554.7216796875
9195,6979.1201171875
9196,5869.732421875
9197,6929.3115234375
9198,4626.67529296875
9199,9175.2080078125
9200,4613.40673828125
9201,10857.45703125
9202,6347.68994140625
9203,5380.75390625
9204,4040.629150390625
9205,3566.77880859375
9206,7393.693359375
9207,20878.671875
9208,3731.384033203125
9209,5195.62744140625
9210,8526.607421875
9211,6070.49609375
9212,7058.30029296875
9213,7621.85009765625
9214,5250.45458984375
9215,5473.06884765625
9216,3834.487060546875
9217,9187.6953125
9218,6029.2060546875
9219,7514.8876953125
9220,7540.06494140625
9221,5237.7080078125
9222,7748.0
9223,6300.7802734375
9224,3903.308349609375
9225,8384.7119140625
9226,8433.0849609375
9227,4658.9990234375
9228,7326.28271484375
9229,6057.51025390625
9230,4900.24462890625
9231,9194.12890625
9232,6964.19189453125
9233,7323.67919921875
9234,4779.27001953125
9235,5042.298828125
9236,6560.66162109375
9237,4564.5517578125
9238,7784.16796875
9239,3610.9697265625
9240,6153.35205078125
9241,6085.8662109375
9242,5948.54296875
9243,5389.47900390625
9244,6657.0615234375
9245,6566.16845703125
9246,8146.9873046875
9247,5784.2666015625
9248,7532.62255859375
9249,5897.82568359375
9250,7006.126953125
9251,9562.0458984375
9252,7487.32666015625
9253,3530.228515625
9254,5661.04150390625
9255,7054.36328125
9256,5121.74462890625
9257,12055.1884765625
9258,6386.263671875
9259,8036.3466796875
9260,9642.7177734375
9261,6734.2099609375
9262,4162.65478515625
9263,16488.15234375
9264,9365.787109375
9265,5387.72705078125
9266,6735.474609375
9267,8847.6728515625
9268,5687.36376953125
9269,6316.24462890625
9270,6491.68310546875
9271,5596.82080078125
9272,5463.1875
9273,6093.3134765625
9274,4089.352294921875
9275,6708.13427734375
9276,6432.11865234375
9277,5756.61083984375
9278,6599.06396484375
9279,5575.587890625
9280,5796.83935546875
9281,4415.57080078125
9282,6439.6728515625
9283,6330.05322265625
9284,5713.78369140625
9285,7083.7490234375
9286,6307.7021484375
9287,9245.0693359375
9288,5125.443359375
9289,5424.2001953125
9290,5183.06005859375
9291,6510.498046875
9292,5688.9150390625
9293,4418.9560546875
9294,5163.9697265625
9295,6598.8544921875
9296,6974.501953125
9297,5216.83447265625
9298,7085.00927734375
9299,6255.7421875
9300,5167.31201171875
9301,4516.064453125
9302,3088.52197265625
9303,6711.0009765625
9304,5948.998046875
9305,5748.6337890625
9306,7909.1669921875
9307,6934.48388671875
9308,4625.81884765625
9309,7609.74072265625
9310,4797.62158203125
9311,3448.7666015625
9312,6659.8916015625
9313,9432.41015625
9314,6870.7236328125
9315,6425.3681640625
9316,3482.0078125
9317,5609.51806640625
9318,7137.1220703125
9319,5080.529296875
9320,7213.06982421875
9321,4469.71435546875
9322,5084.669921875
9323,4569.54345703125
9324,5086.09619140625
9325,5289.21533203125
9326,4108.8701171875
9327,4512.0673828125
9328,4213.57177734375
9329,6854.69970703125
9330,6243.318359375
9331,4748.30517578125
9332,6003.9755859375
9333,6077.349609375
9334,5141.00927734375
9335,4616.6337890625
9336,7495.6484375
9337,6519.37939453125
9338,5374.14501953125
9339,3595.13427734375
9340,8911.15625
9341,6662.26123046875
9342,5079.23583984375
9343,6969.90283203125
9344,6406.6962890625
9345,6531.12841796875
9346,5728.53466796875
9347,6989.93359375
9348,7826.259765625
9349,11224.3359375
9350,4397.5732421875
9351,4801.015625
9352,4643.48779296875
9353,6091.49072265625
9354,5782.6123046875
9355,7057.03369140625
9356,6965.7783203125
9357,4997.892578125
9358,3699.9794921875
9359,4940.908203125
9360,8645.7744140625
9361,4818.05419921875
9362,5812.1826171875
9363,3818.73291015625
9364,6539.97509765625
9365,7538.95703125
9366,6863.22021484375
9367,7541.9404296875
9368,6415.9306640625
9369,4909.49267578125
9370,6144.89794921875
9371,6274.57177734375
9372,7743.0908203125
9373,7070.244140625
9374,7203.16650390625
9375,5030.81640625
9376,4580.85986328125
9377,9318.2548828125
9378,3709.81787109375
9379,9547.3388671875
9380,5405.43212890625
9381,4492.1279296875
9382,5871.08349609375
9383,6644.12890625
9384,6022.33056640625
9385,8566.5810546875
9386,4476.9365234375
9387,4508.78173828125
9388,6005.37744140625
9389,7524.4189453125
9390,7502.509765625
9391,5147.65234375
9392,5392.02099609375
9393,4463.78271484375
9394,6634.611328125
9395,4674.353515625
9396,10108.9873046875
9397,8587.181640625
9398,12102.5810546875
9399,4334.42578125
9400,5816.6015625
9401,10517.3330078125
9402,8538.0615234375
9403,4233.51904296875
9404,8831.8603515625
9405,6052.57177734375
9406,5546.58251953125
9407,5260.5166015625
9408,4619.6513671875
9409,5294.49658203125
9410,4872.30419921875
9411,4765.84521484375
9412,4372.39892578125
9413,7463.8837890625
9414,6690.5859375
9415,21602.337890625
9416,7052.4501953125
9417,0.0
9418,0.0
9419,0.0
9420,0.0
9421,0.0
9422,0.0
9423,0.0
9424,0.0
9425,0.0
9426,0.0
9427,0.0
9428,0.0
9429,0.0
9430,0.0
9431,0.0
9432,0.0
9433,0.0
9434,0.0
9435,0.0
9436,0.0
9437,0.0
9438,0.0
9439,0.0
9440,0.0
9441,0.0
9442,0.0
9443,0.0
9444,0.0
9445,0.0
9446,0.0
9447,0.0
9448,0.0
9449,0.0
9450,0.0
9451,0.0
9452,0.0
9453,0.0
9454,0.0
9455,0.0
9456,0.0
9457,0.0
9458,0.0
9459,0.0
9460,0.0
9461,0.0
9462,0.0
9463,0.0
9464,0.0
9465,0.0
9466,0.0
9467,0.0
9468,0.0
9469,0.0
9470,0.0
9471,0.0
9472,0.0
9473,0.0
9474,0.0
9475,0.0
9476,0.0
9477,0.0
9478,0.0
9479,0.0
9480,0.0
9481,0.0
9482,0.0
9483,0.0
9484,0.0
9485,0.0
9486,0.0
9487,0.0
9488,0.0
9489,0.0
9490,0.0
9491,0.0
9492,0.0
9493,0.0
9494,0.0
9495,0.0
9496,0.0
9497,0.0
9498,0.0
9499,0.0
9500,0.0
9501,0.0
9502,0.0
9503,0.0
9504,0.0
9505,0.0
9506,0.0
9507,0.0
9508,3214.610107421875
9509,0.0
9510,0.0
9511,0.0
9512,0.0
9513,0.0
9514,0.0
9515,0.0
9516,0.0
9517,0.0
9518,0.0
9519,0.0
9520,0.0
9521,0.0
9522,0.0
9523,0.0
9524,0.0
9525,0.0
9526,0.0
9527,0.0
9528,0.0
9529,0.0
9530,0.0
9531,0.0
9532,0.0
9533,0.0
9534,0.0
9535,0.0
9536,0.0
9537,0.0
9538,0.0
9539,0.0
9540,0.0
9541,0.0
9542,0.0
9543,0.0
9544,0.0
9545,0.0
9546,0.0
9547,0.0
9548,0.0
9549,0.0
9550,0.0
9551,0.0
9552,0.0
9553,0.0
9554,0.0
9555,0.0
9556,0.0
9557,0.0
9558,0.0
9559,0.0
9560,0.0
9561,0.0
9562,0.0
9563,0.0
9564,0.0
9565,0.0
9566,0.0
9567,0.0
9568,0.0
9569,0.0
9570,0.0
9571,0.0
9572,0.0
9573,0.0
9574,0.0
9575,0.0
9576,2758.33984375
9577,0.0
9578,0.0
9579,0.0
9580,0.0
9581,0.0
9582,0.0
9583,0.0
9584,0.0
9585,0.0
9586,0.0
9587,0.0
9588,0.0
9589,0.0
9590,0.0
9591,0.0
9592,0.0
9593,0.0
9594,0.0
9595,0.0
9596,0.0
9597,0.0
9598,0.0
9599,0.0
9600,0.0
9601,0.0
9602,0.0
9603,0.0
9604,0.0
9605,0.0
9606,0.0
9607,0.0
9608,0.0
9609,0.0
9610,0.0
9611,0.0
9612,0.0
9613,0.0
9614,0.0
9615,0.0
9616,0.0
9617,15491.357421875
9618,22819.00390625
9619,0.0
9620,0.0
9621,0.0
9622,0.0
9623,0.0
9624,0.0
9625,0.0
9626,7366.099609375
9627,0.0
9628,0.0
9629,0.0
9630,0.0
9631,0.0
9632,0.0
9633,0.0
9634,0.0
9635,0.0
9636,0.0
9637,0.0
9638,0.0
9639,0.0
9640,0.0
9641,0.0
9642,0.0
9643,0.0
9644,0.0
9645,4524.31298828125
9646,0.0
9647,0.0
9648,0.0
9649,0.0
9650,0.0
9651,0.0
9652,0.0
9653,0.0
9654,0.0
9655,3490.790283203125
9656,0.0
9657,0.0
9658,0.0
9659,0.0
9660,0.0
9661,0.0
9662,0.0
9663,0.0
9664,0.0
9665,0.0
9666,0.0
9667,0.0
9668,0.0
9669,0.0
9670,0.0
9671,0.0
9672,0.0
9673,8201.8583984375
9674,0.0
9675,0.0
9676,0.0
9677,0.0
9678,0.0
9679,0.0
9680,0.0
9681,0.0
9682,0.0
9683,0.0
9684,0.0
9685,0.0
9686,0.0
9687,0.0
9688,0.0
9689,0.0
9690,9143.814453125
9691,0.0
9692,0.0
9693,0.0
9694,0.0
9695,0.0
9696,0.0
9697,0.0
9698,0.0
9699,0.0
9700,0.0
9701,0.0
9702,0.0
9703,0.0
9704,0.0
9705,0.0
9706,0.0
9707,0.0
9708,0.0
9709,0.0
9710,0.0
9711,0.0
9712,0.0
9713,0.0
9714,0.0
9715,0.0
9716,0.0
9717,0.0
9718,0.0
9719,0.0
9720,0.0
9721,0.0
9722,0.0
9723,0.0
9724,0.0
9725,0.0
9726,0.0
9727,0.0
9728,0.0
9729,0.0
9730,0.0
9731,0.0
9732,0.0
9733,0.0
9734,0.0
9735,0.0
9736,0.0
9737,0.0
9738,0.0
9739,0.0
9740,0.0
9741,0.0
9742,0.0
9743,0.0
9744,0.0
9745,0.0
9746,0.0
9747,0.0
9748,0.0
9749,0.0
9750,0.0
9751,0.0
9752,1488.132568359375
9753,0.0
9754,0.0
9755,0.0
9756,0.0
9757,0.0
9758,0.0
9759,0.0
9760,0.0
9761,0.0
9762,0.0
9763,0.0
9764,0.0
9765,0.0
9766,4934.73876953125
9767,0.0
9768,0.0
9769,0.0
9770,0.0
9771,0.0
9772,0.0
9773,0.0
9774,0.0
9775,0.0
9776,0.0
9777,0.0
9778,0.0
9779,0.0
9780,0.0
9781,0.0
9782,0.0
9783,0.0
9784,0.0
9785,0.0
9786,0.0
9787,0.0
9788,0.0
9789,0.0
9790,0.0
9791,0.0
9792,0.0
9793,0.0
9794,0.0
9795,0.0
9796,0.0
9797,0.0
9798,0.0
9799,0.0
9800,0.0
9801,0.0
9802,0.0
9803,0.0
9804,0.0
9805,0.0
9806,0.0
9807,0.0
9808,0.0
9809,7488.0244140625
9810,0.0
9811,0.0
9812,0.0
9813,0.0
9814,0.0
9815,0.0
9816,0.0
9817,0.0
9818,0.0
9819,2865.333984375
9820,0.0
9821,0.0
9822,0.0
9823,5590.3515625
9824,0.0
9825,0.0
9826,0.0
9827,0.0
9828,0.0
9829,0.0
9830,0.0
9831,0.0
9832,0.0
9833,0.0
9834,0.0
9835,0.0
9836,0.0
9837,0.0
9838,0.0
9839,0.0
9840,0.0
9841,0.0
9842,0.0
9843,0.0
9844,0.0
9845,0.0
9846,0.0
9847,0.0
9848,0.0
9849,0.0
9850,19109.486328125
9851,0.0
9852,0.0
9853,0.0
9854,0.0
9855,0.0
9856,0.0
9857,0.0
9858,0.0
9859,0.0
9860,0.0
9861,0.0
9862,0.0
9863,0.0
9864,5880.412109375
9865,0.0
9866,0.0
9867,0.0
9868,0.0
9869,0.0
9870,0.0
9871,0.0
9872,0.0
9873,0.0
9874,0.0
9875,0.0
9876,0.0
9877,0.0
9878,0.0
9879,0.0
9880,0.0
9881,0.0
9882,0.0
9883,0.0
9884,0.0
9885,0.0
9886,0.0
9887,0.0
9888,0.0
9889,0.0
9890,0.0
9891,0.0
9892,0.0
9893,0.0
9894,0.0
9895,0.0
9896,0.0
9897,0.0
9898,0.0
9899,0.0
9900,0.0
9901,0.0
9902,0.0
9903,0.0
9904,0.0
9905,0.0
9906,0.0
9907,0.0
9908,0.0
9909,0.0
9910,0.0
9911,0.0
9912,0.0
9913,0.0
9914,0.0
9915,0.0
9916,0.0
9917,0.0
9918,0.0
9919,0.0
9920,0.0
9921,0.0
9922,0.0
9923,0.0
9924,0.0
9925,0.0
9926,0.0
9927,0.0
9928,0.0
9929,0.0
9930,0.0
9931,0.0
9932,0.0
9933,0.0
9934,0.0
9935,0.0
9936,0.0
9937,0.0
9938,0.0
9939,13518.82421875
9940,0.0
9941,0.0
9942,0.0
9943,0.0
9944,0.0
9945,0.0
9946,0.0
9947,0.0
9948,0.0
9949,0.0
9950,0.0
9951,0.0
9952,0.0
9953,0.0
9954,0.0
9955,0.0
9956,0.0
9957,0.0
9958,0.0
9959,0.0
9960,0.0
9961,0.0
9962,0.0
9963,0.0
9964,0.0
9965,0.0
9966,0.0
9967,0.0
9968,0.0
9969,0.0
9970,0.0
9971,0.0
9972,0.0
9973,0.0
9974,0.0
9975,0.0
9976,0.0
9977,0.0
9978,0.0
9979,0.0
9980,0.0
9981,0.0
9982,0.0
9983,3647.294189453125
9984,15236.0986328125
9985,0.0
9986,0.0
9987,0.0
9988,0.0
9989,0.0
9990,0.0
9991,0.0
9992,0.0
9993,0.0
9994,0.0
9995,0.0
9996,0.0
9997,0.0
9998,0.0
9999,0.0
10000,0.0
10001,0.0
10002,0.0
10003,0.0
10004,0.0
10005,0.0
10006,0.0
10007,0.0
10008,0.0
10009,0.0
10010,0.0
10011,0.0
10012,11150.06640625
10013,0.0
10014,0.0
10015,0.0
10016,0.0
10017,0.0
10018,0.0
10019,0.0
10020,0.0
10021,0.0
10022,0.0
10023,0.0
10024,0.0
10025,0.0
10026,0.0
10027,0.0
10028,0.0
10029,0.0
10030,0.0
10031,0.0
10032,0.0
10033,0.0
10034,0.0
10035,0.0
10036,0.0
10037,0.0
10038,0.0
10039,0.0
10040,0.0
10041,0.0
10042,0.0
10043,0.0
10044,0.0
10045,0.0
10046,0.0
10047,0.0
10048,0.0
10049,0.0
10050,0.0
10051,0.0
10052,0.0
10053,0.0
10054,0.0
10055,0.0
10056,0.0
10057,0.0
10058,0.0
10059,0.0
10060,0.0
10061,0.0
10062,0.0
10063,0.0
10064,0.0
10065,0.0
10066,0.0
10067,0.0
10068,0.0
10069,0.0
10070,0.0
10071,0.0
10072,0.0
10073,0.0
10074,0.0
10075,0.0
10076,0.0
10077,0.0
10078,0.0
10079,0.0
10080,0.0
10081,0.0
10082,2104.6943359375
10083,0.0
10084,0.0
10085,0.0
10086,2094.75537109375
10087,0.0
10088,0.0
10089,0.0
10090,0.0
10091,0.0
10092,0.0
10093,0.0
10094,0.0
10095,0.0
10096,0.0
10097,0.0
10098,0.0
10099,0.0
10100,0.0
10101,0.0
10102,0.0
10103,0.0
10104,0.0
10105,0.0
10106,0.0
10107,0.0
10108,0.0
10109,0.0
10110,0.0
10111,0.0
10112,0.0
10113,0.0
10114,0.0
10115,0.0
10116,0.0
10117,0.0
10118,0.0
10119,0.0
10120,0.0
10121,0.0
10122,0.0
10123,0.0
10124,0.0
10125,0.0
10126,0.0
10127,0.0
10128,0.0
10129,0.0
10130,0.0
10131,0.0
10132,0.0
10133,0.0
10134,0.0
10135,0.0
10136,0.0
10137,2332.6533203125
10138,0.0
10139,0.0
10140,0.0
10141,0.0
10142,0.0
10143,0.0
10144,0.0
10145,0.0
10146,0.0
10147,0.0
10148,0.0
10149,0.0
10150,0.0
10151,0.0
10152,10876.900390625
10153,0.0
10154,0.0
10155,0.0
10156,0.0
10157,0.0
10158,0.0
10159,0.0
10160,0.0
10161,0.0
10162,0.0
10163,0.0
10164,0.0
10165,0.0
10166,0.0
10167,0.0
10168,0.0
10169,0.0
10170,0.0
10171,0.0
10172,0.0
10173,0.0
10174,0.0
10175,0.0
10176,0.0
10177,0.0
10178,0.0
10179,0.0
10180,0.0
10181,0.0
10182,0.0
10183,0.0
10184,0.0
10185,0.0
10186,0.0
10187,0.0
10188,0.0
10189,0.0
10190,0.0
10191,0.0
10192,0.0
10193,0.0
10194,0.0
10195,0.0
10196,0.0
10197,0.0
10198,0.0
10199,0.0
10200,0.0
10201,0.0
10202,0.0
10203,0.0
10204,0.0
10205,0.0
10206,0.0
10207,0.0
10208,0.0
10209,0.0
10210,0.0
10211,0.0
10212,0.0
10213,0.0
10214,0.0
10215,0.0
10216,3391.80419921875
10217,0.0
10218,0.0
10219,0.0
10220,0.0
10221,0.0
10222,0.0
10223,0.0
10224,0.0
10225,0.0
10226,0.0
10227,0.0
10228,0.0
10229,0.0
10230,0.0
10231,0.0
10232,0.0
10233,0.0
10234,0.0
10235,0.0
10236,0.0
10237,0.0
10238,0.0
10239,0.0
10240,0.0
10241,0.0
10242,0.0
10243,0.0
10244,0.0
10245,0.0
10246,0.0
10247,0.0
10248,0.0
10249,0.0
10250,0.0
10251,0.0
10252,0.0
10253,0.0
10254,0.0
10255,0.0
10256,0.0
10257,13312.8076171875
10258,4777.88720703125
10259,0.0
10260,0.0
10261,0.0
10262,0.0
10263,0.0
10264,0.0
10265,0.0
10266,0.0
10267,0.0
10268,0.0
10269,0.0
10270,0.0
10271,0.0
10272,0.0
10273,4015.877197265625
10274,4094.48291015625
10275,6645.8154296875
10276,3023.517822265625
10277,6311.0029296875
10278,4141.49951171875
10279,5146.45556640625
10280,6487.74755859375
10281,3496.427734375
10282,3172.13427734375
10283,4936.3408203125
10284,5218.677734375
10285,4328.798828125
10286,5715.5908203125
10287,5333.80859375
10288,3042.8984375
10289,3570.255126953125
10290,6849.5615234375
10291,7720.283203125
10292,6183.31884765625
10293,7463.23046875
10294,2354.696044921875
10295,5078.62548828125
10296,2787.97998046875
10297,7875.09228515625
10298,7653.86767578125
10299,8118.916015625
10300,5519.12109375
10301,4232.552734375
10302,3996.394287109375
10303,5686.48095703125
10304,7411.79296875
10305,3909.216796875
10306,5013.8701171875
10307,4255.35302734375
10308,5287.3310546875
10309,2337.398681640625
10310,7601.54931640625
10311,3966.734375
10312,7264.54052734375
10313,5245.16796875
10314,3592.420166015625
10315,8433.380859375
10316,5720.541015625
10317,4593.92333984375
10318,3598.336181640625
10319,7201.43017578125
10320,10008.4599609375
10321,6009.05615234375
10322,5227.1875
10323,8674.6025390625
10324,7909.033203125
10325,5527.15771484375
10326,6564.97412109375
10327,2345.38818359375
10328,2856.908935546875
10329,4071.43798828125
10330,5649.56884765625
10331,7782.6416015625
10332,7622.67431640625
10333,3901.12548828125
10334,7854.376953125
10335,6970.0185546875
10336,4727.29736328125
10337,2798.85546875
10338,11246.5400390625
10339,2966.892578125
10340,4393.78515625
10341,6384.10400390625
10342,3723.031982421875
10343,4792.06298828125
10344,2820.61572265625
10345,5523.9716796875
10346,5257.74609375
10347,4806.9384765625
10348,8083.22705078125
10349,6724.380859375
10350,4294.62255859375
10351,3707.78173828125
10352,7452.42822265625
10353,11847.640625
10354,5288.18359375
10355,2899.61083984375
10356,6434.62255859375
10357,5392.42724609375
10358,6176.23828125
10359,9354.3564453125
10360,2164.651611328125
10361,7095.90625
10362,4800.7587890625
10363,5355.3076171875
10364,7272.0849609375
10365,2711.29541015625
10366,4257.11669921875
10367,4708.9052734375
10368,7614.42529296875
10369,6564.06591796875
10370,4514.4150390625
10371,4253.33203125
10372,6662.8623046875
10373,6285.48388671875
10374,4509.42333984375
10375,4506.18408203125
10376,3482.161865234375
10377,5750.56689453125
10378,4379.27880859375
10379,2954.197265625
10380,5225.5927734375
10381,6098.1572265625
10382,5497.5556640625
10383,7002.04541015625
10384,7661.7001953125
10385,3790.80517578125
10386,7338.1708984375
10387,2831.377197265625
10388,3421.839111328125
10389,7728.16357421875
10390,6484.361328125
10391,6901.76416015625
10392,9949.1357421875
10393,6573.58203125
10394,4845.7392578125
10395,6676.708984375
10396,7321.76416015625
10397,4037.90283203125
10398,3041.00341796875
10399,4786.9228515625
10400,4699.53564453125
10401,4532.1103515625
10402,3052.84716796875
10403,5445.84619140625
10404,5751.34765625
10405,5690.31005859375
10406,5663.33642578125
10407,2622.186767578125
10408,5937.96533203125
10409,6870.25244140625
10410,3548.30029296875
10411,5765.92431640625
10412,2945.784912109375
10413,5125.47998046875
10414,2423.337646484375
10415,4009.8134765625
10416,4608.02685546875
10417,7043.54931640625
10418,5793.79052734375
10419,6716.173828125
10420,12774.0478515625
10421,3713.150634765625
10422,5653.72705078125
10423,9759.0654296875
10424,5407.2060546875
10425,8321.306640625
10426,5781.19189453125
10427,5499.74609375
10428,6697.5234375
10429,5474.73681640625
10430,4515.6025390625
10431,8096.2109375
10432,5617.42041015625
10433,1876.6566162109375
10434,3290.185302734375
10435,6915.41259765625
10436,8469.25390625
10437,5119.55126953125
10438,5246.3017578125
10439,3965.7470703125
10440,2157.2900390625
10441,2019.12158203125
10442,3529.5576171875
10443,5055.05810546875
10444,6779.87841796875
10445,4604.4775390625
10446,5359.5009765625
10447,7491.28271484375
10448,7576.13134765625
10449,6930.53466796875
10450,5166.1318359375
10451,8174.66796875
10452,8703.3916015625
10453,4204.17333984375
10454,4769.9775390625
10455,4844.52001953125
10456,6189.4775390625
10457,3080.09130859375
10458,4393.19091796875
10459,4105.74853515625
10460,8416.146484375
10461,5525.1494140625
10462,6990.33642578125
10463,6768.7451171875
10464,4304.2744140625
10465,7796.0615234375
10466,16609.833984375
10467,8139.18701171875
10468,3765.1904296875
10469,3753.840576171875
10470,5887.126953125
10471,6536.2783203125
10472,4641.5966796875
10473,9041.787109375
10474,13685.6357421875
10475,5302.38720703125
10476,3334.272705078125
10477,9762.0185546875
10478,3296.906982421875
10479,4720.9697265625
10480,3179.944580078125
10481,6080.365234375
10482,4562.619140625
10483,6828.93359375
10484,4937.8837890625
10485,5305.43017578125
10486,8846.369140625
10487,6165.67578125
10488,5618.25537109375
10489,6828.71630859375
10490,4692.720703125
10491,6403.53759765625
10492,9058.62890625
10493,4995.57421875
10494,5452.0986328125
10495,4225.46630859375
10496,3296.479248046875
10497,5582.27587890625
10498,5395.318359375
10499,5065.29736328125
10500,8093.0537109375
10501,8628.6650390625
10502,6584.2607421875
10503,4351.3505859375
10504,3807.185546875
10505,4165.291015625
10506,4118.28955078125
10507,6126.92578125
10508,3086.99072265625
10509,6309.1796875
10510,5190.69482421875
10511,7758.8095703125
10512,5235.10009765625
10513,4280.6455078125
10514,3001.58447265625
10515,2502.557861328125
10516,8230.9384765625
10517,5889.2578125
10518,5610.15283203125
10519,12345.6708984375
10520,7343.134765625
10521,3590.208251953125
10522,5345.34912109375
10523,2469.75439453125
10524,4086.56396484375
10525,3834.482177734375
10526,4280.205078125
10527,9312.7509765625
10528,4286.939453125
10529,8348.125
10530,9505.3203125
10531,5587.865234375
10532,6180.05712890625
10533,4819.3671875
10534,5129.93505859375
10535,3693.744873046875
10536,9854.9130859375
10537,5240.61181640625
10538,6045.70263671875
10539,2714.97265625
10540,5627.3212890625
10541,5834.22509765625
10542,7549.08203125
10543,6732.99267578125
10544,6172.05810546875
10545,7067.009765625
10546,5650.3701171875
10547,8194.25
10548,7216.8671875
10549,6354.71875
10550,8627.1298828125
10551,6905.5615234375
10552,8734.177734375
10553,3482.57763671875
10554,5474.50244140625
10555,4857.41552734375
10556,8393.1416015625
10557,6532.83349609375
10558,6229.50390625
10559,6394.216796875
10560,7016.77734375
10561,5275.41650390625
10562,6035.671875
10563,6336.6826171875
10564,2709.58837890625
10565,10905.626953125
10566,16467.0859375
10567,6512.54541015625
10568,5649.77392578125
10569,6810.00732421875
10570,8021.8056640625
10571,7395.8369140625
10572,3062.539306640625
10573,4318.35986328125
10574,5487.677734375
10575,8435.177734375
10576,2792.52685546875
10577,3297.810302734375
10578,4884.47119140625
10579,4782.73583984375
10580,3574.158447265625
10581,3488.134033203125
10582,2688.160400390625
10583,6998.880859375
10584,3739.931640625
10585,5026.03076171875
10586,5526.16845703125
10587,5012.00634765625
10588,8835.1171875
10589,11006.8515625
10590,5225.92919921875
10591,7418.91162109375
10592,5555.83056640625
10593,9626.25
10594,4329.18603515625
10595,2548.782470703125
10596,4152.1357421875
10597,11109.9638671875
10598,3809.5224609375
10599,6886.68896484375
10600,1642.5535888671875
10601,2802.1728515625
10602,6517.11376953125
10603,6342.58642578125
10604,4535.849609375
10605,8965.1083984375
10606,8500.9541015625
10607,7894.61181640625
10608,4336.259765625
10609,8017.142578125
10610,1770.488525390625
10611,3274.583984375
10612,6689.8115234375
10613,4814.9453125
10614,10186.07421875
10615,2527.59521484375
10616,6230.634765625
10617,5708.11572265625
10618,6860.64599609375
10619,8954.095703125
10620,4726.87353515625
10621,2920.1171875
10622,8506.90234375
10623,9493.421875
10624,3924.550048828125
10625,5305.52978515625
10626,8905.8740234375
10627,6100.60595703125
10628,4888.20361328125
10629,3462.62744140625
10630,7215.76220703125
10631,3933.18408203125
10632,11905.0185546875
10633,7194.20166015625
10634,15011.513671875
10635,6628.83935546875
10636,4403.81787109375
10637,1403.6051025390625
10638,5385.21630859375
10639,6559.33544921875
10640,4725.71484375
10641,8825.8193359375
10642,5419.603515625
10643,2474.2548828125
10644,5332.7841796875
10645,3133.423583984375
10646,7172.326171875
10647,7190.1494140625
10648,6243.4814453125
10649,7852.42626953125
10650,4723.97998046875
10651,6706.81201171875
10652,6105.8896484375
10653,5566.83935546875
10654,6685.83642578125
10655,3429.028564453125
10656,7977.35107421875
10657,5893.68017578125
10658,3247.42138671875
10659,4817.7529296875
10660,7554.91943359375
10661,5618.1650390625
10662,3905.134521484375
10663,4729.2353515625
10664,5311.44482421875
10665,6631.169921875
10666,6483.125
10667,8921.8115234375
10668,3682.275390625
10669,3173.548583984375
10670,5611.58740234375
10671,4848.5693359375
10672,3156.929931640625
10673,4896.87060546875
10674,7590.591796875
10675,7066.9248046875
10676,10047.5126953125
10677,8484.05078125
10678,6984.86572265625
10679,6418.57666015625
10680,4042.88623046875
10681,10103.3935546875
10682,8059.00537109375
10683,6946.84375
10684,4874.52978515625
10685,5488.47900390625
10686,4201.45654296875
10687,2097.24560546875
10688,7434.78759765625
10689,6426.9853515625
10690,5532.4384765625
10691,4236.69580078125
10692,1472.98828125
10693,7291.4443359375
10694,5824.56982421875
10695,4645.01708984375
10696,3404.52294921875
10697,5042.7119140625
10698,5328.0078125
10699,4247.32861328125
10700,9477.7587890625
10701,4687.11181640625
10702,4219.63134765625
10703,3011.3193359375
10704,2282.190185546875
10705,4483.06689453125
10706,13164.9912109375
10707,2837.392333984375
10708,5467.93505859375
10709,4837.38671875
10710,3612.498291015625
10711,3307.68310546875
10712,5599.26220703125
10713,2399.495849609375
10714,8293.3623046875
10715,5674.58984375
10716,2302.31640625
10717,7818.63623046875
10718,2524.966796875
10719,3925.8525390625
10720,9449.6650390625
10721,6999.265625
10722,7691.10302734375
10723,2254.291259765625
10724,3981.783447265625
10725,4226.26953125
10726,3611.68603515625
10727,14968.3798828125
10728,10583.7841796875
10729,5652.73388671875
10730,3050.13525390625
10731,5850.4208984375
10732,4240.93017578125
10733,2448.419677734375
10734,7651.16357421875
10735,4100.1201171875
10736,5506.6015625
10737,6461.8974609375
10738,4665.4501953125
10739,4853.49658203125
10740,5126.7607421875
10741,6131.029296875
10742,6167.5048828125
10743,2351.66796875
10744,6280.90869140625
10745,6675.08837890625
10746,7663.13037109375
10747,5748.90087890625
10748,7250.7001953125
10749,2358.28271484375
10750,8444.212890625
10751,4696.28759765625
10752,2537.41796875
10753,4699.7939453125
10754,4395.099609375
10755,4196.47509765625
10756,6747.86083984375
10757,3684.838623046875
10758,5900.50927734375
10759,4858.76220703125
10760,7074.21923828125
10761,7325.49560546875
10762,4499.88134765625
10763,7409.41162109375
10764,5501.47119140625
10765,2576.770751953125
10766,10849.943359375
10767,4040.251953125
10768,3687.380615234375
10769,5553.75927734375
10770,11019.9912109375
10771,7739.26123046875
10772,3907.21923828125
10773,4367.43212890625
10774,5724.0576171875
10775,6018.830078125
10776,4540.21240234375
10777,7437.79296875
10778,2590.966064453125
10779,3690.27294921875
10780,3791.427001953125
10781,3459.8837890625
10782,3089.319091796875
10783,7156.20068359375
10784,6370.23486328125
10785,5613.95556640625
10786,4553.61328125
10787,7689.3818359375
10788,7157.6630859375
10789,4019.4521484375
10790,5326.4443359375
10791,5404.9033203125
10792,6315.44873046875
10793,5174.26025390625
10794,1988.279052734375
10795,6589.92724609375
10796,6739.22314453125
10797,5809.62646484375
10798,5226.7626953125
10799,3147.469482421875
10800,9288.263671875
10801,2639.22607421875
10802,8701.9033203125
10803,4522.880859375
10804,3692.8154296875
10805,8190.4833984375
10806,4353.646484375
10807,3734.128662109375
10808,7895.80712890625
10809,2569.499267578125
10810,6750.02734375
10811,9566.29296875
10812,5820.10400390625
10813,2144.56396484375
10814,4515.3994140625
10815,3306.542724609375
10816,1334.6563720703125
10817,4920.93017578125
10818,5438.53173828125
10819,4821.82373046875
10820,3790.886962890625
10821,4940.1142578125
10822,4244.89111328125
10823,7337.20703125
10824,4840.7626953125
10825,5448.98046875
10826,3717.20654296875
10827,4984.4365234375
10828,6029.75732421875
10829,5944.55029296875
10830,7630.9345703125
10831,6591.29443359375
10832,7345.763671875
10833,5517.85986328125
10834,4984.962890625
10835,2951.598876953125
10836,5317.53515625
10837,8157.8203125
10838,5707.53271484375
10839,6883.447265625
10840,13502.578125
10841,3108.103759765625
10842,4651.77685546875
10843,3939.9873046875
10844,7575.58056640625
10845,8440.4560546875
10846,7715.78125
10847,7372.65966796875
10848,7349.73876953125
10849,6541.42529296875
10850,6362.3154296875
10851,4408.43603515625
10852,3094.52880859375
10853,4601.841796875
10854,2886.728759765625
10855,3124.227294921875
10856,6513.76904296875
10857,17601.77734375
10858,5130.328125
10859,3001.19921875
10860,3940.911376953125
10861,4845.01025390625
10862,5568.18603515625
10863,2737.5517578125
10864,5607.96484375
10865,6582.6787109375
10866,3453.452392578125
10867,10682.318359375
10868,10813.544921875
10869,3196.1796875
10870,4580.71923828125
10871,3678.532470703125
10872,3021.14208984375
10873,5103.3642578125
10874,7382.7109375
10875,4213.00830078125
10876,4628.2646484375
10877,3208.041748046875
10878,4684.724609375
10879,4137.49609375
10880,6628.78515625
10881,2654.42431640625
10882,7644.42236328125
10883,5696.94873046875
10884,4307.66748046875
10885,3846.88232421875
10886,3641.376953125
10887,4690.951171875
10888,3500.68994140625
10889,9389.796875
10890,4157.59912109375
10891,3393.7705078125
10892,5837.50048828125
10893,5816.5361328125
10894,5046.71484375
10895,4901.43115234375
10896,5068.92236328125
10897,8800.39453125
10898,5778.96728515625
10899,5821.578125
10900,3404.171630859375
10901,4227.22412109375
10902,4142.927734375
10903,3298.095703125
10904,4793.9326171875
10905,5036.333984375
10906,10595.59765625
10907,7041.09033203125
10908,4199.5634765625
10909,5630.21875
10910,3844.46826171875
10911,6969.45458984375
10912,4752.197265625
10913,8659.1298828125
10914,6658.4599609375
10915,4941.455078125
10916,3054.052978515625
10917,2143.069091796875
10918,4403.60888671875
10919,20815.4609375
10920,1810.1474609375
10921,4480.1669921875
10922,5859.7314453125
10923,6593.0947265625
10924,6472.384765625
10925,7816.52978515625
10926,5090.49609375
10927,5805.556640625
10928,2056.323974609375
10929,7613.67431640625
10930,4121.5888671875
10931,6598.54052734375
10932,9070.2333984375
10933,5027.8447265625
10934,7246.92919921875
10935,6599.5693359375
10936,3564.327392578125
10937,5895.96337890625
10938,6379.83203125
10939,2945.527587890625
10940,8653.09375
10941,6469.8212890625
10942,4363.73388671875
10943,8942.6201171875
10944,8557.1962890625
10945,6022.33837890625
10946,4442.8935546875
10947,4092.3310546875
10948,5174.3408203125
10949,3480.940185546875
10950,5782.2470703125
10951,1863.846923828125
10952,5146.77294921875
10953,2390.13818359375
10954,5343.44677734375
10955,4867.71533203125
10956,4537.47412109375
10957,5476.35888671875
10958,8368.4833984375
10959,5315.4677734375
10960,7077.916015625
10961,4348.5546875
10962,4720.4365234375
10963,9104.060546875
10964,6348.2978515625
10965,3962.130859375
10966,4918.115234375
10967,4725.57958984375
10968,3677.214599609375
10969,11896.310546875
10970,5988.8095703125
10971,6473.4521484375
10972,8301.51953125
10973,5723.58203125
10974,2675.233154296875
10975,13016.0126953125
10976,8014.05419921875
10977,5527.80859375
10978,6627.70703125
10979,6295.9189453125
10980,7086.748046875
10981,4750.896484375
10982,4318.4697265625
10983,3501.643798828125
10984,4488.9609375
10985,7105.9619140625
10986,2043.919921875
10987,7402.466796875
10988,6635.4013671875
10989,4190.54638671875
10990,6625.2958984375
10991,4497.71875
10992,6640.7978515625
10993,3032.28173828125
10994,4789.375
10995,4380.7978515625
10996,3200.810546875
10997,6278.3359375
10998,6679.17822265625
10999,7869.783203125
11000,5628.541015625
11001,4246.578125
11002,5525.8115234375
11003,6597.82421875
11004,5369.484375
11005,2813.4921875
11006,3864.963623046875
11007,8142.01904296875
11008,6014.14892578125
11009,3798.591796875
11010,7345.48779296875
11011,6431.93408203125
11012,4241.6181640625
11013,5009.6474609375
11014,1255.9249267578125
11015,6332.7275390625
11016,5416.6025390625
11017,4390.5166015625
11018,8287.7529296875
11019,5644.79296875
11020,2963.658203125
11021,5904.08203125
11022,4257.51171875
11023,1177.232666015625
11024,5440.736328125
11025,6903.89208984375
11026,5293.2431640625
11027,4184.6357421875
11028,2548.201416015625
11029,4399.75146484375
11030,6185.06591796875
11031,5318.67578125
11032,7685.38427734375
11033,3582.20947265625
11034,3969.16162109375
11035,3030.2119140625
11036,6290.4521484375
11037,2778.21875
11038,2621.6357421875
11039,4850.58056640625
11040,3467.08203125
11041,5896.4013671875
11042,4149.75927734375
11043,5386.83544921875
11044,5247.62158203125
11045,6885.26611328125
11046,4443.38818359375
11047,2385.456298828125
11048,8908.291015625
11049,6062.20556640625
11050,5758.11376953125
11051,2011.628662109375
11052,4238.02734375
11053,6128.890625
11054,4773.80615234375
11055,7635.005859375
11056,6567.314453125
11057,5949.81201171875
11058,5861.62744140625
11059,5392.8662109375
11060,6966.7041015625
11061,9824.513671875
11062,2650.04345703125
11063,4243.53759765625
11064,4300.46484375
11065,4693.53515625
11066,5662.20947265625
11067,8935.81640625
11068,5224.91064453125
11069,5908.30810546875
11070,2601.277099609375
11071,5117.60791015625
11072,7671.2626953125
11073,3552.391357421875
11074,5820.69775390625
11075,2650.83544921875
11076,6463.8125
11077,5696.5703125
11078,4959.9375
11079,5688.30859375
11080,4193.36767578125
11081,5011.8642578125
11082,6101.19873046875
11083,4523.4638671875
11084,7750.53173828125
11085,5888.587890625
11086,8373.98046875
11087,4899.56103515625
11088,3380.69287109375
11089,7738.8984375
11090,2563.465087890625
11091,9002.8662109375
11092,5241.4150390625
11093,5089.68115234375
11094,6074.27001953125
11095,4801.447265625
11096,3838.9677734375
11097,6058.2060546875
11098,1830.1845703125
11099,2913.768798828125
11100,5853.80810546875
11101,6372.44482421875
11102,6915.2822265625
11103,5839.9091796875
11104,4813.5107421875
11105,3189.048095703125
11106,5782.4619140625
11107,2808.220947265625
11108,10393.1162109375
11109,7127.86474609375
11110,12205.3369140625
11111,4945.265625
11112,4863.47021484375
11113,9571.453125
11114,7235.81494140625
11115,2746.70263671875
11116,7073.0634765625
11117,4980.234375
11118,5898.0693359375
11119,5378.11279296875
11120,4664.763671875
11121,3570.814697265625
11122,5054.9853515625
11123,3224.369873046875
11124,1967.1693115234375
11125,6382.431640625
11126,5718.2275390625
11127,22108.470703125
11128,7940.7900390625
11129,4462.10888671875
11130,7499.58056640625
11131,10191.177734375
11132,6056.98779296875
11133,8575.0517578125
11134,5702.02978515625
11135,7638.4072265625
11136,8043.34814453125
11137,6541.82080078125
11138,5786.88671875
11139,7123.1865234375
11140,8443.8876953125
11141,8442.1318359375
11142,8041.92578125
11143,6908.7568359375
11144,5365.2158203125
11145,6884.90283203125
11146,11348.5107421875
11147,10021.7373046875
11148,10318.5185546875
11149,8500.234375
11150,4232.36962890625
11151,6152.4609375
11152,5277.15283203125
11153,8683.1357421875
11154,12216.7177734375
11155,9998.35546875
11156,5767.34521484375
11157,6381.244140625
11158,4190.9384765625
11159,7187.2470703125
11160,10901.13671875
11161,7901.4306640625
11162,6987.6640625
11163,5977.18603515625
11164,9715.955078125
11165,3719.6083984375
11166,9179.095703125
11167,4700.27734375
11168,8682.6162109375
11169,7887.59423828125
11170,5993.6787109375
11171,8888.419921875
11172,6912.63671875
11173,4935.328125
11174,6588.484375
11175,7956.484375
11176,13064.759765625
11177,6773.60205078125
11178,8304.7548828125
11179,7794.732421875
11180,10802.791015625
11181,6889.2958984375
11182,10582.201171875
11183,4913.7265625
11184,4693.611328125
11185,6014.9130859375
11186,5985.41748046875
11187,10529.828125
11188,9475.2138671875
11189,6180.75439453125
11190,8386.8955078125
11191,7612.07763671875
11192,10015.763671875
11193,3947.70263671875
11194,12869.4052734375
11195,4722.4375
11196,6399.99609375
11197,8848.2138671875
11198,4929.51416015625
11199,6897.57763671875
11200,7366.54638671875
11201,7420.9453125
11202,6768.7099609375
11203,5985.228515625
11204,7473.0107421875
11205,8229.029296875
11206,7655.18359375
11207,5315.73095703125
11208,7637.36669921875
11209,13549.05078125
11210,7110.22900390625
11211,4726.091796875
11212,8216.947265625
11213,6179.609375
11214,6606.98876953125
11215,8444.8779296875
11216,4078.06982421875
11217,8433.16796875
11218,6212.0009765625
11219,7373.322265625
11220,7782.689453125
11221,5308.20947265625
11222,5750.73046875
11223,5878.5908203125
11224,10666.341796875
11225,9096.9521484375
11226,5108.84912109375
11227,5365.74462890625
11228,7330.931640625
11229,6723.39501953125
11230,6351.4541015625
11231,7773.986328125
11232,6984.390625
11233,7552.66943359375
11234,5978.53857421875
11235,4734.6416015625
11236,7445.81103515625
11237,9382.4140625
11238,8446.203125
11239,9159.9306640625
11240,8820.9990234375
11241,5703.98388671875
11242,9276.5947265625
11243,5723.232421875
11244,7561.60693359375
11245,9630.3330078125
11246,7223.31494140625
11247,10482.8740234375
11248,9662.947265625
11249,8547.4755859375
11250,6819.28955078125
11251,8078.09716796875
11252,8740.537109375
11253,7031.333984375
11254,4421.462890625
11255,5362.85205078125
11256,8174.71728515625
11257,6089.6259765625
11258,5048.53857421875
11259,8697.4833984375
11260,6689.12158203125
11261,5970.84228515625
11262,6118.4287109375
11263,5412.29248046875
11264,7105.28564453125
11265,7090.30126953125
11266,7480.390625
11267,6591.47998046875
11268,6342.71630859375
11269,6594.87890625
11270,4208.6123046875
11271,7113.46142578125
11272,6296.77392578125
11273,9262.7275390625
11274,7577.19384765625
11275,7269.56591796875
11276,13102.5087890625
11277,5018.5693359375
11278,5197.32568359375
11279,10962.26953125
11280,7841.568359375
11281,9356.580078125
11282,8300.9365234375
11283,5775.57373046875
11284,6040.689453125
11285,6348.99072265625
11286,8197.0087890625
11287,11491.013671875
11288,6944.513671875
11289,3335.565185546875
11290,4562.18505859375
11291,8351.5400390625
11292,9084.2900390625
11293,6530.33251953125
11294,6986.53271484375
11295,4836.4873046875
11296,5253.2724609375
11297,3422.67529296875
11298,5200.0068359375
11299,6131.07421875
11300,7839.10009765625
11301,6715.07958984375
11302,8879.0947265625
11303,8553.333984375
11304,9472.2763671875
11305,8195.357421875
11306,5747.81689453125
11307,9954.68359375
11308,11953.326171875
11309,6523.36474609375
11310,7981.14599609375
11311,5507.685546875
11312,7124.82421875
11313,4349.26708984375
11314,7436.96728515625
11315,5612.3984375
11316,9199.7294921875
11317,7243.30615234375
11318,8893.083984375
11319,8417.2236328125
11320,5360.669921875
11321,9525.185546875
11322,19055.8046875
11323,10891.240234375
11324,5757.42724609375
11325,3956.54443359375
11326,7513.36083984375
11327,8943.580078125
11328,6104.53662109375
11329,11624.830078125
11330,17780.845703125
11331,4498.404296875
11332,5885.09765625
11333,8062.88427734375
11334,5269.49658203125
11335,8492.7099609375
11336,6888.23388671875
11337,8206.44140625
11338,6176.8115234375
11339,7155.91845703125
11340,6765.73291015625
11341,7798.05517578125
11342,10233.2197265625
11343,7391.1787109375
11344,6540.28369140625
11345,7230.4140625
11346,5712.427734375
11347,5086.29931640625
11348,9361.5986328125
11349,6355.2119140625
11350,6782.4619140625
11351,7441.28564453125
11352,5932.22802734375
11353,7425.1455078125
11354,8553.7451171875
11355,7546.6650390625
11356,9465.7431640625
11357,8730.71484375
11358,8249.7548828125
11359,6151.7041015625
11360,4177.3994140625
11361,6748.97900390625
11362,6827.8837890625
11363,6473.25048828125
11364,5315.34375
11365,9104.8056640625
11366,7703.62744140625
11367,10357.4736328125
11368,7255.32275390625
11369,6072.07861328125
11370,5094.24462890625
11371,4818.94677734375
11372,11837.8603515625
11373,5844.67822265625
11374,8415.4619140625
11375,15134.0390625
11376,8212.7587890625
11377,6041.19921875
11378,6510.30322265625
11379,4887.54833984375
11380,8496.2138671875
11381,4076.25341796875
11382,5847.99560546875
11383,9847.8125
11384,5576.03369140625
11385,15813.4384765625
11386,13359.35546875
11387,6112.2265625
11388,7599.71533203125
11389,6350.009765625
11390,7287.7890625
11391,5383.056640625
11392,13113.7431640625
11393,7699.5810546875
11394,9030.7353515625
11395,4678.130859375
11396,8133.376953125
11397,6765.65625
11398,9333.9775390625
11399,7676.54736328125
11400,7797.0283203125
11401,7562.38037109375
11402,6729.58984375
11403,9451.5927734375
11404,10358.7568359375
11405,6982.720703125
11406,10763.8427734375
11407,7073.02978515625
11408,10010.544921875
11409,6521.21044921875
11410,5937.54150390625
11411,5829.3544921875
11412,11868.1357421875
11413,6959.57421875
11414,8299.0595703125
11415,7848.44140625
11416,9077.0234375
11417,6602.1884765625
11418,8876.4541015625
11419,6833.72607421875
11420,4123.24609375
11421,14257.1171875
11422,18500.71484375
11423,8062.64306640625
11424,7522.25244140625
11425,9679.6181640625
11426,11025.025390625
11427,10860.41796875
11428,6603.3359375
11429,7848.53515625
11430,5582.1923828125
11431,9580.4580078125
11432,4875.0078125
11433,5781.53564453125
11434,6013.97998046875
11435,6163.11474609375
11436,6991.42236328125
11437,5907.29443359375
11438,4835.59912109375
11439,8073.99462890625
11440,3796.901123046875
11441,5566.24169921875
11442,6705.384765625
11443,6750.56396484375
11444,10650.671875
11445,9894.9755859375
11446,7581.78515625
11447,7063.23486328125
11448,6533.66015625
11449,10826.5888671875
11450,7152.50146484375
11451,5957.005859375
11452,5914.2685546875
11453,10089.673828125
11454,4520.26171875
11455,7596.20556640625
11456,3306.370849609375
11457,4726.44677734375
11458,8366.1572265625
11459,6303.74365234375
11460,6036.02978515625
11461,10079.7236328125
11462,10163.1484375
11463,11846.890625
11464,6500.82470703125
11465,10561.6171875
11466,2714.864501953125
11467,5590.40966796875
11468,7234.931640625
11469,4636.7685546875
11470,9053.08984375
11471,5737.62548828125
11472,5794.533203125
11473,9473.4462890625
11474,9801.9052734375
11475,9186.8408203125
11476,5607.42236328125
11477,5386.28857421875
11478,9418.47265625
11479,8030.0078125
11480,5218.916015625
11481,5977.443359375
11482,7713.8212890625
11483,9609.796875
11484,5341.68408203125
11485,5917.37841796875
11486,9030.669921875
11487,8805.2734375
11488,13056.0712890625
11489,6280.84765625
11490,15212.15625
11491,7661.57470703125
11492,5376.45166015625
11493,2559.666259765625
11494,5614.7958984375
11495,7740.77587890625
11496,6304.42138671875
11497,8876.390625
11498,5794.3359375
11499,4784.9326171875
11500,6991.517578125
11501,4136.298828125
11502,7846.130859375
11503,8450.4794921875
11504,8989.1416015625
11505,9600.568359375
11506,6040.16455078125
11507,10146.1552734375
11508,6242.28076171875
11509,6416.4482421875
11510,6666.2197265625
11511,5786.494140625
11512,10296.75
11513,6220.39208984375
11514,4740.7763671875
11515,7508.67041015625
11516,10028.9931640625
11517,7981.13623046875
11518,6312.2021484375
11519,9279.5263671875
11520,5885.6416015625
11521,8442.6669921875
11522,8114.71630859375
11523,10274.798828125
11524,5277.32275390625
11525,6514.40380859375
11526,6789.28857421875
11527,5480.1357421875
11528,4025.849365234375
11529,6852.91650390625
11530,9060.12890625
11531,9598.9169921875
11532,11207.3720703125
11533,12211.771484375
11534,9346.171875
11535,6233.2353515625
11536,4756.48193359375
11537,11131.037109375
11538,11934.1962890625
11539,8822.9609375
11540,8470.607421875
11541,9815.22265625
11542,5735.26171875
11543,4232.8447265625
11544,9115.13671875
11545,7118.6962890625
11546,6793.57861328125
11547,6228.82373046875
11548,3109.09716796875
11549,11853.7333984375
11550,5980.99365234375
11551,5473.4326171875
11552,5827.07763671875
11553,5778.21142578125
11554,7087.96923828125
11555,7835.25244140625
11556,8240.1279296875
11557,4880.15966796875
11558,5168.60546875
11559,4128.93896484375
11560,3773.177978515625
11561,7626.5419921875
11562,18293.830078125
11563,4913.00927734375
11564,6177.3037109375
11565,7481.4619140625
11566,6240.16015625
11567,5286.40478515625
11568,5598.169921875
11569,4186.79931640625
11570,8616.150390625
11571,8198.27734375
11572,4630.26904296875
11573,9767.75390625
11574,6170.9130859375
11575,5366.37646484375
11576,10042.0322265625
11577,7554.4326171875
11578,9957.056640625
11579,5780.18212890625
11580,7121.79638671875
11581,5089.28369140625
11582,5286.9638671875
11583,14819.1865234375
11584,11022.6552734375
11585,7610.27734375
11586,5589.70751953125
11587,5010.55419921875
11588,7151.7841796875
11589,4532.02587890625
11590,9652.4765625
11591,5434.60546875
11592,6037.1708984375
11593,8792.2197265625
11594,5950.48046875
11595,7008.806640625
11596,7364.2939453125
11597,8094.21435546875
11598,7340.62109375
11599,4182.17529296875
11600,5609.59716796875
11601,7404.09912109375
11602,9098.380859375
11603,9649.091796875
11604,7756.25732421875
11605,4506.787109375
11606,8438.296875
11607,5820.458984375
11608,4878.6650390625
11609,8301.7060546875
11610,7410.109375
11611,6480.27783203125
11612,6676.134765625
11613,6402.4130859375
11614,6221.232421875
11615,6130.537109375
11616,7511.154296875
11617,6898.818359375
11618,6681.87060546875
11619,10058.9853515625
11620,6459.3681640625
11621,5057.49560546875
11622,13271.3505859375
11623,6332.32568359375
11624,3447.29638671875
11625,8907.5068359375
11626,10600.90625
11627,10536.037109375
11628,5054.796875
11629,6575.85791015625
11630,6230.83740234375
11631,7180.66845703125
11632,6838.82763671875
11633,8813.2216796875
11634,3410.672119140625
11635,5879.9013671875
11636,6122.0615234375
11637,5222.9140625
11638,5322.912109375
11639,7123.5546875
11640,8880.7294921875
11641,5942.2451171875
11642,8712.3857421875
11643,8770.857421875
11644,8670.61328125
11645,5187.25390625
11646,7078.1533203125
11647,7149.23974609375
11648,9502.30078125
11649,9655.490234375
11650,4436.36376953125
11651,9446.513671875
11652,8971.8740234375
11653,7876.1005859375
11654,4564.1181640625
11655,4240.611328125
11656,9609.3251953125
11657,6323.529296875
11658,9354.763671875
11659,7527.12255859375
11660,5381.97119140625
11661,9462.580078125
11662,6598.7705078125
11663,7565.41015625
11664,8632.40234375
11665,6318.48046875
11666,9521.6435546875
11667,11756.54296875
11668,8007.1640625
11669,5135.5185546875
11670,6367.73046875
11671,5032.1650390625
11672,2998.455078125
11673,8882.3017578125
11674,5725.95068359375
11675,9585.564453125
11676,4503.7021484375
11677,7221.08154296875
11678,6560.36279296875
11679,9538.484375
11680,5809.009765625
11681,5822.57275390625
11682,6339.3984375
11683,7789.16357421875
11684,5556.61572265625
11685,7996.06201171875
11686,8525.8955078125
11687,8434.18359375
11688,8311.48828125
11689,7416.08447265625
11690,6139.58837890625
11691,5231.2568359375
11692,6013.810546875
11693,11420.6513671875
11694,10118.3349609375
11695,7766.03515625
11696,17098.375
11697,7109.61767578125
11698,5333.33984375
11699,6426.01220703125
11700,9406.4619140625
11701,12042.6982421875
11702,7992.40234375
11703,8121.884765625
11704,8622.4306640625
11705,8341.3154296875
11706,7717.9501953125
11707,6385.14111328125
11708,5260.5615234375
11709,5241.45556640625
11710,4364.4560546875
11711,5680.5986328125
11712,9366.728515625
11713,17989.126953125
11714,6812.00390625
11715,5497.65869140625
11716,8083.39892578125
11717,5043.22607421875
11718,6657.1552734375
11719,4933.6123046875
11720,9826.07421875
11721,6998.55859375
11722,6922.32470703125
11723,13785.0205078125
11724,13133.1123046875
11725,5611.5234375
11726,7203.865234375
11727,3487.8017578125
11728,4925.04638671875
11729,5705.39453125
11730,8892.95703125
11731,4772.93603515625
11732,5734.748046875
11733,5763.013671875
11734,5863.787109375
11735,8208.447265625
11736,7464.28173828125
11737,2540.315673828125
11738,8623.4541015625
11739,7959.24267578125
11740,8385.0048828125
11741,5312.18603515625
11742,4478.82177734375
11743,8041.9423828125
11744,4923.3310546875
11745,10178.392578125
11746,4850.14794921875
11747,5340.22265625
11748,7259.357421875
11749,8636.9921875
11750,5152.68408203125
11751,7729.8203125
11752,7121.48291015625
11753,9828.3076171875
11754,10768.2685546875
11755,6580.54296875
11756,4159.03759765625
11757,5817.642578125
11758,6997.294921875
11759,4592.0234375
11760,6865.71533203125
11761,6886.30859375
11762,12074.2890625
11763,8373.263671875
11764,6377.7021484375
11765,7615.0283203125
11766,4629.71875
11767,10034.8994140625
11768,5790.4697265625
11769,12721.236328125
11770,7180.62451171875
11771,6416.0078125
11772,5447.1875
11773,4652.76953125
11774,7545.8037109375
11775,24013.640625
11776,3970.78955078125
11777,5495.99658203125
11778,10698.59765625
11779,6451.53271484375
11780,8260.373046875
11781,8239.1123046875
11782,6297.4033203125
11783,6497.65478515625
11784,3519.76416015625
11785,10522.08984375
11786,6863.4072265625
11787,7654.435546875
11788,9174.181640625
11789,6083.0224609375
11790,8831.69921875
11791,7150.23876953125
11792,4191.087890625
11793,8842.8662109375
11794,9852.6025390625
11795,4243.90087890625
11796,8374.2451171875
11797,8795.2978515625
11798,5389.84765625
11799,10513.1572265625
11800,7501.033203125
11801,8402.9716796875
11802,4930.91357421875
11803,5513.0634765625
11804,6238.3623046875
11805,4664.509765625
11806,8261.443359375
11807,4211.42919921875
11808,6061.291015625
11809,4862.4814453125
11810,6828.06640625
11811,5715.3779296875
11812,7726.1240234375
11813,7591.33740234375
11814,9135.8349609375
11815,6822.06103515625
11816,7461.4873046875
11817,6141.37451171875
11818,9100.8310546875
11819,9987.5927734375
11820,8232.1357421875
11821,4157.97021484375
11822,6355.38037109375
11823,7245.30322265625
11824,4323.04931640625
11825,12341.5068359375
11826,7476.7978515625
11827,8911.580078125
11828,9898.375
11829,6816.1357421875
11830,4949.71875
11831,12510.3203125
11832,10502.294921875
11833,5136.55517578125
11834,9400.302734375
11835,10454.4033203125
11836,6549.8798828125
11837,6374.56396484375
11838,7961.2216796875
11839,6169.6337890625
11840,6316.36572265625
11841,8146.49169921875
11842,4900.75927734375
11843,8029.931640625
11844,8269.7841796875
11845,6487.525390625
11846,8720.5546875
11847,5986.4365234375
11848,6369.8681640625
11849,4436.55126953125
11850,8504.423828125
11851,7701.1240234375
11852,6256.548828125
11853,7866.29150390625
11854,8530.8984375
11855,9978.314453125
11856,6460.900390625
11857,5638.00537109375
11858,6606.7548828125
11859,7232.919921875
11860,6520.578125
11861,4553.34765625
11862,4972.84716796875
11863,7649.5673828125
11864,7889.31494140625
11865,6630.31103515625
11866,8622.736328125
11867,7156.99853515625
11868,6814.23486328125
11869,6055.31396484375
11870,2745.71484375
11871,7594.35693359375
11872,7001.61572265625
11873,7123.5419921875
11874,9466.3818359375
11875,8534.6357421875
11876,4822.8271484375
11877,8552.2958984375
11878,4544.44140625
11879,2331.575927734375
11880,7882.5849609375
11881,10793.09765625
11882,8636.8203125
11883,7501.69873046875
11884,4532.08154296875
11885,7199.14599609375
11886,8370.5146484375
11887,6324.3056640625
11888,8039.75
11889,5541.150390625
11890,4256.22216796875
11891,5688.1103515625
11892,5979.1328125
11893,5982.9736328125
11894,5673.2705078125
11895,4999.49267578125
11896,4982.42431640625
11897,6945.40380859375
11898,8038.09912109375
11899,6270.04345703125
11900,6322.7587890625
11901,7483.72021484375
11902,5760.306640625
11903,6054.88134765625
11904,8982.14453125
11905,7465.05615234375
11906,5791.77001953125
11907,4059.118408203125
11908,11923.7119140625
11909,7927.361328125
11910,6522.5986328125
11911,9746.587890625
11912,7445.248046875
11913,7603.18798828125
11914,6501.12060546875
11915,7587.12841796875
11916,10801.1767578125
11917,13114.0029296875
11918,4728.17919921875
11919,4828.92529296875
11920,5198.36767578125
11921,6472.02490234375
11922,6472.35107421875
11923,7746.5703125
11924,9359.1923828125
11925,6457.1826171875
11926,3876.5517578125
11927,6313.57275390625
11928,8490.9619140625
11929,6047.73779296875
11930,7724.525390625
11931,3381.19189453125
11932,8290.1025390625
11933,8115.93115234375
11934,7526.78466796875
11935,8846.7275390625
11936,6852.74365234375
11937,5131.548828125
11938,6707.0478515625
11939,8103.62939453125
11940,8944.1982421875
11941,7757.82568359375
11942,8736.4443359375
11943,6586.44580078125
11944,4379.34912109375
11945,10358.3720703125
11946,4472.2119140625
11947,9718.6162109375
11948,6472.48779296875
11949,4988.9208984375
11950,6435.060546875
11951,6488.71533203125
11952,5668.4892578125
11953,8907.869140625
11954,4137.19140625
11955,5499.59423828125
11956,8243.7763671875
11957,9713.8642578125
11958,9341.5458984375
11959,6229.26953125
11960,5878.224609375
11961,6628.96923828125
11962,6942.56494140625
11963,5757.873046875
11964,10641.7080078125
11965,9223.8349609375
11966,13034.0791015625
11967,4759.96923828125
11968,7061.56396484375
11969,12288.59375
11970,8441.095703125
11971,5798.76953125
11972,9384.1044921875
11973,6871.556640625
11974,6578.6640625
11975,6295.1533203125
11976,5209.62841796875
11977,5790.03271484375
11978,6349.75244140625
11979,5354.68505859375
11980,4924.8251953125
11981,8198.556640625
11982,6799.25927734375
11983,23794.193359375
11984,9027.9423828125
11985,4954.97412109375
11986,7559.451171875
11987,10507.771484375
11988,7423.033203125
11989,8504.576171875
11990,6300.33837890625
11991,8008.80078125
11992,8546.9736328125
11993,6368.7822265625
11994,6517.21337890625
11995,6851.83935546875
11996,8055.177734375
11997,7739.98095703125
11998,9182.4267578125
11999,5868.263671875
12000,4533.52294921875
12001,6773.306640625
12002,10440.2373046875
12003,11695.1025390625
12004,9886.359375
12005,8709.78515625
12006,4668.388671875
12007,6204.3828125
12008,4618.67333984375
12009,8710.6162109375
12010,12108.2431640625
12011,9591.283203125
12012,6092.79150390625
12013,6504.42333984375
12014,4894.8310546875
12015,5696.17919921875
12016,12026.4296875
12017,7473.99169921875
12018,6586.37353515625
12019,5535.3740234375
12020,10736.6142578125
12021,3898.452880859375
12022,8767.88671875
12023,4636.51416015625
12024,7658.32373046875
12025,7738.03955078125
12026,6527.01416015625
12027,8146.27734375
12028,7105.78271484375
12029,5059.59033203125
12030,7348.17431640625
12031,8097.896484375
12032,12743.5498046875
12033,6439.06494140625
12034,8838.052734375
12035,7858.16357421875
12036,10184.4130859375
12037,7038.13427734375
12038,10275.4384765625
12039,4950.20654296875
12040,5079.02001953125
12041,6737.6328125
12042,6374.0380859375
12043,10008.6845703125
12044,9408.1982421875
12045,5744.3740234375
12046,8033.65234375
12047,7302.82177734375
12048,10937.0185546875
12049,4211.84228515625
12050,12873.0732421875
12051,5358.19970703125
12052,6274.79443359375
12053,9345.40625
12054,5276.5712890625
12055,7324.2744140625
12056,6719.0166015625
12057,8309.6259765625
12058,6614.794921875
12059,5459.4384765625
12060,7439.61279296875
12061,8365.591796875
12062,7528.083984375
12063,4611.04345703125
12064,8176.89208984375
12065,13013.4345703125
12066,7303.080078125
12067,5660.931640625
12068,7769.72998046875
12069,6691.6435546875
12070,6272.5205078125
12071,8365.9619140625
12072,4725.8935546875
12073,8824.56640625
12074,6626.28662109375
12075,6669.392578125
12076,8391.240234375
12077,4528.3798828125
12078,5861.5478515625
12079,5405.8681640625
12080,11102.857421875
12081,8558.443359375
12082,5175.75048828125
12083,5808.412109375
12084,7569.46630859375
12085,6660.43701171875
12086,6177.4951171875
12087,7144.96826171875
12088,7012.099609375
12089,8068.3349609375
12090,5672.88623046875
12091,4741.6064453125
12092,7243.4345703125
12093,8853.513671875
12094,8709.2138671875
12095,9499.701171875
12096,8789.82421875
12097,5945.2587890625
12098,9724.51953125
12099,6119.896484375
12100,7930.97119140625
12101,10499.8212890625
12102,6747.462890625
12103,11234.46484375
12104,8874.3662109375
12105,8131.265625
12106,6841.1220703125
12107,8111.94970703125
12108,8521.27734375
12109,7060.6826171875
12110,4446.77685546875
12111,6106.4296875
12112,7959.2001953125
12113,6246.64306640625
12114,5077.60009765625
12115,9342.3603515625
12116,6984.30126953125
12117,6095.587890625
12118,6619.9609375
12119,6146.27490234375
12120,8392.982421875
12121,7735.40087890625
12122,7039.89990234375
12123,5844.5
12124,7248.34228515625
12125,7086.00048828125
12126,4648.26318359375
12127,6869.61181640625
12128,6312.88916015625
12129,8761.3603515625
12130,7423.212890625
12131,7087.69580078125
12132,13043.8955078125
12133,5517.0556640625
12134,5484.04296875
12135,11655.1259765625
12136,7549.13525390625
12137,9009.3486328125
12138,8135.81201171875
12139,5607.92138671875
12140,6810.47900390625
12141,6014.87841796875
12142,8886.8427734375
12143,12752.5869140625
12144,7416.697265625
12145,3450.218505859375
12146,5048.87890625
12147,8495.916015625
12148,8141.00439453125
12149,6273.93212890625
12150,7381.833984375
12151,5725.6455078125
12152,4802.478515625
12153,3871.136962890625
12154,6097.25439453125
12155,6740.48291015625
12156,8045.791015625
12157,6843.37109375
12158,6958.07275390625
12159,8552.150390625
12160,9806.4677734375
12161,8761.8701171875
12162,5527.36376953125
12163,10137.8212890625
12164,10985.1728515625
12165,6615.7177734375
12166,8470.6435546875
12167,5856.87255859375
12168,7251.0751953125
12169,4441.77783203125
12170,7761.75341796875
12171,5674.05712890625
12172,9360.3779296875
12173,7506.28173828125
12174,10170.314453125
12175,9200.3369140625
12176,5827.28857421875
12177,9524.34375
12178,21084.396484375
12179,11215.0791015625
12180,7046.65771484375
12181,3033.017578125
12182,7406.5
12183,9248.2822265625
12184,5583.4755859375
12185,13037.26171875
12186,17581.1640625
12187,4913.58544921875
12188,5865.1240234375
12189,10682.728515625
12190,5360.3017578125
12191,10011.1318359375
12192,6862.05419921875
12193,8468.1884765625
12194,6351.46728515625
12195,8002.412109375
12196,6211.5498046875
12197,8521.40625
12198,10146.521484375
12199,7175.17578125
12200,6675.6630859375
12201,7300.51806640625
12202,5736.9443359375
12203,4908.4130859375
12204,7866.7626953125
12205,6060.98388671875
12206,6318.06982421875
12207,7402.99267578125
12208,6403.6787109375
12209,7646.462890625
12210,8917.603515625
12211,7719.390625
12212,8699.1064453125
12213,8717.6396484375
12214,8091.3125
12215,6272.72998046875
12216,3622.654296875
12217,6545.880859375
12218,7464.9716796875
12219,5672.4599609375
12220,5460.95166015625
12221,9292.7666015625
12222,8365.310546875
12223,10099.0625
12224,7364.9873046875
12225,6135.0830078125
12226,5793.5478515625
12227,5334.548828125
12228,11689.9619140625
12229,5617.9892578125
12230,7844.966796875
12231,17287.958984375
12232,8012.04345703125
12233,8072.2607421875
12234,5595.61181640625
12235,5269.4853515625
12236,7646.6044921875
12237,4074.5771484375
12238,6068.7705078125
12239,11355.884765625
12240,5684.38623046875
12241,16745.501953125
12242,13852.5810546875
12243,6072.650390625
12244,6840.3935546875
12245,6012.35546875
12246,7648.99658203125
12247,6349.0
12248,11961.7568359375
12249,7886.9873046875
12250,11017.1318359375
12251,4770.203125
12252,8245.5966796875
12253,6218.8662109375
12254,8900.6162109375
12255,7356.81884765625
12256,7320.078125
12257,7061.171875
12258,7136.25146484375
12259,9236.8173828125
12260,11272.2783203125
12261,6412.65966796875
12262,11336.5908203125
12263,7333.6865234375
12264,10861.541015625
12265,5123.16650390625
12266,5591.861328125
12267,6279.9296875
12268,11502.46875
12269,6787.4296875
12270,9241.48046875
12271,8152.5615234375
12272,9774.9267578125
12273,6265.3046875
12274,9992.29296875
12275,7809.56982421875
12276,4238.546875
12277,14041.900390625
12278,19166.91015625
12279,7646.57373046875
12280,7442.2734375
12281,10030.1064453125
12282,11744.572265625
12283,11289.0986328125
12284,6513.3427734375
12285,8398.1513671875
12286,6214.96630859375
12287,9055.4267578125
12288,5148.86669921875
12289,6193.73046875
12290,5771.4619140625
12291,5359.57470703125
12292,7039.8408203125
12293,5746.84765625
12294,5496.46630859375
12295,7966.59716796875
12296,3742.9326171875
12297,5030.150390625
12298,6998.9951171875
12299,6950.544921875
12300,10286.1728515625
12301,8960.12890625
12302,7626.82763671875
12303,7146.77734375
12304,6801.10107421875
12305,12502.8486328125
12306,7964.79443359375
12307,6050.04541015625
12308,6329.86767578125
12309,8682.583984375
12310,4802.34521484375
12311,8004.90087890625
12312,3950.655517578125
12313,5531.0927734375
12314,9261.7578125
12315,5724.1904296875
12316,5707.67138671875
12317,9316.0068359375
12318,11105.5439453125
12319,13218.658203125
12320,7078.47021484375
12321,9526.697265625
12322,3146.440185546875
12323,5117.58251953125
12324,7159.208984375
12325,4699.92822265625
12326,8602.6044921875
12327,6394.0078125
12328,5974.76171875
12329,9624.220703125
12330,9799.55078125
12331,10314.837890625
12332,5509.275390625
12333,5982.57763671875
12334,9978.9892578125
12335,7970.52880859375
12336,6534.80224609375
12337,5665.29443359375
12338,7150.107421875
12339,11518.44921875
12340,4952.431640625
12341,6604.41943359375
12342,8663.2451171875
12343,8881.0498046875
12344,14801.892578125
12345,6409.78515625
12346,16062.7724609375
12347,7280.63525390625
12348,5803.01953125
12349,3809.36962890625
12350,6318.90625
12351,7851.5703125
12352,6113.33837890625
12353,8277.322265625
12354,5877.29736328125
12355,5418.26904296875
12356,7502.94287109375
12357,4500.45166015625
12358,8381.11328125
12359,8061.81201171875
12360,9083.951171875
12361,10087.568359375
12362,5743.65478515625
12363,9381.9541015625
12364,6726.83837890625
12365,6298.01171875
12366,6698.91552734375
12367,5615.67578125
12368,11049.4912109375
12369,7336.52392578125
12370,5024.2470703125
12371,7998.974609375
12372,9938.80859375
12373,8309.2001953125
12374,6132.65380859375
12375,9642.6904296875
12376,6312.3037109375
12377,7886.279296875
12378,8308.48046875
12379,9768.33203125
12380,6787.7578125
12381,7170.50390625
12382,6151.1044921875
12383,5228.10009765625
12384,3809.56591796875
12385,6435.5634765625
12386,8056.259765625
12387,10462.0322265625
12388,11604.5830078125
12389,12727.162109375
12390,9555.5556640625
12391,6855.38525390625
12392,5555.3876953125
12393,11436.345703125
12394,11471.6875
12395,7646.5908203125
12396,9455.6748046875
12397,8990.0107421875
12398,5904.75048828125
12399,4927.8818359375
12400,8938.2587890625
12401,7427.294921875
12402,7196.13916015625
12403,5966.626953125
12404,3006.871337890625
12405,13019.095703125
12406,5824.15478515625
12407,6116.45068359375
12408,4993.76123046875
12409,5888.4443359375
12410,7542.9384765625
12411,8039.92578125
12412,7652.62841796875
12413,5165.32080078125
12414,4711.5966796875
12415,4643.3671875
12416,4308.53955078125
12417,7650.76513671875
12418,18231.787109375
12419,5144.75
12420,6709.3525390625
12421,8021.55712890625
12422,6065.91845703125
12423,5951.05029296875
12424,5567.7060546875
12425,4855.4501953125
12426,8096.2431640625
12427,8316.4638671875
12428,4660.3203125
12429,9079.63671875
12430,6456.65673828125
12431,5251.81591796875
12432,10344.2861328125
12433,8100.8232421875
12434,10946.9111328125
12435,5873.19580078125
12436,7479.7841796875
12437,4574.58251953125
12438,6021.39892578125
12439,16035.607421875
12440,11213.869140625
12441,7665.5361328125
12442,5702.02490234375
12443,5529.95458984375
12444,6249.857421875
12445,5855.97607421875
12446,12421.7470703125
12447,5341.82568359375
12448,6416.51123046875
12449,8326.4248046875
12450,5456.20947265625
12451,7108.287109375
12452,7878.9619140625
12453,8010.24267578125
12454,7430.95751953125
12455,4786.7392578125
12456,6032.595703125
12457,6557.81103515625
12458,9511.8935546875
12459,9205.4541015625
12460,7719.23046875
12461,4973.7197265625
12462,8222.591796875
12463,6856.02294921875
12464,5298.6083984375
12465,7922.5439453125
12466,7849.20947265625
12467,7364.421875
12468,7206.5341796875
12469,7220.16015625
12470,5722.59765625
12471,6190.79541015625
12472,7827.89013671875
12473,7069.12255859375
12474,6978.2060546875
12475,9834.9609375
12476,6036.0654296875
12477,5212.45751953125
12478,13574.796875
12479,6688.89599609375
12480,3266.488525390625
12481,8888.3583984375
12482,10203.9404296875
12483,10665.7919921875
12484,4976.24560546875
12485,6548.88916015625
12486,6310.0625
12487,7733.8916015625
12488,6635.27490234375
12489,9346.111328125
12490,3704.25830078125
12491,7212.2001953125
12492,7084.6591796875
12493,5744.1474609375
12494,5335.03515625
12495,7123.48828125
12496,9332.771484375
12497,6062.55029296875
12498,9489.72265625
12499,7912.45263671875
12500,9516.1298828125
12501,5063.607421875
12502,6854.857421875
12503,7242.03857421875
12504,9286.01171875
12505,9235.6171875
12506,5993.4638671875
12507,9707.5498046875
12508,8411.99609375
12509,8165.1630859375
12510,4394.5673828125
12511,3897.451416015625
12512,9597.10546875
12513,6746.453125
12514,9802.37109375
12515,7001.8759765625
12516,5791.59033203125
12517,9699.8955078125
12518,7674.8955078125
12519,7424.76904296875
12520,8483.751953125
12521,7029.06787109375
12522,10155.7373046875
12523,11215.7783203125
12524,8054.79638671875
12525,4888.37939453125
12526,6412.56396484375
12527,5046.775390625
12528,3512.46826171875
12529,8692.2705078125
12530,4840.60107421875
12531,9392.2392578125
12532,3998.88720703125
12533,6388.10986328125
12534,5988.08740234375
12535,10037.5888671875
12536,5516.64111328125
12537,5325.63916015625
12538,6678.568359375
12539,7745.4052734375
12540,5343.33642578125
12541,8189.8251953125
12542,8056.20751953125
12543,8967.4736328125
12544,8185.80322265625
12545,7736.67236328125
12546,6475.0947265625
12547,4903.34814453125
12548,5750.68701171875
12549,10738.638671875
12550,10043.3603515625
12551,8328.158203125
12552,16658.203125
12553,8057.4814453125
12554,5574.32666015625
12555,7111.330078125
12556,9348.5205078125
12557,11250.640625
12558,7679.6552734375
12559,8875.568359375
12560,8941.7919921875
12561,8269.767578125
12562,6907.82763671875
12563,6358.4482421875
12564,5124.08154296875
12565,5182.9951171875
12566,4863.662109375
12567,6412.76611328125
12568,9368.3740234375
12569,16885.3359375
12570,6709.314453125
12571,5793.71337890625
12572,7964.45068359375
12573,4725.833984375
12574,6978.96435546875
12575,4253.07666015625
12576,9601.4609375
12577,7052.166015625
12578,6681.81298828125
12579,14611.943359375
12580,12098.634765625
12581,6430.1494140625
12582,7594.10400390625
12583,4390.1982421875
12584,5183.5185546875
12585,6450.9208984375
12586,8719.0048828125
12587,5463.42578125
12588,5353.28515625
12589,6237.3349609375
12590,5444.25634765625
12591,7697.7470703125
12592,8038.25830078125
12593,2554.623779296875
12594,7904.2041015625
12595,8473.6748046875
12596,8737.541015625
12597,5657.32470703125
12598,4788.04736328125
12599,8600.9755859375
12600,5018.69091796875
12601,10411.509765625
12602,5057.46923828125
12603,5613.39306640625
12604,7494.52294921875
12605,7777.267578125
12606,5140.322265625
12607,6165.35693359375
12608,6967.0205078125
12609,9573.515625
12610,10715.2099609375
12611,6354.84814453125
12612,5036.86572265625
12613,6095.1845703125
12614,6692.77294921875
12615,5215.4541015625
12616,6851.35888671875
12617,7437.90966796875
12618,11890.458984375
12619,8550.5146484375
12620,7014.08447265625
12621,8493.7119140625
12622,5004.529296875
12623,10181.220703125
12624,5656.998046875
12625,14459.166015625
12626,6502.083984375
12627,5983.43115234375
12628,5200.154296875
12629,4236.80517578125
12630,8141.89697265625
12631,20788.123046875
12632,4508.21337890625
12633,5025.89404296875
12634,10295.06640625
12635,6708.24462890625
12636,8728.521484375
12637,8647.875
12638,6646.97705078125
12639,5612.95361328125
12640,3977.42236328125
12641,10201.9892578125
12642,6455.38818359375
12643,8401.40625
12644,8962.3134765625
12645,6331.99951171875
12646,8053.06396484375
12647,7152.8505859375
12648,3930.71875
12649,9360.884765625
12650,9666.517578125
12651,4233.4677734375
12652,8782.1162109375
12653,8284.07421875
12654,5609.78466796875
12655,10461.494140625
12656,7479.119140625
12657,8049.14453125
12658,5352.55859375
12659,5461.28857421875
12660,7169.24755859375
12661,4693.8076171875
12662,8064.97900390625
12663,4958.72607421875
12664,6591.94775390625
12665,5321.7001953125
12666,6509.73974609375
12667,6674.64990234375
12668,8205.185546875
12669,7317.58349609375
12670,8435.8466796875
12671,6189.2099609375
12672,7658.78271484375
12673,6286.32568359375
12674,8865.25390625
12675,9694.890625
12676,8989.228515625
12677,3330.4345703125
12678,6587.89599609375
12679,8025.08251953125
12680,4452.0615234375
12681,10858.390625
12682,6777.39306640625
12683,9472.5078125
12684,10280.0361328125
12685,7744.49365234375
12686,4188.76318359375
12687,11500.8203125
12688,10859.5361328125
12689,5740.9619140625
12690,9376.2705078125
12691,11052.3017578125
12692,6093.6484375
12693,6944.09716796875
12694,7622.0400390625
12695,5840.70361328125
12696,6475.330078125
12697,7681.6572265625
12698,5275.9189453125
12699,6361.25
12700,7847.01123046875
12701,7369.67333984375
12702,8850.6640625
12703,6431.0615234375
12704,6679.33203125
12705,5339.65869140625
12706,7602.65380859375
12707,7512.94140625
12708,6872.14892578125
12709,9017.78125
12710,8006.47998046875
12711,10412.9501953125
12712,6175.71923828125
12713,5514.21337890625
12714,6772.91015625
12715,7614.69873046875
12716,6665.3251953125
12717,5022.83740234375
12718,5100.28662109375
12719,7387.86279296875
12720,8066.1044921875
12721,6134.6943359375
12722,9632.8515625
12723,6928.9462890625
12724,6902.5478515625
12725,5874.67724609375
12726,3792.98388671875
12727,7556.060546875
12728,7093.974609375
12729,7272.951171875
12730,9711.015625
12731,8963.3984375
12732,5140.58544921875
12733,9774.3427734375
12734,4442.09228515625
12735,2986.41455078125
12736,9515.6884765625
12737,11108.7421875
12738,9432.6650390625
12739,7978.716796875
12740,4772.9990234375
12741,7246.537109375
12742,9697.8466796875
12743,6744.83642578125
12744,7896.8662109375
12745,5895.65234375
12746,5745.26611328125
12747,5810.64306640625
12748,6128.99560546875
12749,5932.33251953125
12750,6247.3408203125
12751,5019.05078125
12752,4778.92919921875
12753,6904.884765625
12754,8199.1806640625
12755,5569.98193359375
12756,6674.97802734375
12757,7792.23095703125
12758,7042.76220703125
12759,6086.86572265625
12760,8915.220703125
12761,7953.755859375
12762,5642.009765625
12763,4135.994140625
12764,12025.8173828125
12765,7557.0888671875
12766,6049.7177734375
12767,8978.5126953125
12768,7203.72998046875
12769,8321.4208984375
12770,6791.77490234375
12771,7858.83935546875
12772,8927.6328125
12773,13368.548828125
12774,5061.72998046875
12775,5535.1044921875
12776,5488.158203125
12777,7729.82177734375
12778,6436.17333984375
12779,7826.81884765625
12780,9684.7734375
12781,6642.15625
12782,4529.55810546875
12783,6354.09765625
12784,10450.3203125
12785,5881.0869140625
12786,8356.466796875
12787,3950.192626953125
12788,6830.95361328125
12789,8926.3759765625
12790,7480.7626953125
12791,9693.5751953125
12792,6710.32763671875
12793,5085.34814453125
12794,7451.48974609375
12795,7805.74072265625
12796,9182.68359375
12797,8108.47265625
12798,8505.56640625
12799,6993.88232421875
12800,4843.6708984375
12801,10926.150390625
12802,4588.38525390625
12803,10294.5703125
12804,6089.89794921875
12805,5075.767578125
12806,7520.6025390625
12807,6622.4248046875
12808,6446.3818359375
12809,9659.208984375
12810,5271.82666015625
12811,5143.7373046875
12812,8544.0361328125
12813,9541.517578125
12814,9114.681640625
12815,5640.98193359375
12816,6257.69384765625
12817,6873.11572265625
12818,7734.8798828125
12819,6831.392578125
12820,10268.1376953125
12821,9369.6748046875
12822,12524.841796875
12823,4908.4501953125
12824,6724.892578125
12825,12392.9384765625
12826,9698.5283203125
12827,6522.162109375
12828,10066.53515625
12829,7304.7373046875
12830,6913.52734375
12831,6231.640625
12832,6167.01220703125
12833,5862.7021484375
12834,6457.0537109375
12835,5097.20458984375
12836,5146.0615234375
12837,8737.9794921875
12838,7667.4287109375
12839,24217.76953125
12840,8708.7314453125
12841,4991.34375
12842,8250.99609375
12843,11122.3525390625
12844,7486.560546875
12845,8992.81640625
12846,5741.7568359375
12847,9211.2958984375
12848,9067.021484375
12849,7152.5400390625
12850,5898.91552734375
12851,7322.86474609375
12852,8444.2041015625
12853,7994.68359375
12854,9162.615234375
12855,6178.89306640625
12856,4069.51611328125
12857,6857.1435546875
12858,11604.99609375
12859,12240.6396484375
12860,10931.6904296875
12861,9536.646484375
12862,4598.3017578125
12863,7089.93408203125
12864,4748.36279296875
12865,9491.5087890625
12866,12778.541015625
12867,10505.748046875
12868,6716.287109375
12869,7179.3447265625
12870,4110.982421875
12871,5937.19140625
12872,12137.7421875
12873,7750.9931640625
12874,6894.6630859375
12875,5568.26806640625
12876,11450.4912109375
12877,4236.78955078125
12878,9109.513671875
12879,4971.6123046875
12880,7691.64208984375
12881,7505.02490234375
12882,6970.17578125
12883,7799.71826171875
12884,7280.1484375
12885,5457.72509765625
12886,7841.37353515625
12887,8272.5546875
12888,12781.865234375
12889,6596.36328125
12890,8916.2666015625
12891,8097.2119140625
12892,10428.056640625
12893,7487.14208984375
12894,9716.349609375
12895,5686.3173828125
12896,5930.025390625
12897,7392.36083984375
12898,7240.30419921875
12899,9932.484375
12900,9525.576171875
12901,6241.60888671875
12902,8193.8193359375
12903,7274.60205078125
12904,10042.123046875
12905,4612.15966796875
12906,15521.89453125
12907,5809.38818359375
12908,6257.98291015625
12909,10001.8818359375
12910,5049.99169921875
12911,7241.2470703125
12912,7017.724609375
12913,8780.484375
12914,6948.19970703125
12915,5339.7802734375
12916,7363.63232421875
12917,8136.95751953125
12918,8039.955078125
12919,4598.01904296875
12920,8230.8544921875
12921,12992.029296875
12922,8041.26708984375
12923,6505.51025390625
12924,8125.8671875
12925,6703.822265625
12926,6254.63623046875
12927,8417.0498046875
12928,5179.05517578125
12929,9417.3828125
12930,7628.7607421875
12931,7324.66845703125
12932,10002.9482421875
12933,5427.22509765625
12934,6639.73486328125
12935,5732.68701171875
12936,10989.201171875
12937,9332.673828125
12938,5149.52490234375
12939,6048.6201171875
12940,7382.09765625
12941,6132.1357421875
12942,5942.53662109375
12943,6988.85986328125
12944,6781.04345703125
12945,7775.3671875
12946,5500.7958984375
12947,5196.1513671875
12948,7667.04541015625
12949,8771.513671875
12950,8798.0712890625
12951,9639.037109375
12952,9815.5791015625
12953,6094.99658203125
12954,10329.5419921875
12955,7231.66796875
12956,8428.0498046875
12957,10961.173828125
12958,7183.271484375
12959,12087.486328125
12960,9975.2861328125
12961,8999.205078125
12962,6677.92333984375
12963,8751.1875
12964,8910.998046875
12965,6378.96240234375
12966,4129.3037109375
12967,7086.1416015625
12968,9112.8935546875
12969,6571.8828125
12970,5521.41650390625
12971,10181.06640625
12972,7195.71337890625
12973,6210.53271484375
12974,6960.1005859375
12975,6746.205078125
12976,9135.7587890625
12977,8457.6474609375
12978,7970.9296875
12979,5617.9462890625
12980,8293.908203125
12981,7604.51416015625
12982,4242.97998046875
12983,7211.4833984375
12984,6193.6298828125
12985,9639.3115234375
12986,7383.7509765625
12987,6639.12255859375
12988,12573.689453125
12989,6734.59619140625
12990,5758.099609375
12991,12398.7451171875
12992,8718.9912109375
12993,8692.6962890625
12994,9260.16015625
12995,5143.873046875
12996,6620.6123046875
12997,5372.89794921875
12998,8695.767578125
12999,14156.31640625
13000,7841.80810546875
13001,3490.44287109375
13002,6594.53271484375
13003,9416.6904296875
13004,8944.025390625
13005,6640.5966796875
13006,7358.8359375
13007,5730.37548828125
13008,4512.74951171875
13009,4282.45703125
13010,6390.86376953125
13011,7054.24951171875
13012,8154.609375
13013,7257.15966796875
13014,8794.5537109375
13015,8897.9267578125
13016,10298.21484375
13017,9396.361328125
13018,5847.0234375
13019,10828.5615234375
13020,13135.0703125
13021,6552.4921875
13022,8677.0244140625
13023,6377.349609375
13024,7876.0908203125
13025,4393.365234375
13026,7907.89013671875
13027,5992.64501953125
13028,10079.1787109375
13029,8199.6611328125
13030,10666.177734375
13031,9801.3369140625
13032,6103.939453125
13033,10134.8505859375
13034,21871.591796875
13035,12168.296875
13036,7264.31787109375
13037,2836.1953125
13038,8095.056640625
13039,9782.4501953125
13040,6083.4521484375
13041,12026.455078125
13042,18097.513671875
13043,4218.5322265625
13044,6363.22802734375
13045,9130.3798828125
13046,6579.75
13047,11142.05859375
13048,7143.7724609375
13049,9479.0498046875
13050,6551.15869140625
13051,8202.3466796875
13052,7031.025390625
13053,9105.0654296875
13054,10131.5400390625
13055,6461.05126953125
13056,6574.6875
13057,7541.173828125
13058,5916.91064453125
13059,5495.185546875
13060,8356.01171875
13061,5597.76806640625
13062,6831.607421875
13063,8755.025390625
13064,6610.68310546875
13065,7272.4443359375
13066,9177.5703125
13067,7989.60498046875
13068,9190.9482421875
13069,8784.208984375
13070,8207.4384765625
13071,6230.455078125
13072,3438.734130859375
13073,7142.17333984375
13074,7616.02783203125
13075,5626.9140625
13076,5631.46728515625
13077,9746.5625
13078,8512.6494140625
13079,10442.1220703125
13080,7461.02880859375
13081,6236.2001953125
13082,5835.72802734375
13083,5649.10107421875
13084,12136.337890625
13085,5909.11865234375
13086,7820.96484375
13087,18421.2109375
13088,8083.255859375
13089,7195.69677734375
13090,5472.0224609375
13091,5732.72216796875
13092,7067.451171875
13093,3378.06689453125
13094,6512.203125
13095,12332.0830078125
13096,5410.3525390625
13097,18598.181640625
13098,15470.365234375
13099,5901.734375
13100,7574.6875
13101,5762.501953125
13102,8242.8505859375
13103,6856.49365234375
13104,11991.19140625
13105,7993.9052734375
13106,11478.30078125
13107,5087.67529296875
13108,8874.39453125
13109,5125.4951171875
13110,9098.5947265625
13111,7288.494140625
13112,7433.35400390625
13113,6421.49853515625
13114,6862.08447265625
13115,10025.513671875
13116,11922.7705078125
13117,6318.9814453125
13118,12661.96875
13119,7353.16015625
13120,11565.509765625
13121,5717.333984375
13122,6249.7470703125
13123,6908.375
13124,13086.9296875
13125,7326.6171875
13126,8625.3818359375
13127,8255.201171875
13128,10503.7880859375
13129,5773.4501953125
13130,10391.7958984375
13131,8461.39453125
13132,4481.47607421875
13133,15225.580078125
13134,18416.501953125
13135,8425.4951171875
13136,8515.802734375
13137,9850.6181640625
13138,12427.1806640625
13139,12561.2021484375
13140,6947.58056640625
13141,9235.884765625
13142,6775.8330078125
13143,9548.0400390625
13144,5486.27197265625
13145,6715.9228515625
13146,6402.99609375
13147,5319.3505859375
13148,7767.56982421875
13149,5599.494140625
13150,5944.8623046875
13151,7846.92041015625
13152,3757.28857421875
13153,5398.34326171875
13154,6623.68701171875
13155,7848.7353515625
13156,10755.1875
13157,9431.4619140625
13158,8000.94482421875
13159,7082.9404296875
13160,7448.4921875
13161,13284.6630859375
13162,8619.0078125
13163,6205.837890625
13164,6310.23291015625
13165,9153.7236328125
13166,5338.0009765625
13167,8337.90625
13168,4060.86279296875
13169,6113.923828125
13170,9821.9599609375
13171,5859.52197265625
13172,5805.17138671875
13173,9832.4677734375
13174,11125.6640625
13175,13488.9599609375
13176,7769.37890625
13177,9288.099609375
13178,3674.287353515625
13179,5916.54296875
13180,7688.2080078125
13181,4750.796875
13182,8981.146484375
13183,6211.9365234375
13184,6955.58447265625
13185,10461.5322265625
13186,11466.1708984375
13187,8839.71484375
13188,5839.2919921875
13189,6167.16552734375
13190,11763.685546875
13191,9073.927734375
13192,6794.39013671875
13193,5722.62060546875
13194,7986.96630859375
13195,10757.95703125
13196,5383.8330078125
13197,7364.29296875
13198,9362.197265625
13199,9676.216796875
13200,15267.2880859375
13201,7182.4140625
13202,17427.9375
13203,7314.22998046875
13204,6584.708984375
13205,3857.603759765625
13206,7154.3271484375
13207,7646.58154296875
13208,6405.349609375
13209,8480.1279296875
13210,5665.84033203125
13211,5565.26220703125
13212,8035.451171875
13213,5170.6875
13214,8133.138671875
13215,6965.47802734375
13216,8969.0166015625
13217,10732.8623046875
13218,5959.58203125
13219,9908.4970703125
13220,6812.494140625
13221,6482.41748046875
13222,6674.52197265625
13223,6043.39208984375
13224,11061.8095703125
13225,7124.6513671875
13226,4759.61328125
13227,8619.267578125
13228,10159.7802734375
13229,8553.3427734375
13230,6378.59033203125
13231,10539.1474609375
13232,6034.13916015625
13233,7550.51513671875
13234,8875.328125
13235,10525.2197265625
13236,6599.41552734375
13237,7287.81005859375
13238,7008.6533203125
13239,6232.951171875
13240,4097.42626953125
13241,5532.3447265625
13242,8352.69140625
13243,10613.001953125
13244,12294.6943359375
13245,12933.0859375
13246,9713.8740234375
13247,7294.05908203125
13248,5667.26513671875
13249,12287.7607421875
13250,11937.2802734375
13251,7976.73291015625
13252,9854.0234375
13253,9608.517578125
13254,5645.20458984375
13255,5568.9765625
13256,9123.1201171875
13257,7307.83935546875
13258,8058.765625
13259,5846.33837890625
13260,3218.201416015625
13261,14293.244140625
13262,6078.6240234375
13263,5782.73388671875
13264,5420.26708984375
13265,5980.875
13266,8645.001953125
13267,8854.5458984375
13268,7539.51806640625
13269,6146.31298828125
13270,4550.31982421875
13271,5672.96826171875
13272,4847.25927734375
13273,8059.54345703125
13274,18997.298828125
13275,5445.521484375
13276,6650.49267578125
13277,9122.6884765625
13278,5968.29248046875
13279,6414.37548828125
13280,5651.06396484375
13281,5355.572265625
13282,8229.40234375
13283,8620.5263671875
13284,4139.7958984375
13285,9876.888671875
13286,6309.4970703125
13287,5187.76611328125
13288,10877.53125
13289,8982.263671875
13290,11316.701171875
13291,6515.8427734375
13292,7353.02734375
13293,4123.62841796875
13294,6473.33740234375
13295,18525.396484375
13296,11156.634765625
13297,7994.494140625
13298,5699.89208984375
13299,5219.83203125
13300,5534.83642578125
13301,5378.4599609375
13302,11136.0400390625
13303,4929.84521484375
13304,6361.61572265625
13305,8711.8876953125
13306,5501.42333984375
13307,6340.6982421875
13308,7682.99560546875
13309,8351.568359375
13310,7551.44482421875
13311,5141.89404296875
13312,5961.09423828125
13313,6730.03955078125
13314,10134.3681640625
13315,9111.8427734375
13316,8258.9404296875
13317,4577.798828125
13318,8292.45703125
13319,7322.75927734375
13320,5926.7734375
13321,8315.6806640625
13322,8315.974609375
13323,7226.6748046875
13324,7403.4951171875
13325,7581.43701171875
13326,5385.77783203125
13327,6182.65478515625
13328,8687.9482421875
13329,7100.3134765625
13330,6739.94189453125
13331,10067.255859375
13332,6088.86328125
13333,5845.54150390625
13334,14586.845703125
13335,6359.16455078125
13336,4250.39013671875
13337,9216.552734375
13338,10496.8671875
13339,12095.3544921875
13340,5386.216796875
13341,7297.04296875
13342,6035.48876953125
13343,8314.15234375
13344,6988.37353515625
13345,10136.49609375
13346,3331.2724609375
13347,8391.9560546875
13348,6959.865234375
13349,6215.6123046875
13350,5317.51318359375
13351,7842.29296875
13352,10233.732421875
13353,5753.92138671875
13354,9538.62890625
13355,7617.29248046875
13356,10179.9736328125
13357,5338.44580078125
13358,6969.12646484375
13359,7423.3857421875
13360,9375.9423828125
13361,10475.34375
13362,4847.8330078125
13363,9740.603515625
13364,8669.005859375
13365,8551.5322265625
13366,4562.23974609375
13367,3558.045166015625
13368,9081.388671875
13369,6448.85888671875
13370,10370.2099609375
13371,7480.26220703125
13372,6392.82861328125
13373,9219.1083984375
13374,8085.2333984375
13375,7836.89453125
13376,8387.83203125
13377,6962.841796875
13378,10224.4580078125
13379,12405.9228515625
13380,8055.931640625
13381,4743.2705078125
13382,6527.119140625
13383,4042.9033203125
13384,3724.04443359375
13385,8795.44921875
13386,5257.58642578125
13387,10348.5361328125
13388,3997.440185546875
13389,6125.462890625
13390,5916.373046875
13391,10804.4716796875
13392,5783.85400390625
13393,5643.4970703125
13394,6606.666015625
13395,8325.3466796875
13396,5239.0283203125
13397,8880.3779296875
13398,7409.423828125
13399,10028.66796875
13400,8152.8427734375
13401,7959.12158203125
13402,6953.75048828125
13403,5406.0966796875
13404,6408.267578125
13405,12465.4345703125
13406,10719.873046875
13407,8697.107421875
13408,16688.90625
13409,7195.9873046875
13410,5397.857421875
13411,7666.26220703125
13412,9607.0751953125
13413,10609.55859375
13414,8665.3974609375
13415,9015.474609375
13416,9655.3154296875
13417,8617.7685546875
13418,6840.974609375
13419,6551.62841796875
13420,5531.498046875
13421,5300.98291015625
13422,5287.6171875
13423,6516.701171875
13424,8724.86328125
13425,18517.419921875
13426,7060.73291015625
13427,5967.35009765625
13428,8608.2705078125
13429,3909.911865234375
13430,7579.11376953125
13431,4779.01611328125
13432,9133.6630859375
13433,7392.0556640625
13434,7123.0224609375
13435,15881.359375
13436,12744.037109375
13437,6957.30859375
13438,7253.43115234375
13439,4629.0234375
13440,5207.541015625
13441,7270.9365234375
13442,9081.142578125
13443,5517.02099609375
13444,4694.8232421875
13445,6023.7197265625
13446,6533.08056640625
13447,8082.79931640625
13448,8717.3623046875
13449,3301.025634765625
13450,8193.7548828125
13451,9310.7080078125
13452,9195.6494140625
13453,6301.85791015625
13454,5154.31103515625
13455,8739.115234375
13456,4610.9072265625
13457,11442.3544921875
13458,5646.40234375
13459,5842.6953125
13460,7916.94384765625
13461,7519.05322265625
13462,5149.3515625
13463,6616.173828125
13464,7709.94189453125
13465,10749.5927734375
13466,12081.94140625
13467,6922.64697265625
13468,5170.369140625
13469,5975.130859375
13470,5699.85302734375
13471,5275.66015625
13472,6537.0986328125
13473,7666.228515625
13474,12112.5810546875
13475,8253.1396484375
13476,7338.55615234375
13477,9062.546875
13478,4852.51708984375
13479,10145.6845703125
13480,6013.07080078125
13481,15288.072265625
13482,6834.7490234375
13483,5507.21142578125
13484,5407.83056640625
13485,4660.646484375
13486,8213.810546875
13487,20297.587890625
13488,5274.12158203125
13489,5520.4404296875
13490,10813.1650390625
13491,7469.041015625
13492,8970.97265625
13493,9421.787109375
13494,7140.12646484375
13495,5490.31396484375
13496,3600.783935546875
13497,10584.201171875
13498,6905.73779296875
13499,8999.3232421875
13500,8214.912109375
13501,5968.58837890625
13502,7794.306640625
13503,7582.45556640625
13504,3788.043212890625
13505,9943.4794921875
13506,9811.1591796875
13507,4190.22216796875
13508,8673.8388671875
13509,8606.064453125
13510,5776.251953125
13511,10386.3818359375
13512,7472.0927734375
13513,8655.2802734375
13514,5122.18359375
13515,6456.95263671875
13516,8646.1953125
13517,4486.07861328125
13518,8251.0810546875
13519,5614.62255859375
13520,6569.76220703125
13521,5732.09912109375
13522,7032.49658203125
13523,7014.72509765625
13524,8994.6015625
13525,7947.93505859375
13526,8177.58203125
13527,6515.798828125
13528,8883.314453125
13529,6417.44384765625
13530,10206.04296875
13531,9650.1982421875
13532,9061.5078125
13533,3853.36767578125
13534,5970.1025390625
13535,8665.6259765625
13536,5168.10986328125
13537,11921.5556640625
13538,6932.44140625
13539,9626.693359375
13540,10279.767578125
13541,7780.359375
13542,4735.07666015625
13543,11286.6884765625
13544,11632.935546875
13545,6367.12255859375
13546,10099.4951171875
13547,9861.923828125
13548,6115.85205078125
13549,8019.04833984375
13550,8516.236328125
13551,6171.15380859375
13552,6120.138671875
13553,7980.59228515625
13554,5510.68603515625
13555,7251.8828125
13556,8533.20703125
13557,7804.7919921875
13558,10028.1171875
13559,7302.3525390625
13560,7352.84814453125
13561,4519.8779296875
13562,7540.81787109375
13563,8262.1083984375
13564,7160.1025390625
13565,9685.525390625
13566,8572.2412109375
13567,10099.369140625
13568,6637.50341796875
13569,5553.21240234375
13570,6569.9990234375
13571,7875.52490234375
13572,7725.453125
13573,5673.37255859375
13574,5688.5068359375
13575,8235.2294921875
13576,7442.08837890625
13577,6210.60498046875
13578,8726.1474609375
13579,7321.73828125
13580,7954.4375
13581,5866.501953125
13582,3764.962158203125
13583,7714.68603515625
13584,7654.59228515625
13585,7716.576171875
13586,9922.642578125
13587,11118.912109375
13588,5978.65478515625
13589,9686.982421875
13590,4277.35498046875
13591,2532.035888671875
13592,9574.3037109375
13593,12063.056640625
13594,8843.7646484375
13595,8554.8876953125
13596,4431.9423828125
13597,8042.33203125
13598,10279.9013671875
13599,6890.37548828125
13600,7997.58642578125
13601,6238.439453125
13602,5277.41455078125
13603,5313.29150390625
13604,6512.33203125
13605,6729.87890625
13606,6385.81005859375
13607,5934.31591796875
13608,4413.6171875
13609,7716.3134765625
13610,8142.8876953125
13611,5558.71435546875
13612,7134.90966796875
13613,8365.5869140625
13614,7350.61279296875
13615,6181.6357421875
13616,9893.08984375
13617,8946.072265625
13618,6074.81689453125
13619,4446.3671875
13620,13022.1416015625
13621,7199.955078125
13622,6406.3544921875
13623,9565.4326171875
13624,8040.64013671875
13625,9178.2783203125
13626,7133.03564453125
13627,8065.921875
13628,8962.87890625
13629,14876.0048828125
13630,5411.587890625
13631,5720.99609375
13632,5550.0791015625
13633,7685.16455078125
13634,6270.080078125
13635,8386.2568359375
13636,8941.025390625
13637,7038.56005859375
13638,4355.0029296875
13639,6521.41845703125
13640,9340.5380859375
13641,5972.51416015625
13642,8508.134765625
13643,3702.930908203125
13644,7351.5615234375
13645,9120.751953125
13646,8499.2197265625
13647,10545.3916015625
13648,7589.2978515625
13649,4508.39501953125
13650,6929.794921875
13651,7639.05224609375
13652,10009.763671875
13653,8860.76953125
13654,8935.8388671875
13655,7446.19873046875
13656,5309.65478515625
13657,11250.3642578125
13658,3882.550537109375
13659,11199.34375
13660,6426.6669921875
13661,4933.74072265625
13662,7685.63671875
13663,6125.955078125
13664,6739.6328125
13665,10219.7578125
13666,5684.06005859375
13667,5473.8359375
13668,8663.6318359375
13669,10299.9072265625
13670,9664.4306640625
13671,6421.12744140625
13672,6276.47119140625
13673,7130.1904296875
13674,7260.689453125
13675,6304.27880859375
13676,11616.2177734375
13677,9816.263671875
13678,13083.197265625
13679,4792.52978515625
13680,7149.16455078125
13681,11810.9609375
13682,9464.720703125
13683,6684.35400390625
13684,10258.7373046875
13685,6691.16650390625
13686,6580.490234375
13687,6001.09716796875
13688,6618.96728515625
13689,6184.8427734375
13690,6819.6875
13691,4904.80126953125
13692,5521.537109375
13693,9858.0888671875
13694,8073.51123046875
13695,25333.45703125
13696,7219.12451171875
13697,5240.02392578125
13698,9254.7861328125
13699,12617.177734375
13700,8395.279296875
13701,9413.9814453125
13702,6628.837890625
13703,8890.2060546875
13704,8255.7607421875
13705,6458.2802734375
13706,6468.44775390625
13707,8303.1982421875
13708,8516.798828125
13709,7377.89990234375
13710,9844.34765625
13711,7179.20263671875
13712,5160.4384765625
13713,7977.119140625
13714,12042.8349609375
13715,13307.248046875
13716,12572.90234375
13717,10019.3994140625
13718,5682.7939453125
13719,7072.0068359375
13720,5357.58349609375
13721,9843.1708984375
13722,12986.2646484375
13723,10676.1435546875
13724,7127.13330078125
13725,7617.30029296875
13726,4412.7548828125
13727,6683.62890625
13728,12260.5517578125
13729,8371.767578125
13730,7341.419921875
13731,5642.66650390625
13732,11335.7392578125
13733,4665.4560546875
13734,8887.6513671875
13735,5015.283203125
13736,7760.03271484375
13737,7953.59423828125
13738,7258.55322265625
13739,7092.6923828125
13740,8142.52880859375
13741,6287.1064453125
13742,8830.2861328125
13743,8513.4638671875
13744,12971.0791015625
13745,6745.25927734375
13746,9398.9853515625
13747,7400.11279296875
13748,11228.125
13749,8214.3759765625
13750,9401.6455078125
13751,6401.7041015625
13752,6967.404296875
13753,8160.78759765625
13754,7528.50537109375
13755,11197.2158203125
13756,9674.853515625
13757,7000.115234375
13758,8549.52734375
13759,7722.77587890625
13760,11554.2138671875
13761,5011.80517578125
13762,16259.400390625
13763,6594.7568359375
13764,7188.39453125
13765,10815.88671875
13766,5729.8310546875
13767,8516.798828125
13768,8004.306640625
13769,9321.552734375
13770,7085.19970703125
13771,4870.8681640625
13772,7440.93359375
13773,7800.52734375
13774,8181.2021484375
13775,4337.73291015625
13776,8745.0693359375
13777,13187.0615234375
13778,8603.0556640625
13779,6411.33642578125
13780,7808.16064453125
13781,6628.4794921875
13782,6007.09423828125
13783,8171.1962890625
13784,5520.6044921875
13785,10113.5
13786,7834.2294921875
13787,7910.7783203125
13788,9774.6416015625
13789,5775.48291015625
13790,7654.79296875
13791,6034.26611328125
13792,12637.7294921875
13793,10748.748046875
13794,5718.1669921875
13795,6370.4599609375
13796,7948.009765625
13797,7003.966796875
13798,6607.3740234375
13799,7470.0166015625
13800,6997.01318359375
13801,8080.03515625
13802,5535.01708984375
13803,5895.63818359375
13804,8809.5947265625
13805,7900.078125
13806,9749.4013671875
13807,9523.0234375
13808,10139.0615234375
13809,6936.9931640625
13810,10685.265625
13811,8011.5791015625
13812,9335.359375
13813,11139.6171875
13814,7797.1005859375
13815,13274.1220703125
13816,9616.5224609375
13817,9504.3994140625
13818,7193.27099609375
13819,9219.32421875
13820,9077.2568359375
13821,7039.4794921875
13822,5182.078125
13823,7463.56103515625
13824,9995.55078125
13825,7154.70166015625
13826,5924.408203125
13827,11253.5771484375
13828,7863.75634765625
13829,6535.767578125
13830,7823.65283203125
13831,7408.19482421875
13832,10536.2626953125
13833,8890.609375
13834,8503.060546875
13835,5581.25341796875
13836,9955.3076171875
13837,8297.951171875
13838,5018.81640625
13839,8986.5234375
13840,6853.3466796875
13841,9893.337890625
13842,8374.8984375
13843,7631.296875
13844,12893.056640625
13845,7051.3701171875
13846,5624.052734375
13847,13444.611328125
13848,9123.62109375
13849,8495.767578125
13850,9572.20703125
13851,5405.30810546875
13852,6534.3701171875
13853,6505.29638671875
13854,9687.5283203125
13855,15421.0830078125
13856,8387.9384765625
13857,3321.736572265625
13858,6330.5400390625
13859,9819.2392578125
13860,10057.1904296875
13861,7429.23876953125
13862,8722.8203125
13863,6330.375
13864,4984.6591796875
13865,4625.60009765625
13866,6895.0244140625
13867,7195.328125
13868,8184.37109375
13869,8240.6376953125
13870,9132.8017578125
13871,9358.587890625
13872,10414.6875
13873,9635.5546875
13874,6415.361328125
13875,12225.2431640625
13876,14419.748046875
13877,7229.4638671875
13878,9285.080078125
13879,6254.80908203125
13880,8131.93017578125
13881,4854.47509765625
13882,9019.4736328125
13883,6610.5205078125
13884,10067.6259765625
13885,8819.5537109375
13886,10599.53125
13887,10273.4560546875
13888,6304.95166015625
13889,11196.4384765625
13890,22970.390625
13891,12598.287109375
13892,8272.9541015625
13893,3096.255615234375
13894,8795.1787109375
13895,10624.74609375
13896,7050.91650390625
13897,12135.00390625
13898,17726.58203125
13899,4629.3447265625
13900,7224.951171875
13901,9448.8662109375
13902,6573.92138671875
13903,12044.7353515625
13904,7620.21484375
13905,10453.59375
13906,6328.82861328125
13907,7595.54638671875
13908,6916.0732421875
13909,10015.7900390625
13910,10522.3544921875
13911,6006.18994140625
13912,6640.42041015625
13913,9355.6611328125
13914,6479.63525390625
13915,6144.76025390625
13916,8918.1728515625
13917,5803.798828125
13918,7197.2783203125
13919,10029.2392578125
13920,8041.349609375
13921,7534.974609375
13922,10258.6240234375
13923,8800.0078125
13924,8841.7744140625
13925,9227.8134765625
13926,8967.9697265625
13927,6826.70361328125
13928,3178.1279296875
13929,7763.3603515625
13930,9113.5166015625
13931,5644.4140625
13932,6368.91796875
13933,10824.4716796875
13934,9290.54296875
13935,11157.7900390625
13936,8508.9453125
13937,6718.23779296875
13938,6807.0546875
13939,6081.6982421875
13940,13339.5380859375
13941,6266.84375
13942,8030.11572265625
13943,20033.923828125
13944,8230.1650390625
13945,8223.9482421875
13946,5883.89306640625
13947,6386.7509765625
13948,7361.306640625
13949,3661.806640625
13950,6980.89501953125
13951,12825.47265625
13952,5444.68310546875
13953,19694.33203125
13954,17279.615234375
13955,6031.93359375
13956,6708.61328125
13957,6272.857421875
13958,8784.23046875
13959,7883.20849609375
13960,12419.9736328125
13961,8059.95263671875
13962,12824.4814453125
13963,6274.81396484375
13964,9103.6201171875
13965,4565.27685546875
13966,9943.7861328125
13967,7847.533203125
13968,8202.98046875
13969,6714.55517578125
13970,6605.87548828125
13971,10389.6630859375
13972,13029.748046875
13973,6334.640625
13974,13275.408203125
13975,7290.55712890625
13976,11812.705078125
13977,5630.68603515625
13978,6803.462890625
13979,7131.95166015625
13980,13470.3310546875
13981,7398.078125
13982,9212.24609375
13983,8515.5009765625
13984,10557.25
13985,6049.41748046875
13986,10978.95703125
13987,9100.638671875
13988,5001.41162109375
13989,15568.6220703125
13990,18693.556640625
13991,8779.2705078125
13992,9199.876953125
13993,11174.0029296875
13994,13425.5546875
13995,13546.1044921875
13996,8456.6298828125
13997,10119.2119140625
13998,7588.67724609375
13999,9623.5361328125
14000,5799.90869140625
14001,7817.453125
14002,6808.2646484375
14003,6841.9970703125
14004,8076.45263671875
14005,5439.203125
14006,6341.1494140625
14007,7380.357421875
14008,4052.834228515625
14009,5844.73193359375
14010,7180.36083984375
14011,7147.03857421875
14012,10940.4453125
14013,10090.037109375
14014,8395.5498046875
14015,7406.2666015625
14016,7673.306640625
14017,13874.046875
14018,9823.2783203125
14019,6886.6181640625
14020,6786.23828125
14021,9563.232421875
14022,5329.09033203125
14023,8935.537109375
14024,4508.1181640625
14025,6724.18310546875
14026,10625.7177734375
14027,5159.46630859375
14028,6126.3583984375
14029,9579.7099609375
14030,11262.2685546875
14031,13916.314453125
14032,8152.1220703125
14033,8980.482421875
14034,3949.464111328125
14035,6653.5087890625
14036,8335.693359375
14037,5429.4697265625
14038,9496.4931640625
14039,7269.05224609375
14040,7049.56884765625
14041,10634.6513671875
14042,11791.5341796875
14043,8805.9443359375
14044,6630.55908203125
14045,6871.53369140625
14046,11727.4013671875
14047,8173.25341796875
14048,7423.08935546875
14049,6233.51806640625
14050,8678.6220703125
14051,12404.6103515625
14052,5672.47802734375
14053,7851.38232421875
14054,9017.771484375
14055,10015.8359375
14056,16419.517578125
14057,7267.1826171875
14058,18021.041015625
14059,7899.74462890625
14060,6688.41650390625
14061,4703.1123046875
14062,7859.58935546875
14063,8071.84423828125
14064,7066.6435546875
14065,7804.29638671875
14066,6254.97021484375
14067,6617.84521484375
14068,8497.57421875
14069,5068.509765625
14070,9020.0673828125
14071,6979.9912109375
14072,10231.4521484375
14073,11462.2265625
14074,6887.07861328125
14075,10300.443359375
14076,7366.7666015625
14077,6989.736328125
14078,6600.2041015625
14079,5819.583984375
14080,11305.1083984375
14081,8095.0341796875
14082,5758.42529296875
14083,9271.07421875
14084,11027.8896484375
14085,8935.8623046875
14086,7562.7451171875
14087,11115.9306640625
14088,6470.1591796875
14089,7474.583984375
14090,9472.75
14091,10166.2783203125
14092,6329.2138671875
14093,7753.08056640625
14094,7211.615234375
14095,6783.11962890625
14096,3723.51025390625
14097,5951.75244140625
14098,9015.4453125
14099,11041.0615234375
14100,12843.8193359375
14101,14106.515625
14102,9744.904296875
14103,7412.42578125
14104,6004.828125
14105,12677.3984375
14106,12300.974609375
14107,7830.0078125
14108,11049.876953125
14109,11823.751953125
14110,6135.05859375
14111,5601.0458984375
14112,9955.603515625
14113,7851.9951171875
14114,8848.7353515625
14115,6657.9287109375
14116,3650.887451171875
14117,14545.5439453125
14118,5755.1572265625
14119,6407.6552734375
14120,5707.0556640625
14121,6052.74365234375
14122,10354.2509765625
14123,10573.23828125
14124,7232.81640625
14125,6477.6689453125
14126,4398.81103515625
14127,5534.5380859375
14128,5277.44873046875
14129,8838.1025390625
14130,18822.640625
14131,6938.095703125
14132,7171.1337890625
14133,9011.22265625
14134,7259.88818359375
14135,7200.8486328125
14136,5811.44384765625
14137,5443.98974609375
14138,8650.7822265625
14139,8543.736328125
14140,4874.5146484375
14141,9744.548828125
14142,7049.8203125
14143,4775.81689453125
14144,11279.166015625
14145,10140.435546875
14146,12066.57421875
14147,7787.61962890625
14148,8592.546875
14149,4479.5947265625
14150,7209.1708984375
14151,17873.947265625
14152,11184.615234375
14153,8097.88427734375
14154,6682.84326171875
14155,5610.69921875
14156,5156.6337890625
14157,5984.30712890625
14158,11573.2451171875
14159,4835.97802734375
14160,7065.171875
14161,8505.7275390625
14162,6121.4755859375
14163,6171.32666015625
14164,8966.6943359375
14165,8814.685546875
14166,7689.3203125
14167,5629.341796875
14168,6992.6650390625
14169,7555.33544921875
14170,11169.3681640625
14171,8776.58203125
14172,8335.5673828125
14173,6045.98486328125
14174,8570.0556640625
14175,8043.017578125
14176,5766.23583984375
14177,9604.080078125
14178,8756.5791015625
14179,8097.89208984375
14180,7268.455078125
14181,8826.859375
14182,5419.080078125
14183,6381.31689453125
14184,9209.2724609375
14185,6544.5732421875
14186,7567.32958984375
14187,10341.080078125
14188,6673.818359375
14189,6774.1298828125
14190,14580.5966796875
14191,7072.66455078125
14192,3823.459228515625
14193,10556.990234375
14194,9780.6123046875
14195,13140.556640625
14196,5776.39599609375
14197,8042.64208984375
14198,6814.03564453125
14199,8478.0439453125
14200,7407.70361328125
14201,10508.564453125
14202,3967.0400390625
14203,8763.0205078125
14204,7061.10302734375
14205,6654.0419921875
14206,6067.50048828125
14207,8071.193359375
14208,11598.2490234375
14209,6667.814453125
14210,10478.8125
14211,8434.27734375
14212,10584.1689453125
14213,5499.54638671875
14214,7978.02734375
14215,8649.939453125
14216,9918.9541015625
14217,10986.65625
14218,5585.1943359375
14219,9345.998046875
14220,9527.1474609375
14221,9403.5732421875
14222,4880.6689453125
14223,3680.615234375
14224,10016.8994140625
14225,7427.1728515625
14226,10617.28125
14227,7807.90625
14228,7200.06787109375
14229,9596.431640625
14230,9665.7998046875
14231,8824.4365234375
14232,9223.3115234375
14233,7980.712890625
14234,10795.658203125
14235,13552.1953125
14236,8996.38671875
14237,5274.29296875
14238,7566.99365234375
14239,5517.37548828125
14240,4169.84716796875
14241,10862.146484375
14242,4662.27490234375
14243,11533.3359375
14244,4786.05517578125
14245,7072.0634765625
14246,7339.3291015625
14247,11206.2607421875
14248,5398.3203125
14249,5926.53271484375
14250,7461.0888671875
14251,8842.8232421875
14252,5627.2265625
14253,8820.5205078125
14254,6811.47802734375
14255,10537.8359375
14256,8186.37939453125
14257,8376.791015625
14258,6890.662109375
14259,5917.60107421875
14260,6414.15283203125
14261,14119.400390625
14262,11515.5087890625
14263,8821.990234375
14264,16869.6328125
14265,7761.75830078125
14266,5921.931640625
14267,8499.3896484375
14268,10355.478515625
14269,11541.6181640625
14270,9219.0556640625
14271,9976.1279296875
14272,10261.2646484375
14273,9464.8935546875
14274,6825.830078125
14275,7301.2216796875
14276,6721.0439453125
14277,5527.28759765625
14278,5562.00439453125
14279,6916.09130859375
14280,8522.8642578125
14281,18812.525390625
14282,7167.5205078125
14283,5644.07177734375
14284,9368.6552734375
14285,3972.525390625
14286,7585.37353515625
14287,4580.99072265625
14288,10047.4833984375
14289,7232.45263671875
14290,7678.51708984375
14291,16965.44140625
14292,12029.56640625
14293,7713.5068359375
14294,8279.7890625
14295,4632.8486328125
14296,5328.30908203125
14297,7099.8193359375
14298,8430.9736328125
14299,6041.35546875
14300,4250.26220703125
14301,7205.525390625
14302,6445.9921875
14303,9652.44140625
14304,9451.6142578125
14305,2965.694091796875
14306,8028.0888671875
14307,10498.4814453125
14308,10384.9931640625
14309,6886.1669921875
14310,5247.0029296875
14311,9407.400390625
14312,5275.67333984375
14313,11898.4375
14314,5924.6455078125
14315,6270.0625
14316,8450.640625
14317,8034.23193359375
14318,5614.2041015625
14319,5501.84912109375
14320,8482.908203125
14321,10664.6806640625
14322,12870.302734375
14323,6847.654296875
14324,5581.2412109375
14325,6666.0283203125
14326,6458.3974609375
14327,6681.06640625
14328,7443.09912109375
14329,8369.232421875
14330,13265.7724609375
14331,8305.873046875
14332,7747.43310546875
14333,9739.654296875
14334,5713.82568359375
14335,10859.5146484375
14336,6832.02685546875
14337,15877.8349609375
14338,7934.4130859375
14339,5428.72900390625
14340,5525.60888671875
14341,4506.09423828125
14342,8769.505859375
14343,19997.396484375
14344,5590.91552734375
14345,5532.57421875
14346,11740.7880859375
14347,8256.7255859375
14348,9838.4951171875
14349,9768.9150390625
14350,7589.45458984375
14351,4837.76171875
14352,3509.281005859375
14353,12531.3681640625
14354,7845.54638671875
14355,9429.763671875
14356,8014.25439453125
14357,6176.05615234375
14358,8711.876953125
14359,8239.6376953125
14360,4182.6572265625
14361,10575.5068359375
14362,11095.833984375
14363,4629.42578125
14364,8612.498046875
14365,8781.23828125
14366,6047.263671875
14367,10237.5546875
14368,7624.4462890625
14369,9001.0234375
14370,5590.4423828125
14371,6273.3515625
14372,8582.8330078125
14373,5157.72802734375
14374,8519.0234375
14375,5835.85205078125
14376,7211.04296875
14377,6168.19677734375
14378,7041.861328125
14379,7353.44140625
14380,9429.0166015625
14381,8634.9814453125
14382,8092.380859375
14383,6810.787109375
14384,9744.9765625
14385,7655.69580078125
14386,11046.486328125
14387,9821.1279296875
14388,9737.705078125
14389,3760.786376953125
14390,7026.0498046875
14391,9216.787109375
14392,5279.1064453125
14393,11327.716796875
14394,7503.52392578125
14395,10185.0390625
14396,12257.2587890625
14397,8147.58544921875
14398,5246.09765625
14399,11926.51171875
14400,11925.0185546875
14401,5818.6728515625
14402,12165.1923828125
14403,10980.0068359375
14404,6252.19287109375
14405,7983.484375
14406,9158.0419921875
14407,7368.3828125
14408,6431.43701171875
14409,8312.2939453125
14410,6196.62646484375
14411,7581.10791015625
14412,8632.0419921875
14413,8921.947265625
14414,11140.2509765625
14415,8099.90625
14416,7970.2275390625
14417,4858.953125
14418,8582.61328125
14419,8857.1953125
14420,7707.14697265625
14421,10012.63671875
14422,9511.7216796875
14423,11745.71484375
14424,6981.97998046875
14425,6570.11865234375
14426,7021.064453125
14427,8104.20947265625
14428,8363.6962890625
14429,5815.9169921875
14430,6517.7431640625
14431,7992.7265625
14432,7078.87158203125
14433,7098.033203125
14434,9680.4794921875
14435,7024.27099609375
14436,9270.4580078125
14437,6166.888671875
14438,4519.14404296875
14439,8584.9091796875
14440,8606.634765625
14441,9846.2900390625
14442,11375.6552734375
14443,10986.1591796875
14444,6122.8359375
14445,10983.724609375
14446,4504.37939453125
14447,2992.96484375
14448,10985.4541015625
14449,12486.87890625
14450,9710.4169921875
14451,9540.1484375
14452,5307.0634765625
14453,8856.2265625
14454,10871.720703125
14455,7975.880859375
14456,8738.1640625
14457,6716.06103515625
14458,5829.73486328125
14459,6282.75537109375
14460,6700.55908203125
14461,6893.6748046875
14462,7359.927734375
14463,6247.9560546875
14464,4939.23388671875
14465,8327.556640625
14466,10230.2412109375
14467,4984.89892578125
14468,8079.10888671875
14469,9072.1748046875
14470,7710.19775390625
14471,7247.5419921875
14472,9480.4375
14473,9277.4873046875
14474,5430.4208984375
14475,5231.7763671875
14476,16286.1162109375
14477,6176.8642578125
14478,5324.78515625
14479,9035.83984375
14480,8131.50341796875
14481,9791.9619140625
14482,7930.72119140625
14483,8877.431640625
14484,10401.3984375
14485,14696.4521484375
14486,6673.80712890625
14487,6457.42333984375
14488,6093.3349609375
14489,8036.318359375
14490,6676.78466796875
14491,7197.046875
14492,10829.7021484375
14493,7744.66455078125
14494,5180.22265625
14495,7111.5908203125
14496,10102.3388671875
14497,6127.18701171875
14498,9704.7080078125
14499,4454.7626953125
14500,6250.4697265625
14501,9716.1474609375
14502,8985.2138671875
14503,11491.1494140625
14504,8588.544921875
14505,4976.42041015625
14506,7397.93017578125
14507,6549.51611328125
14508,11139.0244140625
14509,9581.8212890625
14510,8917.3359375
14511,8275.203125
14512,5526.17626953125
14513,11820.0205078125
14514,4430.9921875
14515,11937.8740234375
14516,6426.41015625
14517,5513.75341796875
14518,9326.9541015625
14519,7237.3056640625
14520,5107.30810546875
14521,11570.0654296875
14522,6169.04248046875
14523,5136.994140625
14524,8972.2578125
14525,11322.376953125
14526,9683.654296875
14527,6351.72119140625
14528,6773.4892578125
14529,9038.1435546875
14530,8198.138671875
14531,7407.7578125
14532,12669.9248046875
14533,10631.71875
14534,13558.251953125
14535,5541.861328125
14536,7662.11181640625
14537,11829.322265625
14538,10317.265625
14539,8099.4443359375
14540,11101.6357421875
14541,7528.19580078125
14542,6532.97802734375
14543,6666.77978515625
14544,7960.7724609375
14545,7062.6806640625
14546,7454.0791015625
14547,6356.05615234375
14548,6891.85400390625
14549,11335.6318359375
14550,7708.41015625
14551,25218.517578125
14552,7014.23095703125
14553,5137.25146484375
14554,11273.3515625
14555,13665.82421875
14556,9307.380859375
14557,10092.4794921875
14558,6230.35205078125
14559,10921.498046875
14560,12377.4013671875
14561,7724.30517578125
14562,8780.5615234375
14563,9203.5986328125
14564,10941.58984375
14565,11057.6591796875
14566,12352.51171875
14567,13356.1826171875
14568,8450.6064453125
14569,9192.4638671875
14570,16940.875
14571,16155.029296875
14572,19186.787109375
14573,11835.400390625
14574,8141.87841796875
14575,6548.51171875
14576,4834.509765625
14577,11787.0537109375
14578,18399.767578125
14579,14922.5234375
14580,9142.79296875
14581,8414.2001953125
14582,5504.82666015625
14583,9337.7939453125
14584,16921.0546875
14585,9937.9560546875
14586,6972.12548828125
14587,11000.8505859375
14588,13602.0576171875
14589,4715.64990234375
14590,10842.7744140625
14591,6400.8701171875
14592,11295.50390625
14593,12887.763671875
14594,7309.89697265625
14595,12921.7158203125
14596,11065.9482421875
14597,7976.04931640625
14598,8691.1083984375
14599,10419.8798828125
14600,16518.0703125
14601,8077.28515625
14602,14312.4111328125
14603,11076.1123046875
14604,12449.318359375
14605,9509.7119140625
14606,14688.37109375
14607,9803.787109375
14608,6872.8544921875
14609,9845.4423828125
14610,7280.1923828125
14611,13126.9287109375
14612,14730.5732421875
14613,7713.607421875
14614,9820.4580078125
14615,9636.4853515625
14616,14930.3896484375
14617,4943.18359375
14618,16893.58203125
14619,7396.0322265625
14620,8662.1884765625
14621,13219.3271484375
14622,8892.07421875
14623,10022.82421875
14624,9762.408203125
14625,10836.3154296875
14626,8757.5986328125
14627,8756.55859375
14628,9402.1015625
14629,13485.517578125
14630,13155.431640625
14631,9089.021484375
14632,9081.693359375
14633,16703.712890625
14634,9764.3603515625
14635,6534.4365234375
14636,10294.7265625
14637,8023.736328125
14638,7458.63916015625
14639,11106.296875
14640,5213.73486328125
14641,11733.1201171875
14642,8727.732421875
14643,13860.9873046875
14644,10919.34765625
14645,6982.0771484375
14646,7869.7353515625
14647,11305.9013671875
14648,13874.373046875
14649,12683.37109375
14650,8195.2470703125
14651,6384.638671875
14652,11229.744140625
14653,10390.81640625
14654,8622.046875
14655,9834.7548828125
14656,9992.1904296875
14657,11902.302734375
14658,9419.9345703125
14659,6611.3759765625
14660,11745.9140625
14661,10125.4794921875
14662,9599.7861328125
14663,13960.1005859375
14664,12352.7080078125
14665,9856.0751953125
14666,11444.810546875
14667,8146.0322265625
14668,8704.923828125
14669,12574.9423828125
14670,10577.517578125
14671,13378.1416015625
14672,7961.1142578125
14673,11547.083984375
14674,8261.921875
14675,10205.5185546875
14676,14696.8935546875
14677,13284.2470703125
14678,6887.72021484375
14679,7842.24658203125
14680,11368.8916015625
14681,7235.283203125
14682,7671.796875
14683,13116.85546875
14684,8901.5498046875
14685,8973.1923828125
14686,6133.49365234375
14687,8163.38232421875
14688,12420.8720703125
14689,9381.9130859375
14690,11027.6650390625
14691,9960.8466796875
14692,6872.21533203125
14693,9743.521484375
14694,6296.97119140625
14695,8512.3740234375
14696,8527.693359375
14697,11025.060546875
14698,11144.52734375
14699,9375.123046875
14700,15666.244140625
14701,8658.841796875
14702,7160.63671875
14703,15302.2333984375
14704,8611.1025390625
14705,12404.9931640625
14706,9177.77734375
14707,7149.41943359375
14708,8552.681640625
14709,7852.1416015625
14710,14780.544921875
14711,17364.740234375
14712,9941.3173828125
14713,5170.447265625
14714,5930.9599609375
14715,12992.765625
14716,14070.642578125
14717,9360.20703125
14718,11441.005859375
14719,5914.05810546875
14720,7544.626953125
14721,4809.115234375
14722,7313.21484375
14723,7518.19140625
14724,12884.642578125
14725,9936.701171875
14726,10507.390625
14727,9572.6552734375
14728,14025.234375
14729,11138.6787109375
14730,7146.02197265625
14731,12678.7841796875
14732,18391.689453125
14733,10806.376953125
14734,11477.28515625
14735,8260.2744140625
14736,9934.873046875
14737,7893.3955078125
14738,11178.0087890625
14739,9414.2080078125
14740,12575.88671875
14741,8653.9130859375
14742,11512.357421875
14743,12481.9765625
14744,6962.337890625
14745,12853.0244140625
14746,24690.2578125
14747,11214.529296875
14748,9568.9462890625
14749,6995.0185546875
14750,8348.8251953125
14751,14795.05859375
14752,8199.1298828125
14753,14005.5810546875
14754,19587.107421875
14755,6672.3408203125
14756,9590.865234375
14757,11098.8212890625
14758,7509.02294921875
14759,14169.6083984375
14760,11758.380859375
14761,12189.7841796875
14762,7344.3388671875
14763,10982.6513671875
14764,6769.2099609375
14765,11485.2490234375
14766,19680.830078125
14767,11052.69921875
14768,7652.2255859375
14769,9349.9501953125
14770,8420.2724609375
14771,6493.86083984375
14772,9642.82421875
14773,9548.9970703125
14774,8345.5166015625
14775,10183.85546875
14776,8542.787109375
14777,10769.3798828125
14778,10624.1376953125
14779,10120.2041015625
14780,10217.302734375
14781,9680.9658203125
14782,11384.2353515625
14783,7136.68994140625
14784,6231.99658203125
14785,8802.603515625
14786,10364.6240234375
14787,9258.072265625
14788,8078.73681640625
14789,14114.654296875
14790,8150.57421875
14791,16300.08984375
14792,11250.75390625
14793,7761.5654296875
14794,7647.99462890625
14795,6168.04296875
14796,14613.9501953125
14797,6985.77392578125
14798,11081.8203125
14799,21815.2734375
14800,9435.64453125
14801,10328.8759765625
14802,6304.9873046875
14803,7152.888671875
14804,11181.591796875
14805,8094.4091796875
14806,9684.068359375
14807,15719.28125
14808,7985.70947265625
14809,23852.486328125
14810,18632.69921875
14811,6279.822265625
14812,12039.7578125
14813,9486.595703125
14814,9845.291015625
14815,8160.8427734375
14816,14457.103515625
14817,9837.1005859375
14818,16260.0068359375
14819,9770.22265625
14820,10216.3974609375
14821,8729.9345703125
14822,13458.1259765625
14823,10715.203125
14824,9799.271484375
14825,9261.6484375
14826,7359.787109375
14827,11377.544921875
14828,12660.5322265625
14829,6753.10107421875
14830,14389.1748046875
14831,8816.6357421875
14832,14454.8798828125
14833,9116.578125
14834,8705.4814453125
14835,8966.1103515625
14836,17698.88671875
14837,8732.724609375
14838,13127.7880859375
14839,9490.4404296875
14840,12982.1005859375
14841,9303.4921875
14842,12336.431640625
14843,9767.0029296875
14844,5077.91357421875
14845,19787.1953125
14846,21971.337890625
14847,11693.4052734375
14848,13343.9814453125
14849,14662.3388671875
14850,14761.41796875
14851,14842.23828125
14852,9466.69921875
14853,11280.7880859375
14854,8725.26953125
14855,11126.908203125
14856,5579.08642578125
14857,7898.6689453125
14858,8641.486328125
14859,9022.1650390625
14860,9111.724609375
14861,10529.84375
14862,9868.7724609375
14863,10464.984375
14864,6245.5234375
14865,6774.5498046875
14866,10891.6591796875
14867,10425.5361328125
14868,14150.642578125
14869,12943.5458984375
14870,11657.943359375
14871,10541.8486328125
14872,9813.2001953125
14873,15150.705078125
14874,12706.9482421875
14875,8102.857421875
14876,7823.82763671875
14877,12572.48828125
14878,6435.265625
14879,11662.3916015625
14880,5510.619140625
14881,7946.6923828125
14882,19281.810546875
14883,10618.7119140625
14884,10162.599609375
14885,10770.0947265625
14886,13426.609375
14887,15383.3349609375
14888,8651.3427734375
14889,13001.1806640625
14890,4619.13427734375
14891,7842.12255859375
14892,9219.4560546875
14893,6246.17236328125
14894,10305.583984375
14895,7734.94677734375
14896,7918.365234375
14897,11923.8388671875
14898,16938.666015625
14899,13848.515625
14900,9755.4208984375
14901,7477.35693359375
14902,13060.8095703125
14903,10421.3251953125
14904,8605.146484375
14905,7698.2841796875
14906,9473.35546875
14907,14084.3203125
14908,9157.7353515625
14909,9226.4833984375
14910,12560.93359375
14911,12198.9091796875
14912,17042.056640625
14913,8446.5546875
14914,17520.505859375
14915,8271.0947265625
14916,6996.68505859375
14917,4881.60302734375
14918,8687.3388671875
14919,11155.828125
14920,7334.68505859375
14921,9263.736328125
14922,9364.6025390625
14923,8486.734375
14924,9518.892578125
14925,6353.810546875
14926,11489.6962890625
14927,13432.16796875
14928,13552.958984375
14929,15873.75390625
14930,9027.552734375
14931,13065.6083984375
14932,9173.7080078125
14933,8639.9521484375
14934,10665.482421875
14935,7829.96240234375
14936,21936.6484375
14937,11511.3525390625
14938,7560.359375
14939,12037.8251953125
14940,15452.93359375
14941,12683.8603515625
14942,12627.8359375
14943,12315.9912109375
14944,7626.5146484375
14945,9283.3642578125
14946,10162.2919921875
14947,9790.392578125
14948,11433.2158203125
14949,9652.318359375
14950,11577.3427734375
14951,7724.5888671875
14952,6492.18310546875
14953,10889.2900390625
14954,13039.8447265625
14955,12199.9306640625
14956,13923.5126953125
14957,17516.0234375
14958,10215.2939453125
14959,7735.29541015625
14960,6858.34912109375
14961,15333.0234375
14962,17303.810546875
14963,18624.5625
14964,11032.7705078125
14965,12775.939453125
14966,12110.833984375
14967,6837.681640625
14968,13087.869140625
14969,12317.677734375
14970,11990.4697265625
14971,10328.5810546875
14972,6108.74560546875
14973,14687.0751953125
14974,10825.87890625
14975,8040.94482421875
14976,6591.18115234375
14977,7520.82763671875
14978,10979.06640625
14979,17109.671875
14980,12109.0693359375
14981,6815.9208984375
14982,8906.9697265625
14983,6913.31494140625
14984,5177.169921875
14985,9094.0595703125
14986,19676.6484375
14987,8919.169921875
14988,9073.373046875
14989,10292.044921875
14990,7496.1484375
14991,8512.6796875
14992,9022.8134765625
14993,6234.857421875
14994,11396.1474609375
14995,12621.107421875
14996,7081.220703125
14997,12748.0087890625
14998,14062.986328125
14999,8374.865234375
15000,12197.5048828125
15001,11277.955078125
15002,13683.2666015625
15003,8842.9638671875
15004,9382.501953125
15005,8499.98828125
15006,8440.38671875
15007,20310.541015625
15008,18101.177734375
15009,8312.568359375
15010,7817.1162109375
15011,7917.75927734375
15012,10210.2490234375
15013,5599.9111328125
15014,11930.9091796875
15015,7959.09716796875
15016,8742.744140625
15017,9334.505859375
15018,8419.234375
15019,9370.0576171875
15020,16631.49609375
15021,10142.66796875
15022,13408.8046875
15023,6349.0185546875
15024,8282.3203125
15025,13143.3232421875
15026,14796.5009765625
15027,13441.193359375
15028,9237.4140625
15029,8008.4677734375
15030,10979.798828125
15031,9357.5810546875
15032,6086.31640625
15033,11399.3544921875
15034,9859.0439453125
15035,9335.986328125
15036,10626.55078125
15037,11844.1533203125
15038,12241.0283203125
15039,9180.166015625
15040,9628.705078125
15041,9021.44140625
15042,17186.02734375
15043,9982.341796875
15044,7050.57470703125
15045,5981.63232421875
15046,17054.544921875
15047,10521.8154296875
15048,9179.9306640625
15049,12040.115234375
15050,12338.162109375
15051,15255.8212890625
15052,7426.33544921875
15053,10042.689453125
15054,8792.98828125
15055,10152.52734375
15056,7557.501953125
15057,13126.9345703125
15058,7373.25732421875
15059,12810.609375
15060,8942.359375
15061,8494.9130859375
15062,9384.1396484375
15063,9654.0595703125
15064,13782.341796875
15065,8903.10546875
15066,14228.5673828125
15067,10562.3837890625
15068,12166.142578125
15069,7519.05517578125
15070,8527.5205078125
15071,11080.0380859375
15072,13330.7685546875
15073,11444.0732421875
15074,6431.1884765625
15075,9550.8505859375
15076,11069.0185546875
15077,13257.337890625
15078,9142.501953125
15079,7345.70654296875
15080,15261.142578125
15081,10402.412109375
15082,12510.21484375
15083,8312.7587890625
15084,8183.443359375
15085,12688.6708984375
15086,9966.70703125
15087,14776.2451171875
15088,12319.5947265625
15089,10714.369140625
15090,13084.3310546875
15091,17383.4453125
15092,12840.849609375
15093,8940.8291015625
15094,11818.3984375
15095,7664.0859375
15096,4972.31591796875
15097,13472.67578125
15098,10799.71875
15099,14412.5556640625
15100,9080.3525390625
15101,12876.1640625
15102,11246.1982421875
15103,15267.94921875
15104,10692.875
15105,8167.2607421875
15106,10727.3798828125
15107,10652.8515625
15108,5392.310546875
15109,10675.4169921875
15110,10800.1708984375
15111,11725.6630859375
15112,10125.388671875
15113,9580.6982421875
15114,6156.99951171875
15115,6955.234375
15116,7036.39599609375
15117,17134.81640625
15118,15059.330078125
15119,10424.1796875
15120,16273.322265625
15121,10847.791015625
15122,6552.59912109375
15123,12487.2607421875
15124,11591.6962890625
15125,16156.1962890625
15126,10276.8330078125
15127,12073.6455078125
15128,12794.5517578125
15129,11377.662109375
15130,11956.6240234375
15131,8796.7333984375
15132,9290.1279296875
15133,8153.23828125
15134,5654.13134765625
15135,8436.462890625
15136,13810.201171875
15137,28335.9296875
15138,10530.392578125
15139,7478.82080078125
15140,11598.203125
15141,9560.3603515625
15142,8232.9453125
15143,9398.78125
15144,16424.08203125
15145,8743.3662109375
15146,9059.4306640625
15147,20532.646484375
15148,13942.4111328125
15149,9630.39453125
15150,9765.029296875
15151,5218.814453125
15152,6410.99951171875
15153,8038.02587890625
15154,12804.9677734375
15155,8654.046875
15156,9194.9736328125
15157,11123.5830078125
15158,7470.5439453125
15159,13330.1103515625
15160,9668.8134765625
15161,4189.2607421875
15162,10167.4990234375
15163,11906.3837890625
15164,10340.2431640625
15165,8265.8330078125
15166,7975.8916015625
15167,10911.2890625
15168,7106.310546875
15169,14100.4580078125
15170,6367.97900390625
15171,7606.74853515625
15172,8873.71875
15173,11537.7421875
15174,7152.0927734375
15175,11501.431640625
15176,9187.86328125
15177,13308.8310546875
15178,13159.6103515625
15179,7504.033203125
15180,5392.7548828125
15181,7852.67236328125
15182,11036.46484375
15183,6826.306640625
15184,10260.5478515625
15185,8967.2119140625
15186,15869.140625
15187,14550.8818359375
15188,8406.2353515625
15189,10028.5986328125
15190,7811.41259765625
15191,12521.541015625
15192,7971.3427734375
15193,17615.828125
15194,8577.48828125
15195,11072.880859375
15196,9190.83203125
15197,5558.443359375
15198,9822.369140625
15199,25417.0703125
15200,7117.41015625
15201,5877.4423828125
15202,16475.12890625
15203,8626.0302734375
15204,15832.107421875
15205,11408.5302734375
15206,14380.068359375
15207,8761.96484375
15208,8356.1015625
15209,13144.193359375
15210,7884.91015625
15211,9636.5693359375
15212,10731.396484375
15213,7836.7607421875
15214,8829.455078125
15215,8415.19921875
15216,6136.498046875
15217,12464.77734375
15218,11694.9755859375
15219,6308.8408203125
15220,10660.2919921875
15221,9833.6943359375
15222,5310.01513671875
15223,16152.84375
15224,8902.2177734375
15225,12141.978515625
15226,6285.1396484375
15227,9235.2373046875
15228,8987.4013671875
15229,6910.09619140625
15230,10999.8720703125
15231,7009.36767578125
15232,9173.740234375
15233,6215.57470703125
15234,8487.439453125
15235,6771.560546875
15236,9262.826171875
15237,10940.5673828125
15238,11917.1904296875
15239,10524.087890625
15240,11162.365234375
15241,10021.96484375
15242,12382.0087890625
15243,13154.9970703125
15244,11125.3994140625
15245,4725.6708984375
15246,10295.095703125
15247,11564.509765625
15248,7385.38525390625
15249,15534.1435546875
15250,11994.0
15251,12701.97265625
15252,14447.44921875
15253,8865.3388671875
15254,9168.111328125
15255,11060.1298828125
15256,14197.4267578125
15257,7013.83935546875
15258,13114.01953125
15259,13117.595703125
15260,8403.2099609375
15261,8823.240234375
15262,9964.6689453125
15263,7285.07470703125
15264,8703.1201171875
15265,9143.1630859375
15266,7183.86572265625
15267,11348.8330078125
15268,12873.810546875
15269,10191.376953125
15270,12474.07421875
15271,8712.4267578125
15272,10872.4462890625
15273,6062.54248046875
15274,11998.2080078125
15275,10027.0126953125
15276,8757.404296875
15277,9543.3642578125
15278,13417.169921875
15279,12980.3466796875
15280,8610.6259765625
15281,9561.193359375
15282,10735.7314453125
15283,8394.0751953125
15284,9639.7666015625
15285,5725.0361328125
15286,8752.1337890625
15287,11375.5634765625
15288,9178.27734375
15289,10225.126953125
15290,13229.2333984375
15291,8078.83154296875
15292,11066.7783203125
15293,10606.19921875
15294,7176.3369140625
15295,8036.96728515625
15296,9301.6533203125
15297,11249.9091796875
15298,13489.87890625
15299,13310.2705078125
15300,5845.9541015625
15301,13624.4755859375
15302,10016.6171875
15303,5486.00390625
15304,14536.564453125
15305,14838.283203125
15306,11157.677734375
15307,11405.7578125
15308,11521.8994140625
15309,9815.2978515625
15310,14764.572265625
15311,12602.578125
15312,16330.400390625
15313,7644.7421875
15314,6831.05810546875
15315,8752.5908203125
15316,7817.6689453125
15317,7487.19482421875
15318,9084.091796875
15319,10310.4365234375
15320,6587.53125
15321,10655.322265625
15322,13236.751953125
15323,8977.80078125
15324,8335.197265625
15325,10746.8955078125
15326,9406.9658203125
15327,10663.83203125
15328,11896.58984375
15329,12298.896484375
15330,10625.287109375
15331,5559.16455078125
15332,20656.697265625
15333,9623.0341796875
15334,10432.8623046875
15335,17167.453125
15336,10965.0888671875
15337,11856.361328125
15338,7864.380859375
15339,9390.5556640625
15340,13169.51953125
15341,23236.638671875
15342,10734.6767578125
15343,7002.63671875
15344,7641.8076171875
15345,9627.0595703125
15346,7516.95849609375
15347,11824.734375
15348,15030.1640625
15349,8425.7802734375
15350,5051.46533203125
15351,11022.8544921875
15352,11255.978515625
15353,6488.96826171875
15354,12063.9951171875
15355,7107.623046875
15356,10591.435546875
15357,14186.240234375
15358,10171.0830078125
15359,12591.3916015625
15360,8058.2939453125
15361,7151.064453125
15362,8557.794921875
15363,11937.6650390625
15364,11572.0595703125
15365,10179.0234375
15366,10735.154296875
15367,8856.056640625
15368,6461.43505859375
15369,14450.291015625
15370,8493.208984375
15371,13065.84375
15372,7563.98291015625
15373,8222.9716796875
15374,11123.9189453125
15375,8783.8017578125
15376,6844.73583984375
15377,10847.9482421875
15378,8713.7431640625
15379,8581.837890625
15380,12453.0419921875
15381,15061.6630859375
15382,12640.166015625
15383,7579.8291015625
15384,8517.50390625
15385,9248.5703125
15386,9417.490234375
15387,10145.4580078125
15388,13919.0732421875
15389,13211.341796875
15390,16796.01953125
15391,7049.2060546875
15392,11495.3408203125
15393,11659.8037109375
15394,14162.5224609375
15395,9801.0283203125
15396,14505.572265625
15397,9298.421875
15398,8105.3701171875
15399,10315.2197265625
15400,8935.6865234375
15401,8531.2216796875
15402,12173.732421875
15403,9073.1669921875
15404,9746.9296875
15405,14344.5830078125
15406,9051.4775390625
15407,27760.501953125
15408,11274.056640625
15409,0.0
15410,0.0
15411,0.0
15412,0.0
15413,0.0
15414,0.0
15415,0.0
15416,0.0
15417,0.0
15418,0.0
15419,0.0
15420,0.0
15421,0.0
15422,0.0
15423,0.0
15424,0.0
15425,0.0
15426,0.0
15427,0.0
15428,0.0
15429,0.0
15430,0.0
15431,0.0
15432,0.0
15433,0.0
15434,0.0
15435,0.0
15436,0.0
15437,0.0
15438,0.0
15439,0.0
15440,0.0
15441,0.0
15442,0.0
15443,0.0
15444,0.0
15445,0.0
15446,0.0
15447,0.0
15448,0.0
15449,0.0
15450,0.0
15451,0.0
15452,0.0
15453,0.0
15454,0.0
15455,0.0
15456,0.0
15457,0.0
15458,0.0
15459,0.0
15460,0.0
15461,0.0
15462,0.0
15463,0.0
15464,0.0
15465,0.0
15466,0.0
15467,0.0
15468,0.0
15469,0.0
15470,0.0
15471,0.0
15472,0.0
15473,0.0
15474,0.0
15475,0.0
15476,0.0
15477,0.0
15478,0.0
15479,0.0
15480,0.0
15481,0.0
15482,0.0
15483,0.0
15484,0.0
15485,0.0
15486,0.0
15487,0.0
15488,0.0
15489,0.0
15490,0.0
15491,0.0
15492,0.0
15493,0.0
15494,0.0
15495,0.0
15496,0.0
15497,0.0
15498,0.0
15499,0.0
15500,5924.17578125
15501,0.0
15502,0.0
15503,0.0
15504,0.0
15505,0.0
15506,0.0
15507,0.0
15508,0.0
15509,0.0
15510,0.0
15511,0.0
15512,0.0
15513,0.0
15514,0.0
15515,0.0
15516,0.0
15517,0.0
15518,0.0
15519,0.0
15520,0.0
15521,0.0
15522,0.0
15523,0.0
15524,0.0
15525,0.0
15526,0.0
15527,0.0
15528,0.0
15529,0.0
15530,0.0
15531,0.0
15532,0.0
15533,0.0
15534,0.0
15535,0.0
15536,0.0
15537,0.0
15538,0.0
15539,0.0
15540,0.0
15541,0.0
15542,0.0
15543,0.0
15544,0.0
15545,0.0
15546,0.0
15547,0.0
15548,0.0
15549,0.0
15550,0.0
15551,0.0
15552,0.0
15553,0.0
15554,0.0
15555,0.0
15556,0.0
15557,0.0
15558,0.0
15559,0.0
15560,0.0
15561,0.0
15562,0.0
15563,0.0
15564,0.0
15565,0.0
15566,0.0
15567,0.0
15568,4909.04541015625
15569,0.0
15570,0.0
15571,0.0
15572,0.0
15573,0.0
15574,0.0
15575,0.0
15576,0.0
15577,0.0
15578,0.0
15579,0.0
15580,0.0
15581,0.0
15582,0.0
15583,0.0
15584,0.0
15585,0.0
15586,0.0
15587,0.0
15588,0.0
15589,0.0
15590,0.0
15591,0.0
15592,0.0
15593,0.0
15594,0.0
15595,0.0
15596,0.0
15597,0.0
15598,0.0
15599,0.0
15600,0.0
15601,0.0
15602,0.0
15603,0.0
15604,0.0
15605,0.0
15606,0.0
15607,0.0
15608,0.0
15609,16438.404296875
15610,27107.59375
15611,0.0
15612,0.0
15613,0.0
15614,0.0
15615,0.0
15616,0.0
15617,0.0
15618,7864.322265625
15619,0.0
15620,0.0
15621,0.0
15622,0.0
15623,0.0
15624,0.0
15625,0.0
15626,0.0
15627,0.0
15628,0.0
15629,0.0
15630,0.0
15631,0.0
15632,0.0
15633,0.0
15634,0.0
15635,0.0
15636,0.0
15637,5532.34814453125
15638,0.0
15639,0.0
15640,0.0
15641,0.0
15642,0.0
15643,0.0
15644,0.0
15645,0.0
15646,0.0
15647,4542.3955078125
15648,0.0
15649,0.0
15650,0.0
15651,0.0
15652,0.0
15653,0.0
15654,0.0
15655,0.0
15656,0.0
15657,0.0
15658,0.0
15659,0.0
15660,0.0
15661,0.0
15662,0.0
15663,0.0
15664,0.0
15665,10817.2763671875
15666,0.0
15667,0.0
15668,0.0
15669,0.0
15670,0.0
15671,0.0
15672,0.0
15673,0.0
15674,0.0
15675,0.0
15676,0.0
15677,0.0
15678,0.0
15679,0.0
15680,0.0
15681,0.0
15682,9154.8134765625
15683,0.0
15684,0.0
15685,0.0
15686,0.0
15687,0.0
15688,0.0
15689,0.0
15690,0.0
15691,0.0
15692,0.0
15693,0.0
15694,0.0
15695,0.0
15696,0.0
15697,0.0
15698,0.0
15699,0.0
15700,0.0
15701,0.0
15702,0.0
15703,0.0
15704,0.0
15705,0.0
15706,0.0
15707,0.0
15708,0.0
15709,0.0
15710,0.0
15711,0.0
15712,0.0
15713,0.0
15714,0.0
15715,0.0
15716,0.0
15717,0.0
15718,0.0
15719,0.0
15720,0.0
15721,0.0
15722,0.0
15723,0.0
15724,0.0
15725,0.0
15726,0.0
15727,0.0
15728,0.0
15729,0.0
15730,0.0
15731,0.0
15732,0.0
15733,0.0
15734,0.0
15735,0.0
15736,0.0
15737,0.0
15738,0.0
15739,0.0
15740,0.0
15741,0.0
15742,0.0
15743,0.0
15744,3097.631591796875
15745,0.0
15746,0.0
15747,0.0
15748,0.0
15749,0.0
15750,0.0
15751,0.0
15752,0.0
15753,0.0
15754,0.0
15755,0.0
15756,0.0
15757,0.0
15758,6345.74169921875
15759,0.0
15760,0.0
15761,0.0
15762,0.0
15763,0.0
15764,0.0
15765,0.0
15766,0.0
15767,0.0
15768,0.0
15769,0.0
15770,0.0
15771,0.0
15772,0.0
15773,0.0
15774,0.0
15775,0.0
15776,0.0
15777,0.0
15778,0.0
15779,0.0
15780,0.0
15781,0.0
15782,0.0
15783,0.0
15784,0.0
15785,0.0
15786,0.0
15787,0.0
15788,0.0
15789,0.0
15790,0.0
15791,0.0
15792,0.0
15793,0.0
15794,0.0
15795,0.0
15796,0.0
15797,0.0
15798,0.0
15799,0.0
15800,0.0
15801,8521.5078125
15802,0.0
15803,0.0
15804,0.0
15805,0.0
15806,0.0
15807,0.0
15808,0.0
15809,0.0
15810,0.0
15811,3682.864501953125
15812,0.0
15813,0.0
15814,0.0
15815,6039.236328125
15816,0.0
15817,0.0
15818,0.0
15819,0.0
15820,0.0
15821,0.0
15822,0.0
15823,0.0
15824,0.0
15825,0.0
15826,0.0
15827,0.0
15828,0.0
15829,0.0
15830,0.0
15831,0.0
15832,0.0
15833,0.0
15834,0.0
15835,0.0
15836,0.0
15837,0.0
15838,0.0
15839,0.0
15840,0.0
15841,0.0
15842,21065.5625
15843,0.0
15844,0.0
15845,0.0
15846,0.0
15847,0.0
15848,0.0
15849,0.0
15850,0.0
15851,0.0
15852,0.0
15853,0.0
15854,0.0
15855,0.0
15856,7438.41796875
15857,0.0
15858,0.0
15859,0.0
15860,0.0
15861,0.0
15862,0.0
15863,0.0
15864,0.0
15865,0.0
15866,0.0
15867,0.0
15868,0.0
15869,0.0
15870,0.0
15871,0.0
15872,0.0
15873,0.0
15874,0.0
15875,0.0
15876,0.0
15877,0.0
15878,0.0
15879,0.0
15880,0.0
15881,0.0
15882,0.0
15883,0.0
15884,0.0
15885,0.0
15886,0.0
15887,0.0
15888,0.0
15889,0.0
15890,0.0
15891,0.0
15892,0.0
15893,0.0
15894,0.0
15895,0.0
15896,0.0
15897,0.0
15898,0.0
15899,0.0
15900,0.0
15901,0.0
15902,0.0
15903,0.0
15904,0.0
15905,0.0
15906,0.0
15907,0.0
15908,0.0
15909,0.0
15910,0.0
15911,0.0
15912,0.0
15913,0.0
15914,0.0
15915,0.0
15916,0.0
15917,0.0
15918,0.0
15919,0.0
15920,0.0
15921,0.0
15922,0.0
15923,0.0
15924,0.0
15925,0.0
15926,0.0
15927,0.0
15928,0.0
15929,0.0
15930,0.0
15931,13242.0498046875
15932,0.0
15933,0.0
15934,0.0
15935,0.0
15936,0.0
15937,0.0
15938,0.0
15939,0.0
15940,0.0
15941,0.0
15942,0.0
15943,0.0
15944,0.0
15945,0.0
15946,0.0
15947,0.0
15948,0.0
15949,0.0
15950,0.0
15951,0.0
15952,0.0
15953,0.0
15954,0.0
15955,0.0
15956,0.0
15957,0.0
15958,0.0
15959,0.0
15960,0.0
15961,0.0
15962,0.0
15963,0.0
15964,0.0
15965,0.0
15966,0.0
15967,0.0
15968,0.0
15969,0.0
15970,0.0
15971,0.0
15972,0.0
15973,0.0
15974,0.0
15975,5257.36865234375
15976,17276.984375
15977,0.0
15978,0.0
15979,0.0
15980,0.0
15981,0.0
15982,0.0
15983,0.0
15984,0.0
15985,0.0
15986,0.0
15987,0.0
15988,0.0
15989,0.0
15990,0.0
15991,0.0
15992,0.0
15993,0.0
15994,0.0
15995,0.0
15996,0.0
15997,0.0
15998,0.0
15999,0.0
16000,0.0
16001,0.0
16002,0.0
16003,0.0
16004,12562.0478515625
16005,0.0
16006,0.0
16007,0.0
16008,0.0
16009,0.0
16010,0.0
16011,0.0
16012,0.0
16013,0.0
16014,0.0
16015,0.0
16016,0.0
16017,0.0
16018,0.0
16019,0.0
16020,0.0
16021,0.0
16022,0.0
16023,0.0
16024,0.0
16025,0.0
16026,0.0
16027,0.0
16028,0.0
16029,0.0
16030,0.0
16031,0.0
16032,0.0
16033,0.0
16034,0.0
16035,0.0
16036,0.0
16037,0.0
16038,0.0
16039,0.0
16040,0.0
16041,0.0
16042,0.0
16043,0.0
16044,0.0
16045,0.0
16046,0.0
16047,0.0
16048,0.0
16049,0.0
16050,0.0
16051,0.0
16052,0.0
16053,0.0
16054,0.0
16055,0.0
16056,0.0
16057,0.0
16058,0.0
16059,0.0
16060,0.0
16061,0.0
16062,0.0
16063,0.0
16064,0.0
16065,0.0
16066,0.0
16067,0.0
16068,0.0
16069,0.0
16070,0.0
16071,0.0
16072,0.0
16073,0.0
16074,4136.69775390625
16075,0.0
16076,0.0
16077,0.0
16078,2855.876953125
16079,0.0
16080,0.0
16081,0.0
16082,0.0
16083,0.0
16084,0.0
16085,0.0
16086,0.0
16087,0.0
16088,0.0
16089,0.0
16090,0.0
16091,0.0
16092,0.0
16093,0.0
16094,0.0
16095,0.0
16096,0.0
16097,0.0
16098,0.0
16099,0.0
16100,0.0
16101,0.0
16102,0.0
16103,0.0
16104,0.0
16105,0.0
16106,0.0
16107,0.0
16108,0.0
16109,0.0
16110,0.0
16111,0.0
16112,0.0
16113,0.0
16114,0.0
16115,0.0
16116,0.0
16117,0.0
16118,0.0
16119,0.0
16120,0.0
16121,0.0
16122,0.0
16123,0.0
16124,0.0
16125,0.0
16126,0.0
16127,0.0
16128,0.0
16129,3325.098876953125
16130,0.0
16131,0.0
16132,0.0
16133,0.0
16134,0.0
16135,0.0
16136,0.0
16137,0.0
16138,0.0
16139,0.0
16140,0.0
16141,0.0
16142,0.0
16143,0.0
16144,11832.744140625
16145,0.0
16146,0.0
16147,0.0
16148,0.0
16149,0.0
16150,0.0
16151,0.0
16152,0.0
16153,0.0
16154,0.0
16155,0.0
16156,0.0
16157,0.0
16158,0.0
16159,0.0
16160,0.0
16161,0.0
16162,0.0
16163,0.0
16164,0.0
16165,0.0
16166,0.0
16167,0.0
16168,0.0
16169,0.0
16170,0.0
16171,0.0
16172,0.0
16173,0.0
16174,0.0
16175,0.0
16176,0.0
16177,0.0
16178,0.0
16179,0.0
16180,0.0
16181,0.0
16182,0.0
16183,0.0
16184,0.0
16185,0.0
16186,0.0
16187,0.0
16188,0.0
16189,0.0
16190,0.0
16191,0.0
16192,0.0
16193,0.0
16194,0.0
16195,0.0
16196,0.0
16197,0.0
16198,0.0
16199,0.0
16200,0.0
16201,0.0
16202,0.0
16203,0.0
16204,0.0
16205,0.0
16206,0.0
16207,0.0
16208,5669.01318359375
16209,0.0
16210,0.0
16211,0.0
16212,0.0
16213,0.0
16214,0.0
16215,0.0
16216,0.0
16217,0.0
16218,0.0
16219,0.0
16220,0.0
16221,0.0
16222,0.0
16223,0.0
16224,0.0
16225,0.0
16226,0.0
16227,0.0
16228,0.0
16229,0.0
16230,0.0
16231,0.0
16232,0.0
16233,0.0
16234,0.0
16235,0.0
16236,0.0
16237,0.0
16238,0.0
16239,0.0
16240,0.0
16241,0.0
16242,0.0
16243,0.0
16244,0.0
16245,0.0
16246,0.0
16247,0.0
16248,0.0
16249,14394.8671875
16250,5315.00634765625
16251,0.0
16252,0.0
16253,0.0
16254,0.0
16255,0.0
16256,0.0
16257,0.0
16258,0.0
16259,0.0
16260,0.0
16261,0.0
16262,0.0
16263,0.0
16264,0.0
16265,4263.68359375
16266,4607.447265625
16267,7032.8798828125
16268,4219.0908203125
16269,6519.6865234375
16270,3843.8466796875
16271,5517.20751953125
16272,6673.7607421875
16273,4910.9150390625
16274,3445.12451171875
16275,5990.74853515625
16276,5125.14111328125
16277,4673.20166015625
16278,6373.35107421875
16279,6141.11767578125
16280,3483.1904296875
16281,4023.602783203125
16282,7271.072265625
16283,8661.45703125
16284,6768.44482421875
16285,7739.84228515625
16286,2566.298583984375
16287,5870.03857421875
16288,2248.336181640625
16289,8232.5224609375
16290,7684.10888671875
16291,9135.6123046875
16292,6361.1396484375
16293,4527.1142578125
16294,4737.85302734375
16295,5678.38134765625
16296,8241.3876953125
16297,3921.108154296875
16298,5667.8388671875
16299,4548.3525390625
16300,6054.14599609375
16301,2869.32275390625
16302,7826.35791015625
16303,4362.42724609375
16304,7124.09814453125
16305,6518.830078125
16306,4047.264404296875
16307,8444.74609375
16308,6532.794921875
16309,4946.6259765625
16310,4155.95068359375
16311,7724.30810546875
16312,10649.0087890625
16313,5588.9970703125
16314,5935.0849609375
16315,8691.9599609375
16316,7207.12353515625
16317,5562.01806640625
16318,6092.38916015625
16319,2598.229736328125
16320,3479.34228515625
16321,5122.12158203125
16322,6804.916015625
16323,8559.40625
16324,8335.287109375
16325,4338.609375
16326,8704.66796875
16327,7037.82177734375
16328,4550.099609375
16329,3159.62060546875
16330,11222.4990234375
16331,3676.82763671875
16332,4260.705078125
16333,7266.95849609375
16334,4237.6630859375
16335,5746.1201171875
16336,2956.275634765625
16337,6106.73681640625
16338,5359.58837890625
16339,4745.36865234375
16340,7566.0830078125
16341,8145.89404296875
16342,5067.11572265625
16343,3739.50537109375
16344,7822.24560546875
16345,12836.158203125
16346,5945.154296875
16347,3843.42529296875
16348,6577.71923828125
16349,5396.2099609375
16350,5937.16357421875
16351,10310.3046875
16352,2397.406005859375
16353,7971.888671875
16354,5422.6240234375
16355,5044.578125
16356,7916.474609375
16357,2782.789306640625
16358,4413.62109375
16359,5385.68017578125
16360,7862.27392578125
16361,7247.30126953125
16362,3859.1142578125
16363,4094.889404296875
16364,7788.20458984375
16365,6417.32275390625
16366,5636.81494140625
16367,5012.68017578125
16368,4919.240234375
16369,5931.912109375
16370,4941.5830078125
16371,3212.85693359375
16372,5497.02197265625
16373,6436.81787109375
16374,7155.66455078125
16375,7205.283203125
16376,8404.7353515625
16377,5697.02880859375
16378,8238.57421875
16379,3338.287841796875
16380,3842.6865234375
16381,7833.603515625
16382,6875.5732421875
16383,7078.03466796875
16384,9236.283203125
16385,6650.71044921875
16386,5168.423828125
16387,6610.4931640625
16388,8231.349609375
16389,4697.22509765625
16390,2929.805908203125
16391,5492.35302734375
16392,4945.79638671875
16393,4456.86474609375
16394,3324.388916015625
16395,5995.88623046875
16396,6483.93017578125
16397,5834.75048828125
16398,6432.6787109375
16399,2889.9990234375
16400,7076.32080078125
16401,7490.203125
16402,3686.964599609375
16403,5702.5888671875
16404,3881.599365234375
16405,5803.8759765625
16406,3013.156494140625
16407,4689.53515625
16408,5287.71240234375
16409,7223.029296875
16410,6551.54931640625
16411,6902.5703125
16412,13903.8798828125
16413,4130.380859375
16414,5130.1162109375
16415,10514.0859375
16416,6180.068359375
16417,8487.158203125
16418,6121.17529296875
16419,5454.1123046875
16420,6476.275390625
16421,4459.58935546875
16422,5723.06201171875
16423,8821.564453125
16424,5622.486328125
16425,2133.344482421875
16426,3709.752685546875
16427,7416.9111328125
16428,8574.0595703125
16429,7706.40283203125
16430,6064.24072265625
16431,4854.7080078125
16432,2393.047607421875
16433,2155.487060546875
16434,3579.156494140625
16435,6128.1669921875
16436,7738.11572265625
16437,4928.2939453125
16438,5205.240234375
16439,8453.1328125
16440,7734.443359375
16441,7854.5146484375
16442,5554.0693359375
16443,8831.685546875
16444,9461.486328125
16445,4366.70703125
16446,6045.2509765625
16447,5816.80224609375
16448,7075.4638671875
16449,3258.5
16450,5422.39208984375
16451,4559.365234375
16452,8035.7587890625
16453,6267.41455078125
16454,7153.822265625
16455,7191.5009765625
16456,5240.3515625
16457,8534.0625
16458,18215.947265625
16459,7532.8740234375
16460,4423.8583984375
16461,4242.63037109375
16462,6233.68408203125
16463,6804.0322265625
16464,4600.333984375
16465,9703.2255859375
16466,15660.857421875
16467,5021.90771484375
16468,3667.4365234375
16469,11823.6416015625
16470,3256.4873046875
16471,5030.2607421875
16472,3588.223388671875
16473,6734.10400390625
16474,4893.01953125
16475,7319.75634765625
16476,4896.07568359375
16477,5518.41015625
16478,10719.7275390625
16479,6030.8427734375
16480,6124.63916015625
16481,6833.05029296875
16482,4920.0595703125
16483,6459.4306640625
16484,9264.80078125
16485,5080.39453125
16486,5435.99169921875
16487,4271.6904296875
16488,4024.680908203125
16489,5909.97021484375
16490,4813.9951171875
16491,5502.1298828125
16492,7962.76806640625
16493,10253.359375
16494,7393.34765625
16495,4866.232421875
16496,3821.918212890625
16497,4034.524658203125
16498,3921.3994140625
16499,6950.41015625
16500,3187.812255859375
16501,6719.69873046875
16502,4968.68017578125
16503,8782.919921875
16504,5699.275390625
16505,4223.0732421875
16506,3383.613525390625
16507,3320.81982421875
16508,8907.75390625
16509,6141.23876953125
16510,6261.11083984375
16511,13394.78125
16512,7449.595703125
16513,5283.61083984375
16514,5442.70458984375
16515,3132.4365234375
16516,4282.91259765625
16517,4366.30419921875
16518,5208.1279296875
16519,9231.8515625
16520,4674.6123046875
16521,9715.533203125
16522,9953.423828125
16523,5778.97900390625
16524,5345.41748046875
16525,5225.916015625
16526,5789.73095703125
16527,4863.78076171875
16528,11074.3583984375
16529,5479.38720703125
16530,7512.9091796875
16531,3990.29248046875
16532,6124.904296875
16533,6226.54296875
16534,7862.33935546875
16535,6957.80712890625
16536,5755.96240234375
16537,7282.36865234375
16538,5338.9443359375
16539,7965.681640625
16540,7380.5380859375
16541,6409.9609375
16542,8876.787109375
16543,7407.8974609375
16544,9347.6728515625
16545,3564.418701171875
16546,5870.7763671875
16547,6043.2607421875
16548,8808.8662109375
16549,6963.7216796875
16550,6825.9130859375
16551,6164.40673828125
16552,7140.7939453125
16553,5162.322265625
16554,7307.4619140625
16555,6576.24169921875
16556,3051.3857421875
16557,10738.08203125
16558,15938.9580078125
16559,6993.8564453125
16560,6363.8271484375
16561,6846.4609375
16562,8375.193359375
16563,8153.09423828125
16564,3371.22998046875
16565,4843.22265625
16566,6291.0341796875
16567,8346.3466796875
16568,3008.498046875
16569,4317.62890625
16570,5690.9775390625
16571,4964.72802734375
16572,3546.470703125
16573,3795.10546875
16574,3018.2021484375
16575,7786.8095703125
16576,4483.44677734375
16577,4609.7333984375
16578,6318.76416015625
16579,5889.275390625
16580,9247.8798828125
16581,11851.841796875
16582,6555.69287109375
16583,8098.1552734375
16584,6424.3076171875
16585,10147.0712890625
16586,4699.0830078125
16587,2786.161376953125
16588,5947.06005859375
16589,13550.8896484375
16590,4241.9814453125
16591,7813.58251953125
16592,2462.272705078125
16593,3881.417724609375
16594,8577.0107421875
16595,6609.0576171875
16596,4742.66650390625
16597,9229.9931640625
16598,9204.041015625
16599,9009.2060546875
16600,4744.99853515625
16601,8261.6708984375
16602,2243.615234375
16603,3182.247802734375
16604,7145.091796875
16605,4698.93359375
16606,11010.8095703125
16607,3142.734619140625
16608,6495.06689453125
16609,6082.87451171875
16610,8583.9912109375
16611,8822.7548828125
16612,5224.5791015625
16613,3141.36181640625
16614,9771.0986328125
16615,9449.037109375
16616,4555.673828125
16617,5758.73876953125
16618,8403.69140625
16619,6570.0458984375
16620,5234.3349609375
16621,3851.698486328125
16622,7602.923828125
16623,4023.691162109375
16624,11132.62109375
16625,8106.017578125
16626,16115.310546875
16627,6748.6015625
16628,5407.138671875
16629,2540.08154296875
16630,5708.9111328125
16631,5169.5732421875
16632,4290.55810546875
16633,9948.4140625
16634,6649.458984375
16635,2758.7490234375
16636,6938.9970703125
16637,3664.34423828125
16638,7392.76220703125
16639,7962.97412109375
16640,6066.59228515625
16641,9008.8427734375
16642,4912.0205078125
16643,7193.39599609375
16644,6161.42578125
16645,6239.197265625
16646,7228.458984375
16647,4071.966064453125
16648,10023.6943359375
16649,5959.90283203125
16650,3799.550048828125
16651,5407.08984375
16652,7878.1201171875
16653,6045.52490234375
16654,4087.230712890625
16655,5321.3505859375
16656,6149.01123046875
16657,6373.2666015625
16658,6444.82421875
16659,9736.6416015625
16660,4841.8896484375
16661,3211.2958984375
16662,6353.75732421875
16663,5944.22265625
16664,2976.25146484375
16665,5206.08837890625
16666,9040.11328125
16667,7672.94384765625
16668,10348.677734375
16669,9343.5205078125
16670,8283.40625
16671,7259.18115234375
16672,4772.14599609375
16673,10516.8779296875
16674,8420.9384765625
16675,7177.48828125
16676,5199.36669921875
16677,5804.29541015625
16678,4951.0205078125
16679,3163.73046875
16680,7955.32666015625
16681,7508.765625
16682,6252.5908203125
16683,3822.775634765625
16684,1803.5079345703125
16685,6762.1220703125
16686,6250.08251953125
16687,4328.884765625
16688,4392.57373046875
16689,5305.169921875
16690,6125.78466796875
16691,3817.64306640625
16692,9743.5361328125
16693,5411.88037109375
16694,4439.2119140625
16695,3935.240234375
16696,3086.161376953125
16697,4955.23291015625
16698,13941.4599609375
16699,3194.3935546875
16700,5715.2734375
16701,5139.650390625
16702,3800.861083984375
16703,3746.53857421875
16704,5964.7001953125
16705,2984.181884765625
16706,8087.7138671875
16707,5732.09033203125
16708,2603.848876953125
16709,8572.4873046875
16710,3013.9755859375
16711,4389.5166015625
16712,10255.07421875
16713,7467.1474609375
16714,8813.80078125
16715,2603.067138671875
16716,4435.22998046875
16717,4050.501708984375
16718,4852.4755859375
16719,15730.333984375
16720,12907.720703125
16721,6073.48291015625
16722,3037.806640625
16723,6264.52783203125
16724,4432.1748046875
16725,3060.835205078125
16726,8045.7763671875
16727,4979.751953125
16728,5436.49169921875
16729,7467.55078125
16730,5412.28271484375
16731,5155.0107421875
16732,6470.66943359375
16733,6382.98876953125
16734,6587.984375
16735,2771.687255859375
16736,6020.01220703125
16737,7362.69384765625
16738,7658.90576171875
16739,5789.05712890625
16740,7068.38818359375
16741,2819.12353515625
16742,9151.2353515625
16743,5499.73779296875
16744,3572.746337890625
16745,4934.0556640625
16746,4592.96923828125
16747,4555.16357421875
16748,6821.49169921875
16749,3695.580810546875
16750,6030.7998046875
16751,5308.513671875
16752,7575.306640625
16753,8019.55078125
16754,6063.47705078125
16755,7339.94140625
16756,5951.57177734375
16757,2797.85986328125
16758,11580.1640625
16759,3870.987060546875
16760,3374.13330078125
16761,6658.4326171875
16762,10334.1435546875
16763,10850.060546875
16764,4504.357421875
16765,5035.44189453125
16766,5635.57568359375
16767,7070.693359375
16768,4477.38134765625
16769,8242.80078125
16770,4460.943359375
16771,3848.14013671875
16772,3611.135986328125
16773,2971.274169921875
16774,3149.27197265625
16775,6805.822265625
16776,6489.6220703125
16777,6457.1298828125
16778,5497.8544921875
16779,8853.013671875
16780,7686.36865234375
16781,4411.01025390625
16782,5339.01025390625
16783,5717.51171875
16784,6759.39111328125
16785,6002.07568359375
16786,2295.706298828125
16787,6854.12158203125
16788,6669.6337890625
16789,6268.80029296875
16790,6057.87353515625
16791,2776.58154296875
16792,9733.2197265625
16793,2644.29736328125
16794,9476.564453125
16795,4646.39013671875
16796,4708.376953125
16797,8083.37255859375
16798,3775.318359375
16799,4556.72314453125
16800,8470.28515625
16801,3125.605224609375
16802,7611.8740234375
16803,8772.486328125
16804,6677.25048828125
16805,2152.045166015625
16806,5109.734375
16807,3635.428466796875
16808,2162.618408203125
16809,4793.904296875
16810,5517.3037109375
16811,4992.912109375
16812,4320.77734375
16813,4859.8291015625
16814,4415.30322265625
16815,7815.29248046875
16816,5814.30908203125
16817,5726.28466796875
16818,5134.50390625
16819,5373.0341796875
16820,5897.82421875
16821,6197.72705078125
16822,8508.3154296875
16823,8363.3837890625
16824,7689.34912109375
16825,6147.59423828125
16826,5538.625
16827,3511.87841796875
16828,5659.1328125
16829,9038.73046875
16830,5654.37451171875
16831,8151.50048828125
16832,14395.34375
16833,2554.016845703125
16834,4762.10400390625
16835,4188.63818359375
16836,8114.4482421875
16837,9545.0634765625
16838,7902.71826171875
16839,7547.95068359375
16840,8184.74365234375
16841,6454.43408203125
16842,6752.126953125
16843,4928.4072265625
16844,3251.8515625
16845,4892.2158203125
16846,3351.878173828125
16847,3283.77294921875
16848,7664.03271484375
16849,18419.548828125
16850,5713.51025390625
16851,3371.169921875
16852,4083.1162109375
16853,5580.82080078125
16854,6476.98779296875
16855,2918.7705078125
16856,6569.4921875
16857,7263.166015625
16858,4247.13427734375
16859,11928.798828125
16860,11733.5869140625
16861,3789.78076171875
16862,4856.337890625
16863,4569.0771484375
16864,3588.66015625
16865,5707.9990234375
16866,8133.06591796875
16867,3956.26806640625
16868,5375.6328125
16869,3270.92333984375
16870,4296.1474609375
16871,4291.94580078125
16872,7354.095703125
16873,3182.6201171875
16874,7905.56787109375
16875,6358.82275390625
16876,4569.9736328125
16877,4562.2197265625
16878,3955.3232421875
16879,4776.2900390625
16880,3614.881103515625
16881,10088.4482421875
16882,4877.3466796875
16883,4619.25830078125
16884,6417.96337890625
16885,5190.6162109375
16886,5725.15625
16887,4693.0556640625
16888,6791.744140625
16889,8633.291015625
16890,6513.80078125
16891,6409.28564453125
16892,4071.997314453125
16893,4453.79296875
16894,4882.416015625
16895,4524.791015625
16896,4470.2236328125
16897,5203.2255859375
16898,11658.5234375
16899,7751.46240234375
16900,4908.69384765625
16901,6195.087890625
16902,3644.333740234375
16903,7048.2060546875
16904,6176.45849609375
16905,9401.2353515625
16906,6991.17138671875
16907,5202.5703125
16908,3294.25830078125
16909,2484.266357421875
16910,4096.798828125
16911,21006.376953125
16912,2492.328369140625
16913,5030.4755859375
16914,5917.74560546875
16915,7171.20458984375
16916,8063.65185546875
16917,8324.80859375
16918,5284.64794921875
16919,6573.48583984375
16920,2386.1162109375
16921,8341.001953125
16922,4501.23974609375
16923,6908.45947265625
16924,9439.5068359375
16925,4618.31591796875
16926,8176.419921875
16927,7104.7421875
16928,3720.478759765625
16929,6753.91845703125
16930,7189.0263671875
16931,3152.788818359375
16932,9173.125
16933,5988.814453125
16934,5287.3056640625
16935,8833.1484375
16936,8333.560546875
16937,6170.04150390625
16938,4678.19140625
16939,4807.47216796875
16940,6088.75927734375
16941,3685.995849609375
16942,6440.400390625
16943,2909.198486328125
16944,6127.052734375
16945,3081.01416015625
16946,6010.63232421875
16947,5372.3134765625
16948,4691.15576171875
16949,5489.171875
16950,8849.96875
16951,5714.29638671875
16952,7712.5927734375
16953,5329.52587890625
16954,5789.4921875
16955,9652.1474609375
16956,7365.61669921875
16957,4230.72509765625
16958,4909.3828125
16959,5624.97998046875
16960,4139.56298828125
16961,12736.25390625
16962,6480.72998046875
16963,6832.06396484375
16964,8462.16015625
16965,6535.73046875
16966,2411.9541015625
16967,12215.580078125
16968,9230.115234375
16969,6837.48876953125
16970,8214.826171875
16971,8002.30517578125
16972,7637.60595703125
16973,5658.08984375
16974,4111.650390625
16975,3285.880615234375
16976,4364.5458984375
16977,7688.69482421875
16978,2624.6103515625
16979,7814.55859375
16980,7433.5361328125
16981,5139.2919921875
16982,7214.70654296875
16983,5073.4169921875
16984,8633.9599609375
16985,3093.9814453125
16986,5231.9990234375
16987,4880.02392578125
16988,4498.56787109375
16989,6467.84619140625
16990,6830.8408203125
16991,7634.7060546875
16992,6495.265625
16993,4085.75146484375
16994,6446.17626953125
16995,6990.0771484375
16996,6647.1083984375
16997,3273.38720703125
16998,4088.7431640625
16999,8976.6875
17000,6694.3798828125
17001,0.0
17002,7701.90478515625
17003,6634.98828125
17004,4714.66064453125
17005,4812.25732421875
17006,1403.1324462890625
17007,6201.15771484375
17008,6322.55615234375
17009,5685.24267578125
17010,9003.1220703125
17011,6529.3857421875
17012,3414.209716796875
17013,6668.025390625
17014,5018.24072265625
17015,455.9562683105469
17016,6311.57373046875
17017,7079.23291015625
17018,5651.07275390625
17019,4550.06640625
17020,2720.18310546875
17021,4916.228515625
17022,6392.3095703125
17023,6118.11962890625
17024,8472.0498046875
17025,3677.8310546875
17026,5135.02099609375
17027,3680.0458984375
17028,6620.2861328125
17029,3382.43603515625
17030,3035.022216796875
17031,5499.5634765625
17032,3502.239990234375
17033,6496.0849609375
17034,4417.14892578125
17035,5573.0390625
17036,5358.86767578125
17037,8358.5361328125
17038,5639.9541015625
17039,3196.64892578125
17040,10302.24609375
17041,6908.05908203125
17042,6225.10107421875
17043,1879.3270263671875
17044,5299.158203125
17045,6281.50341796875
17046,4517.533203125
17047,9079.3740234375
17048,7859.50341796875
17049,6348.69384765625
17050,7035.03759765625
17051,5926.68212890625
17052,8177.07421875
17053,12783.8876953125
17054,4158.95947265625
17055,5455.8212890625
17056,4942.83203125
17057,5655.2890625
17058,5893.24951171875
17059,8150.71484375
17060,5081.12109375
17061,5988.16845703125
17062,2587.269287109375
17063,5917.0888671875
17064,7949.56298828125
17065,3252.777587890625
17066,6871.66064453125
17067,3346.868408203125
17068,7157.55078125
17069,6093.60546875
17070,4669.70166015625
17071,5975.3408203125
17072,4259.6591796875
17073,5582.96875
17074,6702.30712890625
17075,5362.40185546875
17076,9142.517578125
17077,6276.015625
17078,8995.55859375
17079,5364.8828125
17080,3800.578125
17081,8548.2138671875
17082,3258.034912109375
17083,9448.14453125
17084,5590.884765625
17085,5591.48193359375
17086,7920.4775390625
17087,4832.08935546875
17088,2490.8984375
17089,5877.72705078125
17090,2945.067626953125
17091,2610.204345703125
17092,5918.52978515625
17093,5902.13916015625
17094,7496.92578125
17095,5410.32568359375
17096,5247.86962890625
17097,3615.9248046875
17098,6144.55908203125
17099,3058.909423828125
17100,9506.103515625
17101,7751.20556640625
17102,12862.580078125
17103,5155.99853515625
17104,4760.9375
17105,9834.1669921875
17106,7263.30029296875
17107,3033.350830078125
17108,7991.16455078125
17109,4830.12548828125
17110,6017.158203125
17111,6324.18798828125
17112,5858.16259765625
17113,3705.3271484375
17114,5596.1357421875
17115,4028.068115234375
17116,2351.2802734375
17117,7567.630859375
17118,6275.15771484375
17119,24594.24609375
17120,8027.79638671875
17121,3490.227783203125
17122,6299.4794921875
17123,10771.7705078125
17124,5620.64306640625
17125,6713.4091796875
17126,4093.13037109375
17127,6645.1513671875
17128,6711.57763671875
17129,3456.46240234375
17130,4982.689453125
17131,5597.37548828125
17132,6997.9248046875
17133,6836.31787109375
17134,7236.97998046875
17135,4398.68212890625
17136,4521.4755859375
17137,4751.1337890625
17138,9144.5654296875
17139,10812.310546875
17140,9017.49609375
17141,7117.54833984375
17142,3687.628662109375
17143,5460.37451171875
17144,3612.18505859375
17145,8413.130859375
17146,9028.5869140625
17147,8458.8232421875
17148,4918.44189453125
17149,6126.3310546875
17150,3869.96826171875
17151,5619.615234375
17152,9646.095703125
17153,5681.8818359375
17154,4389.8603515625
17155,4073.72216796875
17156,7976.34375
17157,3558.161376953125
17158,6409.45166015625
17159,2802.787109375
17160,6521.63232421875
17161,5759.6787109375
17162,5261.44091796875
17163,7456.439453125
17164,6199.591796875
17165,5230.89208984375
17166,6305.95263671875
17167,6016.91015625
17168,10086.42578125
17169,5610.47216796875
17170,6944.40087890625
17171,8224.97265625
17172,8830.658203125
17173,6032.5302734375
17174,7819.11181640625
17175,3404.061767578125
17176,4367.63916015625
17177,5737.3251953125
17178,6046.89697265625
17179,8464.84375
17180,7854.66943359375
17181,4469.189453125
17182,6885.5
17183,6681.4052734375
17184,7542.65576171875
17185,3757.96630859375
17186,11684.671875
17187,4732.66162109375
17188,5538.0625
17189,8208.546875
17190,3839.44580078125
17191,5478.92529296875
17192,5632.06298828125
17193,6642.57373046875
17194,6265.13134765625
17195,4540.11083984375
17196,7296.89794921875
17197,7151.357421875
17198,6627.009765625
17199,4783.82861328125
17200,6477.03271484375
17201,11932.021484375
17202,6615.72802734375
17203,4395.99072265625
17204,5947.3212890625
17205,5522.15380859375
17206,5520.9501953125
17207,7656.5654296875
17208,3654.476806640625
17209,7419.25341796875
17210,5447.37646484375
17211,5789.7802734375
17212,9141.8310546875
17213,5596.47900390625
17214,5487.30078125
17215,4916.3310546875
17216,7734.06005859375
17217,7617.13818359375
17218,4387.35791015625
17219,4508.64501953125
17220,6999.62841796875
17221,5729.4033203125
17222,4845.70166015625
17223,7231.23779296875
17224,7088.810546875
17225,6831.4970703125
17226,5070.955078125
17227,4509.365234375
17228,5698.85888671875
17229,7366.39306640625
17230,7152.4384765625
17231,7284.9921875
17232,7867.6689453125
17233,6755.275390625
17234,8789.0078125
17235,5015.6806640625
17236,5491.5732421875
17237,7730.86279296875
17238,5653.4072265625
17239,8845.1865234375
17240,7738.8193359375
17241,6515.43798828125
17242,5594.72998046875
17243,7193.4462890625
17244,7103.716796875
17245,5775.05029296875
17246,3228.0234375
17247,6277.79443359375
17248,6573.4892578125
17249,4674.22900390625
17250,4049.207763671875
17251,7045.56396484375
17252,6362.484375
17253,5432.81298828125
17254,5431.5478515625
17255,4738.17236328125
17256,6674.794921875
17257,6580.66796875
17258,5614.220703125
17259,4879.39501953125
17260,4606.94482421875
17261,6498.68310546875
17262,2512.29296875
17263,6238.4462890625
17264,4834.1796875
17265,7252.0224609375
17266,6969.79150390625
17267,6036.6123046875
17268,10493.3369140625
17269,4120.55908203125
17270,4608.04638671875
17271,10400.8623046875
17272,6827.5595703125
17273,7515.79345703125
17274,7448.45849609375
17275,4808.49755859375
17276,5842.47216796875
17277,4970.60302734375
17278,7523.6630859375
17279,9480.0634765625
17280,6510.291015625
17281,1970.0145263671875
17282,3937.58984375
17283,7705.23583984375
17284,8226.669921875
17285,5655.05517578125
17286,6196.087890625
17287,4703.32421875
17288,3897.7080078125
17289,3318.0478515625
17290,4738.42724609375
17291,5888.060546875
17292,6567.68603515625
17293,5702.1845703125
17294,6426.806640625
17295,7721.3271484375
17296,7691.75439453125
17297,7299.09619140625
17298,3937.723876953125
17299,9139.57421875
17300,9361.123046875
17301,5053.4326171875
17302,7298.45849609375
17303,5218.87109375
17304,6987.11328125
17305,3353.49755859375
17306,5633.25537109375
17307,4453.64111328125
17308,8176.24951171875
17309,7211.8857421875
17310,6537.68505859375
17311,7973.7744140625
17312,5417.947265625
17313,6952.45068359375
17314,17570.1875
17315,8238.1748046875
17316,5257.9326171875
17317,3097.27197265625
17318,5755.9189453125
17319,7791.5546875
17320,5919.064453125
17321,12278.310546875
17322,16717.619140625
17323,3774.432373046875
17324,4468.51904296875
17325,9384.806640625
17326,4491.46826171875
17327,7835.53076171875
17328,5527.337890625
17329,6762.67919921875
17330,5852.6015625
17331,7518.255859375
17332,5424.89111328125
17333,6559.6298828125
17334,9070.0283203125
17335,6345.87060546875
17336,5865.94775390625
17337,6413.12451171875
17338,4075.326171875
17339,4726.45947265625
17340,8051.19287109375
17341,5439.494140625
17342,5045.14208984375
17343,6144.62451171875
17344,5240.59619140625
17345,6226.98291015625
17346,5985.06201171875
17347,6118.44921875
17348,7741.06298828125
17349,9544.2763671875
17350,7923.54833984375
17351,5832.10693359375
17352,2930.921875
17353,5014.48974609375
17354,6341.66357421875
17355,5498.27197265625
17356,4458.09375
17357,7102.09619140625
17358,5834.07421875
17359,9668.111328125
17360,6162.21435546875
17361,4542.20654296875
17362,4551.3505859375
17363,4590.84326171875
17364,8594.9462890625
17365,5563.39013671875
17366,8809.076171875
17367,15131.5
17368,6761.16650390625
17369,6461.68603515625
17370,5388.0029296875
17371,4254.33251953125
17372,7529.90478515625
17373,4122.75537109375
17374,5283.4677734375
17375,9346.92578125
17376,5468.884765625
17377,13859.4482421875
17378,10989.140625
17379,5053.8369140625
17380,6083.8974609375
17381,5784.01318359375
17382,6237.74267578125
17383,5412.98095703125
17384,9666.263671875
17385,6146.853515625
17386,8082.8662109375
17387,4735.18505859375
17388,7861.22607421875
17389,5311.08154296875
17390,7551.263671875
17391,6367.22412109375
17392,6057.17431640625
17393,6301.77001953125
17394,6437.0146484375
17395,7851.240234375
17396,9322.541015625
17397,5373.62060546875
17398,9319.6953125
17399,6413.1953125
17400,9063.5576171875
17401,5627.55029296875
17402,4609.5244140625
17403,5112.86328125
17404,8773.5185546875
17405,6250.734375
17406,6681.67138671875
17407,5294.86767578125
17408,7584.47314453125
17409,5153.84814453125
17410,7619.86181640625
17411,6588.4853515625
17412,3640.835693359375
17413,12373.6640625
17414,15887.53515625
17415,5508.14794921875
17416,7658.61767578125
17417,9566.720703125
17418,9295.03125
17419,10396.2451171875
17420,6220.28662109375
17421,6574.86474609375
17422,6344.087890625
17423,8044.55712890625
17424,4257.80419921875
17425,6172.42333984375
17426,5300.47265625
17427,5089.42138671875
17428,5948.2998046875
17429,5062.47119140625
17430,3963.990966796875
17431,6248.52734375
17432,4144.32861328125
17433,3547.1787109375
17434,5692.49169921875
17435,7005.240234375
17436,8441.6748046875
17437,8128.2626953125
17438,7662.962890625
17439,6420.99609375
17440,6451.57958984375
17441,9944.2265625
17442,6613.05615234375
17443,5125.6787109375
17444,5462.3515625
17445,10375.595703125
17446,4151.64453125
17447,7525.9501953125
17448,3456.640625
17449,4280.60546875
17450,8005.1337890625
17451,6252.09521484375
17452,4921.95849609375
17453,7922.26416015625
17454,9516.6484375
17455,11015.17578125
17456,6683.90087890625
17457,8760.4677734375
17458,2924.76904296875
17459,5266.88427734375
17460,6525.18994140625
17461,3411.73681640625
17462,8358.80859375
17463,4989.5078125
17464,6056.1162109375
17465,8664.7216796875
17466,10060.693359375
17467,7091.60791015625
17468,4877.53564453125
17469,4291.2958984375
17470,11170.6611328125
17471,7390.005859375
17472,5250.7578125
17473,5207.037109375
17474,6542.98046875
17475,8002.7451171875
17476,4759.18505859375
17477,5050.876953125
17478,7097.66650390625
17479,7468.7919921875
17480,11574.02734375
17481,7011.3291015625
17482,14191.55078125
17483,5772.71533203125
17484,5696.46826171875
17485,3209.868408203125
17486,5822.23583984375
17487,4828.32275390625
17488,5029.6318359375
17489,7791.08056640625
17490,5055.8818359375
17491,4885.22119140625
17492,6685.49658203125
17493,3718.351318359375
17494,6598.09619140625
17495,6810.2294921875
17496,7046.75341796875
17497,8348.4736328125
17498,4493.9169921875
17499,8570.390625
17500,6012.20751953125
17501,5937.76513671875
17502,5374.60302734375
17503,4539.4501953125
17504,10004.1767578125
17505,6751.21923828125
17506,4380.138671875
17507,6780.8466796875
17508,8254.0458984375
17509,6958.38330078125
17510,5486.95068359375
17511,8185.5048828125
17512,6027.77392578125
17513,6900.52685546875
17514,7296.8955078125
17515,8707.9013671875
17516,5295.92529296875
17517,5381.9150390625
17518,5574.0908203125
17519,4649.3681640625
17520,4012.8642578125
17521,5248.998046875
17522,7627.50927734375
17523,8129.90234375
17524,10862.76953125
17525,9701.943359375
17526,8287.1376953125
17527,7269.95166015625
17528,5372.5322265625
17529,10633.2041015625
17530,10428.2197265625
17531,6525.20703125
17532,7330.32373046875
17533,8826.1884765625
17534,5401.74365234375
17535,4140.35009765625
17536,7127.06201171875
17537,6448.0380859375
17538,6663.5283203125
17539,4851.1875
17540,1594.4410400390625
17541,8868.9765625
17542,5230.0390625
17543,3832.123779296875
17544,5374.91162109375
17545,5060.2255859375
17546,8039.1005859375
17547,5788.20556640625
17548,6500.42919921875
17549,5779.76708984375
17550,4206.97314453125
17551,3603.64404296875
17552,3762.203125
17553,6579.68359375
17554,16765.412109375
17555,4543.31689453125
17556,5983.2705078125
17557,6501.515625
17558,5408.50390625
17559,4560.4267578125
17560,5133.53466796875
17561,3975.48779296875
17562,7211.63818359375
17563,6635.6982421875
17564,4002.0224609375
17565,7846.3056640625
17566,4140.96240234375
17567,4663.896484375
17568,10364.4736328125
17569,6818.439453125
17570,9471.109375
17571,4299.10693359375
17572,5450.81591796875
17573,4150.44970703125
17574,5082.7734375
17575,13753.33203125
17576,10171.904296875
17577,6598.00048828125
17578,4283.59521484375
17579,4905.42919921875
17580,5999.17919921875
17581,4259.06884765625
17582,9276.9990234375
17583,4872.046875
17584,4856.76171875
17585,7062.64306640625
17586,4789.3515625
17587,6337.51416015625
17588,6375.58740234375
17589,5998.85205078125
17590,5938.00146484375
17591,3934.43603515625
17592,4738.10888671875
17593,6237.056640625
17594,7973.953125
17595,8328.2431640625
17596,6640.24560546875
17597,3607.120361328125
17598,7985.4833984375
17599,5348.8486328125
17600,4443.21533203125
17601,7517.0009765625
17602,7168.02001953125
17603,6001.78955078125
17604,6307.24560546875
17605,7095.0849609375
17606,5715.5869140625
17607,5259.220703125
17608,7155.87744140625
17609,5975.8486328125
17610,5896.1279296875
17611,8057.00634765625
17612,4934.79736328125
17613,4356.98291015625
17614,11137.0029296875
17615,5606.81005859375
17616,3366.728271484375
17617,7729.587890625
17618,8297.5087890625
17619,9693.0966796875
17620,4796.73779296875
17621,5928.7197265625
17622,5428.0224609375
17623,6904.9833984375
17624,5533.8583984375
17625,8082.52099609375
17626,3389.32080078125
17627,5492.5205078125
17628,5139.7451171875
17629,4131.08642578125
17630,4543.595703125
17631,6160.24560546875
17632,6324.8779296875
17633,5745.65869140625
17634,8063.8662109375
17635,6029.94775390625
17636,7765.91455078125
17637,4701.845703125
17638,5799.478515625
17639,5610.275390625
17640,6469.29931640625
17641,9291.080078125
17642,3538.55908203125
17643,8968.109375
17644,6541.67431640625
17645,6970.68359375
17646,5733.27099609375
17647,3024.253662109375
17648,7764.20556640625
17649,4865.12939453125
17650,9286.4345703125
17651,5618.1259765625
17652,5065.802734375
17653,8196.7548828125
17654,5194.4384765625
17655,5193.2841796875
17656,7312.66162109375
17657,4911.11865234375
17658,9459.9140625
17659,9165.177734375
17660,7413.85400390625
17661,4235.62841796875
17662,4891.47412109375
17663,4021.200927734375
17664,2828.350830078125
17665,7206.38525390625
17666,5210.09130859375
17667,9936.5419921875
17668,4299.35302734375
17669,5023.7919921875
17670,5666.412109375
17671,9155.5595703125
17672,5162.45166015625
17673,5110.677734375
17674,5649.10693359375
17675,6681.91552734375
17676,4477.35986328125
17677,6604.2001953125
17678,8100.8154296875
17679,8248.896484375
17680,6158.06787109375
17681,7308.31201171875
17682,5655.1669921875
17683,4453.13232421875
17684,5491.67138671875
17685,11099.078125
17686,7351.6865234375
17687,9312.814453125
17688,15274.283203125
17689,5129.03759765625
17690,4207.802734375
17691,7321.6162109375
17692,8730.224609375
17693,8372.2412109375
17694,6963.04248046875
17695,7394.28564453125
17696,7960.01953125
17697,6940.39404296875
17698,6228.58154296875
17699,5521.9814453125
17700,4755.55029296875
17701,4645.76611328125
17702,3777.208740234375
17703,5004.75341796875
17704,7853.755859375
17705,18134.740234375
17706,6019.04052734375
17707,4806.69921875
17708,7069.63427734375
17709,4729.2958984375
17710,6874.7822265625
17711,5109.75
17712,7590.90966796875
17713,6119.25634765625
17714,6355.12548828125
17715,12481.1572265625
17716,13290.11328125
17717,6074.6171875
17718,6518.54248046875
17719,4506.8974609375
17720,5109.57568359375
17721,5435.30615234375
17722,7729.267578125
17723,4199.70166015625
17724,4661.021484375
17725,4138.91015625
17726,4724.013671875
17727,6714.36669921875
17728,7120.37451171875
17729,3926.529541015625
17730,6807.3818359375
17731,7637.12158203125
17732,6031.3603515625
17733,4466.11962890625
17734,3624.41259765625
17735,7261.98486328125
17736,3711.466796875
17737,10261.2978515625
17738,3936.44189453125
17739,5115.92236328125
17740,6705.521484375
17741,5950.76904296875
17742,4866.15966796875
17743,5647.4697265625
17744,6012.23193359375
17745,9279.482421875
17746,7749.2294921875
17747,5512.5537109375
17748,4656.076171875
17749,5037.48681640625
17750,5803.8486328125
17751,5465.419921875
17752,4875.6279296875
17753,6328.353515625
17754,11106.74609375
17755,6736.93896484375
17756,6169.4873046875
17757,6605.544921875
17758,4083.23095703125
17759,9102.6162109375
17760,5234.7265625
17761,11398.6416015625
17762,5626.34375
17763,4897.005859375
17764,4892.83935546875
17765,4411.82080078125
17766,5708.0234375
17767,19328.927734375
17768,3799.06787109375
17769,5148.14306640625
17770,8603.234375
17771,7434.45751953125
17772,8443.3876953125
17773,7982.43701171875
17774,6299.50439453125
17775,5237.81103515625
17776,3800.337646484375
17777,8712.62890625
17778,5634.4453125
17779,7136.505859375
17780,7306.39892578125
17781,4839.7578125
17782,7490.90771484375
17783,6949.17578125
17784,4557.6767578125
17785,8957.734375
17786,9626.0986328125
17787,3914.714599609375
17788,7707.05419921875
17789,6087.5380859375
17790,4957.5224609375
17791,8769.0751953125
17792,6319.37255859375
17793,7931.99267578125
17794,4430.32421875
17795,3887.375
17796,6416.08935546875
17797,3898.817626953125
17798,7329.44189453125
17799,4838.8251953125
17800,6030.9521484375
17801,4654.82568359375
17802,5236.494140625
17803,5120.8701171875
17804,6230.4423828125
17805,5815.35546875
17806,8228.8310546875
17807,5939.369140625
17808,8451.4970703125
17809,6193.7734375
17810,7919.67919921875
17811,8699.904296875
17812,8343.33203125
17813,3659.4521484375
17814,5700.197265625
17815,6314.271484375
17816,4563.447265625
17817,11742.044921875
17818,5418.96923828125
17819,7671.85009765625
17820,10076.7958984375
17821,7349.44140625
17822,3875.06396484375
17823,11152.60546875
17824,10095.2412109375
17825,5607.14453125
17826,6886.3837890625
17827,8864.423828125
17828,5789.5205078125
17829,6761.12890625
17830,6538.0869140625
17831,5180.8779296875
17832,4838.45703125
17833,6968.232421875
17834,4069.482177734375
17835,6879.9267578125
17836,7065.49755859375
17837,5787.23876953125
17838,7691.6982421875
17839,5979.02197265625
17840,6518.97607421875
17841,4309.513671875
17842,6725.84130859375
17843,6643.96630859375
17844,6357.9853515625
17845,6271.7294921875
17846,6507.95166015625
17847,8647.1689453125
17848,5843.18017578125
17849,5025.55419921875
17850,5338.26123046875
17851,7289.5380859375
17852,6797.923828125
17853,4461.98388671875
17854,4001.5869140625
17855,6530.5478515625
17856,7977.49365234375
17857,5680.8662109375
17858,7727.2958984375
17859,6624.16162109375
17860,5072.3837890625
17861,5376.28955078125
17862,3047.63916015625
17863,5849.572265625
17864,6842.13720703125
17865,6424.876953125
17866,7521.05517578125
17867,7661.68212890625
17868,4480.240234375
17869,8920.9931640625
17870,5164.8154296875
17871,1632.918212890625
17872,7489.8271484375
17873,8680.4140625
17874,7301.78515625
17875,6308.0400390625
17876,3108.084228515625
17877,6015.77685546875
17878,7688.93115234375
17879,5684.615234375
17880,6344.28369140625
17881,4716.328125
17882,4195.05029296875
17883,4914.3828125
17884,5928.98876953125
17885,4896.4794921875
17886,4642.9658203125
17887,4388.30224609375
17888,3705.48095703125
17889,6599.8076171875
17890,6886.58203125
17891,4559.09765625
17892,5741.59375
17893,7444.005859375
17894,5361.4345703125
17895,4395.34033203125
17896,8685.703125
17897,6332.98095703125
17898,5593.19384765625
17899,3778.577392578125
17900,12363.6455078125
17901,6140.40966796875
17902,5224.537109375
17903,7430.62060546875
17904,7336.357421875
17905,6732.322265625
17906,6442.08203125
17907,6304.74462890625
17908,9932.9365234375
17909,13104.990234375
17910,5673.6474609375
17911,4889.5009765625
17912,4872.96044921875
17913,6114.04345703125
17914,5645.671875
17915,8087.4541015625
17916,7587.0029296875
17917,5067.98876953125
17918,4012.29296875
17919,5594.69287109375
17920,10288.2099609375
17921,4511.25244140625
17922,6988.68017578125
17923,3774.54638671875
17924,6620.1201171875
17925,7490.13916015625
17926,6863.9853515625
17927,7172.5185546875
17928,5654.048828125
17929,4572.37109375
17930,5727.9228515625
17931,7803.013671875
17932,8334.6220703125
17933,7595.96826171875
17934,7595.22998046875
17935,4954.54345703125
17936,3950.862060546875
17937,10168.5859375
17938,4028.354736328125
17939,9461.23828125
17940,5295.03857421875
17941,4552.77294921875
17942,6616.349609375
17943,5507.14599609375
17944,5408.55224609375
17945,7603.7568359375
17946,4460.9814453125
17947,3834.54296875
17948,6207.91845703125
17949,6542.8818359375
17950,7659.62890625
17951,4290.65673828125
17952,6019.8876953125
17953,4401.1796875
17954,6529.69189453125
17955,5080.77099609375
17956,9177.1416015625
17957,7937.498046875
17958,11881.0927734375
17959,4065.02197265625
17960,6397.67626953125
17961,10936.0830078125
17962,9677.529296875
17963,4328.76123046875
17964,8730.30078125
17965,5328.28125
17966,5784.67333984375
17967,5668.9267578125
17968,5448.52197265625
17969,5122.3837890625
17970,5669.05029296875
17971,4415.1845703125
17972,4210.37890625
17973,7345.44189453125
17974,6016.40234375
17975,21392.5234375
17976,6716.68701171875
17977,3704.6796875
17978,5887.791015625
17979,8780.642578125
17980,5813.22607421875
17981,6318.99560546875
17982,4637.158203125
17983,6518.58642578125
17984,5991.76904296875
17985,4162.7119140625
17986,4538.4638671875
17987,5536.90185546875
17988,6290.3662109375
17989,6208.0791015625
17990,8984.798828125
17991,4107.353515625
17992,3811.824951171875
17993,4414.8291015625
17994,8029.47705078125
17995,8341.3017578125
17996,6825.67626953125
17997,6524.7421875
17998,3105.59375
17999,4969.69287109375
18000,3262.529541015625
18001,7080.263671875
18002,8111.642578125
18003,8530.814453125
18004,4139.34228515625
18005,5513.947265625
18006,3974.52978515625
18007,4947.75
18008,8471.4306640625
18009,5169.2783203125
18010,4215.50537109375
18011,4716.9697265625
18012,6983.16748046875
18013,3362.164794921875
18014,5884.189453125
18015,3309.583984375
18016,5874.88623046875
18017,6013.35693359375
18018,4957.5966796875
18019,6462.69189453125
18020,5456.775390625
18021,5398.14453125
18022,5888.86279296875
18023,5583.32763671875
18024,9010.17578125
18025,5285.2451171875
18026,6940.224609375
18027,7493.443359375
18028,7963.68603515625
18029,5396.80908203125
18030,6907.70849609375
18031,2991.921630859375
18032,5206.75341796875
18033,5025.95703125
18034,5443.33837890625
18035,7876.8935546875
18036,5877.240234375
18037,4004.617431640625
18038,6267.46435546875
18039,5730.89111328125
18040,7174.57373046875
18041,3280.3935546875
18042,11023.2919921875
18043,4135.517578125
18044,5340.94384765625
18045,6738.78173828125
18046,3728.838134765625
18047,4896.00244140625
18048,4648.64892578125
18049,6283.5888671875
18050,5862.29736328125
18051,4677.4677734375
18052,6431.82080078125
18053,7128.84423828125
18054,4441.64599609375
18055,5002.8525390625
18056,6453.75830078125
18057,11040.2890625
18058,5650.32568359375
18059,4641.76171875
18060,5653.77392578125
18061,6012.53662109375
18062,4873.94775390625
18063,7524.837890625
18064,3367.826171875
18065,6267.75634765625
18066,4970.48193359375
18067,5145.8662109375
18068,8956.8515625
18069,3420.4501953125
18070,4096.39599609375
18071,4149.08154296875
18072,7377.2705078125
18073,6871.56396484375
18074,4249.1865234375
18075,4106.0625
18076,5801.23974609375
18077,5129.89697265625
18078,4797.63623046875
18079,5888.94091796875
18080,6362.9951171875
18081,6303.3759765625
18082,4940.67822265625
18083,3619.7041015625
18084,4733.8525390625
18085,7070.5478515625
18086,6256.056640625
18087,6327.63427734375
18088,6591.28955078125
18089,5876.30517578125
18090,7781.3759765625
18091,4172.623046875
18092,5651.89306640625
18093,7316.2421875
18094,5303.35302734375
18095,8191.841796875
18096,7331.66943359375
18097,5629.337890625
18098,5159.13818359375
18099,6233.60302734375
18100,6331.88720703125
18101,5238.05224609375
18102,3185.1513671875
18103,5920.06884765625
18104,6271.03466796875
18105,4255.60107421875
18106,3258.116455078125
18107,6416.2529296875
18108,5669.8173828125
18109,5406.6982421875
18110,4765.6884765625
18111,4181.05029296875
18112,5981.97705078125
18113,6002.81103515625
18114,5255.91552734375
18115,4412.33203125
18116,4327.2353515625
18117,5621.26611328125
18118,2677.5537109375
18119,5387.61962890625
18120,4604.20751953125
18121,6465.65087890625
18122,6226.72119140625
18123,5352.515625
18124,9783.5888671875
18125,4003.65673828125
18126,4997.9658203125
18127,8680.078125
18128,5343.125
18129,6967.60302734375
18130,5963.3779296875
18131,4625.46484375
18132,5275.80712890625
18133,4771.5361328125
18134,7876.6171875
18135,9416.65234375
18136,6999.7841796875
18137,2521.179443359375
18138,4457.82958984375
18139,6360.87646484375
18140,6149.5048828125
18141,5300.62353515625
18142,5495.7314453125
18143,4261.89892578125
18144,4115.40087890625
18145,3255.223876953125
18146,4328.0625
18147,5239.0380859375
18148,6357.33984375
18149,5134.28515625
18150,4284.12548828125
18151,7104.6484375
18152,6515.34716796875
18153,6295.44580078125
18154,4102.62255859375
18155,7889.6318359375
18156,7196.93017578125
18157,4841.67626953125
18158,6655.8818359375
18159,4585.97998046875
18160,5923.03466796875
18161,3612.82666015625
18162,5658.9755859375
18163,3826.51123046875
18164,7751.98291015625
18165,6282.94970703125
18166,6759.416015625
18167,7597.3134765625
18168,5062.75244140625
18169,6492.85107421875
18170,16283.5595703125
18171,7817.74365234375
18172,5224.35009765625
18173,2804.4765625
18174,5112.37060546875
18175,6862.0068359375
18176,4793.9521484375
18177,11211.900390625
18178,13799.255859375
18179,3893.067138671875
18180,4265.89599609375
18181,9954.0634765625
18182,3691.151123046875
18183,6705.5703125
18184,4756.24951171875
18185,6479.47607421875
18186,4878.09033203125
18187,6675.42138671875
18188,4676.0478515625
18189,6239.25048828125
18190,8105.65771484375
18191,5715.79345703125
18192,5399.65380859375
18193,6328.20263671875
18194,3732.842529296875
18195,4020.601318359375
18196,6774.06884765625
18197,4987.3662109375
18198,4693.98681640625
18199,5453.79931640625
18200,5194.80712890625
18201,5716.9306640625
18202,6267.685546875
18203,5546.5634765625
18204,7266.90087890625
18205,9220.384765625
18206,7114.43896484375
18207,4936.52490234375
18208,2556.399658203125
18209,5022.86962890625
18210,5093.6533203125
18211,5030.66943359375
18212,3962.210693359375
18213,6436.92822265625
18214,5620.3505859375
18215,8896.05859375
18216,6050.53515625
18217,4348.53955078125
18218,4107.658203125
18219,4288.2392578125
18220,7795.38037109375
18221,5063.6591796875
18222,6692.396484375
18223,13427.4091796875
18224,6631.4912109375
18225,7131.10546875
18226,4479.37548828125
18227,3865.438720703125
18228,5607.94677734375
18229,4014.9560546875
18230,5100.0595703125
18231,9011.21484375
18232,4816.54833984375
18233,12226.248046875
18234,10263.1943359375
18235,5275.34033203125
18236,5454.66162109375
18237,5268.22119140625
18238,5708.72216796875
18239,4412.68212890625
18240,9132.357421875
18241,5673.03857421875
18242,7505.5791015625
18243,4232.9189453125
18244,7119.77392578125
18245,4496.93603515625
18246,7374.65478515625
18247,6161.56982421875
18248,5300.02783203125
18249,5691.14794921875
18250,5681.740234375
18251,6430.07763671875
18252,8629.8798828125
18253,5113.9375
18254,8059.34765625
18255,5759.80810546875
18256,8790.0478515625
18257,5052.5107421875
18258,4444.62841796875
18259,4490.68798828125
18260,7771.8544921875
18261,5214.5712890625
18262,6551.21728515625
18263,5741.62890625
18264,6892.66845703125
18265,4641.087890625
18266,7859.5390625
18267,6156.64453125
18268,3173.255126953125
18269,11191.4111328125
18270,15036.1689453125
18271,4942.34814453125
18272,5759.34765625
18273,7880.0927734375
18274,8350.1044921875
18275,9770.755859375
18276,5386.36767578125
18277,6059.26025390625
18278,5023.8291015625
18279,6815.5859375
18280,3648.305419921875
18281,5757.71875
18282,4427.22509765625
18283,4713.65380859375
18284,5480.03515625
18285,4935.8466796875
18286,3321.908935546875
18287,6224.15234375
18288,3817.78125
18289,3642.58447265625
18290,5518.044921875
18291,5222.77734375
18292,7588.0234375
18293,7267.6982421875
18294,7171.66796875
18295,5842.54541015625
18296,5890.81591796875
18297,9703.26953125
18298,6149.69482421875
18299,3820.436767578125
18300,4893.55810546875
18301,8709.958984375
18302,3905.225830078125
18303,6290.1943359375
18304,3069.90380859375
18305,4152.12548828125
18306,9018.6650390625
18307,5766.32373046875
18308,4774.32861328125
18309,7593.5888671875
18310,8743.4951171875
18311,10627.958984375
18312,5715.78369140625
18313,7918.74609375
18314,2910.32275390625
18315,4618.70849609375
18316,5496.0244140625
18317,3275.565185546875
18318,6429.59375
18319,4907.99755859375
18320,5866.41162109375
18321,7837.5751953125
18322,9407.9013671875
18323,8145.24267578125
18324,4513.353515625
18325,4249.9072265625
18326,10586.5302734375
18327,6718.4384765625
18328,5093.16943359375
18329,4867.41064453125
18330,5334.21044921875
18331,8579.1552734375
18332,3773.011962890625
18333,4781.8642578125
18334,6547.6943359375
18335,6156.92822265625
18336,10979.794921875
18337,5751.27294921875
18338,12432.26953125
18339,5665.09130859375
18340,4735.70703125
18341,3141.067138671875
18342,5115.53076171875
18343,4755.0849609375
18344,4409.18798828125
18345,6655.5771484375
18346,4890.32568359375
18347,4096.3388671875
18348,5774.4365234375
18349,3226.195068359375
18350,6416.2041015625
18351,6280.0556640625
18352,6408.93017578125
18353,7388.02978515625
18354,4387.9951171875
18355,7700.748046875
18356,5608.02490234375
18357,5553.2373046875
18358,5367.4609375
18359,4224.76220703125
18360,8943.279296875
18361,5302.24462890625
18362,3874.926025390625
18363,6021.59228515625
18364,7403.0283203125
18365,5937.6240234375
18366,6081.47998046875
18367,6886.03125
18368,6201.47509765625
18369,5948.56787109375
18370,6041.384765625
18371,7303.92578125
18372,5469.47412109375
18373,5287.61865234375
18374,4105.2412109375
18375,4200.36279296875
18376,4079.2001953125
18377,4905.78662109375
18378,6614.896484375
18379,7846.6181640625
18380,9139.94921875
18381,9044.939453125
18382,7221.28564453125
18383,7169.52490234375
18384,5270.111328125
18385,9841.83203125
18386,9231.9111328125
18387,5963.86328125
18388,7093.8759765625
18389,6540.6611328125
18390,4937.404296875
18391,4191.48828125
18392,6843.42529296875
18393,5911.14013671875
18394,5142.39404296875
18395,4568.9619140625
18396,1987.9534912109375
18397,8515.6494140625
18398,5181.26953125
18399,4075.73779296875
18400,4714.69921875
18401,4348.43017578125
18402,5919.59765625
18403,6867.103515625
18404,6006.08251953125
18405,5596.255859375
18406,3854.570068359375
18407,3528.118408203125
18408,3675.2265625
18409,5892.46875
18410,14926.47265625
18411,4086.318115234375
18412,5386.13671875
18413,5792.9638671875
18414,4606.7099609375
18415,4012.970947265625
18416,4553.181640625
18417,3642.662841796875
18418,7138.01220703125
18419,5954.2626953125
18420,3555.92529296875
18421,6771.93603515625
18422,4322.5556640625
18423,4105.93798828125
18424,10155.494140625
18425,5793.29443359375
18426,8806.4384765625
18427,3851.58642578125
18428,5257.986328125
18429,3919.31591796875
18430,4427.38818359375
18431,12639.6689453125
18432,9540.8642578125
18433,5989.43505859375
18434,4519.4833984375
18435,4444.06787109375
18436,5181.97509765625
18437,4561.197265625
18438,10181.916015625
18439,5474.0439453125
18440,4795.65185546875
18441,6344.2724609375
18442,4480.73291015625
18443,6072.67626953125
18444,6334.23193359375
18445,5425.63916015625
18446,6139.74267578125
18447,3436.348876953125
18448,5189.14453125
18449,5386.18408203125
18450,7438.0751953125
18451,6941.98828125
18452,5864.5927734375
18453,3543.576416015625
18454,7349.37744140625
18455,4661.25
18456,3788.999755859375
18457,6139.162109375
18458,6667.37939453125
18459,5431.54541015625
18460,5940.869140625
18461,5084.5625
18462,5441.873046875
18463,4866.3076171875
18464,6440.77294921875
18465,5930.56689453125
18466,4736.8935546875
18467,8019.9794921875
18468,4770.466796875
18469,3705.384521484375
18470,9915.451171875
18471,5305.5078125
18472,3173.109619140625
18473,6288.1015625
18474,7565.04052734375
18475,8719.9912109375
18476,4629.591796875
18477,5037.36279296875
18478,5102.20849609375
18479,6102.49169921875
18480,4913.419921875
18481,6977.48046875
18482,3965.066162109375
18483,4088.321044921875
18484,5041.88525390625
18485,4246.90576171875
18486,4448.79296875
18487,5619.48876953125
18488,5594.08154296875
18489,5244.8466796875
18490,6927.404296875
18491,5409.03271484375
18492,6563.7666015625
18493,3941.931640625
18494,5549.10595703125
18495,5496.896484375
18496,6821.34375
18497,7628.43994140625
18498,4064.19189453125
18499,8110.384765625
18500,5764.04248046875
18501,6177.78369140625
18502,4757.2109375
18503,2858.05078125
18504,7175.27685546875
18505,4753.37353515625
18506,7934.6728515625
18507,5420.14794921875
18508,4881.04833984375
18509,7268.74609375
18510,5122.68603515625
18511,4563.13916015625
18512,6851.01806640625
18513,5014.3974609375
18514,8321.416015625
18515,7658.9794921875
18516,6583.32470703125
18517,3992.71533203125
18518,4466.45654296875
18519,4021.59521484375
18520,2949.44970703125
18521,6263.919921875
18522,4503.5302734375
18523,6944.48291015625
18524,4266.35302734375
18525,4502.638671875
18526,5141.5634765625
18527,7733.890625
18528,4517.48681640625
18529,4604.8525390625
18530,4646.6162109375
18531,5998.31640625
18532,4024.835205078125
18533,6432.34912109375
18534,7034.8515625
18535,7470.40576171875
18536,6152.9794921875
18537,6890.3212890625
18538,5024.78662109375
18539,3998.7509765625
18540,4805.05419921875
18541,8741.248046875
18542,6826.03759765625
18543,8985.689453125
18544,13718.0498046875
18545,4557.2783203125
18546,4096.783203125
18547,5633.35009765625
18548,7560.6650390625
18549,7460.4892578125
18550,5817.76904296875
18551,6983.8115234375
18552,6845.546875
18553,6175.9169921875
18554,5490.7939453125
18555,4631.03955078125
18556,4281.8759765625
18557,4398.8076171875
18558,3540.702392578125
18559,4590.79345703125
18560,7151.6455078125
18561,13944.5791015625
18562,5583.66455078125
18563,4447.05615234375
18564,6208.64990234375
18565,4002.04541015625
18566,5895.8955078125
18567,4227.458984375
18568,7970.1220703125
18569,5639.78125
18570,5481.76513671875
18571,10864.71484375
18572,10792.1953125
18573,5472.87158203125
18574,6130.67138671875
18575,4128.87060546875
18576,4584.560546875
18577,5245.7333984375
18578,7512.30419921875
18579,3869.979736328125
18580,4329.02490234375
18581,4557.87451171875
18582,4852.59423828125
18583,5425.68212890625
18584,6072.681640625
18585,3691.787109375
18586,6415.47021484375
18587,6600.72900390625
18588,5340.58837890625
18589,3538.404296875
18590,3343.355224609375
18591,6704.02734375
18592,3774.576904296875
18593,8642.9716796875
18594,3772.314208984375
18595,4889.2666015625
18596,6266.89208984375
18597,5378.76806640625
18598,4173.2607421875
18599,4715.4814453125
18600,5180.9189453125
18601,7567.1103515625
18602,7147.84814453125
18603,4837.7509765625
18604,4387.7158203125
18605,5086.14111328125
18606,4618.73681640625
18607,4629.42919921875
18608,4542.724609375
18609,5453.80859375
18610,10526.388671875
18611,6320.80078125
18612,5542.9580078125
18613,6291.474609375
18614,4167.41796875
18615,7692.88232421875
18616,4723.091796875
18617,10269.181640625
18618,5303.12939453125
18619,4751.74951171875
18620,3428.89306640625
18621,3529.092041015625
18622,6034.2373046875
18623,17414.57421875
18624,3385.5009765625
18625,4385.98095703125
18626,7037.98388671875
18627,5765.27490234375
18628,8441.24609375
18629,7081.904296875
18630,4949.8330078125
18631,5070.5068359375
18632,4231.70654296875
18633,8308.2314453125
18634,4990.76025390625
18635,6512.57763671875
18636,7286.8408203125
18637,4879.14208984375
18638,6536.740234375
18639,5731.15869140625
18640,3741.74169921875
18641,7862.23828125
18642,8326.6162109375
18643,4007.08056640625
18644,7009.79150390625
18645,5355.8720703125
18646,4536.37841796875
18647,7762.94140625
18648,6139.66748046875
18649,6933.9306640625
18650,3776.009521484375
18651,4143.8974609375
18652,6192.6103515625
18653,4073.307373046875
18654,6806.2802734375
18655,3486.709228515625
18656,5515.37646484375
18657,4393.1640625
18658,5152.23828125
18659,5202.7666015625
18660,6050.1630859375
18661,5204.09228515625
18662,6901.18994140625
18663,4813.994140625
18664,6496.17529296875
18665,5768.41455078125
18666,6204.89990234375
18667,8040.4814453125
18668,7484.560546875
18669,3237.11328125
18670,5262.2275390625
18671,5999.43017578125
18672,4898.08154296875
18673,10983.6328125
18674,5184.43505859375
18675,6765.904296875
18676,9197.078125
18677,6663.12353515625
18678,2956.967529296875
18679,11873.1484375
18680,9122.7939453125
18681,4935.56982421875
18682,6499.826171875
18683,9281.7109375
18684,4826.26171875
18685,5335.591796875
18686,5397.330078125
18687,4446.7734375
18688,4162.181640625
18689,5745.1201171875
18690,3997.929443359375
18691,6009.16455078125
18692,5857.55078125
18693,5163.8701171875
18694,6160.41943359375
18695,5284.24609375
18696,5560.45703125
18697,5047.177734375
18698,5908.3564453125
18699,5805.95849609375
18700,5604.89013671875
18701,6034.26318359375
18702,5734.31982421875
18703,8121.72998046875
18704,4720.39697265625
18705,4557.80810546875
18706,5214.693359375
18707,6574.1015625
18708,5348.583984375
18709,4082.483642578125
18710,4118.97509765625
18711,6880.74267578125
18712,6829.6474609375
18713,5186.8115234375
18714,6564.3125
18715,5188.337890625
18716,4330.943359375
18717,4442.0673828125
18718,2906.47705078125
18719,5781.94384765625
18720,5527.390625
18721,5410.921875
18722,7788.0546875
18723,6517.89306640625
18724,4143.6943359375
18725,8343.0625
18726,5251.642578125
18727,2190.541259765625
18728,6363.9638671875
18729,9020.0439453125
18730,7104.42724609375
18731,5526.791015625
18732,3573.102294921875
18733,5364.228515625
18734,5888.8740234375
18735,5123.44873046875
18736,6732.36376953125
18737,3918.267822265625
18738,4249.88232421875
18739,4537.79736328125
18740,4672.8251953125
18741,4114.56494140625
18742,4018.530517578125
18743,4501.896484375
18744,3848.609619140625
18745,6202.51611328125
18746,5889.548828125
18747,4278.10009765625
18748,5604.43505859375
18749,5791.60888671875
18750,5382.1982421875
18751,4742.06884765625
18752,7653.740234375
18753,6277.22021484375
18754,5190.74951171875
18755,3369.63427734375
18756,9330.013671875
18757,5472.765625
18758,4501.45947265625
18759,6483.12060546875
18760,6105.43505859375
18761,5932.68212890625
18762,5258.84228515625
18763,6013.552734375
18764,6963.68603515625
18765,11689.7783203125
18766,4200.81103515625
18767,4510.19091796875
18768,4508.2265625
18769,6237.20458984375
18770,4804.01123046875
18771,6749.970703125
18772,6284.00048828125
18773,4672.15087890625
18774,3288.841064453125
18775,4768.61474609375
18776,10458.2939453125
18777,3679.242431640625
18778,6200.14208984375
18779,3840.919189453125
18780,5621.4287109375
18781,7078.6083984375
18782,6376.2548828125
18783,6451.34765625
18784,5414.15185546875
18785,3876.46875
18786,5155.77490234375
18787,5846.00146484375
18788,7520.6298828125
18789,6460.22216796875
18790,6864.88818359375
18791,5134.4560546875
18792,3958.8359375
18793,8540.34765625
18794,3517.38525390625
18795,8623.880859375
18796,4946.36767578125
18797,3829.095703125
18798,6251.375
18799,5581.25927734375
18800,5355.40283203125
18801,7157.732421875
18802,4007.399169921875
18803,3708.11083984375
18804,5423.8525390625
18805,6272.5859375
18806,7073.92822265625
18807,3838.27099609375
18808,4938.18701171875
18809,4346.875
18810,5882.0615234375
18811,4670.30712890625
18812,7794.39404296875
18813,7283.4736328125
18814,11194.1826171875
18815,3838.474365234375
18816,5246.7265625
18817,9914.517578125
18818,8945.74609375
18819,3722.00830078125
18820,7936.42333984375
18821,5091.41796875
18822,5326.71630859375
18823,4458.85009765625
18824,5070.51318359375
18825,4963.6796875
18826,4582.15771484375
18827,3953.72216796875
18828,3832.034912109375
18829,7139.8232421875
18830,6503.81396484375
18831,20387.6640625
18832,5864.74560546875
18833,3789.961181640625
18834,5620.42578125
18835,8565.416015625
18836,4947.98046875
18837,5901.09619140625
18838,4856.85302734375
18839,7007.3173828125
18840,6431.41796875
18841,4040.952880859375
18842,4374.73876953125
18843,5055.53515625
18844,6284.39013671875
18845,6052.9833984375
18846,8108.79833984375
18847,4212.22412109375
18848,3767.947021484375
18849,4493.44287109375
18850,8231.7158203125
18851,8806.701171875
18852,6772.81005859375
18853,6387.09423828125
18854,3314.755615234375
18855,5311.0009765625
18856,3446.322021484375
18857,7486.52587890625
18858,7894.03173828125
18859,8914.5498046875
18860,4185.17578125
18861,5917.3408203125
18862,3694.119873046875
18863,4606.96142578125
18864,8827.52734375
18865,4905.15869140625
18866,3922.760986328125
18867,4326.40087890625
18868,6598.91015625
18869,3486.253173828125
18870,6081.64111328125
18871,3218.239013671875
18872,5459.29541015625
18873,5401.2197265625
18874,4900.2041015625
18875,5921.63427734375
18876,5301.630859375
18877,5518.427734375
18878,6029.236328125
18879,5100.08740234375
18880,8457.185546875
18881,4890.36669921875
18882,6892.3779296875
18883,7512.904296875
18884,7532.83251953125
18885,5390.92724609375
18886,6491.806640625
18887,3461.974853515625
18888,4261.0302734375
18889,5021.35595703125
18890,5034.103515625
18891,7371.31591796875
18892,5440.4404296875
18893,4401.849609375
18894,5380.08154296875
18895,6209.85107421875
18896,5885.07861328125
18897,3760.317626953125
18898,11702.798828125
18899,4397.02392578125
18900,5871.65185546875
18901,6487.19775390625
18902,3614.1171875
18903,4624.111328125
18904,4333.912109375
18905,5754.1640625
18906,5289.7763671875
18907,4708.80615234375
18908,6095.1923828125
18909,6622.94873046875
18910,4268.1015625
18911,4610.8291015625
18912,6697.5498046875
18913,10501.791015625
18914,5666.89892578125
18915,5200.31884765625
18916,5307.98779296875
18917,6179.701171875
18918,5193.578125
18919,6930.5986328125
18920,3698.624755859375
18921,6204.51904296875
18922,5061.5283203125
18923,5017.0927734375
18924,8969.658203125
18925,4073.364990234375
18926,3989.61669921875
18927,3933.021728515625
18928,6702.87158203125
18929,6855.80419921875
18930,4356.8134765625
18931,4217.37451171875
18932,5521.62353515625
18933,4721.85009765625
18934,4718.0263671875
18935,5999.7470703125
18936,5754.33251953125
18937,6153.74658203125
18938,4620.46142578125
18939,3850.40380859375
18940,4684.3857421875
18941,6767.18798828125
18942,6397.85009765625
18943,6543.13916015625
18944,6546.31982421875
18945,5239.2626953125
18946,7688.90869140625
18947,4745.09130859375
18948,5213.17919921875
18949,6757.7392578125
18950,5188.359375
18951,8410.8310546875
18952,7123.28369140625
18953,5604.04345703125
18954,4571.8115234375
18955,6566.3095703125
18956,5784.7373046875
18957,5168.9755859375
18958,3470.9775390625
18959,5849.56591796875
18960,6240.2236328125
18961,3831.28173828125
18962,3161.898681640625
18963,6495.740234375
18964,6008.458984375
18965,5344.78076171875
18966,4731.9404296875
18967,4318.97021484375
18968,5924.26171875
18969,5572.203125
18970,5290.45947265625
18971,4579.318359375
18972,4425.6484375
18973,5539.04541015625
18974,2567.119384765625
18975,5337.5048828125
18976,4568.3271484375
18977,6534.86474609375
18978,6590.81103515625
18979,5563.83154296875
18980,9475.82421875
18981,4776.599609375
18982,4693.3623046875
18983,8748.3095703125
18984,5532.45068359375
18985,6867.67529296875
18986,6098.92431640625
18987,3753.772216796875
18988,5263.955078125
18989,4787.39013671875
18990,6973.1455078125
18991,9007.482421875
18992,6353.51708984375
18993,2394.1171875
18994,4456.60791015625
18995,6285.13916015625
18996,6230.9072265625
18997,5239.69873046875
18998,5427.9560546875
18999,4083.94482421875
19000,4023.439697265625
19001,3430.261962890625
19002,4384.689453125
19003,4981.6552734375
19004,5903.46826171875
19005,5095.7587890625
19006,5468.03662109375
19007,6807.26513671875
19008,6118.62939453125
19009,6183.82470703125
19010,3793.7705078125
19011,8175.84521484375
19012,7050.7744140625
19013,4469.15869140625
19014,6554.17236328125
19015,4291.662109375
19016,5796.19189453125
19017,3091.0400390625
19018,5606.1962890625
19019,3472.6923828125
19020,7764.0439453125
19021,6200.7548828125
19022,6453.09375
19023,6855.25341796875
19024,4838.8125
19025,6658.3935546875
19026,15880.896484375
19027,7302.673828125
19028,4605.36962890625
19029,2994.507568359375
19030,5013.89404296875
19031,6469.92626953125
19032,4810.36572265625
19033,10834.7880859375
19034,13776.025390625
19035,3645.069091796875
19036,4574.65234375
19037,8866.4951171875
19038,4262.69970703125
19039,6281.7373046875
19040,4743.57958984375
19041,6470.205078125
19042,5048.0009765625
19043,6795.41357421875
19044,4819.00732421875
19045,6071.31396484375
19046,7791.376953125
19047,5562.8798828125
19048,4979.90673828125
19049,5568.60498046875
19050,3815.172607421875
19051,4314.0751953125
19052,7158.54296875
19053,4618.5068359375
19054,4612.591796875
19055,5427.03369140625
19056,5129.25732421875
19057,5681.37353515625
19058,6135.2216796875
19059,5889.953125
19060,7134.46826171875
19061,8496.3427734375
19062,6919.71875
19063,4956.74853515625
19064,2652.66552734375
19065,4696.7509765625
19066,5056.76806640625
19067,4869.98046875
19068,4242.46142578125
19069,6167.2880859375
19070,5058.44873046875
19071,8273.828125
19072,5729.67919921875
19073,4195.166015625
19074,4151.83935546875
19075,4351.19482421875
19076,7000.0625
19077,4912.2998046875
19078,6408.46484375
19079,12504.0908203125
19080,6208.421875
19081,5890.32666015625
19082,3907.573974609375
19083,4107.15087890625
19084,5801.75830078125
19085,3811.4228515625
19086,4963.7080078125
19087,8594.689453125
19088,4735.7998046875
19089,12004.80078125
19090,10286.126953125
19091,4498.82666015625
19092,5617.9677734375
19093,5032.54296875
19094,5685.11181640625
19095,4564.63671875
19096,8986.8427734375
19097,5182.54052734375
19098,7310.5302734375
19099,3987.714111328125
19100,7155.4970703125
19101,4436.6748046875
19102,7522.57861328125
19103,5878.6171875
19104,4630.67333984375
19105,5185.5283203125
19106,5832.7822265625
19107,6411.04736328125
19108,7725.25634765625
19109,5107.06591796875
19110,8044.56494140625
19111,5208.83740234375
19112,8327.6455078125
19113,4755.81298828125
19114,4380.04931640625
19115,4356.27099609375
19116,7556.9638671875
19117,5088.29443359375
19118,5695.11376953125
19119,5484.09814453125
19120,6959.49853515625
19121,4521.0537109375
19122,6190.84814453125
19123,6030.9052734375
19124,2929.1396484375
19125,11273.5810546875
19126,13580.38671875
19127,5162.068359375
19128,5786.3408203125
19129,7193.95361328125
19130,7877.228515625
19131,8772.4052734375
19132,4837.17431640625
19133,6058.31298828125
19134,4961.0126953125
19135,6476.4267578125
19136,3716.219482421875
19137,5375.63720703125
19138,4507.43603515625
19139,4509.8515625
19140,5401.087890625
19141,4870.72802734375
19142,3165.49169921875
19143,5833.19677734375
19144,3548.966064453125
19145,3649.394775390625
19146,5141.75244140625
19147,5552.8623046875
19148,6794.46826171875
19149,6710.8037109375
19150,6666.771484375
19151,5472.32666015625
19152,5719.35400390625
19153,8848.2568359375
19154,6105.87060546875
19155,3780.14697265625
19156,4620.73779296875
19157,8606.875
19158,4061.864013671875
19159,5895.7529296875
19160,2990.6455078125
19161,4513.24169921875
19162,6596.41015625
19163,5498.00439453125
19164,3886.297119140625
19165,7489.03076171875
19166,7925.34765625
19167,10989.0087890625
19168,5346.0107421875
19169,7569.642578125
19170,3151.78857421875
19171,4679.845703125
19172,5166.72900390625
19173,3082.485107421875
19174,6910.880859375
19175,4391.357421875
19176,6016.66943359375
19177,8049.2236328125
19178,8066.46728515625
19179,6946.787109375
19180,4723.27001953125
19181,4001.849609375
19182,12058.3154296875
19183,7006.22119140625
19184,4922.0341796875
19185,4051.883544921875
19186,6055.73583984375
19187,7527.85791015625
19188,3974.00048828125
19189,5271.84765625
19190,6424.32177734375
19191,6483.42919921875
19192,10362.3798828125
19193,5684.8466796875
19194,12851.17578125
19195,5394.51513671875
19196,4535.830078125
19197,2680.461669921875
19198,5230.025390625
19199,4632.2509765625
19200,4198.21533203125
19201,6538.8583984375
19202,4668.49365234375
19203,3799.183349609375
19204,5120.451171875
19205,3362.645751953125
19206,6496.3359375
19207,5915.134765625
19208,6203.0126953125
19209,6755.9482421875
19210,4036.770751953125
19211,7467.8525390625
19212,5997.81884765625
19213,5538.41064453125
19214,4949.95166015625
19215,4428.9755859375
19216,8235.60546875
19217,5219.6552734375
19218,3864.529296875
19219,6154.61181640625
19220,7047.900390625
19221,5548.82568359375
19222,5320.64208984375
19223,7291.32275390625
19224,6546.70947265625
19225,6315.810546875
19226,5889.65869140625
19227,6919.41748046875
19228,4126.06103515625
19229,4992.35986328125
19230,4308.841796875
19231,4219.76318359375
19232,4043.390869140625
19233,4386.7919921875
19234,6061.5458984375
19235,7513.6298828125
19236,9025.12109375
19237,8126.96875
19238,6048.58642578125
19239,7274.40478515625
19240,4201.462890625
19241,10310.0703125
19242,8900.8251953125
19243,5850.41650390625
19244,7303.728515625
19245,6669.1494140625
19246,5001.3623046875
19247,4502.10400390625
19248,6470.3291015625
19249,5804.06982421875
19250,5316.06005859375
19251,4376.3037109375
19252,2412.72607421875
19253,8144.37255859375
19254,5188.81787109375
19255,4144.73583984375
19256,4459.53271484375
19257,4197.044921875
19258,6123.3310546875
19259,6347.95849609375
19260,5634.6337890625
19261,5775.33203125
19262,4068.54150390625
19263,3776.05224609375
19264,3681.218994140625
19265,5517.12744140625
19266,14779.1875
19267,3868.200927734375
19268,5184.91748046875
19269,6054.74365234375
19270,4370.5439453125
19271,3988.6533203125
19272,4356.36767578125
19273,3421.501708984375
19274,6536.00830078125
19275,5525.39208984375
19276,3705.9248046875
19277,6873.4296875
19278,4183.771484375
19279,4300.9443359375
19280,10149.63671875
19281,5974.6015625
19282,9083.826171875
19283,4050.040283203125
19284,4969.9873046875
19285,3947.9775390625
19286,4069.621826171875
19287,14127.212890625
19288,9185.7685546875
19289,5795.857421875
19290,4045.513427734375
19291,3797.17822265625
19292,5139.60009765625
19293,4025.51220703125
19294,8480.5947265625
19295,4953.8681640625
19296,5001.654296875
19297,5694.05419921875
19298,4409.66845703125
19299,5857.07421875
19300,6526.69287109375
19301,5300.77734375
19302,5440.0078125
19303,3488.008056640625
19304,5312.7197265625
19305,5021.26953125
19306,7337.857421875
19307,6915.5771484375
19308,5634.5732421875
19309,3500.433349609375
19310,7014.37353515625
19311,4735.6591796875
19312,3708.509033203125
19313,5712.61767578125
19314,6566.32470703125
19315,4971.3642578125
19316,5616.88330078125
19317,4879.28369140625
19318,5042.18408203125
19319,4196.056640625
19320,6471.673828125
19321,5363.732421875
19322,4449.77099609375
19323,7517.65673828125
19324,4533.2294921875
19325,3952.548828125
19326,9076.95703125
19327,5304.21142578125
19328,3488.226806640625
19329,6343.62890625
19330,7097.0791015625
19331,8089.123046875
19332,5005.11279296875
19333,4621.04443359375
19334,5296.689453125
19335,6267.01220703125
19336,4463.208984375
19337,6697.10205078125
19338,4017.771484375
19339,4471.162109375
19340,4713.44873046875
19341,4513.26513671875
19342,4530.095703125
19343,5776.296875
19344,5574.13427734375
19345,5239.56298828125
19346,7108.65673828125
19347,5611.8642578125
19348,6506.84814453125
19349,4247.35107421875
19350,5574.72021484375
19351,5654.25
19352,5990.53076171875
19353,6809.99951171875
19354,2788.625
19355,7965.67138671875
19356,5899.0556640625
19357,5623.24267578125
19358,4709.541015625
19359,2858.6796875
19360,6853.3056640625
19361,4512.46240234375
19362,8011.7783203125
19363,5017.90478515625
19364,4920.798828125
19365,6356.58642578125
19366,4713.09375
19367,3939.5498046875
19368,6892.294921875
19369,4400.07861328125
19370,7872.8427734375
19371,7300.53173828125
19372,6315.5244140625
19373,3837.8447265625
19374,4529.72216796875
19375,3466.750244140625
19376,3002.0791015625
19377,5761.548828125
19378,4425.3330078125
19379,6930.48681640625
19380,3840.648681640625
19381,4136.28955078125
19382,4783.37744140625
19383,7706.23583984375
19384,4179.63134765625
19385,4578.39013671875
19386,4171.23681640625
19387,6162.9443359375
19388,3880.80078125
19389,6270.8310546875
19390,6905.8935546875
19391,6808.2880859375
19392,5784.55615234375
19393,6296.96044921875
19394,4753.13916015625
19395,4342.6416015625
19396,4290.71044921875
19397,8453.126953125
19398,7133.05859375
19399,8698.384765625
19400,13703.798828125
19401,4186.9697265625
19402,3549.407958984375
19403,5747.29150390625
19404,7276.0751953125
19405,7078.876953125
19406,5558.6953125
19407,6154.67333984375
19408,6504.79541015625
19409,6572.4951171875
19410,5430.26220703125
19411,4315.1220703125
19412,4421.1376953125
19413,4079.486572265625
19414,3705.1181640625
19415,4260.54345703125
19416,6393.22021484375
19417,13595.73828125
19418,5665.51220703125
19419,4605.62646484375
19420,6149.12060546875
19421,3325.572998046875
19422,5760.09765625
19423,4094.24609375
19424,7678.978515625
19425,5302.650390625
19426,5186.4599609375
19427,10657.7724609375
19428,11499.1904296875
19429,5424.44287109375
19430,6006.45263671875
19431,3700.720458984375
19432,4614.955078125
19433,5590.041015625
19434,6846.07666015625
19435,4011.716064453125
19436,3919.384033203125
19437,4808.74169921875
19438,4650.55029296875
19439,5457.7099609375
19440,6011.837890625
19441,3904.591796875
19442,5911.36181640625
19443,6220.015625
19444,5175.5185546875
19445,3537.488037109375
19446,3222.5849609375
19447,6943.8271484375
19448,3855.937255859375
19449,8541.416015625
19450,3932.691650390625
19451,4735.2783203125
19452,5723.3818359375
19453,4863.52001953125
19454,4000.60791015625
19455,4877.2490234375
19456,5164.81982421875
19457,7822.701171875
19458,7110.0771484375
19459,4661.93408203125
19460,4446.3974609375
19461,5170.63134765625
19462,4732.77001953125
19463,4189.20263671875
19464,4529.228515625
19465,5342.76025390625
19466,10225.990234375
19467,5850.1884765625
19468,5476.296875
19469,6569.30126953125
19470,4242.8232421875
19471,7888.515625
19472,4550.03662109375
19473,10484.3125
19474,4956.29345703125
19475,4298.388671875
19476,3541.93603515625
19477,3521.909423828125
19478,6136.212890625
19479,16851.123046875
19480,3694.938720703125
19481,3965.98193359375
19482,6714.55419921875
19483,5559.306640625
19484,8373.13671875
19485,7172.3740234375
19486,4724.5869140625
19487,4578.5283203125
19488,3700.36279296875
19489,7942.8125
19490,4848.5693359375
19491,6297.85205078125
19492,7037.7626953125
19493,5037.91259765625
19494,6990.51904296875
19495,5106.8271484375
19496,3722.060302734375
19497,7691.6708984375
19498,7898.02001953125
19499,4057.497314453125
19500,6683.96923828125
19501,5263.1865234375
19502,4152.92236328125
19503,7514.5966796875
19504,5547.46435546875
19505,6927.1044921875
19506,3955.92236328125
19507,4318.4912109375
19508,6705.2734375
19509,3659.26513671875
19510,6566.244140625
19511,4082.868896484375
19512,5624.4326171875
19513,4520.85498046875
19514,4613.28369140625
19515,5525.4951171875
19516,6029.646484375
19517,4833.537109375
19518,6442.87744140625
19519,4638.9755859375
19520,6563.228515625
19521,5784.7041015625
19522,6821.78857421875
19523,7456.9970703125
19524,7400.75537109375
19525,3029.72265625
19526,5007.60595703125
19527,5797.36572265625
19528,5482.05908203125
19529,9971.3359375
19530,4910.30712890625
19531,6629.00830078125
19532,8557.1044921875
19533,6310.5791015625
19534,3599.884765625
19535,12021.7646484375
19536,9053.4111328125
19537,5188.06494140625
19538,6325.5673828125
19539,8159.0966796875
19540,4641.396484375
19541,5668.69677734375
19542,5657.6572265625
19543,4519.13134765625
19544,4593.9765625
19545,5772.9228515625
19546,3784.57470703125
19547,6471.953125
19548,5645.20654296875
19549,5025.81591796875
19550,6106.9697265625
19551,5226.89599609375
19552,5047.1767578125
19553,4310.263671875
19554,5759.265625
19555,5709.9365234375
19556,5289.30908203125
19557,6569.15576171875
19558,5775.96533203125
19559,7781.158203125
19560,4384.6884765625
19561,4906.26513671875
19562,4858.93798828125
19563,6466.88232421875
19564,5737.41162109375
19565,4168.197265625
19566,4477.3798828125
19567,7637.42919921875
19568,6473.74072265625
19569,4649.41845703125
19570,5977.94140625
19571,5337.32861328125
19572,4680.537109375
19573,4252.81396484375
19574,2926.730712890625
19575,5484.72998046875
19576,5164.6875
19577,4576.814453125
19578,7561.9013671875
19579,6986.796875
19580,4301.9697265625
19581,7605.37744140625
19582,5169.22119140625
19583,2085.87060546875
19584,5701.986328125
19585,8940.890625
19586,6172.46484375
19587,5529.77001953125
19588,3463.522216796875
19589,5600.11279296875
19590,6447.4453125
19591,5030.39208984375
19592,5743.98681640625
19593,4031.49951171875
19594,4322.43359375
19595,4565.10595703125
19596,4489.8798828125
19597,4399.96533203125
19598,3755.859130859375
19599,4128.43896484375
19600,3694.659423828125
19601,6526.9833984375
19602,5893.634765625
19603,3800.359619140625
19604,5334.48974609375
19605,6018.2119140625
19606,4955.7744140625
19607,4670.3623046875
19608,7194.06591796875
19609,6308.2041015625
19610,4648.79638671875
19611,3283.905029296875
19612,8675.962890625
19613,5146.76025390625
19614,4480.90283203125
19615,6415.20654296875
19616,6396.1669921875
19617,5685.5595703125
19618,5369.81494140625
19619,6355.99072265625
19620,7451.69384765625
19621,12339.3291015625
19622,3943.64404296875
19623,4391.49658203125
19624,4250.4521484375
19625,5411.26171875
19626,5026.88330078125
19627,7458.765625
19628,6004.94873046875
19629,5147.17724609375
19630,2750.05419921875
19631,4849.47509765625
19632,9053.845703125
19633,3549.99853515625
19634,5912.14892578125
19635,3965.28759765625
19636,5324.9306640625
19637,6977.58642578125
19638,6155.12060546875
19639,6530.982421875
19640,5367.89404296875
19641,3481.899658203125
19642,5042.2255859375
19643,5669.2802734375
19644,7376.51318359375
19645,6178.66015625
19646,6142.7646484375
19647,4877.888671875
19648,3664.4228515625
19649,8404.4208984375
19650,3542.064453125
19651,8055.60595703125
19652,5128.580078125
19653,3661.41650390625
19654,6159.1640625
19655,5378.3994140625
19656,5523.912109375
19657,6886.09814453125
19658,3650.627685546875
19659,3671.354736328125
19660,5209.3486328125
19661,5892.4111328125
19662,7132.70849609375
19663,4362.49169921875
19664,4808.224609375
19665,4739.64404296875
19666,5437.04052734375
19667,4731.203125
19668,8131.0478515625
19669,7199.58349609375
19670,11645.1953125
19671,3907.600341796875
19672,5012.16064453125
19673,9849.1044921875
19674,8722.43359375
19675,3691.505126953125
19676,7819.5732421875
19677,5092.921875
19678,4818.17138671875
19679,4498.52392578125
19680,5258.05859375
19681,4638.89794921875
19682,5099.7099609375
19683,4447.16162109375
19684,3929.80078125
19685,6855.93212890625
19686,5969.23291015625
19687,21269.306640625
19688,5221.3564453125
19689,3600.835205078125
19690,5989.9345703125
19691,9223.1787109375
19692,5154.279296875
19693,6364.4677734375
19694,4684.8515625
19695,6256.15576171875
19696,5905.32958984375
19697,3887.983154296875
19698,4329.95654296875
19699,4845.35400390625
19700,6104.85693359375
19701,6048.47900390625
19702,8068.7255859375
19703,4078.79931640625
19704,3623.03515625
19705,4215.64208984375
19706,8074.36572265625
19707,8106.07568359375
19708,6759.21044921875
19709,6562.591796875
19710,3403.504150390625
19711,4914.93603515625
19712,3236.3095703125
19713,7445.826171875
19714,7513.53125
19715,8578.2744140625
19716,3960.316162109375
19717,5366.19921875
19718,3695.041015625
19719,4387.369140625
19720,8534.8466796875
19721,4744.18701171875
19722,3595.871826171875
19723,3866.9541015625
19724,6278.568359375
19725,2988.29052734375
19726,5692.2734375
19727,2643.94482421875
19728,5395.9306640625
19729,6006.13671875
19730,5043.970703125
19731,5829.9296875
19732,5117.76025390625
19733,4717.6240234375
19734,5747.18212890625
19735,4738.4931640625
19736,8195.853515625
19737,4821.6328125
19738,6466.63427734375
19739,6883.052734375
19740,7612.2197265625
19741,5264.71435546875
19742,6750.66162109375
19743,3313.380859375
19744,4388.62744140625
19745,4343.41943359375
19746,5137.67529296875
19747,7379.95458984375
19748,5299.6103515625
19749,3931.87451171875
19750,5332.9150390625
19751,5809.13330078125
19752,5974.31689453125
19753,3299.190673828125
19754,11850.400390625
19755,3849.378173828125
19756,5367.30810546875
19757,6417.02880859375
19758,3590.68115234375
19759,4355.9052734375
19760,4404.8935546875
19761,6141.986328125
19762,5173.9169921875
19763,4012.053955078125
19764,5886.4423828125
19765,6577.3505859375
19766,4255.75390625
19767,4037.14404296875
19768,6343.49072265625
19769,10065.1865234375
19770,5723.05224609375
19771,4803.08056640625
19772,5179.10400390625
19773,5706.83935546875
19774,4789.10009765625
19775,6585.3642578125
19776,3394.545166015625
19777,5964.431640625
19778,4995.59765625
19779,5182.3017578125
19780,8622.9052734375
19781,3813.89013671875
19782,3700.251220703125
19783,4071.166259765625
19784,6662.20361328125
19785,6854.93896484375
19786,3958.158447265625
19787,4136.86181640625
19788,5291.396484375
19789,4659.2099609375
19790,4790.7314453125
19791,5781.1611328125
19792,5855.46826171875
19793,6184.234375
19794,4541.25634765625
19795,3620.045166015625
19796,4767.5390625
19797,6707.71630859375
19798,6279.76123046875
19799,6084.009765625
19800,6577.8203125
19801,4891.41162109375
19802,7430.7314453125
19803,4383.69189453125
19804,5466.18603515625
19805,6792.0400390625
19806,4548.0087890625
19807,8692.0380859375
19808,6552.11865234375
19809,5330.85595703125
19810,4800.41455078125
19811,6719.046875
19812,5755.09130859375
19813,5306.70068359375
19814,3603.05810546875
19815,5616.87060546875
19816,5957.89013671875
19817,3832.0185546875
19818,3131.057373046875
19819,6437.06982421875
19820,5824.646484375
19821,5051.13818359375
19822,4468.787109375
19823,4021.62841796875
19824,6181.54345703125
19825,5111.0517578125
19826,5041.259765625
19827,3983.5009765625
19828,4210.5419921875
19829,5635.5400390625
19830,2472.74462890625
19831,6011.78466796875
19832,4273.2197265625
19833,6365.8486328125
19834,6381.7841796875
19835,5425.24267578125
19836,9812.4072265625
19837,3762.094482421875
19838,4483.796875
19839,8698.072265625
19840,4962.37158203125
19841,6519.23046875
19842,5708.89208984375
19843,3474.773681640625
19844,5232.44287109375
19845,4564.373046875
19846,6509.74267578125
19847,8462.1240234375
19848,6666.2001953125
19849,2240.840087890625
19850,3640.852783203125
19851,6624.62548828125
19852,6133.6572265625
19853,4869.61181640625
19854,5180.85888671875
19855,3812.8203125
19856,3890.549560546875
19857,3075.4736328125
19858,4361.3212890625
19859,5137.8388671875
19860,5671.7890625
19861,5021.68310546875
19862,5229.986328125
19863,6724.17578125
19864,6157.255859375
19865,6404.892578125
19866,4113.3896484375
19867,7936.494140625
19868,6843.96337890625
19869,4513.71728515625
19870,6032.1513671875
19871,4332.29541015625
19872,5760.10302734375
19873,3286.8330078125
19874,5672.49462890625
19875,3392.5107421875
19876,7483.19482421875
19877,6029.22509765625
19878,6207.15869140625
19879,7070.14892578125
19880,5084.962890625
19881,6216.609375
19882,16108.0634765625
19883,7038.76513671875
19884,4818.23779296875
19885,2790.0849609375
19886,5262.8681640625
19887,6002.8291015625
19888,4837.39013671875
19889,11382.123046875
19890,13442.94921875
19891,3397.231201171875
19892,4235.95068359375
19893,8139.43408203125
19894,3254.1767578125
19895,6325.53662109375
19896,4741.02197265625
19897,6691.80419921875
19898,4586.6474609375
19899,6594.076171875
19900,4660.6142578125
19901,6103.36962890625
19902,7640.13623046875
19903,5491.08642578125
19904,4773.7177734375
19905,6627.38232421875
19906,3698.206298828125
19907,3866.155517578125
19908,7070.3232421875
19909,4254.53271484375
19910,4308.16357421875
19911,5561.3017578125
19912,5323.85986328125
19913,5722.39306640625
19914,6391.24365234375
19915,5498.1220703125
19916,6850.849609375
19917,8747.587890625
19918,6753.615234375
19919,4694.60595703125
19920,2396.562255859375
19921,4793.216796875
19922,4803.78466796875
19923,4800.986328125
19924,3991.79638671875
19925,6392.2109375
19926,5051.41162109375
19927,8080.73779296875
19928,5472.087890625
19929,4180.0791015625
19930,4005.343505859375
19931,4129.69384765625
19932,7399.54052734375
19933,4491.61962890625
19934,6434.3955078125
19935,13096.6298828125
19936,6304.3466796875
19937,6329.923828125
19938,3825.06494140625
19939,3808.119384765625
19940,5125.7939453125
19941,3770.737060546875
19942,4850.27880859375
19943,8616.140625
19944,4766.2880859375
19945,11930.6640625
19946,10350.5419921875
19947,4366.58203125
19948,5013.0673828125
19949,5049.4326171875
19950,5413.83544921875
19951,4075.072509765625
19952,9173.4443359375
19953,5133.568359375
19954,7719.61279296875
19955,3740.55517578125
19956,7273.3603515625
19957,4437.6650390625
19958,7660.2265625
19959,5365.1279296875
19960,4551.2939453125
19961,5287.9990234375
19962,5408.185546875
19963,6628.48876953125
19964,7792.6455078125
19965,4754.91943359375
19966,7772.14404296875
19967,4956.224609375
19968,7998.3486328125
19969,4551.234375
19970,4020.0908203125
19971,3969.423583984375
19972,7192.6025390625
19973,5116.55712890625
19974,5332.39501953125
19975,5082.89111328125
19976,7026.10546875
19977,4103.40625
19978,6822.11181640625
19979,6531.90625
19980,2667.781005859375
19981,10758.1748046875
19982,13023.2626953125
19983,4828.76123046875
19984,5970.07958984375
19985,7654.70556640625
19986,8012.583984375
19987,8957.4072265625
19988,5110.73486328125
19989,5801.9541015625
19990,5024.732421875
19991,6320.05322265625
19992,3425.218505859375
19993,5488.482421875
19994,4148.4111328125
19995,4532.85400390625
19996,5248.017578125
19997,4511.18701171875
19998,3324.674560546875
19999,5425.0419921875
20000,3572.32275390625
20001,3483.4951171875
20002,5168.0126953125
20003,4442.20361328125
20004,6813.7744140625
20005,7139.7177734375
20006,6871.55322265625
20007,5570.87060546875
20008,5416.7734375
20009,8787.3642578125
20010,6385.11767578125
20011,3896.330810546875
20012,4472.3203125
20013,8799.0419921875
20014,3747.69677734375
20015,6009.24609375
20016,3278.290283203125
20017,3942.76416015625
20018,6697.48291015625
20019,5202.62646484375
20020,3869.017578125
20021,7411.72216796875
20022,8193.12109375
20023,10674.3212890625
20024,5862.072265625
20025,7097.763671875
20026,2957.9140625
20027,4299.64208984375
20028,4953.64697265625
20029,2949.417724609375
20030,6240.68798828125
20031,4172.6328125
20032,6314.97265625
20033,7912.68115234375
20034,9005.0361328125
20035,6035.65283203125
20036,4470.8935546875
20037,4019.646484375
20038,11688.2294921875
20039,6152.65673828125
20040,4820.6240234375
20041,4162.9462890625
20042,5858.8935546875
20043,7265.65087890625
20044,3559.28076171875
20045,5015.08251953125
20046,6391.00927734375
20047,6456.94873046875
20048,11160.6083984375
20049,5455.05859375
20050,11587.3310546875
20051,5111.52490234375
20052,4327.27783203125
20053,2258.471923828125
20054,4892.7255859375
20055,4331.015625
20056,3998.536865234375
20057,5977.3017578125
20058,4407.14111328125
20059,3748.60791015625
20060,4969.64990234375
20061,3298.209228515625
20062,6318.18359375
20063,5726.0517578125
20064,6437.67041015625
20065,7218.36279296875
20066,3748.70068359375
20067,7520.99609375
20068,5739.26513671875
20069,5180.05810546875
20070,4816.1904296875
20071,3803.48779296875
20072,8022.87744140625
20073,5141.6298828125
20074,3802.704833984375
20075,6126.77197265625
20076,7162.07275390625
20077,5611.9189453125
20078,4920.66357421875
20079,7420.6201171875
20080,6103.1279296875
20081,5481.3720703125
20082,6523.734375
20083,6696.568359375
20084,4226.37939453125
20085,4958.3564453125
20086,4095.10791015625
20087,4154.0615234375
20088,3815.360595703125
20089,3749.925537109375
20090,6239.35546875
20091,8016.77001953125
20092,9023.6884765625
20093,8512.201171875
20094,6451.15087890625
20095,7335.146484375
20096,4271.95751953125
20097,10464.4189453125
20098,9265.625
20099,5454.8759765625
20100,7005.31640625
20101,7237.13232421875
20102,4816.24462890625
20103,3825.6748046875
20104,6369.3388671875
20105,5562.57275390625
20106,5187.99853515625
20107,4320.47265625
20108,1996.1080322265625
20109,7834.849609375
20110,4761.42919921875
20111,3899.354248046875
20112,4145.66357421875
20113,4289.72216796875
20114,6174.8583984375
20115,5683.080078125
20116,5272.9990234375
20117,5208.76318359375
20118,3583.12646484375
20119,3131.56396484375
20120,3057.299560546875
20121,5581.353515625
20122,14842.5361328125
20123,3609.171630859375
20124,5088.73046875
20125,5737.1337890625
20126,4286.296875
20127,4139.548828125
20128,3926.27880859375
20129,3353.96533203125
20130,6999.58203125
20131,5399.984375
20132,3392.98828125
20133,6358.53125
20134,4027.345703125
20135,3929.26708984375
20136,9832.5361328125
20137,5834.61669921875
20138,8656.8173828125
20139,3717.004150390625
20140,4801.7275390625
20141,3673.718994140625
20142,4419.30615234375
20143,12892.5703125
20144,8547.6923828125
20145,5824.09375
20146,4132.31982421875
20147,3625.044677734375
20148,4790.8681640625
20149,3768.351318359375
20150,8857.787109375
20151,4601.0673828125
20152,4784.85400390625
20153,5175.42529296875
20154,4168.59765625
20155,5873.4150390625
20156,5962.04443359375
20157,4937.65771484375
20158,5162.77587890625
20159,3432.192626953125
20160,5159.4140625
20161,4857.3203125
20162,6807.646484375
20163,7165.99951171875
20164,5549.1533203125
20165,3459.8583984375
20166,6970.572265625
20167,4229.68798828125
20168,3705.573486328125
20169,5673.1201171875
20170,6690.076171875
20171,5004.59033203125
20172,5458.65234375
20173,4728.34423828125
20174,4740.3740234375
20175,4447.22705078125
20176,5974.623046875
20177,5268.37841796875
20178,4529.87255859375
20179,7235.4833984375
20180,4710.23193359375
20181,3725.177490234375
20182,9626.619140625
20183,5130.97509765625
20184,3296.105712890625
20185,6631.8681640625
20186,7287.22998046875
20187,8448.5
20188,4582.5068359375
20189,4467.18115234375
20190,5092.67724609375
20191,5952.73681640625
20192,5603.533203125
20193,6652.05859375
20194,3487.215087890625
20195,4010.752685546875
20196,4823.69873046875
20197,4219.67333984375
20198,4102.4501953125
20199,5636.865234375
20200,5326.5380859375
20201,5313.50341796875
20202,6883.916015625
20203,5301.89453125
20204,6268.5673828125
20205,3748.257080078125
20206,5475.30517578125
20207,5850.080078125
20208,5671.50048828125
20209,6281.46533203125
20210,2793.3603515625
20211,7886.048828125
20212,5194.927734375
20213,5468.90234375
20214,4254.6435546875
20215,2785.986572265625
20216,6729.95361328125
20217,4569.22705078125
20218,8005.662109375
20219,5000.73681640625
20220,4407.67529296875
20221,6437.38134765625
20222,4812.087890625
20223,3886.140869140625
20224,6768.9541015625
20225,4170.1201171875
20226,7056.05078125
20227,6822.92041015625
20228,6390.0517578125
20229,3556.323974609375
20230,4158.31396484375
20231,3196.52197265625
20232,2711.02978515625
20233,6090.439453125
20234,3885.9736328125
20235,7462.27880859375
20236,3641.446044921875
20237,4396.26611328125
20238,4617.87939453125
20239,6814.70166015625
20240,3882.908935546875
20241,4424.8203125
20242,4185.14013671875
20243,5700.6357421875
20244,4166.27294921875
20245,5820.6025390625
20246,6503.6748046875
20247,6263.5322265625
20248,5464.91015625
20249,6357.544921875
20250,4705.45654296875
20251,3745.623291015625
20252,4216.49462890625
20253,8883.0654296875
20254,6227.5146484375
20255,8724.87109375
20256,13537.5146484375
20257,3868.43798828125
20258,3694.957275390625
20259,5245.07861328125
20260,7534.32666015625
20261,7073.2333984375
20262,5562.53466796875
20263,6546.34033203125
20264,6565.279296875
20265,6301.53564453125
20266,4987.45751953125
20267,4096.1494140625
20268,4245.12451171875
20269,3871.9345703125
20270,3710.739013671875
20271,3767.965576171875
20272,6592.97412109375
20273,13134.5673828125
20274,5369.3642578125
20275,4207.86376953125
20276,5215.7890625
20277,3147.970947265625
20278,5746.81396484375
20279,4145.18212890625
20280,7638.27734375
20281,5235.8369140625
20282,5365.41015625
20283,10415.0185546875
20284,9942.70703125
20285,4906.41796875
20286,5649.81689453125
20287,3362.977294921875
20288,4166.74560546875
20289,5494.18505859375
20290,6663.1474609375
20291,4239.658203125
20292,3512.35546875
20293,4566.2685546875
20294,4160.41455078125
20295,5573.08349609375
20296,5606.2705078125
20297,3730.54248046875
20298,5855.076171875
20299,5979.62353515625
20300,5378.099609375
20301,3404.731201171875
20302,3028.190185546875
20303,7154.26025390625
20304,3507.081787109375
20305,8685.3291015625
20306,3207.74365234375
20307,4479.97412109375
20308,5631.712890625
20309,4684.095703125
20310,3868.01318359375
20311,4606.44384765625
20312,4909.2080078125
20313,7334.85107421875
20314,6765.03515625
20315,4758.90869140625
20316,3946.5888671875
20317,4842.46484375
20318,4484.72900390625
20319,4733.87744140625
20320,4330.54248046875
20321,5405.3994140625
20322,10014.2392578125
20323,5746.28173828125
20324,5525.15380859375
20325,6013.10693359375
20326,3733.2236328125
20327,7986.86279296875
20328,4387.82421875
20329,9971.4228515625
20330,4685.46044921875
20331,4087.802734375
20332,3226.222412109375
20333,3765.35498046875
20334,5902.2216796875
20335,15692.14453125
20336,3278.758056640625
20337,4015.521728515625
20338,6699.51318359375
20339,5497.34521484375
20340,8899.8349609375
20341,6838.43798828125
20342,4564.6220703125
20343,4143.70458984375
20344,4010.1923828125
20345,8072.53759765625
20346,4795.23828125
20347,5970.2275390625
20348,6730.416015625
20349,4760.7861328125
20350,7251.47509765625
20351,5376.6171875
20352,3481.84521484375
20353,8008.2744140625
20354,8876.5869140625
20355,3518.844970703125
20356,6574.3564453125
20357,4769.333984375
20358,4152.470703125
20359,7359.86328125
20360,5456.81689453125
20361,7209.25537109375
20362,3554.28125
20363,4031.706787109375
20364,6228.55224609375
20365,3742.579833984375
20366,6554.0791015625
20367,3773.79345703125
20368,5303.64453125
20369,4481.0615234375
20370,4888.17626953125
20371,5080.45068359375
20372,6441.87939453125
20373,5119.36865234375
20374,6197.14599609375
20375,4598.0576171875
20376,6311.08935546875
20377,5200.37255859375
20378,6137.19677734375
20379,7900.42529296875
20380,7620.8720703125
20381,2556.05615234375
20382,5449.78271484375
20383,6051.0380859375
20384,4852.8359375
20385,10189.625
20386,5181.68994140625
20387,6282.63427734375
20388,8598.3134765625
20389,6587.6650390625
20390,3223.895263671875
20391,14843.0
20392,8886.8271484375
20393,4897.84228515625
20394,5842.53857421875
20395,9095.91796875
20396,4234.98046875
20397,5602.09521484375
20398,4982.390625
20399,4277.814453125
20400,4161.01220703125
20401,5649.1806640625
20402,3419.17138671875
20403,6480.1318359375
20404,5754.18505859375
20405,4992.921875
20406,5802.30078125
20407,5437.3154296875
20408,4653.38232421875
20409,4140.19091796875
20410,5761.20849609375
20411,5760.025390625
20412,5247.3955078125
20413,6284.5068359375
20414,5402.03271484375
20415,8150.24365234375
20416,4194.6484375
20417,4470.68408203125
20418,4898.373046875
20419,6461.607421875
20420,5369.65185546875
20421,4034.461669921875
20422,4181.833984375
20423,6345.2080078125
20424,6388.6728515625
20425,4495.95849609375
20426,6407.28857421875
20427,5260.169921875
20428,3887.434814453125
20429,4403.96875
20430,2756.230224609375
20431,4978.35205078125
20432,5720.73583984375
20433,5197.92724609375
20434,7221.60546875
20435,6402.68701171875
20436,4104.97119140625
20437,7841.642578125
20438,4914.1845703125
20439,2038.4029541015625
20440,6120.5380859375
20441,8888.32421875
20442,6331.3896484375
20443,5310.30908203125
20444,3475.836181640625
20445,5454.30419921875
20446,5758.3671875
20447,4539.0556640625
20448,6103.4052734375
20449,3704.56982421875
20450,4005.954345703125
20451,4651.2119140625
20452,4032.578857421875
20453,3997.5927734375
20454,3465.896728515625
20455,3982.73486328125
20456,3770.965576171875
20457,6399.22509765625
20458,6303.2646484375
20459,3767.357421875
20460,5625.09375
20461,5697.55908203125
20462,4505.90185546875
20463,4472.95068359375
20464,6633.1298828125
20465,6465.498046875
20466,4645.115234375
20467,3252.2607421875
20468,10099.4267578125
20469,5152.14453125
20470,4397.72314453125
20471,6624.3427734375
20472,5726.8232421875
20473,5757.11669921875
20474,5122.81494140625
20475,5988.91845703125
20476,6798.8642578125
20477,11197.05859375
20478,3869.671142578125
20479,4501.77783203125
20480,4467.7646484375
20481,5151.63525390625
20482,4952.48583984375
20483,6028.98486328125
20484,5853.19970703125
20485,4835.2548828125
20486,2654.769287109375
20487,4746.810546875
20488,9379.646484375
20489,3454.20458984375
20490,5886.357421875
20491,4061.2705078125
20492,5538.51123046875
20493,6568.21923828125
20494,6305.79541015625
20495,6287.69384765625
20496,5206.4306640625
20497,3390.66943359375
20498,5087.95068359375
20499,6278.65576171875
20500,6969.89306640625
20501,6142.98193359375
20502,6006.82177734375
20503,4349.45458984375
20504,3493.71435546875
20505,8356.1904296875
20506,3244.284423828125
20507,8245.5634765625
20508,4694.2255859375
20509,3344.6953125
20510,5626.20458984375
20511,5473.177734375
20512,7326.21044921875
20513,7352.61181640625
20514,3759.419189453125
20515,3466.171875
20516,5468.14013671875
20517,6192.037109375
20518,6576.767578125
20519,3788.880126953125
20520,4615.98291015625
20521,4911.25927734375
20522,5546.94091796875
20523,4798.7080078125
20524,7645.857421875
20525,7299.94189453125
20526,11690.6259765625
20527,3296.734130859375
20528,5255.53271484375
20529,9796.4794921875
20530,8863.7744140625
20531,3825.53662109375
20532,7491.4580078125
20533,4721.60888671875
20534,4805.84130859375
20535,4476.05908203125
20536,5126.7802734375
20537,5001.8134765625
20538,4896.60302734375
20539,3879.7119140625
20540,4143.71630859375
20541,6575.0634765625
20542,6193.33251953125
20543,21029.28125
20544,4899.65283203125
20545,4221.33740234375
20546,5850.4423828125
20547,9395.6044921875
20548,5601.78125
20549,5788.9794921875
20550,5348.93212890625
20551,6976.26513671875
20552,6662.4609375
20553,3696.2724609375
20554,5329.5615234375
20555,5089.306640625
20556,6049.39208984375
20557,6242.6416015625
20558,8500.1904296875
20559,3814.650634765625
20560,4373.05029296875
20561,5039.951171875
20562,8317.9326171875
20563,9032.306640625
20564,7064.23388671875
20565,6467.021484375
20566,3158.206298828125
20567,5059.947265625
20568,3913.450927734375
20569,7571.1689453125
20570,8082.89013671875
20571,9865.1396484375
20572,4149.294921875
20573,5286.451171875
20574,3727.82177734375
20575,5562.68017578125
20576,9128.283203125
20577,5527.13037109375
20578,4598.98291015625
20579,4918.5185546875
20580,6452.18212890625
20581,3657.716064453125
20582,5760.34130859375
20583,3373.4921875
20584,5448.3193359375
20585,6010.34912109375
20586,4759.69921875
20587,6365.5849609375
20588,5336.8291015625
20589,5531.208984375
20590,6936.400390625
20591,5446.107421875
20592,8927.962890625
20593,5076.27392578125
20594,6945.36572265625
20595,7318.84619140625
20596,8486.5966796875
20597,5456.212890625
20598,7290.0771484375
20599,3874.708251953125
20600,3857.20703125
20601,5234.49951171875
20602,5549.68798828125
20603,7705.94873046875
20604,6290.97119140625
20605,4633.0830078125
20606,6017.4794921875
20607,6487.13232421875
20608,6523.03466796875
20609,4228.55712890625
20610,10599.3134765625
20611,4186.7138671875
20612,5943.39892578125
20613,6543.619140625
20614,4221.71142578125
20615,4302.9267578125
20616,5237.74755859375
20617,6241.5927734375
20618,5458.2041015625
20619,4461.810546875
20620,6492.04345703125
20621,6803.37109375
20622,4593.76611328125
20623,4198.3994140625
20624,6750.61376953125
20625,10648.52734375
20626,5550.85400390625
20627,4944.23388671875
20628,5050.74951171875
20629,6523.828125
20630,5222.00537109375
20631,6939.91064453125
20632,3985.91748046875
20633,6135.22021484375
20634,5194.9921875
20635,5784.3837890625
20636,9628.47265625
20637,4151.40771484375
20638,4405.73388671875
20639,4295.6767578125
20640,6849.255859375
20641,7589.2099609375
20642,4701.98095703125
20643,4579.85302734375
20644,6078.42236328125
20645,5371.4443359375
20646,4280.912109375
20647,6040.97265625
20648,6061.93505859375
20649,6374.44970703125
20650,4737.89306640625
20651,4083.442626953125
20652,5051.80810546875
20653,6511.32373046875
20654,6447.8203125
20655,6522.470703125
20656,6842.0166015625
20657,5265.53173828125
20658,8622.1572265625
20659,4917.267578125
20660,6198.99658203125
20661,7522.162109375
20662,5799.4775390625
20663,8343.115234375
20664,6200.58837890625
20665,6084.685546875
20666,4984.33642578125
20667,6310.1845703125
20668,6376.2783203125
20669,5825.908203125
20670,4028.287353515625
20671,6101.669921875
20672,6718.669921875
20673,4323.51904296875
20674,3565.427490234375
20675,7443.6748046875
20676,5922.6357421875
20677,5833.8662109375
20678,4764.61767578125
20679,4770.53515625
20680,6671.240234375
20681,5918.9716796875
20682,5431.77294921875
20683,4337.4140625
20684,4801.16015625
20685,5819.37060546875
20686,2484.47412109375
20687,5647.73583984375
20688,4335.083984375
20689,6945.63916015625
20690,6848.4013671875
20691,5962.4599609375
20692,10021.427734375
20693,4451.92529296875
20694,4746.697265625
20695,9743.1328125
20696,5954.41796875
20697,6874.564453125
20698,6503.685546875
20699,4298.2314453125
20700,5223.494140625
20701,4872.18115234375
20702,7541.1396484375
20703,9446.955078125
20704,6980.27294921875
20705,2286.315673828125
20706,3311.922119140625
20707,6761.25927734375
20708,6849.6328125
20709,4931.8330078125
20710,5557.22216796875
20711,4266.46142578125
20712,4320.6650390625
20713,4048.830322265625
20714,4782.9365234375
20715,5143.0908203125
20716,6113.19970703125
20717,5312.5166015625
20718,6154.32177734375
20719,7328.5419921875
20720,6601.611328125
20721,6420.61181640625
20722,3550.264404296875
20723,8362.7470703125
20724,7895.52099609375
20725,5269.4296875
20726,6718.37841796875
20727,5386.65234375
20728,6466.009765625
20729,3325.611572265625
20730,5435.3212890625
20731,4158.40185546875
20732,7510.84423828125
20733,6615.935546875
20734,6719.5634765625
20735,7090.513671875
20736,5255.306640625
20737,7024.33740234375
20738,16831.080078125
20739,7373.54833984375
20740,5754.7109375
20741,3090.181640625
20742,5491.25537109375
20743,6485.29931640625
20744,5311.0224609375
20745,11780.8701171875
20746,14706.2958984375
20747,3998.999755859375
20748,4733.369140625
20749,9377.8818359375
20750,3932.984375
20751,6868.685546875
20752,5073.01416015625
20753,6835.96044921875
20754,5169.9814453125
20755,7339.873046875
20756,4455.951171875
20757,6577.00244140625
20758,8331.953125
20759,6083.00634765625
20760,5016.09423828125
20761,6589.3828125
20762,3960.186767578125
20763,4528.26708984375
20764,7486.89453125
20765,4747.48681640625
20766,4984.66748046875
20767,5786.11572265625
20768,5352.1181640625
20769,5868.3056640625
20770,6618.61669921875
20771,6512.12060546875
20772,7975.8759765625
20773,10715.24609375
20774,6753.44677734375
20775,4539.56298828125
20776,2609.02880859375
20777,5420.6767578125
20778,5314.5517578125
20779,5218.939453125
20780,4334.7392578125
20781,6496.17431640625
20782,5392.0634765625
20783,8402.70703125
20784,6184.59765625
20785,4905.0185546875
20786,4789.75390625
20787,4291.89599609375
20788,7948.18017578125
20789,5054.13671875
20790,6779.373046875
20791,14476.515625
20792,6284.24365234375
20793,6632.21044921875
20794,4293.90673828125
20795,4123.94580078125
20796,6502.96240234375
20797,4400.51220703125
20798,5013.33056640625
20799,9484.8271484375
20800,4907.72412109375
20801,12886.8935546875
20802,11243.8056640625
20803,4722.74169921875
20804,5275.62255859375
20805,4768.111328125
20806,5228.9072265625
20807,4926.255859375
20808,8897.138671875
20809,5396.05810546875
20810,8483.6328125
20811,4382.61865234375
20812,7489.66455078125
20813,4616.55712890625
20814,7871.86474609375
20815,5853.9873046875
20816,5761.2099609375
20817,5352.328125
20818,6021.14501953125
20819,7111.5439453125
20820,8456.984375
20821,4700.7939453125
20822,8496.2314453125
20823,5177.72705078125
20824,9620.6611328125
20825,4187.14697265625
20826,4829.65283203125
20827,4258.60009765625
20828,7018.125
20829,4906.50537109375
20830,6313.51123046875
20831,5513.22900390625
20832,7193.78564453125
20833,4311.076171875
20834,7303.06640625
20835,6282.12109375
20836,3019.9130859375
20837,10981.3779296875
20838,14794.5478515625
20839,5792.80126953125
20840,6283.0693359375
20841,7562.4775390625
20842,8735.9111328125
20843,8452.751953125
20844,5210.31640625
20845,6887.37060546875
20846,5494.97705078125
20847,6899.8994140625
20848,3819.449462890625
20849,5995.42578125
20850,4212.38916015625
20851,5552.40576171875
20852,6459.267578125
20853,4572.86083984375
20854,4029.58837890625
20855,5521.46337890625
20856,3850.143798828125
20857,3838.214599609375
20858,5458.1337890625
20859,5776.876953125
20860,7204.818359375
20861,7517.04638671875
20862,7573.10986328125
20863,5783.1689453125
20864,5554.708984375
20865,9462.0703125
20866,6345.1875
20867,4423.44189453125
20868,4707.7421875
20869,9310.3154296875
20870,3605.886474609375
20871,6246.7080078125
20872,3218.223388671875
20873,4682.95263671875
20874,8060.69384765625
20875,5779.10498046875
20876,4511.17138671875
20877,7779.62109375
20878,8771.3115234375
20879,12156.0615234375
20880,5751.14306640625
20881,7995.974609375
20882,3411.419189453125
20883,4591.75048828125
20884,5650.1611328125
20885,3003.90625
20886,7215.36669921875
20887,4769.515625
20888,6215.4228515625
20889,7851.626953125
20890,8900.8310546875
20891,7019.52001953125
20892,5072.9501953125
20893,4286.7216796875
20894,12168.830078125
20895,6822.697265625
20896,5459.35498046875
20897,4235.5654296875
20898,6584.201171875
20899,7856.2060546875
20900,3862.857177734375
20901,5980.5830078125
20902,6594.017578125
20903,6163.17822265625
20904,11649.2294921875
20905,5826.25830078125
20906,12764.2646484375
20907,5851.0029296875
20908,4623.6201171875
20909,2942.14892578125
20910,5112.634765625
20911,4988.49609375
20912,4248.984375
20913,6628.07666015625
20914,4545.76513671875
20915,4892.27001953125
20916,5020.025390625
20917,3371.56103515625
20918,6602.22119140625
20919,6182.90234375
20920,7036.13330078125
20921,8009.63134765625
20922,4521.8505859375
20923,7212.69287109375
20924,6158.7109375
20925,5802.43896484375
20926,5162.552734375
20927,3255.038818359375
20928,9149.2001953125
20929,5731.3349609375
20930,4041.12890625
20931,6912.32666015625
20932,7543.712890625
20933,5860.84814453125
20934,5358.46923828125
20935,7659.447265625
20936,6545.4794921875
20937,5770.25732421875
20938,6758.966796875
20939,7093.7734375
20940,5191.6123046875
20941,5049.59765625
20942,4563.77490234375
20943,4414.115234375
20944,3860.84326171875
20945,4763.4453125
20946,6694.02099609375
20947,8612.087890625
20948,9599.2880859375
20949,10217.4609375
20950,7037.54638671875
20951,7713.1650390625
20952,4062.717529296875
20953,11710.6201171875
20954,10059.6494140625
20955,6322.53759765625
20956,7643.09765625
20957,6937.4521484375
20958,5001.49365234375
20959,5368.8505859375
20960,7057.48974609375
20961,6184.51953125
20962,5690.923828125
20963,5039.48974609375
20964,2389.716552734375
20965,7988.78662109375
20966,5472.20068359375
20967,3974.100830078125
20968,4024.23291015625
20969,5041.30517578125
20970,5831.3994140625
20971,6382.5009765625
20972,6353.7265625
20973,6120.27587890625
20974,4000.418701171875
20975,3792.055908203125
20976,4008.63720703125
20977,5986.4443359375
20978,15859.517578125
20979,3933.920654296875
20980,5234.0712890625
20981,6201.01708984375
20982,4402.80517578125
20983,4832.83642578125
20984,4136.8017578125
20985,3625.670166015625
20986,7316.224609375
20987,5585.15869140625
20988,3742.065673828125
20989,7794.171875
20990,4616.63720703125
20991,4066.398681640625
20992,11407.5791015625
20993,6497.88232421875
20994,9295.6171875
20995,4536.3447265625
20996,5386.25537109375
20997,4128.50244140625
20998,5350.2822265625
20999,13912.5771484375
21000,9760.689453125
21001,6160.826171875
21002,4425.31884765625
21003,4205.86083984375
21004,4831.16943359375
21005,4488.57421875
21006,9257.943359375
21007,5634.6640625
21008,4978.9423828125
21009,5896.4384765625
21010,4733.54248046875
21011,5921.60205078125
21012,5854.1982421875
21013,6000.55517578125
21014,5572.09375
21015,4248.3173828125
21016,5706.35498046875
21017,5279.38427734375
21018,8072.5654296875
21019,7096.79541015625
21020,5932.86572265625
21021,4038.773681640625
21022,7324.36572265625
21023,4605.60986328125
21024,3907.334716796875
21025,6236.35205078125
21026,6946.08935546875
21027,5771.28125
21028,5460.455078125
21029,4718.09716796875
21030,5613.56591796875
21031,4692.86865234375
21032,6911.31640625
21033,5934.85009765625
21034,5440.8271484375
21035,7407.7490234375
21036,4940.73486328125
21037,4138.15087890625
21038,9855.6240234375
21039,5581.99609375
21040,3509.140625
21041,6276.71630859375
21042,7934.7451171875
21043,8309.6962890625
21044,5497.78662109375
21045,4760.11767578125
21046,5586.5361328125
21047,6950.19921875
21048,5035.25
21049,7946.15380859375
21050,3886.479736328125
21051,4998.25634765625
21052,5619.04638671875
21053,4652.9423828125
21054,4749.10302734375
21055,5841.6630859375
21056,5775.482421875
21057,5134.3681640625
21058,7645.22802734375
21059,5616.7109375
21060,7148.2978515625
21061,4189.53466796875
21062,6215.732421875
21063,5690.39599609375
21064,5952.08642578125
21065,7886.6025390625
21066,3654.497314453125
21067,8214.384765625
21068,5556.0791015625
21069,6486.4111328125
21070,5575.9033203125
21071,3400.7041015625
21072,7622.37646484375
21073,4822.5380859375
21074,8231.8291015625
21075,5763.08349609375
21076,5224.2373046875
21077,6930.7138671875
21078,5564.44775390625
21079,4507.1630859375
21080,7469.2412109375
21081,4651.13818359375
21082,8580.76953125
21083,7765.47265625
21084,6614.35205078125
21085,3901.779052734375
21086,4806.94873046875
21087,3964.650390625
21088,3137.317626953125
21089,7929.1025390625
21090,4763.771484375
21091,7030.72998046875
21092,4282.47119140625
21093,5048.25927734375
21094,5221.12841796875
21095,7446.45068359375
21096,4104.283203125
21097,4920.00927734375
21098,4529.35302734375
21099,6592.76416015625
21100,4409.7314453125
21101,5766.36474609375
21102,6781.5537109375
21103,7677.671875
21104,5878.384765625
21105,6670.85205078125
21106,5049.75732421875
21107,4244.35546875
21108,4321.90673828125
21109,8930.181640625
21110,7000.16064453125
21111,9963.798828125
21112,14324.240234375
21113,5579.705078125
21114,3614.023193359375
21115,6111.0478515625
21116,7506.56298828125
21117,7489.8564453125
21118,6247.34765625
21119,6316.3779296875
21120,7211.771484375
21121,6870.14111328125
21122,5183.05615234375
21123,4812.37548828125
21124,5150.150390625
21125,4403.24658203125
21126,3874.104736328125
21127,5055.42919921875
21128,7310.79052734375
21129,14841.3916015625
21130,5445.75390625
21131,4767.8896484375
21132,6494.15380859375
21133,3553.608642578125
21134,6385.9580078125
21135,3892.705322265625
21136,8608.3388671875
21137,5397.52685546875
21138,5454.66064453125
21139,11165.1083984375
21140,12073.546875
21141,5357.10009765625
21142,6284.7685546875
21143,3296.358154296875
21144,4562.98828125
21145,6074.75732421875
21146,7401.037109375
21147,4545.75634765625
21148,3844.337890625
21149,4504.70556640625
21150,4450.4189453125
21151,5488.8447265625
21152,6530.91845703125
21153,3180.50390625
21154,6103.54345703125
21155,6789.91748046875
21156,5454.24951171875
21157,3977.220947265625
21158,3174.419677734375
21159,7188.931640625
21160,3853.381591796875
21161,9049.009765625
21162,3863.7880859375
21163,5067.5830078125
21164,6090.16650390625
21165,5266.2783203125
21166,3895.336669921875
21167,6038.216796875
21168,5676.716796875
21169,8594.5068359375
21170,7642.3994140625
21171,4958.4833984375
21172,4105.5283203125
21173,5493.111328125
21174,4691.93017578125
21175,5415.44091796875
21176,4816.87890625
21177,5557.1435546875
21178,9867.3291015625
21179,6341.72119140625
21180,5519.90283203125
21181,6632.20947265625
21182,4372.650390625
21183,8175.96240234375
21184,4674.1865234375
21185,10760.494140625
21186,5296.8486328125
21187,4389.125
21188,3840.72021484375
21189,2777.224853515625
21190,6513.3330078125
21191,18621.654296875
21192,4464.97412109375
21193,4766.44580078125
21194,6973.4951171875
21195,6190.884765625
21196,8003.73291015625
21197,6992.40625
21198,5227.83056640625
21199,4820.89990234375
21200,4463.3251953125
21201,8651.7109375
21202,5248.42626953125
21203,6731.56982421875
21204,8172.5390625
21205,4704.37451171875
21206,7894.63916015625
21207,5505.5830078125
21208,4107.77294921875
21209,8224.1611328125
21210,8524.228515625
21211,4597.20458984375
21212,6976.48046875
21213,5841.02734375
21214,4690.1025390625
21215,8191.21337890625
21216,5963.86328125
21217,7015.04248046875
21218,4443.52880859375
21219,4530.6796875
21220,6066.54833984375
21221,4099.57861328125
21222,6563.31982421875
21223,4160.40234375
21224,6286.064453125
21225,5051.88525390625
21226,5172.26708984375
21227,5515.251953125
21228,5983.10986328125
21229,5750.6904296875
21230,7380.3251953125
21231,5406.06640625
21232,7074.74755859375
21233,5810.4892578125
21234,6953.2734375
21235,8446.337890625
21236,7839.56591796875
21237,2887.91357421875
21238,5710.80810546875
21239,6479.66650390625
21240,5723.11083984375
21241,11024.4248046875
21242,6171.37744140625
21243,7272.18212890625
21244,8963.0234375
21245,6818.42578125
21246,3805.677734375
21247,17971.388671875
21248,8861.390625
21249,5076.56201171875
21250,6279.73388671875
21251,8949.85546875
21252,5323.14794921875
21253,6034.70263671875
21254,6092.86328125
21255,4852.869140625
21256,4822.83935546875
21257,6108.84375
21258,4211.720703125
21259,6240.12255859375
21260,6207.4462890625
21261,5530.28564453125
21262,6463.01171875
21263,4619.18310546875
21264,5444.4326171875
21265,4225.896484375
21266,6441.84033203125
21267,5827.658203125
21268,5391.8232421875
21269,6912.49267578125
21270,5952.09326171875
21271,8993.314453125
21272,4863.72314453125
21273,5314.09521484375
21274,5415.4736328125
21275,6940.02734375
21276,6255.25048828125
21277,4001.0205078125
21278,4557.859375
21279,6315.07080078125
21280,7175.01953125
21281,5416.73046875
21282,7044.4697265625
21283,5700.115234375
21284,4597.2236328125
21285,4551.36865234375
21286,3611.5712890625
21287,5989.09228515625
21288,5661.35595703125
21289,5693.4111328125
21290,7876.87939453125
21291,6961.31005859375
21292,4763.70263671875
21293,8142.23095703125
21294,4709.35107421875
21295,2403.8310546875
21296,6248.35693359375
21297,8643.6640625
21298,6410.19287109375
21299,6198.19775390625
21300,3592.524658203125
21301,5632.70166015625
21302,6282.33447265625
21303,5267.52783203125
21304,6883.45654296875
21305,4300.65869140625
21306,4762.81103515625
21307,5108.48828125
21308,5224.89404296875
21309,5018.31689453125
21310,4234.4140625
21311,4181.572265625
21312,3760.637939453125
21313,6042.74951171875
21314,6947.62158203125
21315,4222.30908203125
21316,5818.6328125
21317,5987.94140625
21318,5121.0458984375
21319,4904.55126953125
21320,7413.5537109375
21321,7879.5205078125
21322,4640.23095703125
21323,3794.93017578125
21324,9305.46875
21325,5212.0244140625
21326,5486.33251953125
21327,6985.05859375
21328,6334.0498046875
21329,5859.23095703125
21330,5135.56005859375
21331,6338.0419921875
21332,7414.7744140625
21333,11839.560546875
21334,4860.06884765625
21335,4805.208984375
21336,4469.08740234375
21337,6210.69140625
21338,5571.99560546875
21339,7133.53955078125
21340,6849.71337890625
21341,4914.44873046875
21342,3782.5322265625
21343,5255.1123046875
21344,10502.7080078125
21345,4330.42138671875
21346,5723.80078125
21347,4013.807861328125
21348,5566.02783203125
21349,7086.96240234375
21350,6487.775390625
21351,6860.20263671875
21352,5386.61083984375
21353,3578.767578125
21354,5253.39453125
21355,6879.0546875
21356,7814.7294921875
21357,6425.95068359375
21358,6519.0625
21359,5181.97607421875
21360,3496.201171875
21361,9408.9541015625
21362,3818.229736328125
21363,9206.220703125
21364,5068.666015625
21365,3536.105224609375
21366,6663.564453125
21367,6293.2802734375
21368,8338.4716796875
21369,7602.82861328125
21370,4749.51318359375
21371,4169.24462890625
21372,5843.5654296875
21373,7114.0205078125
21374,7242.90869140625
21375,3549.1328125
21376,5063.8466796875
21377,5211.6064453125
21378,5491.52978515625
21379,5011.35791015625
21380,8537.5244140625
21381,8056.88623046875
21382,11429.28125
21383,4350.28857421875
21384,5563.0078125
21385,10486.466796875
21386,10530.103515625
21387,4057.640869140625
21388,9008.9541015625
21389,5419.75634765625
21390,4199.98974609375
21391,4898.7216796875
21392,5259.22216796875
21393,4643.76025390625
21394,5861.1044921875
21395,5019.2568359375
21396,5004.453125
21397,7166.1103515625
21398,5870.17822265625
21399,21852.10546875
21400,5478.7802734375
21401,0.0
21402,0.0
21403,0.0
21404,0.0
21405,0.0
21406,0.0
21407,0.0
21408,0.0
21409,0.0
21410,0.0
21411,0.0
21412,0.0
21413,0.0
21414,0.0
21415,0.0
21416,0.0
21417,0.0
21418,0.0
21419,0.0
21420,0.0
21421,0.0
21422,0.0
21423,0.0
21424,0.0
21425,0.0
21426,0.0
21427,0.0
21428,0.0
21429,0.0
21430,0.0
21431,0.0
21432,0.0
21433,0.0
21434,0.0
21435,0.0
21436,0.0
21437,0.0
21438,0.0
21439,0.0
21440,0.0
21441,0.0
21442,0.0
21443,0.0
21444,0.0
21445,0.0
21446,0.0
21447,0.0
21448,0.0
21449,0.0
21450,0.0
21451,0.0
21452,0.0
21453,0.0
21454,0.0
21455,0.0
21456,0.0
21457,0.0
21458,0.0
21459,0.0
21460,0.0
21461,0.0
21462,0.0
21463,0.0
21464,0.0
21465,0.0
21466,0.0
21467,0.0
21468,0.0
21469,0.0
21470,0.0
21471,0.0
21472,0.0
21473,0.0
21474,0.0
21475,0.0
21476,0.0
21477,0.0
21478,0.0
21479,0.0
21480,0.0
21481,0.0
21482,0.0
21483,0.0
21484,0.0
21485,0.0
21486,0.0
21487,0.0
21488,0.0
21489,0.0
21490,0.0
21491,0.0
21492,4562.3857421875
21493,0.0
21494,0.0
21495,0.0
21496,0.0
21497,0.0
21498,0.0
21499,0.0
21500,0.0
21501,0.0
21502,0.0
21503,0.0
21504,0.0
21505,0.0
21506,0.0
21507,0.0
21508,0.0
21509,0.0
21510,0.0
21511,0.0
21512,0.0
21513,0.0
21514,0.0
21515,0.0
21516,0.0
21517,0.0
21518,0.0
21519,0.0
21520,0.0
21521,0.0
21522,0.0
21523,0.0
21524,0.0
21525,0.0
21526,0.0
21527,0.0
21528,0.0
21529,0.0
21530,0.0
21531,0.0
21532,0.0
21533,0.0
21534,0.0
21535,0.0
21536,0.0
21537,0.0
21538,0.0
21539,0.0
21540,0.0
21541,0.0
21542,0.0
21543,0.0
21544,0.0
21545,0.0
21546,0.0
21547,0.0
21548,0.0
21549,0.0
21550,0.0
21551,0.0
21552,0.0
21553,0.0
21554,0.0
21555,0.0
21556,0.0
21557,0.0
21558,0.0
21559,0.0
21560,3454.482421875
21561,0.0
21562,0.0
21563,0.0
21564,0.0
21565,0.0
21566,0.0
21567,0.0
21568,0.0
21569,0.0
21570,0.0
21571,0.0
21572,0.0
21573,0.0
21574,0.0
21575,0.0
21576,0.0
21577,0.0
21578,0.0
21579,0.0
21580,0.0
21581,0.0
21582,0.0
21583,0.0
21584,0.0
21585,0.0
21586,0.0
21587,0.0
21588,0.0
21589,0.0
21590,0.0
21591,0.0
21592,0.0
21593,0.0
21594,0.0
21595,0.0
21596,0.0
21597,0.0
21598,0.0
21599,0.0
21600,0.0
21601,16944.287109375
21602,24366.732421875
21603,0.0
21604,0.0
21605,0.0
21606,0.0
21607,0.0
21608,0.0
21609,0.0
21610,7976.4130859375
21611,0.0
21612,0.0
21613,0.0
21614,0.0
21615,0.0
21616,0.0
21617,0.0
21618,0.0
21619,0.0
21620,0.0
21621,0.0
21622,0.0
21623,0.0
21624,0.0
21625,0.0
21626,0.0
21627,0.0
21628,0.0
21629,4889.52978515625
21630,0.0
21631,0.0
21632,0.0
21633,0.0
21634,0.0
21635,0.0
21636,0.0
21637,0.0
21638,0.0
21639,3828.74609375
21640,0.0
21641,0.0
21642,0.0
21643,0.0
21644,0.0
21645,0.0
21646,0.0
21647,0.0
21648,0.0
21649,0.0
21650,0.0
21651,0.0
21652,0.0
21653,0.0
21654,0.0
21655,0.0
21656,0.0
21657,8268.318359375
21658,0.0
21659,0.0
21660,0.0
21661,0.0
21662,0.0
21663,0.0
21664,0.0
21665,0.0
21666,0.0
21667,0.0
21668,0.0
21669,0.0
21670,0.0
21671,0.0
21672,0.0
21673,0.0
21674,9614.2236328125
21675,0.0
21676,0.0
21677,0.0
21678,0.0
21679,0.0
21680,0.0
21681,0.0
21682,0.0
21683,0.0
21684,0.0
21685,0.0
21686,0.0
21687,0.0
21688,0.0
21689,0.0
21690,0.0
21691,0.0
21692,0.0
21693,0.0
21694,0.0
21695,0.0
21696,0.0
21697,0.0
21698,0.0
21699,0.0
21700,0.0
21701,0.0
21702,0.0
21703,0.0
21704,0.0
21705,0.0
21706,0.0
21707,0.0
21708,0.0
21709,0.0
21710,0.0
21711,0.0
21712,0.0
21713,0.0
21714,0.0
21715,0.0
21716,0.0
21717,0.0
21718,0.0
21719,0.0
21720,0.0
21721,0.0
21722,0.0
21723,0.0
21724,0.0
21725,0.0
21726,0.0
21727,0.0
21728,0.0
21729,0.0
21730,0.0
21731,0.0
21732,0.0
21733,0.0
21734,0.0
21735,0.0
21736,2319.85009765625
21737,0.0
21738,0.0
21739,0.0
21740,0.0
21741,0.0
21742,0.0
21743,0.0
21744,0.0
21745,0.0
21746,0.0
21747,0.0
21748,0.0
21749,0.0
21750,5952.23388671875
21751,0.0
21752,0.0
21753,0.0
21754,0.0
21755,0.0
21756,0.0
21757,0.0
21758,0.0
21759,0.0
21760,0.0
21761,0.0
21762,0.0
21763,0.0
21764,0.0
21765,0.0
21766,0.0
21767,0.0
21768,0.0
21769,0.0
21770,0.0
21771,0.0
21772,0.0
21773,0.0
21774,0.0
21775,0.0
21776,0.0
21777,0.0
21778,0.0
21779,0.0
21780,0.0
21781,0.0
21782,0.0
21783,0.0
21784,0.0
21785,0.0
21786,0.0
21787,0.0
21788,0.0
21789,0.0
21790,0.0
21791,0.0
21792,0.0
21793,8310.421875
21794,0.0
21795,0.0
21796,0.0
21797,0.0
21798,0.0
21799,0.0
21800,0.0
21801,0.0
21802,0.0
21803,3184.79296875
21804,0.0
21805,0.0
21806,0.0
21807,6362.65234375
21808,0.0
21809,0.0
21810,0.0
21811,0.0
21812,0.0
21813,0.0
21814,0.0
21815,0.0
21816,0.0
21817,0.0
21818,0.0
21819,0.0
21820,0.0
21821,0.0
21822,0.0
21823,0.0
21824,0.0
21825,0.0
21826,0.0
21827,0.0
21828,0.0
21829,0.0
21830,0.0
21831,0.0
21832,0.0
21833,0.0
21834,19154.98828125
21835,0.0
21836,0.0
21837,0.0
21838,0.0
21839,0.0
21840,0.0
21841,0.0
21842,0.0
21843,0.0
21844,0.0
21845,0.0
21846,0.0
21847,0.0
21848,6692.45947265625
21849,0.0
21850,0.0
21851,0.0
21852,0.0
21853,0.0
21854,0.0
21855,0.0
21856,0.0
21857,0.0
21858,0.0
21859,0.0
21860,0.0
21861,0.0
21862,0.0
21863,0.0
21864,0.0
21865,0.0
21866,0.0
21867,0.0
21868,0.0
21869,0.0
21870,0.0
21871,0.0
21872,0.0
21873,0.0
21874,0.0
21875,0.0
21876,0.0
21877,0.0
21878,0.0
21879,0.0
21880,0.0
21881,0.0
21882,0.0
21883,0.0
21884,0.0
21885,0.0
21886,0.0
21887,0.0
21888,0.0
21889,0.0
21890,0.0
21891,0.0
21892,0.0
21893,0.0
21894,0.0
21895,0.0
21896,0.0
21897,0.0
21898,0.0
21899,0.0
21900,0.0
21901,0.0
21902,0.0
21903,0.0
21904,0.0
21905,0.0
21906,0.0
21907,0.0
21908,0.0
21909,0.0
21910,0.0
21911,0.0
21912,0.0
21913,0.0
21914,0.0
21915,0.0
21916,0.0
21917,0.0
21918,0.0
21919,0.0
21920,0.0
21921,0.0
21922,0.0
21923,13503.609375
21924,0.0
21925,0.0
21926,0.0
21927,0.0
21928,0.0
21929,0.0
21930,0.0
21931,0.0
21932,0.0
21933,0.0
21934,0.0
21935,0.0
21936,0.0
21937,0.0
21938,0.0
21939,0.0
21940,0.0
21941,0.0
21942,0.0
21943,0.0
21944,0.0
21945,0.0
21946,0.0
21947,0.0
21948,0.0
21949,0.0
21950,0.0
21951,0.0
21952,0.0
21953,0.0
21954,0.0
21955,0.0
21956,0.0
21957,0.0
21958,0.0
21959,0.0
21960,0.0
21961,0.0
21962,0.0
21963,0.0
21964,0.0
21965,0.0
21966,0.0
21967,4621.66943359375
21968,15860.47265625
21969,0.0
21970,0.0
21971,0.0
21972,0.0
21973,0.0
21974,0.0
21975,0.0
21976,0.0
21977,0.0
21978,0.0
21979,0.0
21980,0.0
21981,0.0
21982,0.0
21983,0.0
21984,0.0
21985,0.0
21986,0.0
21987,0.0
21988,0.0
21989,0.0
21990,0.0
21991,0.0
21992,0.0
21993,0.0
21994,0.0
21995,0.0
21996,11469.521484375
21997,0.0
21998,0.0
21999,0.0
22000,0.0
22001,0.0
22002,0.0
22003,0.0
22004,0.0
22005,0.0
22006,0.0
22007,0.0
22008,0.0
22009,0.0
22010,0.0
22011,0.0
22012,0.0
22013,0.0
22014,0.0
22015,0.0
22016,0.0
22017,0.0
22018,0.0
22019,0.0
22020,0.0
22021,0.0
22022,0.0
22023,0.0
22024,0.0
22025,0.0
22026,0.0
22027,0.0
22028,0.0
22029,0.0
22030,0.0
22031,0.0
22032,0.0
22033,0.0
22034,0.0
22035,0.0
22036,0.0
22037,0.0
22038,0.0
22039,0.0
22040,0.0
22041,0.0
22042,0.0
22043,0.0
22044,0.0
22045,0.0
22046,0.0
22047,0.0
22048,0.0
22049,0.0
22050,0.0
22051,0.0
22052,0.0
22053,0.0
22054,0.0
22055,0.0
22056,0.0
22057,0.0
22058,0.0
22059,0.0
22060,0.0
22061,0.0
22062,0.0
22063,0.0
22064,0.0
22065,0.0
22066,2757.42333984375
22067,0.0
22068,0.0
22069,0.0
22070,2401.196533203125
22071,0.0
22072,0.0
22073,0.0
22074,0.0
22075,0.0
22076,0.0
22077,0.0
22078,0.0
22079,0.0
22080,0.0
22081,0.0
22082,0.0
22083,0.0
22084,0.0
22085,0.0
22086,0.0
22087,0.0
22088,0.0
22089,0.0
22090,0.0
22091,0.0
22092,0.0
22093,0.0
22094,0.0
22095,0.0
22096,0.0
22097,0.0
22098,0.0
22099,0.0
22100,0.0
22101,0.0
22102,0.0
22103,0.0
22104,0.0
22105,0.0
22106,0.0
22107,0.0
22108,0.0
22109,0.0
22110,0.0
22111,0.0
22112,0.0
22113,0.0
22114,0.0
22115,0.0
22116,0.0
22117,0.0
22118,0.0
22119,0.0
22120,0.0
22121,3737.809326171875
22122,0.0
22123,0.0
22124,0.0
22125,0.0
22126,0.0
22127,0.0
22128,0.0
22129,0.0
22130,0.0
22131,0.0
22132,0.0
22133,0.0
22134,0.0
22135,0.0
22136,11559.84375
22137,0.0
22138,0.0
22139,0.0
22140,0.0
22141,0.0
22142,0.0
22143,0.0
22144,0.0
22145,0.0
22146,0.0
22147,0.0
22148,0.0
22149,0.0
22150,0.0
22151,0.0
22152,0.0
22153,0.0
22154,0.0
22155,0.0
22156,0.0
22157,0.0
22158,0.0
22159,0.0
22160,0.0
22161,0.0
22162,0.0
22163,0.0
22164,0.0
22165,0.0
22166,0.0
22167,0.0
22168,0.0
22169,0.0
22170,0.0
22171,0.0
22172,0.0
22173,0.0
22174,0.0
22175,0.0
22176,0.0
22177,0.0
22178,0.0
22179,0.0
22180,0.0
22181,0.0
22182,0.0
22183,0.0
22184,0.0
22185,0.0
22186,0.0
22187,0.0
22188,0.0
22189,0.0
22190,0.0
22191,0.0
22192,0.0
22193,0.0
22194,0.0
22195,0.0
22196,0.0
22197,0.0
22198,0.0
22199,0.0
22200,5028.49755859375
22201,0.0
22202,0.0
22203,0.0
22204,0.0
22205,0.0
22206,0.0
22207,0.0
22208,0.0
22209,0.0
22210,0.0
22211,0.0
22212,0.0
22213,0.0
22214,0.0
22215,0.0
22216,0.0
22217,0.0
22218,0.0
22219,0.0
22220,0.0
22221,0.0
22222,0.0
22223,0.0
22224,0.0
22225,0.0
22226,0.0
22227,0.0
22228,0.0
22229,0.0
22230,0.0
22231,0.0
22232,0.0
22233,0.0
22234,0.0
22235,0.0
22236,0.0
22237,0.0
22238,0.0
22239,0.0
22240,0.0
22241,13699.4736328125
22242,6193.8486328125
22243,0.0
22244,0.0
22245,0.0
22246,0.0
22247,0.0
22248,0.0
22249,0.0
22250,0.0
22251,0.0
22252,0.0
22253,0.0
22254,0.0
22255,0.0
22256,0.0
22257,4021.874755859375
22258,3635.44189453125
22259,6556.6494140625
22260,3521.591064453125
22261,5541.11279296875
22262,4350.39013671875
22263,5378.890625
22264,6601.89013671875
22265,4140.033203125
22266,2987.428466796875
22267,5833.87890625
22268,4842.71240234375
22269,4010.669677734375
22270,5761.3466796875
22271,5447.10009765625
22272,3224.215576171875
22273,3950.05419921875
22274,6251.048828125
22275,7681.18896484375
22276,5870.1103515625
22277,7506.328125
22278,2976.516845703125
22279,5382.1923828125
22280,2227.64501953125
22281,7884.09033203125
22282,7334.28466796875
22283,8868.001953125
22284,5528.26806640625
22285,4111.3837890625
22286,4994.7265625
22287,5779.7470703125
22288,7859.4658203125
22289,3630.890625
22290,5002.60009765625
22291,4799.505859375
22292,5390.916015625
22293,2621.604248046875
22294,6864.25146484375
22295,4017.806884765625
22296,6696.841796875
22297,6218.01953125
22298,3479.424072265625
22299,7697.58544921875
22300,5894.86669921875
22301,5177.82421875
22302,3736.284912109375
22303,7169.197265625
22304,10046.4150390625
22305,5758.69189453125
22306,5502.14453125
22307,8298.5048828125
22308,6810.05078125
22309,5318.25048828125
22310,5089.486328125
22311,2218.7734375
22312,3055.95849609375
22313,4366.67578125
22314,6288.22802734375
22315,8101.2919921875
22316,6754.59130859375
22317,3922.06689453125
22318,8019.92041015625
22319,6977.0302734375
22320,4048.740234375
22321,2876.831298828125
22322,10732.7275390625
22323,3174.000732421875
22324,3973.677490234375
22325,6169.6181640625
22326,3820.73193359375
22327,5047.19287109375
22328,2537.820068359375
22329,5615.6728515625
22330,5531.3603515625
22331,4665.8642578125
22332,7820.30126953125
22333,6887.68408203125
22334,4197.439453125
22335,3500.256591796875
22336,7458.77001953125
22337,12661.5625
22338,5345.52392578125
22339,3431.7392578125
22340,6426.39208984375
22341,5719.35498046875
22342,5821.98095703125
22343,9558.236328125
22344,2143.58154296875
22345,7242.04736328125
22346,4903.74609375
22347,4997.12890625
22348,7259.2890625
22349,2344.9599609375
22350,3851.80126953125
22351,4667.83203125
22352,7322.58544921875
22353,6790.68212890625
22354,3656.54541015625
22355,4048.935302734375
22356,7029.95263671875
22357,5900.775390625
22358,5045.5771484375
22359,4579.0537109375
22360,4285.26416015625
22361,5283.06494140625
22362,4355.4501953125
22363,2848.412841796875
22364,5013.1669921875
22365,5971.193359375
22366,6301.345703125
22367,6571.3603515625
22368,7582.0205078125
22369,4175.005859375
22370,7544.42041015625
22371,2692.001953125
22372,3363.9208984375
22373,7427.61181640625
22374,6314.8173828125
22375,6881.46923828125
22376,9311.638671875
22377,6263.86572265625
22378,5183.52490234375
22379,6214.0458984375
22380,7423.392578125
22381,4092.643310546875
22382,3004.581787109375
22383,5235.21533203125
22384,4428.0576171875
22385,4427.41015625
22386,3145.86328125
22387,5296.64990234375
22388,6325.64501953125
22389,5425.27294921875
22390,5672.314453125
22391,2502.96044921875
22392,6066.6103515625
22393,6585.703125
22394,3202.48681640625
22395,5374.15966796875
22396,3112.74365234375
22397,5239.53125
22398,2465.427734375
22399,4146.95751953125
22400,4792.390625
22401,6555.666015625
22402,5943.05029296875
22403,6612.65673828125
22404,13048.720703125
22405,3842.137451171875
22406,5025.181640625
22407,9490.830078125
22408,5579.87744140625
22409,7660.96240234375
22410,5387.05126953125
22411,4841.94140625
22412,6379.7978515625
22413,4554.1142578125
22414,4255.599609375
22415,7588.619140625
22416,5233.50537109375
22417,1789.650390625
22418,3239.215087890625
22419,6939.939453125
22420,8262.408203125
22421,6722.04541015625
22422,5747.80126953125
22423,4007.02197265625
22424,2101.98193359375
22425,1911.58740234375
22426,3334.303955078125
22427,5362.4072265625
22428,7062.53857421875
22429,4493.619140625
22430,5168.7412109375
22431,7907.85302734375
22432,7706.40673828125
22433,7010.767578125
22434,5395.62353515625
22435,7646.54296875
22436,8146.6611328125
22437,3908.98291015625
22438,5213.564453125
22439,5264.767578125
22440,6385.22998046875
22441,3063.017822265625
22442,4881.03662109375
22443,4239.43896484375
22444,7651.99755859375
22445,5847.7197265625
22446,6876.72998046875
22447,6474.47509765625
22448,4770.7685546875
22449,7720.37060546875
22450,16368.7001953125
22451,7774.9765625
22452,3602.618896484375
22453,3986.992431640625
22454,6401.28125
22455,5621.017578125
22456,4306.546875
22457,8983.482421875
22458,13194.076171875
22459,5320.91015625
22460,3260.763916015625
22461,9687.255859375
22462,2841.61865234375
22463,4637.84326171875
22464,3183.143310546875
22465,6126.203125
22466,4735.150390625
22467,6876.73193359375
22468,5149.08935546875
22469,5451.3193359375
22470,10002.0263671875
22471,5750.125
22472,5915.3447265625
22473,6576.169921875
22474,4523.01953125
22475,5991.5322265625
22476,8864.6123046875
22477,5057.0732421875
22478,5448.263671875
22479,3845.615234375
22480,3229.638671875
22481,5512.453125
22482,4680.4208984375
22483,4662.3349609375
22484,7950.32958984375
22485,9962.5966796875
22486,7042.74951171875
22487,4265.35302734375
22488,4179.99755859375
22489,3735.320068359375
22490,3383.23681640625
22491,5918.83984375
22492,2673.0400390625
22493,6035.86474609375
22494,5177.24658203125
22495,7441.9482421875
22496,4835.49560546875
22497,4036.959228515625
22498,3059.187255859375
22499,2610.270263671875
22500,7997.63671875
22501,5766.12548828125
22502,5148.56787109375
22503,11839.7763671875
22504,7642.85009765625
22505,4670.61767578125
22506,5503.89990234375
22507,2557.4326171875
22508,3496.469482421875
22509,3975.868896484375
22510,4595.76953125
22511,8720.212890625
22512,4570.4326171875
22513,8328.34765625
22514,9036.919921875
22515,5578.34326171875
22516,4591.64111328125
22517,4458.23828125
22518,5138.3896484375
22519,4324.99560546875
22520,10816.625
22521,5458.5361328125
22522,7455.02978515625
22523,3167.0263671875
22524,5669.39111328125
22525,5491.6630859375
22526,7472.5830078125
22527,6200.953125
22528,5310.126953125
22529,6705.47265625
22530,5408.26025390625
22531,8256.505859375
22532,6573.1669921875
22533,6292.37060546875
22534,8127.20361328125
22535,6933.0830078125
22536,8107.611328125
22537,3167.140380859375
22538,5388.1162109375
22539,5190.17041015625
22540,8036.703125
22541,6503.36865234375
22542,6570.92529296875
22543,6019.29638671875
22544,6973.8251953125
22545,5141.6337890625
22546,6607.302734375
22547,6202.326171875
22548,2688.514404296875
22549,10025.3125
22550,15223.45703125
22551,6555.7607421875
22552,6273.90234375
22553,6676.40576171875
22554,7702.18115234375
22555,7353.94384765625
22556,3266.6494140625
22557,4340.00341796875
22558,5629.11083984375
22559,7650.8837890625
22560,2821.056640625
22561,4645.08642578125
22562,5210.4658203125
22563,4521.822265625
22564,3424.764892578125
22565,3302.869873046875
22566,2821.90966796875
22567,7145.890625
22568,4181.3984375
22569,4509.96435546875
22570,5289.49853515625
22571,4968.35595703125
22572,8744.892578125
22573,11728.181640625
22574,5734.15087890625
22575,7480.4111328125
22576,6253.498046875
22577,9549.16015625
22578,4512.76220703125
22579,2506.72216796875
22580,5440.5556640625
22581,11196.1513671875
22582,4169.501953125
22583,6971.3740234375
22584,2176.820556640625
22585,3359.345458984375
22586,7207.20947265625
22587,6410.84228515625
22588,5005.64208984375
22589,9263.451171875
22590,8411.9482421875
22591,8241.9296875
22592,4435.65478515625
22593,7749.7626953125
22594,1989.6695556640625
22595,3263.400634765625
22596,6230.03515625
22597,4487.2998046875
22598,10477.08984375
22599,2839.617431640625
22600,6443.140625
22601,5586.6435546875
22602,7850.8876953125
22603,7776.34033203125
22604,4883.3935546875
22605,3208.578125
22606,8910.7275390625
22607,8456.0712890625
22608,4103.0634765625
22609,5591.3798828125
22610,8402.4541015625
22611,6075.794921875
22612,4980.23388671875
22613,3582.036865234375
22614,7061.10986328125
22615,3573.692138671875
22616,11123.857421875
22617,7536.89208984375
22618,15175.576171875
22619,6685.615234375
22620,4919.8798828125
22621,2201.147216796875
22622,5813.40380859375
22623,5233.56787109375
22624,4433.00830078125
22625,9394.5859375
22626,5790.62109375
22627,2701.881591796875
22628,6410.775390625
22629,3448.713134765625
22630,6984.5302734375
22631,6919.23095703125
22632,6060.064453125
22633,8099.955078125
22634,4576.6005859375
22635,6339.21826171875
22636,6067.35009765625
22637,5219.9345703125
22638,6765.64013671875
22639,3711.302978515625
22640,8749.671875
22641,5614.39453125
22642,3298.332763671875
22643,4926.13134765625
22644,7257.05615234375
22645,5525.359375
22646,3657.856201171875
22647,5115.88427734375
22648,6079.76513671875
22649,5752.8095703125
22650,6337.84814453125
22651,8998.6435546875
22652,4144.7548828125
22653,3110.969482421875
22654,5888.78759765625
22655,5337.8837890625
22656,3213.464111328125
22657,4733.1337890625
22658,8527.91015625
22659,7036.0751953125
22660,9943.705078125
22661,7929.52587890625
22662,7840.0703125
22663,7089.7890625
22664,4500.82470703125
22665,10182.650390625
22666,7581.16650390625
22667,6409.7041015625
22668,4694.82666015625
22669,5417.13134765625
22670,4222.337890625
22671,3064.914306640625
22672,7483.96728515625
22673,7148.49267578125
22674,5387.9326171875
22675,3895.315673828125
22676,1915.73876953125
22677,6784.37255859375
22678,6161.06005859375
22679,5839.95556640625
22680,3855.56005859375
22681,5035.82177734375
22682,5346.095703125
22683,3779.96240234375
22684,9314.9306640625
22685,5203.69775390625
22686,4076.443115234375
22687,3272.357666015625
22688,2805.4267578125
22689,4435.8974609375
22690,12680.7607421875
22691,2908.496826171875
22692,5483.8544921875
22693,4783.11572265625
22694,3684.975830078125
22695,3342.3076171875
22696,5554.564453125
22697,2438.724609375
22698,8763.77734375
22699,5621.18408203125
22700,2402.676513671875
22701,7883.83447265625
22702,2306.4326171875
22703,4026.000244140625
22704,9776.1455078125
22705,6970.82470703125
22706,8193.111328125
22707,2245.39208984375
22708,4158.93017578125
22709,3738.528564453125
22710,4227.2060546875
22711,15309.2958984375
22712,11817.5634765625
22713,5771.4560546875
22714,2809.777587890625
22715,6260.71435546875
22716,4022.6474609375
22717,2707.294921875
22718,7622.7685546875
22719,4622.76318359375
22720,5026.0458984375
22721,6822.37353515625
22722,4752.68310546875
22723,4410.26611328125
22724,5526.2392578125
22725,5987.57080078125
22726,6512.10107421875
22727,2628.19873046875
22728,6022.0107421875
22729,6822.3515625
22730,7369.421875
22731,5391.32080078125
22732,6942.9453125
22733,2221.194091796875
22734,9087.1650390625
22735,4820.1357421875
22736,2974.30859375
22737,4096.6357421875
22738,4361.31787109375
22739,4112.57958984375
22740,6860.25
22741,2989.233642578125
22742,6268.09765625
22743,4790.47216796875
22744,7124.27978515625
22745,8124.5966796875
22746,4743.1748046875
22747,7434.443359375
22748,5816.59765625
22749,2644.618896484375
22750,10898.5791015625
22751,3835.555419921875
22752,3327.0703125
22753,5373.93359375
22754,9857.6376953125
22755,9448.1748046875
22756,4339.50146484375
22757,4510.2607421875
22758,5512.3828125
22759,6545.7275390625
22760,4476.0380859375
22761,7693.5947265625
22762,2949.20068359375
22763,3360.78955078125
22764,3718.79150390625
22765,2679.75244140625
22766,2821.257568359375
22767,6687.3212890625
22768,5373.34423828125
22769,6198.68994140625
22770,4663.052734375
22771,8095.9013671875
22772,7249.58935546875
22773,4415.2236328125
22774,5255.26611328125
22775,5541.8701171875
22776,6644.771484375
22777,5057.51904296875
22778,2090.95556640625
22779,6150.19970703125
22780,6157.525390625
22781,5258.80029296875
22782,5220.8896484375
22783,3129.5888671875
22784,9264.986328125
22785,2451.443115234375
22786,8786.802734375
22787,4699.19189453125
22788,4319.07763671875
22789,7333.51416015625
22790,3350.477783203125
22791,3546.1533203125
22792,8318.5859375
22793,2517.006103515625
22794,7057.78076171875
22795,7605.98095703125
22796,5977.49755859375
22797,2405.24951171875
22798,4846.60302734375
22799,3230.078125
22800,2173.010498046875
22801,4494.4404296875
22802,5401.01416015625
22803,4593.9736328125
22804,4835.12841796875
22805,4533.57275390625
22806,4057.306396484375
22807,7387.4853515625
22808,5226.9853515625
22809,5674.373046875
22810,4386.82080078125
22811,4899.337890625
22812,5711.7685546875
22813,6252.94873046875
22814,7259.7265625
22815,6854.10009765625
22816,7489.11328125
22817,5276.65966796875
22818,5114.35888671875
22819,2989.7822265625
22820,5218.4189453125
22821,8489.8935546875
22822,5240.4169921875
22823,7364.90869140625
22824,12976.044921875
22825,2638.462646484375
22826,4722.5126953125
22827,3769.220458984375
22828,7993.24169921875
22829,9499.91796875
22830,7192.1826171875
22831,6925.837890625
22832,7375.8369140625
22833,6172.95849609375
22834,6044.1533203125
22835,4752.99658203125
22836,3112.44677734375
22837,4674.80419921875
22838,3038.169921875
22839,3155.6796875
22840,6690.6767578125
22841,17412.798828125
22842,5465.99560546875
22843,3526.871826171875
22844,4132.83447265625
22845,4517.69580078125
22846,6298.04248046875
22847,2556.870361328125
22848,6033.74951171875
22849,6854.04931640625
22850,3587.5185546875
22851,10517.556640625
22852,10576.3984375
22853,3771.268798828125
22854,4400.37646484375
22855,4178.9326171875
22856,3273.43701171875
22857,5370.111328125
22858,8158.923828125
22859,3588.977783203125
22860,4653.63671875
22861,3237.04052734375
22862,4436.9931640625
22863,3797.891357421875
22864,7140.48779296875
22865,3040.430419921875
22866,8030.70166015625
22867,5423.2314453125
22868,4308.08740234375
22869,4043.382080078125
22870,3341.544189453125
22871,4680.73046875
22872,3319.31982421875
22873,9131.7568359375
22874,4182.29248046875
22875,3789.03076171875
22876,6165.46240234375
22877,4730.62841796875
22878,5332.00439453125
22879,4333.84716796875
22880,5601.1103515625
22881,8031.02392578125
22882,5955.22265625
22883,6006.8564453125
22884,3537.5419921875
22885,4250.916015625
22886,4130.98046875
22887,3739.96337890625
22888,3757.279296875
22889,4782.64599609375
22890,10758.046875
22891,6745.97021484375
22892,4451.12548828125
22893,5239.84130859375
22894,3527.972900390625
22895,6700.5537109375
22896,5381.794921875
22897,8246.6884765625
22898,6194.88134765625
22899,4612.3408203125
22900,2982.276123046875
22901,1947.6064453125
22902,3880.91845703125
22903,20273.611328125
22904,2256.29736328125
22905,4748.33056640625
22906,5527.78857421875
22907,6979.88671875
22908,6494.7607421875
22909,7697.333984375
22910,5251.66650390625
22911,5935.38671875
22912,2433.745361328125
22913,7397.39892578125
22914,3828.33837890625
22915,6343.67578125
22916,8948.505859375
22917,3800.606201171875
22918,7710.1982421875
22919,7049.3212890625
22920,3464.785888671875
22921,6292.75732421875
22922,6435.81396484375
22923,2910.546142578125
22924,8422.5869140625
22925,5916.634765625
22926,5196.6708984375
22927,8528.6865234375
22928,8036.19970703125
22929,5920.0234375
22930,4212.67236328125
22931,3665.529541015625
22932,5389.8876953125
22933,3380.39501953125
22934,5848.0634765625
22935,2743.872314453125
22936,5573.30126953125
22937,2763.3271484375
22938,5910.01513671875
22939,5138.16845703125
22940,4239.01904296875
22941,4830.1337890625
22942,7892.2353515625
22943,5517.42626953125
22944,6862.8251953125
22945,4932.64306640625
22946,5411.8681640625
22947,9114.8505859375
22948,7201.06640625
22949,4123.04833984375
22950,4671.62158203125
22951,4981.5341796875
22952,4459.365234375
22953,11962.447265625
22954,6672.1865234375
22955,6507.98095703125
22956,8369.560546875
22957,6226.193359375
22958,2545.61376953125
22959,13853.37109375
22960,7941.931640625
22961,6339.494140625
22962,6937.6396484375
22963,6720.14453125
22964,7416.9599609375
22965,5250.05517578125
22966,3740.07080078125
22967,2887.315185546875
22968,4188.38037109375
22969,7107.3125
22970,2274.1533203125
22971,7413.63720703125
22972,6770.7177734375
22973,4471.62841796875
22974,6703.10205078125
22975,4666.16845703125
22976,6076.39306640625
22977,3782.721435546875
22978,4414.4912109375
22979,4588.4716796875
22980,3869.798095703125
22981,6377.2236328125
22982,5685.34130859375
22983,7313.68115234375
22984,5547.26904296875
22985,4348.431640625
22986,5866.966796875
22987,6545.970703125
22988,5957.92529296875
22989,3009.282958984375
22990,3922.87890625
22991,8469.064453125
22992,6003.26611328125
22993,3662.326904296875
22994,7304.08740234375
22995,6467.826171875
22996,4325.67138671875
22997,4687.89013671875
22998,1499.1806640625
22999,6170.09130859375
23000,5820.33544921875
23001,4656.79150390625
23002,8583.357421875
23003,6459.43212890625
23004,3385.474365234375
23005,5973.45263671875
23006,4092.72607421875
23007,627.2024536132812
23008,5565.9306640625
23009,7243.90478515625
23010,5667.50244140625
23011,4061.744384765625
23012,2553.28076171875
23013,4750.06103515625
23014,6372.4501953125
23015,5151.94287109375
23016,7819.00634765625
23017,3638.876708984375
23018,4387.29345703125
23019,3395.924072265625
23020,6028.75341796875
23021,2742.372314453125
23022,2421.416259765625
23023,4622.16650390625
23024,3562.141845703125
23025,6267.40673828125
23026,4299.14990234375
23027,4939.5087890625
23028,5021.0439453125
23029,7459.66455078125
23030,4767.455078125
23031,3315.9580078125
23032,9409.607421875
23033,6326.8818359375
23034,5929.384765625
23035,2066.5751953125
23036,4523.20751953125
23037,5912.17919921875
23038,3706.203857421875
23039,8245.662109375
23040,8025.95654296875
23041,5979.95361328125
23042,6286.76220703125
23043,5492.884765625
23044,6889.0029296875
23045,11420.232421875
23046,3298.651123046875
23047,4684.13818359375
23048,4878.099609375
23049,5170.89208984375
23050,5756.56884765625
23051,8055.85400390625
23052,4873.9287109375
23053,5782.50634765625
23054,2509.54248046875
23055,5261.96630859375
23056,7617.54345703125
23057,2990.944580078125
23058,6232.81689453125
23059,3131.72900390625
23060,6410.9384765625
23061,4837.99853515625
23062,4912.1103515625
23063,5068.087890625
23064,4228.64013671875
23065,5198.154296875
23066,6297.73486328125
23067,4730.072265625
23068,8177.896484375
23069,6012.1513671875
23070,8675.0869140625
23071,4977.4736328125
23072,3405.903076171875
23073,7670.2958984375
23074,2601.522705078125
23075,8498.5693359375
23076,5554.77978515625
23077,5051.82177734375
23078,6931.84521484375
23079,4401.109375
23080,6705.03125
23081,6291.3017578125
23082,2553.119384765625
23083,2292.031982421875
23084,5723.69384765625
23085,5550.8798828125
23086,6959.8330078125
23087,5211.5888671875
23088,4738.19775390625
23089,3595.2001953125
23090,5794.2041015625
23091,2904.216796875
23092,9347.8857421875
23093,7441.970703125
23094,12597.4462890625
23095,4967.07421875
23096,4590.63330078125
23097,9082.3408203125
23098,7873.24951171875
23099,2932.120361328125
23100,7122.05810546875
23101,4649.1494140625
23102,5263.9345703125
23103,5165.66796875
23104,5159.51708984375
23105,3882.8271484375
23106,5454.31787109375
23107,3723.212890625
23108,2507.31201171875
23109,7201.869140625
23110,5865.83154296875
23111,22862.4140625
23112,6378.1396484375
23113,4297.19775390625
23114,6825.3896484375
23115,10694.7421875
23116,6049.109375
23117,7614.52783203125
23118,5930.5986328125
23119,7699.93505859375
23120,7520.0361328125
23121,5595.73046875
23122,5651.533203125
23123,7766.3583984375
23124,7450.470703125
23125,7967.60595703125
23126,9653.6484375
23127,6506.97412109375
23128,5476.64697265625
23129,6764.91943359375
23130,10241.8173828125
23131,9738.0771484375
23132,9267.49609375
23133,8364.6591796875
23134,4790.826171875
23135,6378.92822265625
23136,4324.40283203125
23137,8796.6357421875
23138,10774.7412109375
23139,9191.4951171875
23140,5655.69873046875
23141,6561.2001953125
23142,4837.96923828125
23143,6660.64306640625
23144,10469.40625
23145,7100.88427734375
23146,5690.18212890625
23147,6050.30419921875
23148,9406.6689453125
23149,3691.273193359375
23150,8116.77783203125
23151,4420.1904296875
23152,7534.2216796875
23153,8670.8984375
23154,5882.40185546875
23155,8419.3173828125
23156,6711.47314453125
23157,5193.6201171875
23158,6867.27978515625
23159,7354.00048828125
23160,12413.2822265625
23161,6236.08837890625
23162,7695.64013671875
23163,7867.95068359375
23164,9334.091796875
23165,6838.5966796875
23166,8613.8154296875
23167,4440.18115234375
23168,4700.501953125
23169,5894.4375
23170,6537.455078125
23171,9228.2041015625
23172,8071.916015625
23173,5598.20703125
23174,7646.54248046875
23175,8532.40625
23176,9432.73828125
23177,4174.71142578125
23178,12733.6806640625
23179,4853.6240234375
23180,5477.76318359375
23181,8356.115234375
23182,4761.02734375
23183,5902.58935546875
23184,6731.41796875
23185,7505.25439453125
23186,6523.0068359375
23187,5679.44189453125
23188,7936.73681640625
23189,8837.064453125
23190,7197.85107421875
23191,5231.029296875
23192,7308.9912109375
23193,13164.220703125
23194,6639.24072265625
23195,4602.16943359375
23196,7524.6142578125
23197,6117.2216796875
23198,6050.7548828125
23199,7722.37158203125
23200,4242.7763671875
23201,8951.513671875
23202,5909.6396484375
23203,7154.48193359375
23204,8883.34765625
23205,5050.4453125
23206,5665.66748046875
23207,5740.88427734375
23208,10389.6455078125
23209,8990.64453125
23210,4675.08837890625
23211,5042.48388671875
23212,7176.90673828125
23213,6260.35107421875
23214,5872.73486328125
23215,7172.28076171875
23216,6547.47705078125
23217,7170.03759765625
23218,5857.9130859375
23219,4784.94140625
23220,6730.89990234375
23221,8550.68359375
23222,7974.90380859375
23223,8811.787109375
23224,8524.2099609375
23225,5965.96435546875
23226,10010.4501953125
23227,5839.96484375
23228,7048.7353515625
23229,8926.6015625
23230,6823.67529296875
23231,10411.123046875
23232,8798.556640625
23233,7806.0595703125
23234,6738.99072265625
23235,7933.47802734375
23236,8717.6328125
23237,7029.8642578125
23238,4425.759765625
23239,6516.525390625
23240,7862.33544921875
23241,5947.88818359375
23242,4889.1015625
23243,8705.7802734375
23244,6373.759765625
23245,5945.875
23246,5949.6806640625
23247,5495.2607421875
23248,7170.9765625
23249,6799.78564453125
23250,6905.15576171875
23251,6295.7265625
23252,4790.29833984375
23253,6750.69189453125
23254,3385.574951171875
23255,6790.609375
23256,6554.5869140625
23257,8726.8798828125
23258,7496.91748046875
23259,6568.92529296875
23260,12195.60546875
23261,5031.6171875
23262,5179.14404296875
23263,10667.8857421875
23264,7718.6484375
23265,8552.201171875
23266,7577.3447265625
23267,5423.73486328125
23268,6860.54052734375
23269,5660.9697265625
23270,8361.05078125
23271,10679.361328125
23272,7388.05517578125
23273,3090.31884765625
23274,4329.986328125
23275,8571.5888671875
23276,8984.205078125
23277,6647.55126953125
23278,7010.02783203125
23279,4626.2939453125
23280,5491.4560546875
23281,4357.84423828125
23282,5764.12109375
23283,6729.9248046875
23284,7678.59423828125
23285,6888.671875
23286,9843.97265625
23287,8607.9736328125
23288,9385.958984375
23289,7644.21533203125
23290,5816.52978515625
23291,9251.89453125
23292,10956.1650390625
23293,5928.4033203125
23294,7749.67041015625
23295,6090.85400390625
23296,7380.0771484375
23297,4607.87548828125
23298,7099.91259765625
23299,5779.8408203125
23300,8497.6328125
23301,7288.5830078125
23302,8637.705078125
23303,8263.6357421875
23304,5556.484375
23305,9309.9677734375
23306,18559.58203125
23307,10990.5087890625
23308,5843.88720703125
23309,4167.95166015625
23310,7790.2568359375
23311,8398.552734375
23312,6234.326171875
23313,11684.5419921875
23314,16813.701171875
23315,4111.0234375
23316,5314.6162109375
23317,8935.4267578125
23318,4780.50927734375
23319,8609.2666015625
23320,6495.31201171875
23321,8190.61181640625
23322,5011.888671875
23323,7272.12646484375
23324,6657.08837890625
23325,7213.85693359375
23326,11048.49609375
23327,6822.97705078125
23328,6672.74755859375
23329,6604.8271484375
23330,5533.1123046875
23331,4989.49267578125
23332,8935.03125
23333,6263.72216796875
23334,6297.3466796875
23335,7274.1142578125
23336,5578.40673828125
23337,7012.82275390625
23338,6584.58251953125
23339,7111.41845703125
23340,9185.736328125
23341,9900.9580078125
23342,8415.5322265625
23343,5906.74365234375
23344,4120.8984375
23345,5916.2216796875
23346,6010.31640625
23347,6249.34765625
23348,4533.93603515625
23349,8724.625
23350,7074.8984375
23351,10438.1728515625
23352,6539.88623046875
23353,5881.4814453125
23354,5546.03759765625
23355,4498.400390625
23356,10626.294921875
23357,5934.92138671875
23358,8499.0380859375
23359,14659.728515625
23360,8134.26513671875
23361,7202.90380859375
23362,6409.5673828125
23363,5070.646484375
23364,8256.28125
23365,4681.71630859375
23366,5440.21337890625
23367,10024.587890625
23368,5748.54150390625
23369,15397.0673828125
23370,13102.6982421875
23371,5555.54248046875
23372,7243.90234375
23373,5795.896484375
23374,6853.658203125
23375,5756.83544921875
23376,11843.9052734375
23377,7549.8359375
23378,9450.6806640625
23379,4618.87060546875
23380,8195.9609375
23381,5806.7314453125
23382,8926.8623046875
23383,7367.70361328125
23384,6931.2119140625
23385,7263.990234375
23386,6455.0380859375
23387,9699.68359375
23388,9354.8388671875
23389,6202.5693359375
23390,10536.0791015625
23391,6651.12109375
23392,8778.94921875
23393,5573.30029296875
23394,5794.05126953125
23395,6454.9814453125
23396,11826.6953125
23397,6943.37548828125
23398,7817.2177734375
23399,6874.0439453125
23400,9146.7890625
23401,5656.958984375
23402,8497.7822265625
23403,7102.68115234375
23404,3823.673828125
23405,13625.5185546875
23406,16769.59765625
23407,7724.87451171875
23408,8371.0634765625
23409,9511.7841796875
23410,10687.05859375
23411,10624.8037109375
23412,6522.3759765625
23413,7795.109375
23414,6042.5546875
23415,9082.22265625
23416,5044.89501953125
23417,6896.7294921875
23418,6309.1728515625
23419,5543.9072265625
23420,6964.94677734375
23421,5150.60888671875
23422,5043.68505859375
23423,7542.43359375
23424,4262.685546875
23425,4553.01806640625
23426,6686.76171875
23427,6620.1962890625
23428,10121.478515625
23429,9817.2861328125
23430,7406.849609375
23431,6903.95263671875
23432,6475.61181640625
23433,10565.37109375
23434,7532.583984375
23435,5946.9296875
23436,5700.74755859375
23437,11412.751953125
23438,4482.29833984375
23439,7671.7119140625
23440,3697.32568359375
23441,5083.13818359375
23442,8412.6640625
23443,6702.603515625
23444,6671.8974609375
23445,9726.7646484375
23446,10202.8193359375
23447,12272.74609375
23448,6613.4140625
23449,10303.755859375
23450,3062.17724609375
23451,6100.9716796875
23452,7089.31689453125
23453,4601.98486328125
23454,8784.0888671875
23455,5782.3388671875
23456,5776.73046875
23457,9297.396484375
23458,9063.0927734375
23459,8579.9091796875
23460,5514.755859375
23461,5994.638671875
23462,11101.6533203125
23463,7784.58984375
23464,5785.1259765625
23465,6278.6171875
23466,7442.8935546875
23467,8767.7353515625
23468,5372.89697265625
23469,5874.89794921875
23470,8515.208984375
23471,8702.146484375
23472,12044.7666015625
23473,7159.4345703125
23474,14841.4521484375
23475,7474.751953125
23476,5828.01220703125
23477,3416.797119140625
23478,6409.9833984375
23479,6508.3935546875
23480,5875.7060546875
23481,9017.0634765625
23482,5665.376953125
23483,5371.00146484375
23484,7567.3447265625
23485,4276.6220703125
23486,7265.857421875
23487,7926.330078125
23488,8095.31298828125
23489,9963.7060546875
23490,5721.31494140625
23491,9408.5205078125
23492,5941.3681640625
23493,5718.14404296875
23494,6319.94482421875
23495,4981.08154296875
23496,8943.869140625
23497,6045.09619140625
23498,4414.33056640625
23499,7528.35791015625
23500,9136.9736328125
23501,8035.314453125
23502,5802.3349609375
23503,8954.8251953125
23504,6506.86083984375
23505,7520.7451171875
23506,8269.224609375
23507,10222.013671875
23508,5785.95751953125
23509,6368.611328125
23510,7006.2666015625
23511,6318.08349609375
23512,4288.3701171875
23513,6408.5439453125
23514,9438.0009765625
23515,8716.4072265625
23516,11305.837890625
23517,12034.0751953125
23518,9401.6083984375
23519,7340.91845703125
23520,4824.33349609375
23521,11143.34375
23522,11348.36328125
23523,8354.9912109375
23524,8386.3603515625
23525,9384.9033203125
23526,5595.765625
23527,4768.55712890625
23528,8611.86328125
23529,7419.38525390625
23530,6746.6396484375
23531,5896.048828125
23532,3163.939697265625
23533,10788.109375
23534,6767.103515625
23535,5791.00830078125
23536,6031.87744140625
23537,6363.73291015625
23538,6575.23876953125
23539,7216.80419921875
23540,7692.99365234375
23541,5565.2412109375
23542,4851.23876953125
23543,4231.85400390625
23544,4243.0751953125
23545,7564.87646484375
23546,16666.646484375
23547,4610.66162109375
23548,6267.38330078125
23549,7530.52880859375
23550,5752.5625
23551,4821.92724609375
23552,5351.5224609375
23553,4554.93310546875
23554,8370.095703125
23555,7806.13671875
23556,4756.505859375
23557,9293.6201171875
23558,5489.8232421875
23559,5283.41357421875
23560,11615.396484375
23561,7393.62890625
23562,10249.11328125
23563,5347.671875
23564,6601.71240234375
23565,4875.802734375
23566,5733.97509765625
23567,14881.8984375
23568,11498.353515625
23569,7815.3681640625
23570,5671.81201171875
23571,5576.33935546875
23572,6604.49609375
23573,4673.39453125
23574,9572.2275390625
23575,5386.59130859375
23576,5556.162109375
23577,8266.8544921875
23578,5755.2265625
23579,6174.634765625
23580,7264.96435546875
23581,7426.119140625
23582,7548.064453125
23583,4360.93017578125
23584,5376.4296875
23585,7778.00439453125
23586,9050.6259765625
23587,9260.6494140625
23588,7819.4912109375
23589,4156.806640625
23590,8515.0
23591,5884.04248046875
23592,4794.00146484375
23593,7553.24169921875
23594,7631.41015625
23595,6411.349609375
23596,7469.37744140625
23597,5590.25927734375
23598,7373.7900390625
23599,6010.4248046875
23600,7291.19091796875
23601,7313.67333984375
23602,7042.171875
23603,9890.265625
23604,6882.189453125
23605,5363.9716796875
23606,12754.302734375
23607,6107.28759765625
23608,4035.871826171875
23609,7691.41943359375
23610,9468.451171875
23611,10768.7197265625
23612,4916.88916015625
23613,6729.33251953125
23614,5794.81298828125
23615,7598.7587890625
23616,6442.185546875
23617,9185.4599609375
23618,2993.72021484375
23619,6173.46728515625
23620,6438.48193359375
23621,5027.2724609375
23622,5386.3525390625
23623,7127.1513671875
23624,8192.4501953125
23625,5929.57666015625
23626,8368.3125
23627,7966.4921875
23628,9355.65625
23629,5614.56591796875
23630,6823.0390625
23631,6951.39794921875
23632,9028.017578125
23633,8785.7607421875
23634,4638.86767578125
23635,7894.142578125
23636,8282.4765625
23637,7568.43017578125
23638,5130.150390625
23639,3820.59814453125
23640,9234.681640625
23641,5787.69921875
23642,9554.1845703125
23643,7130.7197265625
23644,5763.0068359375
23645,9106.19921875
23646,6280.54736328125
23647,7560.935546875
23648,8514.1171875
23649,6204.865234375
23650,9104.4853515625
23651,10142.439453125
23652,8064.59716796875
23653,5060.6376953125
23654,6256.19091796875
23655,4633.3076171875
23656,3621.95166015625
23657,7934.0908203125
23658,5808.43408203125
23659,9152.9072265625
23660,5227.72607421875
23661,6309.1123046875
23662,6008.22216796875
23663,9495.4072265625
23664,5957.2255859375
23665,6276.40380859375
23666,6722.6630859375
23667,7147.99658203125
23668,5137.90087890625
23669,7463.48486328125
23670,8468.3466796875
23671,8265.8623046875
23672,8136.09912109375
23673,7257.1689453125
23674,6656.2412109375
23675,4717.81640625
23676,5745.73095703125
23677,11480.388671875
23678,9260.2109375
23679,9025.4384765625
23680,15090.9638671875
23681,6460.68212890625
23682,5483.48876953125
23683,6703.2529296875
23684,9641.25
23685,11396.8994140625
23686,7662.38671875
23687,7692.7705078125
23688,8532.125
23689,7036.71435546875
23690,7148.89208984375
23691,6609.78125
23692,4974.484375
23693,5294.427734375
23694,4429.42431640625
23695,5782.81396484375
23696,9171.0869140625
23697,17682.8203125
23698,6705.060546875
23699,5448.7919921875
23700,7870.45166015625
23701,4768.33544921875
23702,7368.15771484375
23703,4646.3076171875
23704,8249.11328125
23705,7120.3291015625
23706,7261.46630859375
23707,13826.720703125
23708,12350.6201171875
23709,6516.744140625
23710,7235.45751953125
23711,3971.614501953125
23712,4826.7109375
23713,5609.6640625
23714,9599.3447265625
23715,5011.60009765625
23716,4765.12841796875
23717,5356.9658203125
23718,5749.28369140625
23719,8017.39453125
23720,8294.3330078125
23721,2403.7041015625
23722,7905.43359375
23723,7383.30615234375
23724,8680.0283203125
23725,5567.56787109375
23726,4500.61962890625
23727,8465.650390625
23728,4470.333984375
23729,9919.6337890625
23730,4825.42041015625
23731,5598.4990234375
23732,7589.86669921875
23733,7060.13720703125
23734,5087.49365234375
23735,6905.84619140625
23736,8066.73876953125
23737,8865.5244140625
23738,10001.572265625
23739,6392.384765625
23740,3873.4482421875
23741,5478.748046875
23742,6384.2421875
23743,4884.0029296875
23744,6144.7177734375
23745,6118.03173828125
23746,11783.8623046875
23747,7819.2001953125
23748,6360.11962890625
23749,7132.8798828125
23750,4518.53564453125
23751,9615.3369140625
23752,5821.201171875
23753,12659.470703125
23754,6918.13232421875
23755,5251.08203125
23756,6546.18408203125
23757,4772.55615234375
23758,6766.9638671875
23759,23143.40234375
23760,4322.71728515625
23761,5804.74951171875
23762,9972.4990234375
23763,7383.05419921875
23764,8442.572265625
23765,8559.8251953125
23766,6698.89990234375
23767,6883.1328125
23768,3998.860595703125
23769,9913.9833984375
23770,6550.73046875
23771,7428.0224609375
23772,8073.69140625
23773,6378.1748046875
23774,8532.24609375
23775,7851.47216796875
23776,3734.359619140625
23777,9654.1318359375
23778,10002.220703125
23779,4485.34423828125
23780,8244.3740234375
23781,7672.408203125
23782,6213.92822265625
23783,10430.27734375
23784,7561.80419921875
23785,8445.43359375
23786,4668.9375
23787,4732.412109375
23788,6232.65771484375
23789,4683.544921875
23790,7903.28564453125
23791,4921.83447265625
23792,6358.4892578125
23793,5145.80322265625
23794,7037.681640625
23795,5943.89794921875
23796,7002.14697265625
23797,6946.66552734375
23798,8675.306640625
23799,6264.25439453125
23800,7541.89453125
23801,6088.7587890625
23802,10213.0625
23803,9915.34765625
23804,9287.0615234375
23805,4120.75634765625
23806,6149.6123046875
23807,7311.302734375
23808,4547.64013671875
23809,12283.2509765625
23810,7517.1181640625
23811,8405.8798828125
23812,9363.173828125
23813,6919.810546875
23814,4733.2890625
23815,11927.576171875
23816,10292.306640625
23817,6030.6630859375
23818,8785.0048828125
23819,10202.123046875
23820,6696.60791015625
23821,7000.1591796875
23822,7177.634765625
23823,5289.07421875
23824,5905.05078125
23825,7934.59716796875
23826,4648.73486328125
23827,7668.32373046875
23828,8083.9140625
23829,6807.88232421875
23830,8756.103515625
23831,5909.66259765625
23832,6707.4375
23833,4769.65673828125
23834,7703.150390625
23835,7900.228515625
23836,6512.39697265625
23837,8069.6923828125
23838,7561.7255859375
23839,9913.3076171875
23840,6619.783203125
23841,5874.453125
23842,6902.75634765625
23843,7700.55517578125
23844,6781.3935546875
23845,4617.19970703125
23846,4669.80419921875
23847,7338.6318359375
23848,7260.6533203125
23849,6239.8251953125
23850,8743.244140625
23851,7098.92431640625
23852,6486.6962890625
23853,6039.525390625
23854,2948.632568359375
23855,7202.17822265625
23856,7160.5009765625
23857,7241.78125
23858,9209.0146484375
23859,8339.826171875
23860,5095.08544921875
23861,9149.5302734375
23862,3967.969482421875
23863,1838.215087890625
23864,8111.302734375
23865,10142.5615234375
23866,8822.0263671875
23867,7314.2412109375
23868,4610.58056640625
23869,7341.5986328125
23870,8713.962890625
23871,6600.1416015625
23872,7519.572265625
23873,5314.8212890625
23874,4434.57763671875
23875,5529.85205078125
23876,6114.84765625
23877,5638.59716796875
23878,5457.92724609375
23879,5462.314453125
23880,4531.44873046875
23881,7081.11083984375
23882,8159.31201171875
23883,6090.00634765625
23884,6305.6689453125
23885,8475.966796875
23886,6540.8544921875
23887,5511.05224609375
23888,9465.345703125
23889,7438.3935546875
23890,5674.423828125
23891,4032.010986328125
23892,12354.828125
23893,7511.69677734375
23894,6278.0849609375
23895,9678.29296875
23896,7925.67578125
23897,7534.53857421875
23898,6597.0390625
23899,7187.2998046875
23900,10426.9697265625
23901,12723.224609375
23902,5897.6630859375
23903,4907.7080078125
23904,5606.56103515625
23905,6741.6318359375
23906,6752.6962890625
23907,8587.0400390625
23908,8892.6298828125
23909,6060.5126953125
23910,3812.5234375
23911,6045.24560546875
23912,10046.73828125
23913,5016.57275390625
23914,8455.21484375
23915,4753.62255859375
23916,8062.0126953125
23917,7824.478515625
23918,7835.6064453125
23919,7947.330078125
23920,6771.09912109375
23921,5194.21337890625
23922,6483.78125
23923,8093.85693359375
23924,9006.431640625
23925,8037.40576171875
23926,8528.9423828125
23927,6635.1494140625
23928,4350.9501953125
23929,10245.7822265625
23930,4029.61328125
23931,9479.9619140625
23932,6704.419921875
23933,4894.41796875
23934,7433.24658203125
23935,6180.8310546875
23936,6889.400390625
23937,8985.1611328125
23938,4540.1865234375
23939,4720.32861328125
23940,7878.408203125
23941,8288.34765625
23942,8801.35546875
23943,6247.578125
23944,5434.9765625
23945,6788.69091796875
23946,7064.22509765625
23947,6271.75732421875
23948,10818.40234375
23949,9407.1689453125
23950,12445.9150390625
23951,4335.671875
23952,6641.45947265625
23953,10458.693359375
23954,9536.580078125
23955,5907.99755859375
23956,9861.1904296875
23957,6263.25927734375
23958,6787.2890625
23959,6121.9189453125
23960,5588.32373046875
23961,6300.15478515625
23962,6854.9248046875
23963,5543.333984375
23964,6036.2900390625
23965,8582.140625
23966,6894.0771484375
23967,23903.2265625
23968,7550.72265625
23969,4947.98779296875
23970,7610.76171875
23971,10623.4814453125
23972,7554.84228515625
23973,8237.314453125
23974,6174.4111328125
23975,8136.291015625
23976,8148.00341796875
23977,6027.58056640625
23978,5907.75
23979,7488.05078125
23980,7920.49267578125
23981,8047.64453125
23982,11797.171875
23983,5985.27587890625
23984,4912.63427734375
23985,6943.20751953125
23986,10386.771484375
23987,11002.5009765625
23988,10206.2685546875
23989,8742.4736328125
23990,5787.28564453125
23991,6124.154296875
23992,4312.41064453125
23993,8871.09375
23994,10787.9716796875
23995,9500.6875
23996,6039.5517578125
23997,7123.70068359375
23998,5509.35400390625
23999,6379.07861328125
24000,11427.1923828125
24001,6938.12646484375
24002,5566.02783203125
24003,5768.68359375
24004,10444.3759765625
24005,3880.51904296875
24006,7886.6201171875
24007,4562.765625
24008,7737.04052734375
24009,8646.599609375
24010,6405.900390625
24011,8172.6240234375
24012,6904.740234375
24013,5840.62255859375
24014,7562.25341796875
24015,7816.05908203125
24016,12349.853515625
24017,6199.4306640625
24018,8692.232421875
24019,8350.80859375
24020,9368.2275390625
24021,6962.67919921875
24022,9339.10546875
24023,4911.26123046875
24024,5283.79052734375
24025,6901.20166015625
24026,6827.51025390625
24027,9488.0419921875
24028,8357.328125
24029,5949.6328125
24030,7804.033203125
24031,9118.05859375
24032,10543.548828125
24033,4620.23583984375
24034,13693.9296875
24035,5337.9453125
24036,6553.2763671875
24037,9030.8828125
24038,5043.45556640625
24039,6620.462890625
24040,6943.51904296875
24041,8332.947265625
24042,6551.611328125
24043,5462.96875
24044,7829.62060546875
24045,8198.1845703125
24046,7743.43359375
24047,5602.5703125
24048,7631.57373046875
24049,12823.00390625
24050,6836.76416015625
24051,5827.69580078125
24052,7417.3037109375
24053,6575.1142578125
24054,6022.03173828125
24055,7582.56005859375
24056,4566.646484375
24057,9508.72265625
24058,6373.6953125
24059,7017.93359375
24060,10022.189453125
24061,4519.52587890625
24062,6051.6318359375
24063,5384.59814453125
24064,10643.2421875
24065,8830.8291015625
24066,5035.4482421875
24067,5561.18994140625
24068,7292.66796875
24069,6407.8486328125
24070,6438.9423828125
24071,7041.90380859375
24072,6740.39501953125
24073,7876.916015625
24074,6058.22900390625
24075,4761.41064453125
24076,6438.919921875
24077,8890.5966796875
24078,8574.14453125
24079,8811.4345703125
24080,8544.609375
24081,5887.14453125
24082,9854.9501953125
24083,6195.087890625
24084,7679.26513671875
24085,9543.9365234375
24086,6581.177734375
24087,11112.3759765625
24088,8550.0927734375
24089,7547.54833984375
24090,6781.78564453125
24091,8115.94482421875
24092,8596.919921875
24093,7014.60791015625
24094,4733.22412109375
24095,7063.0634765625
24096,8080.1708984375
24097,6164.3896484375
24098,4825.076171875
24099,9130.2265625
24100,6697.419921875
24101,6517.88623046875
24102,5992.79345703125
24103,6083.1982421875
24104,8511.37890625
24105,7194.2333984375
24106,7236.19873046875
24107,6248.22314453125
24108,5096.189453125
24109,7103.7734375
24110,3699.52392578125
24111,6577.77880859375
24112,6545.55859375
24113,8409.5185546875
24114,7495.9248046875
24115,6614.90869140625
24116,11630.2001953125
24117,6039.96240234375
24118,5557.8662109375
24119,11312.0185546875
24120,7109.53369140625
24121,8421.462890625
24122,7952.9931640625
24123,5866.58642578125
24124,7026.958984375
24125,5585.78125
24126,9159.0341796875
24127,11724.5576171875
24128,8054.0693359375
24129,3135.316650390625
24130,4748.96240234375
24131,8454.1787109375
24132,8085.16796875
24133,6710.36962890625
24134,7028.86328125
24135,5010.10595703125
24136,5935.96240234375
24137,4817.41552734375
24138,6246.8916015625
24139,6475.0546875
24140,7503.2236328125
24141,7614.263671875
24142,10631.5791015625
24143,8665.5966796875
24144,9324.3759765625
24145,7558.765625
24146,5526.0810546875
24147,9647.1728515625
24148,10416.9873046875
24149,6304.416015625
24150,7926.3916015625
24151,6450.00146484375
24152,7436.44384765625
24153,4696.708984375
24154,7531.74267578125
24155,5797.80419921875
24156,8986.685546875
24157,7264.09326171875
24158,8938.162109375
24159,8930.796875
24160,5599.13720703125
24161,9147.8759765625
24162,19625.380859375
24163,10952.44921875
24164,6879.80810546875
24165,4235.72216796875
24166,7738.94189453125
24167,9426.4091796875
24168,6140.0498046875
24169,12081.6064453125
24170,15161.6767578125
24171,4595.47021484375
24172,5595.658203125
24173,10650.0595703125
24174,4903.529296875
24175,9728.80859375
24176,6939.923828125
24177,8747.984375
24178,4895.5869140625
24179,7785.9052734375
24180,5867.65576171875
24181,7673.88916015625
24182,11096.6279296875
24183,6494.09375
24184,6481.67822265625
24185,7123.6787109375
24186,5383.26123046875
24187,5127.5263671875
24188,7645.52392578125
24189,6307.6015625
24190,6301.16455078125
24191,7593.43701171875
24192,6195.60595703125
24193,7824.38623046875
24194,6963.53759765625
24195,7474.9384765625
24196,8793.404296875
24197,9829.001953125
24198,8665.8837890625
24199,6122.666015625
24200,3922.226806640625
24201,6576.94775390625
24202,6396.947265625
24203,6192.0185546875
24204,4855.5234375
24205,9081.1015625
24206,8284.1396484375
24207,10892.513671875
24208,7051.94677734375
24209,5956.2119140625
24210,6032.47021484375
24211,4913.08349609375
24212,10685.599609375
24213,5578.51171875
24214,7968.67041015625
24215,16177.115234375
24216,7881.2705078125
24217,8762.78125
24218,5545.80908203125
24219,5357.71728515625
24220,8214.58984375
24221,4993.80859375
24222,5924.95556640625
24223,11033.4052734375
24224,5784.19482421875
24225,16430.71484375
24226,13409.63671875
24227,5158.38818359375
24228,6929.75146484375
24229,5942.35791015625
24230,7245.7802734375
24231,5914.02783203125
24232,11465.4482421875
24233,7520.62939453125
24234,10675.525390625
24235,5030.94287109375
24236,8567.4912109375
24237,5553.8544921875
24238,8914.95703125
24239,7151.7724609375
24240,6647.185546875
24241,7035.4287109375
24242,5945.28466796875
24243,9110.4814453125
24244,10244.8828125
24245,6022.73583984375
24246,10613.7724609375
24247,6822.1923828125
24248,9619.8193359375
24249,5783.17138671875
24250,5701.736328125
24251,6352.15771484375
24252,11167.6416015625
24253,6547.01318359375
24254,8418.2900390625
24255,7041.01806640625
24256,9345.3916015625
24257,5311.515625
24258,9473.203125
24259,7928.267578125
24260,4093.17431640625
24261,13410.0498046875
24262,17758.423828125
24263,7530.8544921875
24264,7889.3115234375
24265,10140.7529296875
24266,11224.6689453125
24267,11235.9130859375
24268,6564.216796875
24269,8200.349609375
24270,6581.87158203125
24271,8622.8388671875
24272,5181.01953125
24273,7636.90966796875
24274,6044.8515625
24275,5823.31103515625
24276,7297.36962890625
24277,5415.53369140625
24278,5500.92724609375
24279,7422.9638671875
24280,4291.37890625
24281,4490.06591796875
24282,6936.078125
24283,6938.60400390625
24284,9951.87890625
24285,9065.0654296875
24286,8185.95654296875
24287,6809.54931640625
24288,6910.48583984375
24289,11880.056640625
24290,8338.1181640625
24291,5715.81201171875
24292,5964.169921875
24293,10645.677734375
24294,4869.15966796875
24295,7600.98779296875
24296,4089.384765625
24297,5934.9892578125
24298,9859.423828125
24299,6729.71923828125
24300,6430.17578125
24301,9287.6796875
24302,10765.4130859375
24303,13174.326171875
24304,7092.9111328125
24305,9443.33203125
24306,3596.657470703125
24307,5727.607421875
24308,6830.52294921875
24309,4764.28369140625
24310,8857.498046875
24311,6584.72216796875
24312,6222.94580078125
24313,9622.05859375
24314,10107.0185546875
24315,11275.421875
24316,5789.388671875
24317,6011.14990234375
24318,11861.76171875
24319,7553.37353515625
24320,7012.19189453125
24321,5843.91162109375
24322,7027.61083984375
24323,10059.017578125
24324,5126.53857421875
24325,6726.9287109375
24326,8284.1396484375
24327,8845.333984375
24328,13923.830078125
24329,7132.4638671875
24330,15351.3388671875
24331,7338.265625
24332,5882.33056640625
24333,4470.9697265625
24334,6970.91064453125
24335,6493.900390625
24336,6012.41943359375
24337,8221.2958984375
24338,5762.5107421875
24339,5906.75927734375
24340,7676.52685546875
24341,4657.55517578125
24342,7613.16748046875
24343,7875.5830078125
24344,8783.6201171875
24345,9534.302734375
24346,5795.4423828125
24347,9365.7724609375
24348,6297.10693359375
24349,5811.47802734375
24350,6188.7783203125
24351,5654.98876953125
24352,9902.169921875
24353,6570.05078125
24354,5030.5380859375
24355,7714.484375
24356,9431.8955078125
24357,8074.81298828125
24358,6446.92919921875
24359,9307.98828125
24360,6842.3046875
24361,6340.09375
24362,8320.9052734375
24363,9304.12109375
24364,7891.09033203125
24365,7289.31591796875
24366,6371.1513671875
24367,6058.32958984375
24368,4726.76171875
24369,6490.7744140625
24370,8458.4794921875
24371,9647.83984375
24372,11306.966796875
24373,12405.0859375
24374,9014.81640625
24375,7756.419921875
24376,5437.9345703125
24377,11580.3818359375
24378,11263.564453125
24379,8066.36328125
24380,9390.0087890625
24381,8946.3505859375
24382,5727.4775390625
24383,5296.9326171875
24384,8665.9443359375
24385,7610.53515625
24386,8041.26123046875
24387,6159.77587890625
24388,3515.81982421875
24389,11858.75390625
24390,7141.27783203125
24391,5713.3994140625
24392,6062.8671875
24393,5933.08935546875
24394,6810.98095703125
24395,8342.7353515625
24396,7236.75048828125
24397,5719.2353515625
24398,4602.8095703125
24399,4836.2138671875
24400,4730.095703125
24401,7461.90625
24402,16114.8564453125
24403,5290.80126953125
24404,6392.93896484375
24405,7750.810546875
24406,5672.56103515625
24407,5610.35498046875
24408,5233.283203125
24409,4837.8046875
24410,7832.81005859375
24411,7902.0712890625
24412,4758.86181640625
24413,8911.0849609375
24414,6217.23095703125
24415,5378.19287109375
24416,11091.8564453125
24417,7858.1845703125
24418,10603.6220703125
24419,5747.6318359375
24420,7385.2080078125
24421,4923.42041015625
24422,5517.84228515625
24423,15863.681640625
24424,12133.0830078125
24425,7388.9404296875
24426,6011.0478515625
24427,5748.28173828125
24428,6355.373046875
24429,6014.7958984375
24430,12500.4853515625
24431,6106.27880859375
24432,5903.6015625
24433,8106.7333984375
24434,5074.91748046875
24435,6601.193359375
24436,8111.810546875
24437,7042.97802734375
24438,7902.55322265625
24439,4936.5703125
24440,5821.1953125
24441,7099.51416015625
24442,9434.08203125
24443,9158.8427734375
24444,7568.96533203125
24445,4716.27880859375
24446,8013.3095703125
24447,6591.20947265625
24448,5114.3564453125
24449,7578.87109375
24450,8204.7890625
24451,7072.71728515625
24452,7616.93798828125
24453,6040.89990234375
24454,7146.7109375
24455,6019.67626953125
24456,7370.83984375
24457,7280.45068359375
24458,7424.2431640625
24459,9768.4375
24460,6604.8330078125
24461,5588.193359375
24462,12679.7451171875
24463,7326.68408203125
24464,4551.7255859375
24465,7722.87890625
24466,8756.599609375
24467,10952.59765625
24468,4996.88916015625
24469,6593.64599609375
24470,5832.41845703125
24471,8083.59814453125
24472,6464.1640625
24473,9194.609375
24474,3663.525146484375
24475,6881.939453125
24476,6962.72216796875
24477,5470.32666015625
24478,5494.54931640625
24479,7033.5849609375
24480,8077.0888671875
24481,6461.43994140625
24482,8596.7529296875
24483,8345.8076171875
24484,9142.1142578125
24485,5347.41845703125
24486,6871.96533203125
24487,7345.81640625
24488,8974.7431640625
24489,8627.3603515625
24490,6057.4111328125
24491,8167.9296875
24492,8315.6572265625
24493,7814.58544921875
24494,5268.4697265625
24495,4173.52685546875
24496,9194.3935546875
24497,6888.294921875
24498,9634.837890625
24499,7016.42919921875
24500,6487.984375
24501,9271.4423828125
24502,7403.93798828125
24503,7676.919921875
24504,8567.1123046875
24505,6845.19384765625
24506,9641.4453125
24507,9986.6181640625
24508,7920.39306640625
24509,5481.859375
24510,6365.21337890625
24511,4951.25341796875
24512,3972.53662109375
24513,8345.3857421875
24514,5740.044921875
24515,9242.3544921875
24516,5179.8125
24517,6388.630859375
24518,5922.8525390625
24519,10126.4599609375
24520,5321.3291015625
24521,5690.70361328125
24522,6982.30322265625
24523,7673.2412109375
24524,5277.92236328125
24525,7661.5654296875
24526,8285.90234375
24527,8948.0810546875
24528,8262.2333984375
24529,7623.99951171875
24530,6456.40966796875
24531,4906.7587890625
24532,5535.6484375
24533,11108.7705078125
24534,9644.783203125
24535,9687.3984375
24536,14034.1650390625
24537,7197.7998046875
24538,5897.27978515625
24539,7241.1826171875
24540,9577.814453125
24541,10539.568359375
24542,7428.89306640625
24543,8289.69140625
24544,8624.9296875
24545,7209.3466796875
24546,6993.69287109375
24547,6399.81396484375
24548,5179.88818359375
24549,5406.4716796875
24550,5037.39013671875
24551,6401.9462890625
24552,9562.8017578125
24553,18060.72265625
24554,7089.005859375
24555,6023.28515625
24556,8226.0654296875
24557,4788.306640625
24558,7229.017578125
24559,5362.42724609375
24560,9781.23828125
24561,6849.1083984375
24562,6544.1494140625
24563,14243.40625
24564,10150.9404296875
24565,7108.32568359375
24566,7520.6943359375
24567,4222.380859375
24568,5191.677734375
24569,6236.94970703125
24570,9224.5712890625
24571,6073.89404296875
24572,4779.380859375
24573,6047.16259765625
24574,5770.15234375
24575,7707.37451171875
24576,8437.052734375
24577,3076.620849609375
24578,7703.6142578125
24579,7826.8125
24580,8393.7265625
24581,5521.3876953125
24582,4915.4970703125
24583,9200.5439453125
24584,4682.7138671875
24585,10150.2568359375
24586,4698.59130859375
24587,5671.02587890625
24588,7520.43212890625
24589,6990.51220703125
24590,5104.55419921875
24591,6746.2001953125
24592,7988.91748046875
24593,8937.26171875
24594,10627.080078125
24595,6146.775390625
24596,4476.7490234375
24597,6142.99462890625
24598,6709.26123046875
24599,5385.4482421875
24600,6560.1171875
24601,6721.61865234375
24602,11741.388671875
24603,8369.07421875
24604,6562.66650390625
24605,7732.60791015625
24606,5077.05322265625
24607,9754.30859375
24608,6421.79833984375
24609,14109.673828125
24610,6702.7353515625
24611,5721.05712890625
24612,6527.79443359375
24613,4451.24365234375
24614,7681.5078125
24615,20655.681640625
24616,4990.396484375
24617,5204.251953125
24618,10029.515625
24619,7173.42529296875
24620,8783.9482421875
24621,8673.1953125
24622,6824.0234375
24623,6411.267578125
24624,4720.357421875
24625,10141.189453125
24626,6818.33544921875
24627,7873.7294921875
24628,8166.66845703125
24629,6050.9228515625
24630,7595.939453125
24631,7506.0263671875
24632,4082.98876953125
24633,9465.0751953125
24634,9499.228515625
24635,5174.59521484375
24636,8359.9404296875
24637,7281.31982421875
24638,6242.5341796875
24639,9879.2734375
24640,7298.1201171875
24641,8628.2802734375
24642,4759.0625
24643,4921.1123046875
24644,7197.15234375
24645,5078.96875
24646,8227.1240234375
24647,4994.6533203125
24648,6696.37890625
24649,5486.4697265625
24650,6909.3720703125
24651,6657.47802734375
24652,7934.796875
24653,7330.18115234375
24654,8063.25146484375
24655,6198.5400390625
24656,7949.2998046875
24657,6721.1826171875
24658,9054.5830078125
24659,10276.341796875
24660,9389.0615234375
24661,3776.915283203125
24662,6368.564453125
24663,7988.119140625
24664,4704.71142578125
24665,11198.1201171875
24666,7346.91845703125
24667,8929.880859375
24668,9584.978515625
24669,8133.27001953125
24670,4802.36376953125
24671,12639.9599609375
24672,10340.9853515625
24673,6146.21826171875
24674,9413.162109375
24675,10832.5712890625
24676,5668.80517578125
24677,6996.39892578125
24678,7461.4365234375
24679,5802.302734375
24680,5791.01318359375
24681,7217.95458984375
24682,5154.25341796875
24683,6969.6298828125
24684,7801.84130859375
24685,7510.798828125
24686,8665.861328125
24687,6328.74609375
24688,7297.99658203125
24689,5448.51416015625
24690,7709.54150390625
24691,7489.4619140625
24692,7033.9462890625
24693,9050.025390625
24694,7331.646484375
24695,10008.7841796875
24696,5930.10302734375
24697,6160.1572265625
24698,6672.119140625
24699,7745.88525390625
24700,6898.23291015625
24701,5017.458984375
24702,5009.1484375
24703,7646.62353515625
24704,7159.8935546875
24705,6306.41357421875
24706,8940.1494140625
24707,6501.40380859375
24708,6559.51513671875
24709,5748.83349609375
24710,3999.388916015625
24711,7691.07568359375
24712,7052.97021484375
24713,7056.92626953125
24714,9942.052734375
24715,9178.8076171875
24716,5417.02490234375
24717,9917.521484375
24718,4574.52001953125
24719,3196.667236328125
24720,8837.2646484375
24721,10094.83984375
24722,9123.5546875
24723,7672.34423828125
24724,5146.88427734375
24725,7336.64404296875
24726,9727.6279296875
24727,6913.4052734375
24728,7978.04443359375
24729,5615.77197265625
24730,5000.9033203125
24731,5656.14599609375
24732,6100.50048828125
24733,6077.2783203125
24734,5799.27587890625
24735,5969.4345703125
24736,4601.0068359375
24737,7148.126953125
24738,7839.44677734375
24739,5687.59130859375
24740,6861.96484375
24741,8067.93603515625
24742,6954.18505859375
24743,6070.72900390625
24744,9442.875
24745,8066.3388671875
24746,5744.22119140625
24747,4359.53466796875
24748,11981.322265625
24749,7286.49658203125
24750,6352.953125
24751,9052.71875
24752,7713.36474609375
24753,8137.01708984375
24754,6553.10400390625
24755,7657.69580078125
24756,9513.234375
24757,13171.0791015625
24758,5719.97802734375
24759,5473.51708984375
24760,5607.99658203125
24761,7855.1123046875
24762,6400.2353515625
24763,10086.775390625
24764,9304.7587890625
24765,6323.8671875
24766,4302.9375
24767,6071.02294921875
24768,11204.671875
24769,5220.1142578125
24770,8488.2626953125
24771,5258.0810546875
24772,7541.2861328125
24773,8732.005859375
24774,8035.78857421875
24775,8745.6171875
24776,6902.65869140625
24777,4935.2763671875
24778,6952.97998046875
24779,7796.93359375
24780,9078.984375
24781,8214.3740234375
24782,8438.5458984375
24783,6742.8720703125
24784,4915.40869140625
24785,10655.021484375
24786,4403.89599609375
24787,10147.4541015625
24788,6800.51123046875
24789,4766.2900390625
24790,7801.2060546875
24791,6866.802734375
24792,7389.2490234375
24793,9532.62890625
24794,5028.2548828125
24795,4981.54541015625
24796,8114.947265625
24797,8654.421875
24798,8993.2421875
24799,5473.4306640625
24800,5909.97900390625
24801,7098.708984375
24802,7165.76220703125
24803,6751.125
24804,10172.5732421875
24805,9187.5205078125
24806,11856.994140625
24807,4431.94775390625
24808,6814.298828125
24809,10296.3251953125
24810,10140.5673828125
24811,5544.3271484375
24812,9895.8837890625
24813,6807.25390625
24814,6670.07861328125
24815,5557.865234375
24816,5980.95458984375
24817,6820.189453125
24818,6894.51025390625
24819,5848.35595703125
24820,6363.7109375
24821,9271.1044921875
24822,7909.61962890625
24823,24235.111328125
24824,7925.05419921875
24825,4786.8720703125
24826,7998.92333984375
24827,10485.0908203125
24828,6820.255859375
24829,8750.3974609375
24830,5925.91259765625
24831,9198.6181640625
24832,8950.2705078125
24833,6091.8642578125
24834,5789.91748046875
24835,7466.8671875
24836,8036.36669921875
24837,8546.34765625
24838,11696.7158203125
24839,6524.33837890625
24840,5193.72216796875
24841,6635.8251953125
24842,11756.81640625
24843,11046.9609375
24844,10198.7841796875
24845,9267.212890625
24846,5443.94482421875
24847,6508.50439453125
24848,4981.7939453125
24849,9451.1513671875
24850,12209.4453125
24851,10285.9765625
24852,6497.77001953125
24853,6920.89697265625
24854,4973.78466796875
24855,6176.03125
24856,12071.9833984375
24857,7315.43212890625
24858,4758.65771484375
24859,5780.939453125
24860,10540.6220703125
24861,3757.40478515625
24862,8118.03662109375
24863,4333.29736328125
24864,8060.06884765625
24865,8753.5771484375
24866,5982.75341796875
24867,8220.8857421875
24868,7109.20849609375
24869,5997.900390625
24870,7551.11083984375
24871,7222.0107421875
24872,11827.369140625
24873,6283.12744140625
24874,8754.0712890625
24875,8315.7578125
24876,9831.751953125
24877,6908.40869140625
24878,9521.5537109375
24879,5230.81591796875
24880,5156.857421875
24881,7119.48583984375
24882,6265.26416015625
24883,9091.046875
24884,7800.646484375
24885,5791.7578125
24886,7313.9921875
24887,9619.48046875
24888,9533.00390625
24889,4559.79638671875
24890,14920.6484375
24891,5442.2861328125
24892,6877.8134765625
24893,9148.3623046875
24894,5265.701171875
24895,6757.30615234375
24896,7058.16650390625
24897,8462.3125
24898,6820.443359375
24899,6048.7744140625
24900,7828.2236328125
24901,8475.4013671875
24902,7901.4150390625
24903,5901.0205078125
24904,7407.2626953125
24905,12244.0419921875
24906,6613.85595703125
24907,5619.93994140625
24908,7597.22998046875
24909,6282.109375
24910,6196.45263671875
24911,7799.91357421875
24912,4436.49365234375
24913,9622.7998046875
24914,6503.8173828125
24915,6846.3203125
24916,10372.3623046875
24917,4922.9404296875
24918,6194.97216796875
24919,5524.17333984375
24920,10479.3037109375
24921,9013.740234375
24922,5035.1728515625
24923,5470.2314453125
24924,7122.474609375
24925,6190.69873046875
24926,6459.09033203125
24927,6964.44677734375
24928,6873.8056640625
24929,7895.12841796875
24930,6044.69384765625
24931,4862.9951171875
24932,6792.681640625
24933,8527.7109375
24934,8313.146484375
24935,9533.5478515625
24936,9156.521484375
24937,6191.57666015625
24938,9849.958984375
24939,6813.91943359375
24940,7701.15771484375
24941,9437.890625
24942,6666.89453125
24943,11707.3056640625
24944,9074.2431640625
24945,7725.96533203125
24946,6315.25048828125
24947,8596.8349609375
24948,8590.443359375
24949,7150.30224609375
24950,4612.51708984375
24951,6987.6552734375
24952,8420.044921875
24953,5941.158203125
24954,4846.056640625
24955,9187.927734375
24956,6978.1650390625
24957,6445.224609375
24958,6002.15869140625
24959,6129.02587890625
24960,8633.6240234375
24961,7022.81591796875
24962,7699.5166015625
24963,6588.63232421875
24964,5050.5048828125
24965,7504.3681640625
24966,3886.00048828125
24967,6296.1728515625
24968,6438.1806640625
24969,8533.9736328125
24970,7721.6201171875
24971,6960.75341796875
24972,12105.0029296875
24973,6737.9111328125
24974,5524.00537109375
24975,11645.0009765625
24976,7598.56494140625
24977,9029.8798828125
24978,8440.1748046875
24979,5124.0869140625
24980,6592.9951171875
24981,5572.33935546875
24982,8994.7099609375
24983,12229.12890625
24984,7662.767578125
24985,3275.39794921875
24986,5405.76806640625
24987,9306.232421875
24988,8774.9150390625
24989,6891.0048828125
24990,7045.07275390625
24991,4741.357421875
24992,6293.63818359375
24993,4806.36767578125
24994,6986.29443359375
24995,6388.212890625
24996,7806.3486328125
24997,7653.4052734375
24998,12801.9228515625
24999,8875.513671875
25000,9403.2587890625
25001,7572.099609375
25002,5862.21728515625
25003,9662.146484375
25004,11414.0654296875
25005,6118.80029296875
25006,8267.4599609375
25007,6292.72998046875
25008,7762.66943359375
25009,4620.2529296875
25010,7913.0849609375
25011,5901.66015625
25012,9176.33203125
25013,7263.0595703125
25014,9315.0390625
25015,9148.65234375
25016,5267.9091796875
25017,9819.0048828125
25018,19671.63671875
25019,11171.6162109375
25020,6954.56591796875
25021,3954.275146484375
25022,7979.91015625
25023,9515.43359375
25024,5615.212890625
25025,11845.6337890625
25026,16317.9208984375
25027,4876.3857421875
25028,5717.3779296875
25029,8766.62109375
25030,5285.84619140625
25031,10073.279296875
25032,6857.787109375
25033,9086.7646484375
25034,4895.853515625
25035,8268.4189453125
25036,6336.51953125
25037,7456.22021484375
25038,10922.78515625
25039,6498.5419921875
25040,5999.18408203125
25041,7237.23828125
25042,5584.37158203125
25043,5112.119140625
25044,8004.83740234375
25045,6243.1474609375
25046,6004.78857421875
25047,7797.0771484375
25048,5912.1435546875
25049,7692.42041015625
25050,7109.8037109375
25051,7320.01806640625
25052,8474.4052734375
25053,9756.6943359375
25054,8419.994140625
25055,5801.80029296875
25056,4716.0205078125
25057,6688.52490234375
25058,6280.4482421875
25059,6378.30810546875
25060,4917.10009765625
25061,9111.0361328125
25062,7976.0380859375
25063,10657.873046875
25064,6967.55126953125
25065,5547.208984375
25066,5858.21435546875
25067,4434.8388671875
25068,10509.2109375
25069,5925.90673828125
25070,8206.1513671875
25071,15851.384765625
25072,7621.716796875
25073,7370.97021484375
25074,5427.13427734375
25075,5409.9150390625
25076,7848.7392578125
25077,5066.8935546875
25078,6073.6630859375
25079,11846.85546875
25080,5752.8408203125
25081,17800.6953125
25082,14235.1474609375
25083,4695.49951171875
25084,7199.53369140625
25085,6274.30810546875
25086,7152.8369140625
25087,6140.30615234375
25088,11389.583984375
25089,7123.46826171875
25090,9992.6123046875
25091,5065.6162109375
25092,8806.84765625
25093,5562.7275390625
25094,9220.3134765625
25095,7180.7431640625
25096,6394.10986328125
25097,6849.14013671875
25098,5598.662109375
25099,9542.3876953125
25100,9488.2724609375
25101,6093.4453125
25102,11444.3017578125
25103,6317.2041015625
25104,9722.3779296875
25105,5626.44873046875
25106,6027.5068359375
25107,6274.9736328125
25108,12424.451171875
25109,6486.25048828125
25110,7684.6396484375
25111,7265.06201171875
25112,9590.537109375
25113,5065.51220703125
25114,8738.3369140625
25115,7995.9248046875
25116,3924.5048828125
25117,14848.8994140625
25118,16533.3828125
25119,7743.0380859375
25120,8215.8037109375
25121,10011.40234375
25122,11164.73828125
25123,11144.341796875
25124,6391.2724609375
25125,8351.1064453125
25126,6537.10498046875
25127,8476.333984375
25128,5103.5869140625
25129,7261.0498046875
25130,6384.8369140625
25131,6139.611328125
25132,7309.52490234375
25133,6099.99365234375
25134,5282.84521484375
25135,7590.404296875
25136,3947.37353515625
25137,4744.77587890625
25138,6743.91650390625
25139,7723.7373046875
25140,9376.041015625
25141,8975.39453125
25142,7643.34716796875
25143,6688.32666015625
25144,6607.4423828125
25145,11465.4091796875
25146,8448.7841796875
25147,5741.84326171875
25148,5589.638671875
25149,11717.150390625
25150,4702.91943359375
25151,8026.091796875
25152,4174.7041015625
25153,6391.478515625
25154,8985.091796875
25155,7204.3701171875
25156,6281.5107421875
25157,9179.7587890625
25158,10410.5791015625
25159,13213.7255859375
25160,6836.44384765625
25161,9207.2236328125
25162,3737.199951171875
25163,6206.34814453125
25164,6812.91943359375
25165,4739.251953125
25166,8940.7822265625
25167,6029.171875
25168,6022.33447265625
25169,10047.001953125
25170,10973.4169921875
25171,9581.384765625
25172,5869.55908203125
25173,6177.85205078125
25174,13353.99609375
25175,8130.31982421875
25176,6830.51416015625
25177,5713.6796875
25178,7360.87451171875
25179,9781.4697265625
25180,5442.732421875
25181,7076.35400390625
25182,8558.7880859375
25183,9912.6015625
25184,13723.078125
25185,7118.8623046875
25186,15967.2021484375
25187,7586.083984375
25188,5460.80126953125
25189,3969.615234375
25190,7170.5068359375
25191,6022.4443359375
25192,6193.48779296875
25193,7695.37255859375
25194,6031.02880859375
25195,5517.92333984375
25196,7775.8173828125
25197,4401.6220703125
25198,7817.68896484375
25199,7908.9970703125
25200,8712.83203125
25201,9735.931640625
25202,5912.00537109375
25203,9304.0185546875
25204,6452.64208984375
25205,5877.3271484375
25206,5823.2080078125
25207,6068.943359375
25208,10631.90625
25209,6152.71044921875
25210,5298.931640625
25211,8198.3173828125
25212,9507.8349609375
25213,8230.943359375
25214,6994.408203125
25215,9889.974609375
25216,6739.51025390625
25217,6510.39892578125
25218,8629.4619140625
25219,9743.009765625
25220,7466.97119140625
25221,6934.02197265625
25222,6981.32470703125
25223,6199.9990234375
25224,5198.6015625
25225,5990.11328125
25226,8567.72265625
25227,9027.6513671875
25228,11565.54296875
25229,12416.1552734375
25230,8748.8623046875
25231,7907.75439453125
25232,5087.6767578125
25233,11979.9892578125
25234,11258.0927734375
25235,8354.31640625
25236,9337.5146484375
25237,9378.6640625
25238,6030.64501953125
25239,5116.6845703125
25240,8360.5810546875
25241,7657.00732421875
25242,8599.4248046875
25243,6662.955078125
25244,3444.38623046875
25245,12486.556640625
25246,7419.91455078125
25247,5944.39892578125
25248,5836.29931640625
25249,5885.59716796875
25250,6789.87255859375
25251,9469.181640625
25252,7437.724609375
25253,6112.79150390625
25254,5061.02587890625
25255,5517.75341796875
25256,4358.1923828125
25257,7271.94970703125
25258,17435.5703125
25259,4687.31103515625
25260,6400.20654296875
25261,8286.912109375
25262,5765.474609375
25263,5847.78759765625
25264,5372.52490234375
25265,4761.462890625
25266,7583.13671875
25267,7886.0234375
25268,4845.3515625
25269,9061.1796875
25270,6202.5166015625
25271,5682.6318359375
25272,11461.9228515625
25273,8410.2822265625
25274,10414.5966796875
25275,5767.412109375
25276,7036.76904296875
25277,4966.3408203125
25278,5238.2470703125
25279,17532.380859375
25280,11400.833984375
25281,7085.876953125
25282,6273.0908203125
25283,5061.65771484375
25284,6719.9501953125
25285,5121.6083984375
25286,10197.2109375
25287,5963.21630859375
25288,5954.94091796875
25289,8242.7744140625
25290,5137.68603515625
25291,6710.05126953125
25292,8218.009765625
25293,6963.07470703125
25294,7537.53515625
25295,4790.57080078125
25296,5824.2626953125
25297,7314.28955078125
25298,9622.009765625
25299,9615.8798828125
25300,7288.18603515625
25301,4739.7431640625
25302,8040.4931640625
25303,6596.39453125
25304,4620.68408203125
25305,7569.2705078125
25306,8192.4248046875
25307,6988.3515625
25308,7344.7275390625
25309,5895.54345703125
25310,7075.68701171875
25311,6151.7451171875
25312,7171.14501953125
25313,6887.4892578125
25314,7540.4150390625
25315,9756.5732421875
25316,6116.2880859375
25317,5624.923828125
25318,13182.94921875
25319,7022.716796875
25320,5413.38134765625
25321,7652.83251953125
25322,8735.0322265625
25323,11919.2958984375
25324,4726.64794921875
25325,6187.97802734375
25326,6200.5966796875
25327,8085.54345703125
25328,6272.46337890625
25329,9433.390625
25330,3072.46630859375
25331,7077.60302734375
25332,6786.28369140625
25333,5638.40380859375
25334,5618.13623046875
25335,7100.1357421875
25336,8461.5341796875
25337,6163.63720703125
25338,9013.111328125
25339,8750.720703125
25340,9273.7890625
25341,5836.1044921875
25342,7034.85546875
25343,7310.90966796875
25344,8791.83203125
25345,8830.931640625
25346,4757.42919921875
25347,8244.0546875
25348,8470.98046875
25349,7864.01416015625
25350,5496.5654296875
25351,4319.609375
25352,9220.38671875
25353,6848.33447265625
25354,10075.5830078125
25355,6685.53466796875
25356,6391.90771484375
25357,8629.822265625
25358,7082.037109375
25359,7647.9873046875
25360,9020.9267578125
25361,6533.82080078125
25362,9660.05078125
25363,9931.501953125
25364,8076.63427734375
25365,5508.20849609375
25366,6516.19775390625
25367,4566.6953125
25368,3884.90966796875
25369,8035.97412109375
25370,5934.7724609375
25371,10268.7529296875
25372,4995.7578125
25373,6461.134765625
25374,6093.1201171875
25375,10784.447265625
25376,5664.2451171875
25377,5861.4833984375
25378,6962.26611328125
25379,7702.45068359375
25380,5041.7783203125
25381,7864.22265625
25382,8453.203125
25383,8923.3828125
25384,7862.09423828125
25385,7585.47900390625
25386,6490.95556640625
25387,4920.435546875
25388,5345.8251953125
25389,11830.8896484375
25390,9881.515625
25391,9645.3876953125
25392,14244.01171875
25393,6937.20849609375
25394,5320.767578125
25395,7543.466796875
25396,9600.083984375
25397,10078.70703125
25398,7364.69970703125
25399,7749.71630859375
25400,8890.5166015625
25401,7482.3935546875
25402,7463.7744140625
25403,6181.89892578125
25404,5291.99609375
25405,5381.37939453125
25406,5014.34765625
25407,6408.81396484375
25408,9230.380859375
25409,18891.70703125
25410,6915.763671875
25411,5879.8681640625
25412,8946.537109375
25413,4878.15576171875
25414,6831.83935546875
25415,4673.65087890625
25416,9130.314453125
25417,6637.7412109375
25418,6366.73583984375
25419,13983.392578125
25420,11578.1904296875
25421,7105.27392578125
25422,6875.689453125
25423,4134.85595703125
25424,5284.1103515625
25425,6158.6572265625
25426,8840.2109375
25427,5191.0185546875
25428,4823.65673828125
25429,6244.333984375
25430,5921.96728515625
25431,7894.58984375
25432,8411.4072265625
25433,3087.129150390625
25434,7359.41259765625
25435,7940.51904296875
25436,8151.51611328125
25437,5806.55615234375
25438,5288.78271484375
25439,9453.7001953125
25440,4803.58935546875
25441,10623.3193359375
25442,4785.39208984375
25443,5258.66015625
25444,7441.744140625
25445,6673.376953125
25446,5019.154296875
25447,6945.5224609375
25448,7995.8154296875
25449,9237.173828125
25450,11249.5732421875
25451,5843.84130859375
25452,4674.8818359375
25453,5950.84814453125
25454,6320.93212890625
25455,5287.228515625
25456,6473.0615234375
25457,6489.1982421875
25458,12304.859375
25459,8692.810546875
25460,6352.037109375
25461,8183.37158203125
25462,5408.3125
25463,10169.9287109375
25464,6431.46142578125
25465,14778.1796875
25466,6866.93359375
25467,6000.193359375
25468,6595.818359375
25469,4148.89111328125
25470,7611.1171875
25471,22044.126953125
25472,5475.0263671875
25473,5292.23681640625
25474,10380.650390625
25475,7590.28466796875
25476,8811.4697265625
25477,8944.04296875
25478,6826.56689453125
25479,6377.52978515625
25480,4279.1640625
25481,10167.0546875
25482,7016.61474609375
25483,7851.55908203125
25484,8704.236328125
25485,7567.1982421875
25486,8475.5751953125
25487,6825.119140625
25488,4340.8564453125
25489,9668.16796875
25490,8855.2314453125
25491,5338.73828125
25492,8854.5791015625
25493,7370.82080078125
25494,5719.3798828125
25495,9685.7724609375
25496,6591.90478515625
25497,8654.1171875
25498,4337.90625
25499,5160.26611328125
25500,8065.10400390625
25501,4826.5234375
25502,8020.87744140625
25503,5503.8056640625
25504,6445.97998046875
25505,5428.67822265625
25506,6615.93603515625
25507,6675.05078125
25508,7956.31982421875
25509,7145.69677734375
25510,8061.09033203125
25511,6439.32275390625
25512,8321.6826171875
25513,7179.05517578125
25514,10110.5078125
25515,9674.57421875
25516,9338.1123046875
25517,3881.15966796875
25518,6230.771484375
25519,7628.9658203125
25520,5356.5654296875
25521,11594.830078125
25522,7432.958984375
25523,9213.8896484375
25524,9709.931640625
25525,7614.99755859375
25526,4878.10693359375
25527,12192.2734375
25528,10496.943359375
25529,6080.3076171875
25530,9581.85546875
25531,10208.0146484375
25532,5535.7294921875
25533,7406.5703125
25534,7575.470703125
25535,5768.00830078125
25536,6026.96826171875
25537,7085.66015625
25538,4731.294921875
25539,7414.97119140625
25540,8340.7490234375
25541,7400.6796875
25542,9107.6767578125
25543,6090.30419921875
25544,7172.115234375
25545,5117.0419921875
25546,7638.32763671875
25547,7940.431640625
25548,6254.421875
25549,9054.5439453125
25550,7605.60693359375
25551,9439.6611328125
25552,5953.71044921875
25553,6533.59521484375
25554,6900.45458984375
25555,8027.2958984375
25556,7168.052734375
25557,4815.27685546875
25558,5260.66748046875
25559,8568.6806640625
25560,7042.5888671875
25561,6196.87353515625
25562,8730.4375
25563,6543.1396484375
25564,7229.7041015625
25565,5722.06103515625
25566,3830.471435546875
25567,7806.357421875
25568,7059.87255859375
25569,7109.27001953125
25570,9938.8115234375
25571,10459.564453125
25572,5495.97998046875
25573,9488.1630859375
25574,5213.18896484375
25575,3116.41015625
25576,8726.060546875
25577,13028.4052734375
25578,8493.447265625
25579,7886.0302734375
25580,4901.234375
25581,7451.087890625
25582,10171.6474609375
25583,7177.984375
25584,7783.4169921875
25585,5891.08740234375
25586,4628.6142578125
25587,5502.72412109375
25588,5936.7998046875
25589,6263.9228515625
25590,5876.818359375
25591,6089.9013671875
25592,4463.8896484375
25593,7356.6982421875
25594,8064.646484375
25595,6023.91357421875
25596,6660.4794921875
25597,8100.416015625
25598,6974.4501953125
25599,5629.31982421875
25600,9848.169921875
25601,8621.759765625
25602,5729.0400390625
25603,4573.76025390625
25604,12494.044921875
25605,7353.4609375
25606,6457.51025390625
25607,9399.4765625
25608,8358.0380859375
25609,8632.6240234375
25610,6390.2548828125
25611,7426.41845703125
25612,9663.130859375
25613,14422.439453125
25614,6193.2529296875
25615,5317.5732421875
25616,5125.11572265625
25617,7509.53173828125
25618,6089.380859375
25619,10439.08203125
25620,8797.625
25621,6772.7734375
25622,4068.671875
25623,6385.80419921875
25624,10712.3720703125
25625,5432.94189453125
25626,8440.724609375
25627,4813.46142578125
25628,7612.55908203125
25629,8559.2802734375
25630,8219.17578125
25631,9332.3740234375
25632,7149.78125
25633,4586.91796875
25634,6223.61865234375
25635,8171.58984375
25636,8907.677734375
25637,8194.708984375
25638,8312.390625
25639,6950.32177734375
25640,5162.271484375
25641,10967.08984375
25642,4728.73291015625
25643,9973.021484375
25644,6469.40673828125
25645,5111.6953125
25646,7511.416015625
25647,6653.51318359375
25648,7857.01416015625
25649,9608.236328125
25650,5011.01513671875
25651,4894.8720703125
25652,8266.6162109375
25653,9154.1767578125
25654,9551.25390625
25655,6191.03125
25656,5947.52392578125
25657,6928.7724609375
25658,6476.56298828125
25659,5973.1943359375
25660,10011.732421875
25661,9239.279296875
25662,12698.3134765625
25663,4708.9990234375
25664,6567.298828125
25665,10391.3818359375
25666,9783.7353515625
25667,5625.1298828125
25668,9672.7314453125
25669,6690.240234375
25670,6149.6513671875
25671,5151.9833984375
25672,5604.0634765625
25673,6201.716796875
25674,7262.75048828125
25675,6004.1416015625
25676,6019.8173828125
25677,9674.37890625
25678,6847.21630859375
25679,24367.978515625
25680,6885.24462890625
25681,4991.5654296875
25682,8832.4462890625
25683,12112.0361328125
25684,7381.85791015625
25685,8540.6171875
25686,6374.61083984375
25687,8580.0
25688,8757.044921875
25689,6323.51904296875
25690,6333.8427734375
25691,7729.921875
25692,8493.1591796875
25693,8452.552734375
25694,12136.4208984375
25695,7353.75146484375
25696,5257.2900390625
25697,7207.33642578125
25698,11155.2548828125
25699,11356.7353515625
25700,10756.2724609375
25701,9546.380859375
25702,6118.33837890625
25703,6535.18505859375
25704,4900.880859375
25705,9614.458984375
25706,12266.6572265625
25707,10058.478515625
25708,6618.08642578125
25709,6962.4755859375
25710,5472.822265625
25711,6499.30419921875
25712,11404.6357421875
25713,7821.55810546875
25714,5659.89501953125
25715,5641.30224609375
25716,10884.2939453125
25717,4002.719970703125
25718,8762.6298828125
25719,4918.2001953125
25720,7739.94970703125
25721,9184.513671875
25722,6551.9921875
25723,8310.55859375
25724,7761.568359375
25725,5707.60693359375
25726,8142.35595703125
25727,7208.88623046875
25728,12413.244140625
25729,6487.271484375
25730,9393.41015625
25731,8029.42333984375
25732,10152.154296875
25733,7398.92529296875
25734,11124.2890625
25735,5708.880859375
25736,6255.9599609375
25737,7092.75244140625
25738,6630.69873046875
25739,10226.0078125
25740,8669.6611328125
25741,6380.107421875
25742,8162.08837890625
25743,9898.0390625
25744,10783.5791015625
25745,4787.8525390625
25746,14884.3818359375
25747,5691.251953125
25748,7083.08740234375
25749,9489.056640625
25750,5703.07177734375
25751,7369.19140625
25752,7409.1669921875
25753,8708.9912109375
25754,6719.58154296875
25755,6021.134765625
25756,8519.333984375
25757,8660.5703125
25758,8033.66650390625
25759,5763.94580078125
25760,7950.59326171875
25761,13001.3818359375
25762,7426.27978515625
25763,6075.58740234375
25764,7719.92919921875
25765,6376.69873046875
25766,6235.89404296875
25767,7984.2548828125
25768,4319.27734375
25769,10590.220703125
25770,7185.4873046875
25771,7520.25341796875
25772,10761.4560546875
25773,5199.8818359375
25774,6520.46435546875
25775,5716.46826171875
25776,11161.890625
25777,9436.87890625
25778,5215.421875
25779,5484.81201171875
25780,7567.986328125
25781,6778.048828125
25782,6792.35400390625
25783,7193.51513671875
25784,7031.044921875
25785,8232.0322265625
25786,6442.80322265625
25787,5148.5263671875
25788,7485.0439453125
25789,8166.16845703125
25790,8988.6103515625
25791,9106.37890625
25792,8892.2265625
25793,6203.14111328125
25794,9917.5986328125
25795,7034.3662109375
25796,8707.6240234375
25797,10174.384765625
25798,7140.4462890625
25799,12115.564453125
25800,8082.39697265625
25801,8417.77734375
25802,6981.40625
25803,8662.2470703125
25804,8926.763671875
25805,7469.09326171875
25806,5054.919921875
25807,6571.728515625
25808,8896.693359375
25809,6623.087890625
25810,4857.2451171875
25811,9974.9326171875
25812,7069.26708984375
25813,6192.3427734375
25814,6308.685546875
25815,6499.5888671875
25816,9121.53125
25817,7514.11572265625
25818,8043.60302734375
25819,6478.79443359375
25820,5696.92236328125
25821,7790.70068359375
25822,4583.833984375
25823,7919.98095703125
25824,6672.2314453125
25825,9003.5478515625
25826,8134.75390625
25827,7445.97119140625
25828,12478.2744140625
25829,6602.8720703125
25830,5264.55224609375
25831,12196.228515625
25832,7396.64111328125
25833,9077.466796875
25834,8168.48388671875
25835,5071.1259765625
25836,7133.24658203125
25837,5815.498046875
25838,9229.5498046875
25839,13102.3154296875
25840,8030.31396484375
25841,3654.3466796875
25842,5283.87890625
25843,8772.5830078125
25844,8896.126953125
25845,7458.62255859375
25846,7482.8935546875
25847,5007.9443359375
25848,6506.99755859375
25849,4927.46533203125
25850,6698.017578125
25851,6804.34130859375
25852,7961.232421875
25853,9656.70703125
25854,12150.7236328125
25855,8923.0947265625
25856,9571.2587890625
25857,8129.236328125
25858,5761.81298828125
25859,10667.9462890625
25860,12332.3935546875
25861,6642.49169921875
25862,8692.4287109375
25863,6072.34130859375
25864,7822.3857421875
25865,4716.92578125
25866,8753.70703125
25867,6419.64453125
25868,9726.12890625
25869,7817.38427734375
25870,9235.1298828125
25871,9312.0029296875
25872,5876.326171875
25873,10592.01171875
25874,20673.8828125
25875,11868.6064453125
25876,7601.30810546875
25877,4143.70361328125
25878,8137.55810546875
25879,10144.046875
25880,6083.31103515625
25881,12374.267578125
25882,16900.01953125
25883,5094.046875
25884,6043.767578125
25885,9074.3427734375
25886,5206.5556640625
25887,10487.734375
25888,7737.8603515625
25889,9215.998046875
25890,5375.97509765625
25891,8258.921875
25892,6354.82080078125
25893,8149.2314453125
25894,11985.0263671875
25895,6472.169921875
25896,6264.7314453125
25897,8451.5078125
25898,6267.23193359375
25899,5548.64208984375
25900,8166.37158203125
25901,6382.10400390625
25902,6517.61181640625
25903,8841.8369140625
25904,7036.26220703125
25905,8602.703125
25906,7925.96826171875
25907,8039.18603515625
25908,9269.2568359375
25909,9788.6572265625
25910,9027.3134765625
25911,6196.59521484375
25912,4378.2138671875
25913,6916.89892578125
25914,7077.07470703125
25915,6292.88525390625
25916,5077.6640625
25917,10301.259765625
25918,8653.4609375
25919,11015.1552734375
25920,8144.47265625
25921,6277.22314453125
25922,6045.2666015625
25923,4955.08984375
25924,11435.9912109375
25925,5941.8974609375
25926,8201.0361328125
25927,17082.78515625
25928,7939.3125
25929,7564.8623046875
25930,5614.97314453125
25931,5718.83203125
25932,8447.6904296875
25933,4772.09375
25934,6265.4541015625
25935,12819.2841796875
25936,5782.873046875
25937,18575.583984375
25938,15830.501953125
25939,5220.08056640625
25940,6889.7587890625
25941,6552.6572265625
25942,7751.125
25943,6534.9853515625
25944,12252.791015625
25945,7492.21435546875
25946,10828.8935546875
25947,5791.75341796875
25948,8784.4990234375
25949,4979.07080078125
25950,9863.4765625
25951,7580.783203125
25952,6781.03759765625
25953,7221.38818359375
25954,6101.7109375
25955,9755.134765625
25956,10493.5107421875
25957,6134.5146484375
25958,11431.0947265625
25959,6527.0712890625
25960,10828.119140625
25961,5779.20556640625
25962,5811.18505859375
25963,6866.39599609375
25964,12286.2412109375
25965,6822.60693359375
25966,8159.1865234375
25967,7542.93408203125
25968,9619.013671875
25969,5017.48291015625
25970,9407.37109375
25971,8427.01953125
25972,4418.44970703125
25973,14857.55078125
25974,17689.2421875
25975,8154.951171875
25976,8020.2236328125
25977,11548.2802734375
25978,11772.041015625
25979,12514.7958984375
25980,6951.58935546875
25981,8824.0673828125
25982,6622.193359375
25983,8974.7099609375
25984,5328.00244140625
25985,7787.6025390625
25986,6423.00341796875
25987,6846.62841796875
25988,7578.34619140625
25989,6007.51220703125
25990,5733.74951171875
25991,7515.083984375
25992,4247.1064453125
25993,5026.46435546875
25994,7396.05078125
25995,7716.5068359375
25996,10238.4814453125
25997,9513.935546875
25998,8369.3115234375
25999,6952.34228515625
26000,7218.14453125
26001,12299.7568359375
26002,9039.7041015625
26003,6209.4462890625
26004,5978.169921875
26005,11673.8701171875
26006,5045.32861328125
26007,7975.29638671875
26008,4175.3349609375
26009,6462.6318359375
26010,10220.5810546875
26011,6797.1669921875
26012,6175.52880859375
26013,9775.8095703125
26014,10308.048828125
26015,13647.755859375
26016,7367.04736328125
26017,9152.1728515625
26018,3648.78955078125
26019,6379.654296875
26020,7114.85546875
26021,4876.421875
26022,9000.7236328125
26023,6348.3798828125
26024,6660.2353515625
26025,9872.9228515625
26026,11469.20703125
26027,9130.9326171875
26028,6121.62109375
26029,6474.0517578125
26030,13095.2666015625
26031,7672.056640625
26032,7198.73193359375
26033,5906.4384765625
26034,7741.4990234375
26035,10709.5126953125
26036,5373.65966796875
26037,7220.70068359375
26038,9093.7783203125
26039,9701.064453125
26040,14505.068359375
26041,7557.88134765625
26042,15499.1376953125
26043,7347.7041015625
26044,5821.06982421875
26045,4135.50146484375
26046,7562.10400390625
26047,6954.95947265625
26048,6353.14306640625
26049,7466.7490234375
26050,5992.61865234375
26051,5883.17041015625
26052,7817.05126953125
26053,5003.54736328125
26054,8504.2578125
26055,8005.37548828125
26056,9403.4775390625
26057,10145.525390625
26058,6320.685546875
26059,9903.3955078125
26060,6621.56884765625
26061,5978.95849609375
26062,6138.41748046875
26063,5732.361328125
26064,10756.6962890625
26065,6682.44970703125
26066,5552.0546875
26067,8028.3173828125
26068,9756.3798828125
26069,8348.572265625
26070,7207.57373046875
26071,9854.1533203125
26072,7033.388671875
26073,6600.501953125
26074,9381.79296875
26075,9384.068359375
26076,7771.81103515625
26077,7636.68115234375
26078,7227.9296875
26079,6963.66015625
26080,4990.27197265625
26081,6226.51708984375
26082,9217.6103515625
26083,10010.4404296875
26084,11613.3466796875
26085,13101.458984375
26086,9543.5029296875
26087,8215.96484375
26088,5622.8095703125
26089,12025.9501953125
26090,11957.59765625
26091,9408.7333984375
26092,9636.728515625
26093,10322.5732421875
26094,6100.87939453125
26095,5656.7763671875
26096,9241.544921875
26097,8450.8857421875
26098,8381.0048828125
26099,7133.080078125
26100,3797.1572265625
26101,12301.0
26102,8024.666015625
26103,7197.88720703125
26104,6190.41064453125
26105,6012.76171875
26106,7725.6787109375
26107,9639.0888671875
26108,7382.73046875
26109,6214.9091796875
26110,5645.96484375
26111,4864.00830078125
26112,4573.3427734375
26113,7734.77587890625
26114,18327.794921875
26115,5601.37890625
26116,6473.78173828125
26117,8069.6337890625
26118,5925.1806640625
26119,5882.205078125
26120,5292.3056640625
26121,4827.52587890625
26122,8261.0361328125
26123,7833.09326171875
26124,5535.53564453125
26125,9523.0068359375
26126,6893.31787109375
26127,5626.78759765625
26128,11824.564453125
26129,8661.5859375
26130,10977.87890625
26131,6834.55908203125
26132,7857.87646484375
26133,5427.9931640625
26134,6170.779296875
26135,16605.111328125
26136,11213.6337890625
26137,7486.00927734375
26138,6556.5908203125
26139,5147.3017578125
26140,6575.65625
26141,5424.80322265625
26142,11348.6552734375
26143,6011.05712890625
26144,6577.06640625
26145,8012.236328125
26146,5755.0751953125
26147,7297.43017578125
26148,8861.615234375
26149,7662.2998046875
26150,7903.6064453125
26151,4971.310546875
26152,6070.0078125
26153,7532.95751953125
26154,10450.576171875
26155,9504.982421875
26156,7886.236328125
26157,4994.97607421875
26158,8276.2666015625
26159,6667.2841796875
26160,4607.61865234375
26161,8033.09765625
26162,8065.14794921875
26163,7654.67724609375
26164,7938.72705078125
26165,6600.97900390625
26166,7412.0634765625
26167,6675.98974609375
26168,7773.6259765625
26169,6971.99853515625
26170,8041.08837890625
26171,9942.9326171875
26172,6840.6591796875
26173,5685.7021484375
26174,13157.6376953125
26175,7337.96240234375
26176,4975.18359375
26177,8451.337890625
26178,8974.6083984375
26179,12344.4052734375
26180,5284.52587890625
26181,6898.916015625
26182,6694.24462890625
26183,8135.29150390625
26184,7079.060546875
26185,9476.0244140625
26186,3666.466796875
26187,7207.0751953125
26188,7206.712890625
26189,6124.560546875
26190,5743.3310546875
26191,7493.978515625
26192,9968.658203125
26193,7030.203125
26194,9698.44140625
26195,9003.3935546875
26196,9929.7685546875
26197,5911.80078125
26198,7474.33056640625
26199,8100.90234375
26200,9484.896484375
26201,8529.560546875
26202,5174.2275390625
26203,8327.33203125
26204,8978.9892578125
26205,8067.47216796875
26206,5540.30419921875
26207,4429.4189453125
26208,10021.5888671875
26209,7375.3095703125
26210,10191.744140625
26211,7399.79345703125
26212,6781.25634765625
26213,9722.14453125
26214,8075.28662109375
26215,8857.0947265625
26216,9437.7109375
26217,7158.6396484375
26218,10396.9130859375
26219,10736.8271484375
26220,9059.6533203125
26221,5939.611328125
26222,6958.75537109375
26223,4908.5908203125
26224,4262.92822265625
26225,9035.689453125
26226,5988.48583984375
26227,10586.5966796875
26228,5120.4580078125
26229,6224.11572265625
26230,6243.8994140625
26231,10185.9697265625
26232,5206.88720703125
26233,6146.37646484375
26234,7059.6298828125
26235,8309.4765625
26236,5592.796875
26237,7953.70263671875
26238,7973.52197265625
26239,9105.4580078125
26240,7690.720703125
26241,7754.501953125
26242,6565.66650390625
26243,5129.68896484375
26244,5714.2900390625
26245,12795.0791015625
26246,9912.9052734375
26247,9960.0751953125
26248,15419.70703125
26249,7512.306640625
26250,6110.87451171875
26251,7917.609375
26252,9998.7568359375
26253,11231.5654296875
26254,8537.212890625
26255,9429.310546875
26256,9015.08984375
26257,7998.97021484375
26258,7777.8505859375
26259,6589.81396484375
26260,5836.6181640625
26261,5768.80859375
26262,4997.26123046875
26263,6383.1337890625
26264,9711.2646484375
26265,17570.875
26266,7317.79541015625
26267,6119.63330078125
26268,8483.458984375
26269,5179.93359375
26270,7311.37060546875
26271,4559.3984375
26272,9192.771484375
26273,7153.4287109375
26274,7078.9619140625
26275,15163.8525390625
26276,10856.818359375
26277,7345.18359375
26278,7729.0224609375
26279,4460.60498046875
26280,5279.57666015625
26281,6405.2783203125
26282,9005.619140625
26283,5669.0517578125
26284,4668.3544921875
26285,6385.64697265625
26286,6096.66064453125
26287,8589.0986328125
26288,8581.9951171875
26289,3491.9482421875
26290,8177.7568359375
26291,8516.734375
26292,8691.439453125
26293,6190.1630859375
26294,5436.2490234375
26295,9766.072265625
26296,5194.189453125
26297,10763.5166015625
26298,4996.46630859375
26299,6012.60107421875
26300,7593.06201171875
26301,7693.96728515625
26302,5104.55908203125
26303,7109.5419921875
26304,8408.5380859375
26305,9587.3466796875
26306,11798.279296875
26307,6380.0263671875
26308,5121.59130859375
26309,6233.60595703125
26310,6744.193359375
26311,5539.10205078125
26312,7286.57861328125
26313,7084.923828125
26314,12764.5029296875
26315,8768.658203125
26316,6824.62548828125
26317,8354.7099609375
26318,5969.35986328125
26319,10298.2392578125
26320,6632.732421875
26321,15575.2841796875
26322,7286.853515625
26323,5887.14501953125
26324,6782.32177734375
26325,4229.365234375
26326,8073.076171875
26327,22050.248046875
26328,5289.54833984375
26329,5343.69677734375
26330,11260.4814453125
26331,7782.56591796875
26332,9069.9755859375
26333,9088.8935546875
26334,7297.3017578125
26335,6329.22900390625
26336,4274.84228515625
26337,11290.8935546875
26338,7207.30859375
26339,8344.64453125
26340,8823.8203125
26341,7602.11328125
26342,8719.2734375
26343,7925.51953125
26344,4417.7822265625
26345,9932.02734375
26346,10508.1923828125
26347,5274.3359375
26348,8834.123046875
26349,7498.6328125
26350,6116.990234375
26351,10191.1435546875
26352,6930.6796875
26353,8672.6064453125
26354,4654.55029296875
26355,5106.59375
26356,7587.55126953125
26357,4880.09521484375
26358,8729.4599609375
26359,5620.34521484375
26360,6447.2939453125
26361,5801.4658203125
26362,7485.50927734375
26363,6698.20849609375
26364,8088.29248046875
26365,8245.6650390625
26366,8334.1162109375
26367,6625.19775390625
26368,8027.228515625
26369,7313.0068359375
26370,10376.392578125
26371,10466.31640625
26372,9819.5439453125
26373,3839.044189453125
26374,6857.87353515625
26375,8667.330078125
26376,5533.46484375
26377,11632.44921875
26378,7626.64306640625
26379,9565.17578125
26380,11380.8310546875
26381,7853.345703125
26382,5273.8515625
26383,12931.1533203125
26384,10849.9072265625
26385,6431.3701171875
26386,10852.162109375
26387,11643.4697265625
26388,5849.0966796875
26389,7191.720703125
26390,7799.41796875
26391,6166.1044921875
26392,6566.3662109375
26393,7361.0869140625
26394,5272.15625
26395,7685.2451171875
26396,8164.29931640625
26397,7891.54443359375
26398,9678.4150390625
26399,6832.43408203125
26400,7436.36083984375
26401,5025.5341796875
26402,8203.9990234375
26403,8143.810546875
26404,6697.99853515625
26405,9232.28125
26406,8246.8173828125
26407,10617.673828125
26408,6246.767578125
26409,6838.43359375
26410,7409.61572265625
26411,7692.486328125
26412,7236.642578125
26413,5218.0615234375
26414,5593.41455078125
26415,8248.34765625
26416,7174.3779296875
26417,6842.65087890625
26418,9283.091796875
26419,6849.7353515625
26420,7179.54150390625
26421,5855.955078125
26422,3840.36474609375
26423,8094.9619140625
26424,7666.97998046875
26425,8489.61328125
26426,10373.33984375
26427,10772.3203125
26428,5594.9423828125
26429,9652.3603515625
26430,4829.76171875
26431,3030.696533203125
26432,9467.6533203125
26433,11845.107421875
26434,9007.5556640625
26435,8288.23046875
26436,5775.23486328125
26437,8000.505859375
26438,10294.0458984375
26439,7721.06005859375
26440,8391.8427734375
26441,5774.7685546875
26442,4754.9990234375
26443,5956.294921875
26444,5939.40869140625
26445,6724.93701171875
26446,6328.24658203125
26447,5853.341796875
26448,4554.58349609375
26449,7649.2744140625
26450,8973.796875
26451,6711.30126953125
26452,7202.294921875
26453,8363.08203125
26454,7341.52587890625
26455,6793.3974609375
26456,9316.6474609375
26457,8392.2626953125
26458,5646.04296875
26459,4729.35009765625
26460,15113.3623046875
26461,7626.87646484375
26462,7523.45849609375
26463,10074.53125
26464,8473.078125
26465,9051.275390625
26466,6769.47021484375
26467,7988.31005859375
26468,11481.9375
26469,14791.0732421875
26470,6752.970703125
26471,5805.90478515625
26472,5105.78955078125
26473,7422.80322265625
26474,6422.48681640625
26475,10076.1123046875
26476,9666.4521484375
26477,6803.2744140625
26478,4192.556640625
26479,6899.21533203125
26480,11477.3623046875
26481,5706.9013671875
26482,9150.9208984375
26483,4706.67236328125
26484,8040.15625
26485,9109.2568359375
26486,8293.65234375
26487,9911.7939453125
26488,7528.31298828125
26489,4972.4892578125
26490,6727.89013671875
26491,9205.2333984375
26492,9554.4931640625
26493,8222.4697265625
26494,8829.5849609375
26495,7319.55029296875
26496,5439.92626953125
26497,11556.076171875
26498,5199.84033203125
26499,11105.361328125
26500,6990.3388671875
26501,5031.71533203125
26502,9039.90625
26503,7299.240234375
26504,8649.3173828125
26505,10716.5830078125
26506,4913.86083984375
26507,5168.2392578125
26508,8916.69921875
26509,10008.662109375
26510,9804.345703125
26511,5824.8876953125
26512,6290.08154296875
26513,7831.91357421875
26514,7461.408203125
26515,6636.6396484375
26516,10936.837890625
26517,9927.3388671875
26518,13777.8720703125
26519,4450.12841796875
26520,7103.0703125
26521,10667.2451171875
26522,10205.8212890625
26523,6744.46484375
26524,10120.7158203125
26525,7157.72314453125
26526,6425.2802734375
26527,6272.38134765625
26528,6167.65625
26529,6663.2333984375
26530,7756.50732421875
26531,6349.24072265625
26532,6821.76513671875
26533,11195.06640625
26534,6906.708984375
26535,26445.962890625
26536,7033.93701171875
26537,5934.2353515625
26538,9773.623046875
26539,13806.69140625
26540,8762.1552734375
26541,10221.4619140625
26542,7028.37451171875
26543,10107.9765625
26544,10944.095703125
26545,7677.48583984375
26546,7514.96923828125
26547,9645.25390625
26548,10422.7783203125
26549,10318.7431640625
26550,13029.0087890625
26551,8416.521484375
26552,7498.41357421875
26553,9113.955078125
26554,14232.01171875
26555,13005.9091796875
26556,12758.21484375
26557,12922.90625
26558,6980.66943359375
26559,7774.18798828125
26560,6028.0224609375
26561,11494.7880859375
26562,16256.1767578125
26563,12225.498046875
26564,9263.916015625
26565,7485.91455078125
26566,5813.8837890625
26567,8750.8701171875
26568,14624.84375
26569,9284.4453125
26570,7384.92529296875
26571,7995.01025390625
26572,12038.076171875
26573,4974.685546875
26574,11055.88671875
26575,6609.01953125
26576,10711.7890625
26577,11377.2314453125
26578,7650.21630859375
26579,10707.341796875
26580,10428.3095703125
26581,7802.037109375
26582,9011.5771484375
26583,9857.1337890625
26584,15467.7294921875
26585,7614.53857421875
26586,11134.3095703125
26587,9949.384765625
26588,12087.2353515625
26589,9918.9443359375
26590,13477.7685546875
26591,7674.404296875
26592,7543.99462890625
26593,8496.9345703125
26594,8425.1396484375
26595,13194.7177734375
26596,11095.548828125
26597,7864.875
26598,10496.115234375
26599,10794.431640625
26600,12877.619140625
26601,5637.25830078125
26602,17275.908203125
26603,6175.3525390625
26604,8755.2041015625
26605,11136.728515625
26606,6781.0986328125
26607,9026.1376953125
26608,8951.0830078125
26609,11648.0693359375
26610,8187.23193359375
26611,8446.6240234375
26612,10558.1669921875
26613,11200.9033203125
26614,9936.27734375
26615,7679.31298828125
26616,10508.072265625
26617,16450.673828125
26618,8591.3818359375
26619,7121.35205078125
26620,9634.2841796875
26621,7722.884765625
26622,7453.384765625
26623,9824.181640625
26624,5362.7861328125
26625,13400.8896484375
26626,8776.1689453125
26627,9982.447265625
26628,13124.0185546875
26629,5254.13720703125
26630,7759.30078125
26631,7299.51123046875
26632,11619.095703125
26633,10968.6572265625
26634,6396.69287109375
26635,6595.76904296875
26636,9286.0712890625
26637,8159.06103515625
26638,8365.4921875
26639,8793.509765625
26640,9058.248046875
26641,9449.251953125
26642,8357.2822265625
26643,6227.2861328125
26644,10424.6669921875
26645,11248.8212890625
26646,10759.82421875
26647,11634.7041015625
26648,11978.9267578125
26649,7962.234375
26650,12814.2841796875
26651,8503.623046875
26652,9935.6552734375
26653,13710.6201171875
26654,9078.9111328125
26655,14309.279296875
26656,9572.5927734375
26657,11375.166015625
26658,8372.541015625
26659,9937.1982421875
26660,11878.2958984375
26661,9528.677734375
26662,5729.3271484375
26663,7819.08154296875
26664,11593.40625
26665,7802.63037109375
26666,6042.482421875
26667,12977.4033203125
26668,8075.70703125
26669,8232.0732421875
26670,7509.025390625
26671,8482.9208984375
26672,11243.955078125
26673,9579.5947265625
26674,10446.8349609375
26675,8672.4599609375
26676,7637.408203125
26677,10199.16796875
26678,5317.19873046875
26679,8767.5322265625
26680,8463.9111328125
26681,10937.8232421875
26682,9631.8623046875
26683,8315.193359375
26684,14369.580078125
26685,8562.17578125
26686,7347.8291015625
26687,14388.5966796875
26688,9034.984375
26689,11354.345703125
26690,8796.173828125
26691,6240.1552734375
26692,8915.8798828125
26693,7254.12451171875
26694,11609.5
26695,17231.734375
26696,9936.2783203125
26697,4646.51904296875
26698,6135.6015625
26699,11329.0439453125
26700,10834.126953125
26701,9367.4765625
26702,9114.5830078125
26703,6152.6240234375
26704,7474.30859375
26705,5312.3271484375
26706,7752.02294921875
26707,8607.232421875
26708,10362.9931640625
26709,9967.880859375
26710,14041.326171875
26711,11205.75
26712,12341.2265625
26713,9741.8232421875
26714,7567.22412109375
26715,12170.2890625
26716,17438.052734375
26717,9140.2138671875
26718,10022.3583984375
26719,8027.2548828125
26720,9425.970703125
26721,7261.2431640625
26722,10645.8974609375
26723,8650.34375
26724,11254.7958984375
26725,9392.3271484375
26726,12154.375
26727,10675.2548828125
26728,6877.90478515625
26729,13672.13671875
26730,24043.171875
26731,15554.3310546875
26732,9861.173828125
26733,5215.55029296875
26734,9209.638671875
26735,12140.6376953125
26736,6814.40087890625
26737,13004.5830078125
26738,19833.298828125
26739,6138.86279296875
26740,7966.42578125
26741,11127.583984375
26742,6766.81201171875
26743,12900.1748046875
26744,9775.7216796875
26745,12061.4423828125
26746,5966.01708984375
26747,10117.357421875
26748,8318.2470703125
26749,10150.392578125
26750,15925.8974609375
26751,7594.21240234375
26752,7717.962890625
26753,9111.1552734375
26754,7465.04736328125
26755,6315.71923828125
26756,9780.59375
26757,8644.2802734375
26758,8726.87890625
26759,10078.025390625
26760,7946.48291015625
26761,10106.0478515625
26762,10035.919921875
26763,9941.330078125
26764,11996.2421875
26765,12182.4111328125
26766,10684.0166015625
26767,7171.5439453125
26768,5757.85302734375
26769,8571.3681640625
26770,8216.4228515625
26771,8789.0078125
26772,6575.634765625
26773,11430.501953125
26774,10825.201171875
26775,13815.1220703125
26776,9213.59375
26777,8674.7431640625
26778,7276.40283203125
26779,5856.86279296875
26780,14299.037109375
26781,7172.43505859375
26782,10040.189453125
26783,20449.759765625
26784,9806.6171875
26785,8669.1640625
26786,6671.74462890625
26787,6897.521484375
26788,10539.60546875
26789,6624.720703125
26790,7668.171875
26791,14987.79296875
26792,7976.2880859375
26793,21806.64453125
26794,17419.193359375
26795,6997.56201171875
26796,9068.80859375
26797,7866.54833984375
26798,9742.150390625
26799,8199.9541015625
26800,14117.3916015625
26801,9354.453125
26802,13234.099609375
26803,8729.06640625
26804,10511.2451171875
26805,7151.162109375
26806,12394.732421875
26807,9694.75390625
26808,8706.884765625
26809,8738.515625
26810,6841.603515625
26811,12798.8271484375
26812,12654.9501953125
26813,8858.5361328125
26814,14720.1337890625
26815,8447.0244140625
26816,13358.1884765625
26817,6671.921875
26818,7643.76708984375
26819,9125.0205078125
26820,17562.20703125
26821,8516.8212890625
26822,10338.4326171875
26823,10404.76953125
26824,12397.076171875
26825,7741.49560546875
26826,11326.48828125
26827,9697.681640625
26828,5518.9482421875
26829,17373.18359375
26830,20616.4921875
26831,11724.38671875
26832,10518.4248046875
26833,13187.5048828125
26834,14453.7578125
26835,14245.6259765625
26836,8230.8310546875
26837,11472.9052734375
26838,9082.65625
26839,11556.203125
26840,6386.00048828125
26841,9390.1083984375
26842,8254.69921875
26843,8425.3525390625
26844,9521.3173828125
26845,7812.2294921875
26846,7733.92724609375
26847,10252.5830078125
26848,5805.00048828125
26849,6385.71826171875
26850,8921.005859375
26851,10921.5107421875
26852,13564.6572265625
26853,11313.4130859375
26854,10021.935546875
26855,8576.7353515625
26856,8835.67578125
26857,14937.5302734375
26858,9823.708984375
26859,7995.0
26860,7338.71337890625
26861,13709.37890625
26862,5443.3310546875
26863,10138.2236328125
26864,5369.41162109375
26865,7582.376953125
26866,13373.5400390625
26867,8467.0458984375
26868,8480.255859375
26869,12190.0458984375
26870,12647.53125
26871,15546.193359375
26872,8152.4541015625
26873,11492.89453125
26874,4901.25048828125
26875,7581.1162109375
26876,8405.8583984375
26877,6178.66650390625
26878,9779.759765625
26879,7532.365234375
26880,8045.4931640625
26881,12098.6689453125
26882,14210.59765625
26883,11846.92578125
26884,7590.49072265625
26885,8452.99609375
26886,15299.296875
26887,9628.5380859375
26888,8806.921875
26889,7442.73828125
26890,9731.8583984375
26891,13171.974609375
26892,6841.34912109375
26893,9592.1982421875
26894,11708.7333984375
26895,11322.3203125
26896,16618.341796875
26897,9467.83203125
26898,17532.18359375
26899,9516.1171875
26900,7834.11865234375
26901,4897.1591796875
26902,9244.4326171875
26903,8441.646484375
26904,8706.298828125
26905,9177.078125
26906,7762.7880859375
26907,7611.3623046875
26908,9163.2294921875
26909,6242.115234375
26910,9690.0029296875
26911,11119.1484375
26912,11030.8017578125
26913,12836.4267578125
26914,8075.5087890625
26915,11822.7958984375
26916,7814.33154296875
26917,8442.6484375
26918,8142.298828125
26919,7252.94189453125
26920,14237.5966796875
26921,8563.0849609375
26922,6692.943359375
26923,10796.0888671875
26924,12742.220703125
26925,11127.0205078125
26926,9407.091796875
26927,11814.2724609375
26928,7822.310546875
26929,6887.5029296875
26930,11132.521484375
26931,11562.654296875
26932,9941.4501953125
26933,9538.9560546875
26934,9181.7490234375
26935,8804.8603515625
26936,6383.27490234375
26937,7554.146484375
26938,11047.4853515625
26939,11872.2626953125
26940,13538.689453125
26941,16631.431640625
26942,11651.99609375
26943,9630.8701171875
26944,6751.75390625
26945,14057.51953125
26946,15340.357421875
26947,13289.353515625
26948,11439.2529296875
26949,11833.7822265625
26950,7656.61083984375
26951,7431.060546875
26952,10918.5
26953,10324.306640625
26954,10874.1328125
26955,8314.8974609375
26956,4966.9013671875
26957,15516.5703125
26958,10106.8818359375
26959,8877.9111328125
26960,6848.31494140625
26961,7716.76171875
26962,8415.427734375
26963,13342.689453125
26964,9011.912109375
26965,7337.7783203125
26966,6689.380859375
26967,6406.8359375
26968,5662.12109375
26969,9643.0361328125
26970,20531.046875
26971,5834.30029296875
26972,7999.27587890625
26973,10429.6728515625
26974,6459.34228515625
26975,7293.8603515625
26976,6998.42919921875
26977,6549.419921875
26978,9972.3515625
26979,10177.591796875
26980,5926.5576171875
26981,12839.64453125
26982,9672.9716796875
26983,7375.85400390625
26984,14986.12890625
26985,11689.369140625
26986,12693.9619140625
26987,8268.6806640625
26988,9334.7998046875
26989,6360.07470703125
26990,7213.89697265625
26991,19360.11328125
26992,15269.326171875
26993,9565.451171875
26994,8216.0771484375
26995,7269.3408203125
26996,8596.30078125
26997,6262.2041015625
26998,12534.369140625
26999,7096.05419921875
27000,8354.0234375
27001,10998.89453125
27002,7033.43359375
27003,8961.69921875
27004,10065.8271484375
27005,10673.0009765625
27006,10040.8486328125
27007,6911.5419921875
27008,7726.96923828125
27009,10446.0849609375
27010,13457.025390625
27011,11503.1259765625
27012,9862.318359375
27013,6381.583984375
27014,9877.4814453125
27015,8220.6650390625
27016,6123.92626953125
27017,9751.18359375
27018,10656.158203125
27019,9731.482421875
27020,9663.2021484375
27021,8237.5
27022,9397.4091796875
27023,8039.00537109375
27024,9195.640625
27025,8531.37109375
27026,10608.0556640625
27027,12475.8994140625
27028,8315.6162109375
27029,6908.212890625
27030,16555.125
27031,8687.037109375
27032,6286.369140625
27033,10107.2177734375
27034,11197.712890625
27035,14330.0146484375
27036,7103.35595703125
27037,8939.7353515625
27038,7608.712890625
27039,9853.6953125
27040,8440.212890625
27041,12801.3271484375
27042,4479.15869140625
27043,8381.685546875
27044,9734.654296875
27045,7681.74951171875
27046,7892.15576171875
27047,9511.521484375
27048,12481.99609375
27049,7930.9814453125
27050,11323.634765625
27051,10939.818359375
27052,12928.4833984375
27053,7095.052734375
27054,8952.158203125
27055,8879.0302734375
27056,12555.07421875
27057,10812.5810546875
27058,5963.095703125
27059,8866.1767578125
27060,11537.9736328125
27061,10474.876953125
27062,6995.06396484375
27063,5917.6142578125
27064,13939.7041015625
27065,8993.6904296875
27066,12383.9833984375
27067,9976.251953125
27068,7576.3525390625
27069,12326.9130859375
27070,10203.6259765625
27071,12160.7841796875
27072,11262.1376953125
27073,9465.1328125
27074,12074.75
27075,12526.263671875
27076,10125.126953125
27077,7198.10302734375
27078,9131.498046875
27079,6326.875
27080,4957.22802734375
27081,12150.609375
27082,7722.97265625
27083,12592.9892578125
27084,6535.24072265625
27085,9047.921875
27086,8590.7890625
27087,12739.3232421875
27088,7051.5693359375
27089,7364.01708984375
27090,9730.4404296875
27091,9889.66796875
27092,7349.93994140625
27093,9516.1416015625
27094,9645.2607421875
27095,10982.3642578125
27096,10044.88671875
27097,9557.748046875
27098,7553.7626953125
27099,6451.8232421875
27100,6723.123046875
27101,16055.029296875
27102,12353.6044921875
27103,12725.640625
27104,15824.484375
27105,10115.580078125
27106,7494.91015625
27107,9952.0341796875
27108,11954.8466796875
27109,14108.7470703125
27110,10436.7392578125
27111,11261.9306640625
27112,12219.626953125
27113,9208.6474609375
27114,10276.7890625
27115,8632.751953125
27116,7548.63427734375
27117,6952.26025390625
27118,6302.7978515625
27119,8608.412109375
27120,12186.3134765625
27121,22528.478515625
27122,9356.3720703125
27123,6886.99462890625
27124,10934.720703125
27125,7624.06103515625
27126,9455.5595703125
27127,5095.6943359375
27128,12059.837890625
27129,9259.1435546875
27130,9416.9189453125
27131,18785.568359375
27132,12667.12109375
27133,9238.3037109375
27134,9751.60546875
27135,5346.3955078125
27136,6253.01318359375
27137,7925.66259765625
27138,12234.7978515625
27139,7207.5869140625
27140,6280.07080078125
27141,7517.57080078125
27142,7282.751953125
27143,10060.150390625
27144,11095.9345703125
27145,3855.27490234375
27146,10167.6171875
27147,11099.0390625
27148,10624.5634765625
27149,8672.7021484375
27150,6906.5771484375
27151,11728.26171875
27152,6231.07763671875
27153,13166.62109375
27154,6723.44140625
27155,8440.361328125
27156,10350.4482421875
27157,9566.4873046875
27158,6332.20458984375
27159,8638.939453125
27160,10317.28515625
27161,12064.6025390625
27162,14441.2373046875
27163,8039.431640625
27164,5037.5712890625
27165,7549.26171875
27166,8719.58203125
27167,6739.92333984375
27168,9021.599609375
27169,8118.3759765625
27170,14403.595703125
27171,11848.3330078125
27172,8135.232421875
27173,9897.873046875
27174,6945.32861328125
27175,12675.7841796875
27176,7798.810546875
27177,17043.603515625
27178,9318.078125
27179,8338.2783203125
27180,8156.0888671875
27181,5274.67529296875
27182,9156.771484375
27183,26757.16796875
27184,7019.68603515625
27185,6797.34765625
27186,13253.5234375
27187,9131.2900390625
27188,10813.091796875
27189,11562.095703125
27190,9457.01953125
27191,7996.40185546875
27192,6271.05859375
27193,13285.2978515625
27194,8823.0068359375
27195,9631.3046875
27196,10746.1220703125
27197,9191.822265625
27198,10405.291015625
27199,9207.404296875
27200,5562.76416015625
27201,12127.4697265625
27202,11749.451171875
27203,5979.0244140625
27204,10791.6279296875
27205,9828.6923828125
27206,6852.3779296875
27207,13149.8896484375
27208,8817.9765625
27209,10740.125
27210,6056.70751953125
27211,7934.77294921875
27212,8847.0771484375
27213,6364.95263671875
27214,10512.2822265625
27215,6702.59814453125
27216,8124.21337890625
27217,6915.9755859375
27218,9316.2001953125
27219,7288.6943359375
27220,10304.96484375
27221,10238.9072265625
27222,10976.7236328125
27223,9466.537109375
27224,10166.576171875
27225,7608.939453125
27226,12896.537109375
27227,13313.7451171875
27228,10974.8857421875
27229,5078.86572265625
27230,8286.2470703125
27231,10726.5771484375
27232,6841.92919921875
27233,15030.431640625
27234,9995.525390625
27235,11541.3837890625
27236,12616.7509765625
27237,8671.70703125
27238,6882.3125
27239,15174.0009765625
27240,13785.791015625
27241,7408.76123046875
27242,11953.958984375
27243,12603.873046875
27244,8035.47216796875
27245,7744.90869140625
27246,9768.9775390625
27247,7880.2509765625
27248,7889.9365234375
27249,9279.4609375
27250,6843.24072265625
27251,8265.3017578125
27252,10781.9052734375
27253,10009.1083984375
27254,12591.8076171875
27255,8121.73828125
27256,9087.41796875
27257,6176.73974609375
27258,10115.10546875
27259,10332.6865234375
27260,8528.2958984375
27261,10092.7822265625
27262,10098.2939453125
27263,12844.302734375
27264,8499.2177734375
27265,8066.646484375
27266,9837.607421875
27267,9238.8916015625
27268,8993.0849609375
27269,5944.2626953125
27270,6693.35888671875
27271,9278.2275390625
27272,7612.51025390625
27273,9189.123046875
27274,11541.203125
27275,8193.7978515625
27276,9008.25
27277,7940.3798828125
27278,5469.47998046875
27279,10562.2314453125
27280,9375.005859375
27281,10006.1162109375
27282,12163.85546875
27283,13210.1748046875
27284,6302.34912109375
27285,11616.6513671875
27286,5826.322265625
27287,4282.40478515625
27288,12145.2158203125
27289,13118.5859375
27290,10989.3017578125
27291,11129.44140625
27292,7757.21337890625
27293,10154.796875
27294,13159.8115234375
27295,9615.505859375
27296,10945.4267578125
27297,7167.9443359375
27298,5737.45263671875
27299,6903.1064453125
27300,7526.12939453125
27301,7325.9443359375
27302,8296.0205078125
27303,8805.0927734375
27304,5360.95068359375
27305,8502.580078125
27306,10903.810546875
27307,9072.4853515625
27308,8556.30859375
27309,10291.9833984375
27310,8587.5146484375
27311,8097.42529296875
27312,12432.6552734375
27313,11475.8193359375
27314,7974.54833984375
27315,6332.89501953125
27316,17010.416015625
27317,9787.7919921875
27318,10110.94140625
27319,13762.58203125
27320,10156.0009765625
27321,12373.6884765625
27322,8284.703125
27323,8657.3076171875
27324,13160.4560546875
27325,19646.724609375
27326,8852.31640625
27327,7751.7177734375
27328,6398.052734375
27329,9249.1591796875
27330,8701.8720703125
27331,11650.8837890625
27332,12966.71875
27333,8048.3095703125
27334,5650.6435546875
27335,9182.6689453125
27336,13721.51171875
27337,7346.07080078125
27338,11431.990234375
27339,5692.19482421875
27340,10708.5791015625
27341,10581.7421875
27342,10555.1845703125
27343,11729.6123046875
27344,9616.892578125
27345,6873.67431640625
27346,8635.84375
27347,11529.3154296875
27348,11266.01953125
27349,10529.1728515625
27350,10984.1630859375
27351,9109.814453125
27352,7033.60302734375
27353,13561.296875
27354,6166.0615234375
27355,12451.837890625
27356,8503.076171875
27357,6991.72412109375
27358,10133.841796875
27359,8486.080078125
27360,10462.4541015625
27361,12451.333984375
27362,6820.27685546875
27363,6752.25732421875
27364,11823.33203125
27365,13406.0390625
27366,11332.7900390625
27367,7769.76025390625
27368,7702.9619140625
27369,9834.3427734375
27370,8976.69140625
27371,8668.4716796875
27372,13843.88671875
27373,13118.826171875
27374,14283.732421875
27375,5699.00146484375
27376,8896.7490234375
27377,10971.875
27378,13385.541015625
27379,8447.8779296875
27380,13924.515625
27381,8430.2998046875
27382,8268.892578125
27383,7015.853515625
27384,8663.2421875
27385,7439.00390625
27386,9973.91796875
27387,7854.15087890625
27388,8599.0703125
27389,15241.6083984375
27390,8617.19140625
27391,27504.7734375
27392,10257.365234375
27393,0.0
27394,0.0
27395,0.0
27396,0.0
27397,0.0
27398,0.0
27399,0.0
27400,0.0
27401,0.0
27402,0.0
27403,0.0
27404,0.0
27405,0.0
27406,0.0
27407,0.0
27408,0.0
27409,0.0
27410,0.0
27411,0.0
27412,0.0
27413,0.0
27414,0.0
27415,0.0
27416,0.0
27417,0.0
27418,0.0
27419,0.0
27420,0.0
27421,0.0
27422,0.0
27423,0.0
27424,0.0
27425,0.0
27426,0.0
27427,0.0
27428,0.0
27429,0.0
27430,0.0
27431,0.0
27432,0.0
27433,0.0
27434,0.0
27435,0.0
27436,0.0
27437,0.0
27438,0.0
27439,0.0
27440,0.0
27441,0.0
27442,0.0
27443,0.0
27444,0.0
27445,0.0
27446,0.0
27447,0.0
27448,0.0
27449,0.0
27450,0.0
27451,0.0
27452,0.0
27453,0.0
27454,0.0
27455,0.0
27456,0.0
27457,0.0
27458,0.0
27459,0.0
27460,0.0
27461,0.0
27462,0.0
27463,0.0
27464,0.0
27465,0.0
27466,0.0
27467,0.0
27468,0.0
27469,0.0
27470,0.0
27471,0.0
27472,0.0
27473,0.0
27474,0.0
27475,0.0
27476,0.0
27477,0.0
27478,0.0
27479,0.0
27480,0.0
27481,0.0
27482,0.0
27483,0.0
27484,4509.54736328125
27485,0.0
27486,0.0
27487,0.0
27488,0.0
27489,0.0
27490,0.0
27491,0.0
27492,0.0
27493,0.0
27494,0.0
27495,0.0
27496,0.0
27497,0.0
27498,0.0
27499,0.0
27500,0.0
27501,0.0
27502,0.0
27503,0.0
27504,0.0
27505,0.0
27506,0.0
27507,0.0
27508,0.0
27509,0.0
27510,0.0
27511,0.0
27512,0.0
27513,0.0
27514,0.0
27515,0.0
27516,0.0
27517,0.0
27518,0.0
27519,0.0
27520,0.0
27521,0.0
27522,0.0
27523,0.0
27524,0.0
27525,0.0
27526,0.0
27527,0.0
27528,0.0
27529,0.0
27530,0.0
27531,0.0
27532,0.0
27533,0.0
27534,0.0
27535,0.0
27536,0.0
27537,0.0
27538,0.0
27539,0.0
27540,0.0
27541,0.0
27542,0.0
27543,0.0
27544,0.0
27545,0.0
27546,0.0
27547,0.0
27548,0.0
27549,0.0
27550,0.0
27551,0.0
27552,3217.671142578125
27553,0.0
27554,0.0
27555,0.0
27556,0.0
27557,0.0
27558,0.0
27559,0.0
27560,0.0
27561,0.0
27562,0.0
27563,0.0
27564,0.0
27565,0.0
27566,0.0
27567,0.0
27568,0.0
27569,0.0
27570,0.0
27571,0.0
27572,0.0
27573,0.0
27574,0.0
27575,0.0
27576,0.0
27577,0.0
27578,0.0
27579,0.0
27580,0.0
27581,0.0
27582,0.0
27583,0.0
27584,0.0
27585,0.0
27586,0.0
27587,0.0
27588,0.0
27589,0.0
27590,0.0
27591,0.0
27592,0.0
27593,16837.98828125
27594,24994.37890625
27595,0.0
27596,0.0
27597,0.0
27598,0.0
27599,0.0
27600,0.0
27601,0.0
27602,7620.8720703125
27603,0.0
27604,0.0
27605,0.0
27606,0.0
27607,0.0
27608,0.0
27609,0.0
27610,0.0
27611,0.0
27612,0.0
27613,0.0
27614,0.0
27615,0.0
27616,0.0
27617,0.0
27618,0.0
27619,0.0
27620,0.0
27621,5987.55712890625
27622,0.0
27623,0.0
27624,0.0
27625,0.0
27626,0.0
27627,0.0
27628,0.0
27629,0.0
27630,0.0
27631,3925.642578125
27632,0.0
27633,0.0
27634,0.0
27635,0.0
27636,0.0
27637,0.0
27638,0.0
27639,0.0
27640,0.0
27641,0.0
27642,0.0
27643,0.0
27644,0.0
27645,0.0
27646,0.0
27647,0.0
27648,0.0
27649,8533.71484375
27650,0.0
27651,0.0
27652,0.0
27653,0.0
27654,0.0
27655,0.0
27656,0.0
27657,0.0
27658,0.0
27659,0.0
27660,0.0
27661,0.0
27662,0.0
27663,0.0
27664,0.0
27665,0.0
27666,9281.77734375
27667,0.0
27668,0.0
27669,0.0
27670,0.0
27671,0.0
27672,0.0
27673,0.0
27674,0.0
27675,0.0
27676,0.0
27677,0.0
27678,0.0
27679,0.0
27680,0.0
27681,0.0
27682,0.0
27683,0.0
27684,0.0
27685,0.0
27686,0.0
27687,0.0
27688,0.0
27689,0.0
27690,0.0
27691,0.0
27692,0.0
27693,0.0
27694,0.0
27695,0.0
27696,0.0
27697,0.0
27698,0.0
27699,0.0
27700,0.0
27701,0.0
27702,0.0
27703,0.0
27704,0.0
27705,0.0
27706,0.0
27707,0.0
27708,0.0
27709,0.0
27710,0.0
27711,0.0
27712,0.0
27713,0.0
27714,0.0
27715,0.0
27716,0.0
27717,0.0
27718,0.0
27719,0.0
27720,0.0
27721,0.0
27722,0.0
27723,0.0
27724,0.0
27725,0.0
27726,0.0
27727,0.0
27728,2375.708740234375
27729,0.0
27730,0.0
27731,0.0
27732,0.0
27733,0.0
27734,0.0
27735,0.0
27736,0.0
27737,0.0
27738,0.0
27739,0.0
27740,0.0
27741,0.0
27742,6671.58642578125
27743,0.0
27744,0.0
27745,0.0
27746,0.0
27747,0.0
27748,0.0
27749,0.0
27750,0.0
27751,0.0
27752,0.0
27753,0.0
27754,0.0
27755,0.0
27756,0.0
27757,0.0
27758,0.0
27759,0.0
27760,0.0
27761,0.0
27762,0.0
27763,0.0
27764,0.0
27765,0.0
27766,0.0
27767,0.0
27768,0.0
27769,0.0
27770,0.0
27771,0.0
27772,0.0
27773,0.0
27774,0.0
27775,0.0
27776,0.0
27777,0.0
27778,0.0
27779,0.0
27780,0.0
27781,0.0
27782,0.0
27783,0.0
27784,0.0
27785,7647.28564453125
27786,0.0
27787,0.0
27788,0.0
27789,0.0
27790,0.0
27791,0.0
27792,0.0
27793,0.0
27794,0.0
27795,3029.0869140625
27796,0.0
27797,0.0
27798,0.0
27799,6786.29296875
27800,0.0
27801,0.0
27802,0.0
27803,0.0
27804,0.0
27805,0.0
27806,0.0
27807,0.0
27808,0.0
27809,0.0
27810,0.0
27811,0.0
27812,0.0
27813,0.0
27814,0.0
27815,0.0
27816,0.0
27817,0.0
27818,0.0
27819,0.0
27820,0.0
27821,0.0
27822,0.0
27823,0.0
27824,0.0
27825,0.0
27826,19783.62890625
27827,0.0
27828,0.0
27829,0.0
27830,0.0
27831,0.0
27832,0.0
27833,0.0
27834,0.0
27835,0.0
27836,0.0
27837,0.0
27838,0.0
27839,0.0
27840,7077.50048828125
27841,0.0
27842,0.0
27843,0.0
27844,0.0
27845,0.0
27846,0.0
27847,0.0
27848,0.0
27849,0.0
27850,0.0
27851,0.0
27852,0.0
27853,0.0
27854,0.0
27855,0.0
27856,0.0
27857,0.0
27858,0.0
27859,0.0
27860,0.0
27861,0.0
27862,0.0
27863,0.0
27864,0.0
27865,0.0
27866,0.0
27867,0.0
27868,0.0
27869,0.0
27870,0.0
27871,0.0
27872,0.0
27873,0.0
27874,0.0
27875,0.0
27876,0.0
27877,0.0
27878,0.0
27879,0.0
27880,0.0
27881,0.0
27882,0.0
27883,0.0
27884,0.0
27885,0.0
27886,0.0
27887,0.0
27888,0.0
27889,0.0
27890,0.0
27891,0.0
27892,0.0
27893,0.0
27894,0.0
27895,0.0
27896,0.0
27897,0.0
27898,0.0
27899,0.0
27900,0.0
27901,0.0
27902,0.0
27903,0.0
27904,0.0
27905,0.0
27906,0.0
27907,0.0
27908,0.0
27909,0.0
27910,0.0
27911,0.0
27912,0.0
27913,0.0
27914,0.0
27915,13667.70703125
27916,0.0
27917,0.0
27918,0.0
27919,0.0
27920,0.0
27921,0.0
27922,0.0
27923,0.0
27924,0.0
27925,0.0
27926,0.0
27927,0.0
27928,0.0
27929,0.0
27930,0.0
27931,0.0
27932,0.0
27933,0.0
27934,0.0
27935,0.0
27936,0.0
27937,0.0
27938,0.0
27939,0.0
27940,0.0
27941,0.0
27942,0.0
27943,0.0
27944,0.0
27945,0.0
27946,0.0
27947,0.0
27948,0.0
27949,0.0
27950,0.0
27951,0.0
27952,0.0
27953,0.0
27954,0.0
27955,0.0
27956,0.0
27957,0.0
27958,0.0
27959,5458.7744140625
27960,16712.6640625
27961,0.0
27962,0.0
27963,0.0
27964,0.0
27965,0.0
27966,0.0
27967,0.0
27968,0.0
27969,0.0
27970,0.0
27971,0.0
27972,0.0
27973,0.0
27974,0.0
27975,0.0
27976,0.0
27977,0.0
27978,0.0
27979,0.0
27980,0.0
27981,0.0
27982,0.0
27983,0.0
27984,0.0
27985,0.0
27986,0.0
27987,0.0
27988,11199.6953125
27989,0.0
27990,0.0
27991,0.0
27992,0.0
27993,0.0
27994,0.0
27995,0.0
27996,0.0
27997,0.0
27998,0.0
27999,0.0
28000,0.0
28001,0.0
28002,0.0
28003,0.0
28004,0.0
28005,0.0
28006,0.0
28007,0.0
28008,0.0
28009,0.0
28010,0.0
28011,0.0
28012,0.0
28013,0.0
28014,0.0
28015,0.0
28016,0.0
28017,0.0
28018,0.0
28019,0.0
28020,0.0
28021,0.0
28022,0.0
28023,0.0
28024,0.0
28025,0.0
28026,0.0
28027,0.0
28028,0.0
28029,0.0
28030,0.0
28031,0.0
28032,0.0
28033,0.0
28034,0.0
28035,0.0
28036,0.0
28037,0.0
28038,0.0
28039,0.0
28040,0.0
28041,0.0
28042,0.0
28043,0.0
28044,0.0
28045,0.0
28046,0.0
28047,0.0
28048,0.0
28049,0.0
28050,0.0
28051,0.0
28052,0.0
28053,0.0
28054,0.0
28055,0.0
28056,0.0
28057,0.0
28058,2920.917236328125
28059,0.0
28060,0.0
28061,0.0
28062,2704.341796875
28063,0.0
28064,0.0
28065,0.0
28066,0.0
28067,0.0
28068,0.0
28069,0.0
28070,0.0
28071,0.0
28072,0.0
28073,0.0
28074,0.0
28075,0.0
28076,0.0
28077,0.0
28078,0.0
28079,0.0
28080,0.0
28081,0.0
28082,0.0
28083,0.0
28084,0.0
28085,0.0
28086,0.0
28087,0.0
28088,0.0
28089,0.0
28090,0.0
28091,0.0
28092,0.0
28093,0.0
28094,0.0
28095,0.0
28096,0.0
28097,0.0
28098,0.0
28099,0.0
28100,0.0
28101,0.0
28102,0.0
28103,0.0
28104,0.0
28105,0.0
28106,0.0
28107,0.0
28108,0.0
28109,0.0
28110,0.0
28111,0.0
28112,0.0
28113,3134.00244140625
28114,0.0
28115,0.0
28116,0.0
28117,0.0
28118,0.0
28119,0.0
28120,0.0
28121,0.0
28122,0.0
28123,0.0
28124,0.0
28125,0.0
28126,0.0
28127,0.0
28128,11579.47265625
28129,0.0
28130,0.0
28131,0.0
28132,0.0
28133,0.0
28134,0.0
28135,0.0
28136,0.0
28137,0.0
28138,0.0
28139,0.0
28140,0.0
28141,0.0
28142,0.0
28143,0.0
28144,0.0
28145,0.0
28146,0.0
28147,0.0
28148,0.0
28149,0.0
28150,0.0
28151,0.0
28152,0.0
28153,0.0
28154,0.0
28155,0.0
28156,0.0
28157,0.0
28158,0.0
28159,0.0
28160,0.0
28161,0.0
28162,0.0
28163,0.0
28164,0.0
28165,0.0
28166,0.0
28167,0.0
28168,0.0
28169,0.0
28170,0.0
28171,0.0
28172,0.0
28173,0.0
28174,0.0
28175,0.0
28176,0.0
28177,0.0
28178,0.0
28179,0.0
28180,0.0
28181,0.0
28182,0.0
28183,0.0
28184,0.0
28185,0.0
28186,0.0
28187,0.0
28188,0.0
28189,0.0
28190,0.0
28191,0.0
28192,5779.15087890625
28193,0.0
28194,0.0
28195,0.0
28196,0.0
28197,0.0
28198,0.0
28199,0.0
28200,0.0
28201,0.0
28202,0.0
28203,0.0
28204,0.0
28205,0.0
28206,0.0
28207,0.0
28208,0.0
28209,0.0
28210,0.0
28211,0.0
28212,0.0
28213,0.0
28214,0.0
28215,0.0
28216,0.0
28217,0.0
28218,0.0
28219,0.0
28220,0.0
28221,0.0
28222,0.0
28223,0.0
28224,0.0
28225,0.0
28226,0.0
28227,0.0
28228,0.0
28229,0.0
28230,0.0
28231,0.0
28232,0.0
28233,13622.412109375
28234,5743.958984375
28235,0.0
28236,0.0
28237,0.0
28238,0.0
28239,0.0
28240,0.0
28241,0.0
28242,0.0
28243,0.0
28244,0.0
28245,0.0
28246,0.0
28247,0.0
28248,0.0
28249,4285.771484375
28250,4017.049072265625
28251,7312.2822265625
28252,3877.0078125
28253,6399.99267578125
28254,4597.40771484375
28255,5603.6318359375
28256,6648.54345703125
28257,0.0
28258,3010.504150390625
28259,5642.07470703125
28260,5409.33984375
28261,3862.416748046875
28262,0.0
28263,5945.0625
28264,0.0
28265,4356.9677734375
28266,7383.90771484375
28267,8071.8525390625
28268,6630.11767578125
28269,7496.99951171875
28270,3159.545654296875
28271,5500.61865234375
28272,0.0
28273,8040.9970703125
28274,8601.337890625
28275,0.0
28276,5997.38427734375
28277,3903.16015625
28278,4833.6591796875
28279,0.0
28280,7936.4912109375
28281,3974.752685546875
28282,5240.27392578125
28283,0.0
28284,5424.53173828125
28285,2772.429443359375
28286,7332.40576171875
28287,4353.9140625
28288,0.0
28289,0.0
28290,3873.464111328125
28291,8597.4873046875
28292,5241.1875
28293,5305.82421875
28294,4029.750732421875
28295,7639.06298828125
28296,10178.5
28297,6057.8857421875
28298,5682.84765625
28299,8337.095703125
28300,7493.51953125
28301,5647.80078125
28302,5859.84521484375
28303,1299.6143798828125
28304,3268.84326171875
28305,4763.2763671875
28306,6527.359375
28307,7774.08544921875
28308,7006.95458984375
28309,4312.50048828125
28310,8231.486328125
28311,0.0
28312,3988.095947265625
28313,3179.505859375
28314,10907.12109375
28315,3342.568603515625
28316,0.0
28317,6790.80859375
28318,3897.9296875
28319,5783.64013671875
28320,2855.3193359375
28321,5719.86767578125
28322,5532.2666015625
28323,0.0
28324,0.0
28325,6966.24072265625
28326,4606.1494140625
28327,3230.721435546875
28328,7787.7138671875
28329,0.0
28330,5700.0009765625
28331,3629.110595703125
28332,6446.09423828125
28333,5765.0634765625
28334,0.0
28335,0.0
28336,2424.779296875
28337,7582.44580078125
28338,5023.5546875
28339,4183.24755859375
28340,8042.20166015625
28341,2593.557861328125
28342,3857.569580078125
28343,4228.34912109375
28344,7809.90234375
28345,0.0
28346,3980.675537109375
28347,4522.4208984375
28348,0.0
28349,6365.11962890625
28350,0.0
28351,0.0
28352,0.0
28353,5832.48046875
28354,4494.55517578125
28355,3118.40380859375
28356,5479.2734375
28357,0.0
28358,0.0
28359,6906.46435546875
28360,7829.71826171875
28361,0.0
28362,7911.52001953125
28363,3115.955322265625
28364,3058.299072265625
28365,8106.2861328125
28366,4504.0673828125
28367,7230.86279296875
28368,9572.3955078125
28369,5071.177734375
28370,5578.64453125
28371,6677.98046875
28372,7987.07958984375
28373,3339.090087890625
28374,0.0
28375,4956.2822265625
28376,5000.64697265625
28377,4883.53466796875
28378,3086.08349609375
28379,5728.9794921875
28380,0.0
28381,0.0
28382,6081.65625
28383,2907.15576171875
28384,6299.931640625
28385,7210.08056640625
28386,2372.708740234375
28387,5601.52685546875
28388,0.0
28389,5495.27734375
28390,0.0
28391,4481.4208984375
28392,5122.10595703125
28393,6964.36328125
28394,0.0
28395,0.0
28396,0.0
28397,4063.381103515625
28398,5152.51904296875
28399,9856.8505859375
28400,5923.76220703125
28401,7625.50146484375
28402,6346.73974609375
28403,4845.3603515625
28404,6607.16259765625
28405,0.0
28406,4371.666015625
28407,8282.6455078125
28408,5263.3193359375
28409,2342.206298828125
28410,3500.936279296875
28411,7077.3916015625
28412,8713.05859375
28413,0.0
28414,6142.5595703125
28415,4312.89599609375
28416,0.0
28417,2186.636474609375
28418,3559.790771484375
28419,5074.3681640625
28420,7068.7158203125
28421,4902.27099609375
28422,4741.05712890625
28423,7884.8955078125
28424,7464.79541015625
28425,7053.12841796875
28426,0.0
28427,8303.9931640625
28428,8911.9091796875
28429,4221.1142578125
28430,5191.462890625
28431,5345.22802734375
28432,6705.94189453125
28433,3516.516357421875
28434,3466.298828125
28435,4541.5654296875
28436,8562.12890625
28437,6090.3154296875
28438,7258.68603515625
28439,6941.9794921875
28440,4626.66259765625
28441,8622.6318359375
28442,16504.763671875
28443,8420.7119140625
28444,4157.46435546875
28445,4237.27001953125
28446,6384.69873046875
28447,5798.76611328125
28448,0.0
28449,9344.9931640625
28450,13852.52734375
28451,0.0
28452,3510.51513671875
28453,10370.92578125
28454,3601.52392578125
28455,5105.21630859375
28456,3555.48974609375
28457,6397.388671875
28458,4165.1943359375
28459,0.0
28460,0.0
28461,5570.4345703125
28462,8337.60546875
28463,6128.8173828125
28464,6156.19775390625
28465,0.0
28466,0.0
28467,6562.93505859375
28468,0.0
28469,0.0
28470,5798.97412109375
28471,4168.8662109375
28472,3679.971435546875
28473,5507.666015625
28474,4790.88232421875
28475,5078.16064453125
28476,0.0
28477,9525.2333984375
28478,7552.01611328125
28479,4546.28564453125
28480,4339.36279296875
28481,4209.42431640625
28482,3985.099609375
28483,6316.9052734375
28484,0.0
28485,6867.103515625
28486,5689.36474609375
28487,7879.39990234375
28488,5299.63037109375
28489,4388.01025390625
28490,3283.22265625
28491,2839.50341796875
28492,8704.4453125
28493,0.0
28494,5397.005859375
28495,12227.2783203125
28496,7477.41845703125
28497,4347.6064453125
28498,5504.73486328125
28499,2871.49853515625
28500,3998.974609375
28501,4109.73583984375
28502,4762.25048828125
28503,8980.677734375
28504,4664.01611328125
28505,8661.8544921875
28506,9617.828125
28507,6070.38427734375
28508,5531.38525390625
28509,4595.93017578125
28510,5389.154296875
28511,4760.24755859375
28512,0.0
28513,5349.65234375
28514,7391.943359375
28515,0.0
28516,5898.20458984375
28517,6087.23876953125
28518,0.0
28519,6996.63232421875
28520,5537.56005859375
28521,6727.927734375
28522,5065.88525390625
28523,8577.607421875
28524,6825.86962890625
28525,6568.5078125
28526,8819.96484375
28527,7103.802734375
28528,8506.259765625
28529,3393.733642578125
28530,0.0
28531,5442.22998046875
28532,8570.658203125
28533,7201.97802734375
28534,7141.76171875
28535,6641.560546875
28536,7520.9169921875
28537,5307.3134765625
28538,6890.23291015625
28539,6578.626953125
28540,3379.497802734375
28541,10416.84765625
28542,15985.599609375
28543,0.0
28544,6036.83984375
28545,7012.76220703125
28546,8211.087890625
28547,8006.84130859375
28548,3110.67822265625
28549,4553.181640625
28550,5829.38671875
28551,8645.2138671875
28552,3102.68212890625
28553,4300.56005859375
28554,5264.4013671875
28555,0.0
28556,3886.943359375
28557,3355.3662109375
28558,2803.370849609375
28559,7314.69384765625
28560,0.0
28561,4879.0185546875
28562,5847.1162109375
28563,5344.7431640625
28564,9337.8779296875
28565,0.0
28566,0.0
28567,7802.28564453125
28568,6635.23876953125
28569,9795.642578125
28570,4722.173828125
28571,2740.531494140625
28572,0.0
28573,11904.212890625
28574,4147.72216796875
28575,6991.2626953125
28576,2120.292236328125
28577,3572.328857421875
28578,4947.31591796875
28579,0.0
28580,0.0
28581,0.0
28582,8610.1298828125
28583,8469.59765625
28584,4743.19921875
28585,0.0
28586,2169.4482421875
28587,3774.894287109375
28588,6675.2158203125
28589,4693.787109375
28590,10382.2646484375
28591,2661.772216796875
28592,6461.82763671875
28593,5903.841796875
28594,8433.6435546875
28595,8689.103515625
28596,4985.193359375
28597,3391.785400390625
28598,9335.248046875
28599,8815.740234375
28600,4314.8828125
28601,0.0
28602,9124.4580078125
28603,6255.38720703125
28604,5150.3525390625
28605,4010.0517578125
28606,7660.8447265625
28607,4027.560302734375
28608,11675.1220703125
28609,7737.96826171875
28610,11557.4580078125
28611,0.0
28612,4958.40234375
28613,2067.18408203125
28614,6073.21533203125
28615,0.0
28616,4905.9013671875
28617,9252.568359375
28618,0.0
28619,2647.03662109375
28620,6458.55078125
28621,3543.71435546875
28622,0.0
28623,7098.02197265625
28624,5266.9482421875
28625,8053.46728515625
28626,5024.3076171875
28627,7039.833984375
28628,0.0
28629,5292.3984375
28630,0.0
28631,0.0
28632,9465.326171875
28633,6138.6376953125
28634,3568.911865234375
28635,5101.4501953125
28636,8027.29150390625
28637,5716.3056640625
28638,4023.66845703125
28639,5383.88037109375
28640,7068.51708984375
28641,8282.94921875
28642,0.0
28643,9299.3359375
28644,4082.812744140625
28645,3673.98046875
28646,4366.8076171875
28647,5711.28271484375
28648,3445.740478515625
28649,4780.65869140625
28650,7401.6982421875
28651,7108.791015625
28652,10075.365234375
28653,8796.8037109375
28654,7823.0693359375
28655,7482.568359375
28656,4436.87890625
28657,10172.0166015625
28658,8049.25830078125
28659,5495.08251953125
28660,5041.28173828125
28661,5490.72509765625
28662,4647.72509765625
28663,3111.4521484375
28664,0.0
28665,0.0
28666,6252.57275390625
28667,0.0
28668,2637.215576171875
28669,7602.41357421875
28670,0.0
28671,7874.619140625
28672,3811.315185546875
28673,5394.70751953125
28674,5440.29150390625
28675,4399.095703125
28676,10591.90234375
28677,5215.23828125
28678,0.0
28679,3571.2138671875
28680,3174.032958984375
28681,4569.552734375
28682,12798.7197265625
28683,2958.3984375
28684,5669.01123046875
28685,5169.04248046875
28686,3946.78955078125
28687,3470.026123046875
28688,6440.30224609375
28689,2619.32666015625
28690,0.0
28691,5914.5029296875
28692,0.0
28693,8237.8359375
28694,1540.55126953125
28695,4085.628662109375
28696,10411.5693359375
28697,7420.6240234375
28698,8623.0537109375
28699,2827.16064453125
28700,4724.220703125
28701,4537.02197265625
28702,3980.0830078125
28703,15664.0146484375
28704,0.0
28705,5613.8310546875
28706,3469.033935546875
28707,6236.697265625
28708,4299.0068359375
28709,3098.9580078125
28710,7825.31494140625
28711,4988.55908203125
28712,0.0
28713,6981.67333984375
28714,5294.84619140625
28715,4914.9541015625
28716,6003.83203125
28717,0.0
28718,6968.0625
28719,2857.630126953125
28720,0.0
28721,6660.63720703125
28722,8400.169921875
28723,5912.65576171875
28724,7484.587890625
28725,0.0
28726,0.0
28727,5060.1181640625
28728,3024.726318359375
28729,4457.87939453125
28730,4762.71044921875
28731,4401.96484375
28732,7322.05810546875
28733,3534.5810546875
28734,0.0
28735,4763.35107421875
28736,7390.71240234375
28737,0.0
28738,5105.7568359375
28739,0.0
28740,0.0
28741,3087.177001953125
28742,10976.6005859375
28743,3910.093994140625
28744,3602.746337890625
28745,5799.73193359375
28746,0.0
28747,9758.9296875
28748,0.0
28749,4751.1650390625
28750,0.0
28751,6869.06640625
28752,4781.8720703125
28753,7828.166015625
28754,3220.76123046875
28755,3629.274169921875
28756,3822.46875
28757,3459.75927734375
28758,0.0
28759,8015.69677734375
28760,6479.93359375
28761,6376.74658203125
28762,5165.138671875
28763,8828.6650390625
28764,7566.029296875
28765,0.0
28766,0.0
28767,0.0
28768,6967.27978515625
28769,5241.97607421875
28770,2263.762939453125
28771,6661.00244140625
28772,0.0
28773,6060.89599609375
28774,5565.814453125
28775,3187.1142578125
28776,0.0
28777,2844.43603515625
28778,8968.2470703125
28779,5193.7509765625
28780,4437.794921875
28781,8395.1943359375
28782,3535.94921875
28783,4466.1435546875
28784,0.0
28785,2750.703369140625
28786,6972.93310546875
28787,9732.5703125
28788,6201.1064453125
28789,2567.56787109375
28790,0.0
28791,0.0
28792,2413.20849609375
28793,5098.9716796875
28794,0.0
28795,5261.263671875
28796,0.0
28797,5430.8134765625
28798,0.0
28799,7804.796875
28800,5292.9296875
28801,0.0
28802,4023.197021484375
28803,5269.99609375
28804,0.0
28805,6141.86279296875
28806,7512.50537109375
28807,7172.0576171875
28808,8120.6884765625
28809,5674.7626953125
28810,5275.77783203125
28811,3329.587646484375
28812,5289.76171875
28813,8962.193359375
28814,5670.1015625
28815,7877.85107421875
28816,14038.7900390625
28817,2878.824462890625
28818,0.0
28819,3957.52685546875
28820,8359.9169921875
28821,0.0
28822,7702.67626953125
28823,7575.80322265625
28824,7644.12646484375
28825,0.0
28826,6719.96044921875
28827,4897.32861328125
28828,3403.195556640625
28829,0.0
28830,3309.261962890625
28831,3185.081787109375
28832,6961.76708984375
28833,18757.474609375
28834,5522.20654296875
28835,3908.234375
28836,4302.30908203125
28837,4739.1396484375
28838,6353.0908203125
28839,2535.33984375
28840,6077.59912109375
28841,0.0
28842,3706.29736328125
28843,10903.234375
28844,10508.009765625
28845,3749.973876953125
28846,0.0
28847,4144.1201171875
28848,3709.940185546875
28849,5260.31298828125
28850,0.0
28851,3720.71630859375
28852,4698.84228515625
28853,0.0
28854,5061.3359375
28855,4167.388671875
28856,7518.05517578125
28857,3121.68408203125
28858,8517.9296875
28859,6139.68798828125
28860,4032.840087890625
28861,4460.1630859375
28862,3597.43994140625
28863,4870.4384765625
28864,0.0
28865,9405.1640625
28866,4350.90087890625
28867,4170.14404296875
28868,6490.6005859375
28869,7668.88330078125
28870,0.0
28871,0.0
28872,0.0
28873,8641.9580078125
28874,6327.705078125
28875,5980.6943359375
28876,3711.158447265625
28877,4386.8720703125
28878,0.0
28879,3911.220703125
28880,4628.0498046875
28881,4817.18798828125
28882,0.0
28883,7104.75537109375
28884,4391.5205078125
28885,5498.78466796875
28886,0.0
28887,6995.564453125
28888,6101.40625
28889,9010.8671875
28890,7025.95166015625
28891,5072.8779296875
28892,3252.354248046875
28893,1952.19091796875
28894,4190.53125
28895,0.0
28896,2434.658935546875
28897,4990.4677734375
28898,5844.74658203125
28899,7134.91845703125
28900,6108.373046875
28901,8115.15869140625
28902,5591.70166015625
28903,0.0
28904,2630.997802734375
28905,7676.39306640625
28906,4078.095458984375
28907,6814.2353515625
28908,9722.9296875
28909,0.0
28910,0.0
28911,7003.47802734375
28912,3557.1025390625
28913,6327.33984375
28914,6546.96337890625
28915,2913.127197265625
28916,8508.9931640625
28917,6470.39208984375
28918,5030.111328125
28919,9090.4296875
28920,8267.40625
28921,5874.20849609375
28922,4464.12548828125
28923,3863.71484375
28924,5639.90869140625
28925,0.0
28926,6141.47705078125
28927,2220.893798828125
28928,5781.79150390625
28929,3010.595458984375
28930,0.0
28931,5322.05517578125
28932,4442.43359375
28933,5655.93310546875
28934,8212.8994140625
28935,0.0
28936,6959.13525390625
28937,0.0
28938,5738.810546875
28939,9433.439453125
28940,7439.986328125
28941,4587.37939453125
28942,0.0
28943,5199.50537109375
28944,0.0
28945,0.0
28946,0.0
28947,6745.5263671875
28948,8572.6982421875
28949,6283.8173828125
28950,2759.646484375
28951,0.0
28952,8080.056640625
28953,6262.3134765625
28954,7467.03955078125
28955,6850.017578125
28956,0.0
28957,5631.95556640625
28958,4024.050048828125
28959,0.0
28960,0.0
28961,7337.6083984375
28962,2581.40380859375
28963,7871.98828125
28964,6562.79150390625
28965,4813.423828125
28966,7063.7509765625
28967,4784.67041015625
28968,6696.45654296875
28969,3790.1240234375
28970,3220.649658203125
28971,4727.89453125
28972,4073.824462890625
28973,6777.0732421875
28974,6235.34912109375
28975,7787.5029296875
28976,6065.7666015625
28977,0.0
28978,6234.51123046875
28979,6818.880859375
28980,6472.39306640625
28981,3026.2314453125
28982,4120.9189453125
28983,8346.5966796875
28984,5792.90380859375
28985,4074.258544921875
28986,7568.873046875
28987,0.0
28988,4564.51513671875
28989,4756.525390625
28990,1574.1400146484375
28991,6978.38720703125
28992,5927.7255859375
28993,5127.41650390625
28994,8572.3583984375
28995,6671.0078125
28996,3480.767822265625
28997,5759.56787109375
28998,4028.669189453125
28999,704.1947021484375
29000,5509.333984375
29001,0.0
29002,5667.2763671875
29003,4557.83349609375
29004,2178.889404296875
29005,4974.181640625
29006,6675.35107421875
29007,5836.4462890625
29008,8242.072265625
29009,4071.623046875
29010,4598.05810546875
29011,0.0
29012,6242.57666015625
29013,3183.06494140625
29014,2938.7314453125
29015,4799.24560546875
29016,3689.275390625
29017,0.0
29018,4443.2109375
29019,0.0
29020,5449.29638671875
29021,7544.4677734375
29022,4595.4296875
29023,0.0
29024,9685.2841796875
29025,6508.93505859375
29026,0.0
29027,2023.22998046875
29028,4721.18310546875
29029,6060.837890625
29030,4120.17041015625
29031,7220.27734375
29032,8534.59765625
29033,6221.1650390625
29034,6321.939453125
29035,5633.57666015625
29036,7370.31787109375
29037,10075.71875
29038,3363.769775390625
29039,4985.15966796875
29040,4716.52099609375
29041,5265.24609375
29042,0.0
29043,8552.46484375
29044,5330.85107421875
29045,0.0
29046,2702.59375
29047,5973.41357421875
29048,8369.033203125
29049,3434.0107421875
29050,6424.30078125
29051,0.0
29052,6593.27978515625
29053,5637.7841796875
29054,4777.4677734375
29055,5887.6435546875
29056,4279.0927734375
29057,3933.00048828125
29058,6480.27294921875
29059,4910.72412109375
29060,8468.5107421875
29061,5945.3828125
29062,8617.3154296875
29063,5066.5478515625
29064,3624.641845703125
29065,8018.8994140625
29066,0.0
29067,8910.7255859375
29068,0.0
29069,5112.83984375
29070,7087.88916015625
29071,4554.4677734375
29072,4439.92138671875
29073,6750.93115234375
29074,2511.6650390625
29075,2768.626953125
29076,6003.28076171875
29077,6513.865234375
29078,0.0
29079,6085.814453125
29080,5218.5439453125
29081,3984.349365234375
29082,7092.95849609375
29083,2947.896728515625
29084,10042.1953125
29085,7446.9951171875
29086,0.0
29087,0.0
29088,4871.61669921875
29089,9150.2734375
29090,8222.865234375
29091,3171.8759765625
29092,7544.634765625
29093,0.0
29094,5544.298828125
29095,0.0
29096,5490.220703125
29097,3559.69287109375
29098,5319.46484375
29099,0.0
29100,2443.625732421875
29101,7276.115234375
29102,6190.71435546875
29103,22655.34375
29104,7043.3349609375
29105,4151.57958984375
29106,5716.15869140625
29107,10631.22265625
29108,5496.24169921875
29109,6682.40771484375
29110,5076.12060546875
29111,7184.62548828125
29112,6938.88525390625
29113,3602.08642578125
29114,4615.001953125
29115,6044.0419921875
29116,7322.6142578125
29117,5849.376953125
29118,7487.90869140625
29119,4404.7705078125
29120,4826.88671875
29121,5406.15380859375
29122,9084.5859375
29123,9565.69140625
29124,7750.8408203125
29125,7031.921875
29126,3598.10302734375
29127,5787.5830078125
29128,3510.658447265625
29129,7681.458984375
29130,9256.2109375
29131,9242.70703125
29132,4602.12060546875
29133,5726.42626953125
29134,3822.038330078125
29135,7073.771484375
29136,9038.8125
29137,5635.34814453125
29138,5105.859375
29139,4950.6357421875
29140,6431.22412109375
29141,3239.376953125
29142,7299.79638671875
29143,3725.021484375
29144,6757.48876953125
29145,6595.74365234375
29146,5161.41357421875
29147,7630.02587890625
29148,5849.97509765625
29149,4896.41259765625
29150,6202.2890625
29151,6203.046875
29152,9895.03125
29153,6009.96533203125
29154,6220.1650390625
29155,7526.3125
29156,8433.3671875
29157,6186.0146484375
29158,7246.47607421875
29159,3425.80029296875
29160,4358.81884765625
29161,5383.8408203125
29162,6717.01318359375
29163,9895.060546875
29164,6931.44287109375
29165,4472.84033203125
29166,6994.5
29167,6408.19921875
29168,7032.2197265625
29169,3673.447509765625
29170,11373.4248046875
29171,3947.533935546875
29172,5682.81201171875
29173,7394.2939453125
29174,3531.279052734375
29175,4891.5302734375
29176,5655.64892578125
29177,6558.5048828125
29178,5940.388671875
29179,4749.021484375
29180,7871.49462890625
29181,7268.1357421875
29182,4926.84716796875
29183,4360.353515625
29184,6650.71533203125
29185,12434.9326171875
29186,6356.83642578125
29187,4604.66259765625
29188,6704.1943359375
29189,6126.20947265625
29190,6589.30517578125
29191,8194.0693359375
29192,3586.229248046875
29193,7381.193359375
29194,5735.0859375
29195,5642.744140625
29196,8913.9931640625
29197,4520.56689453125
29198,4275.07763671875
29199,4922.52880859375
29200,7805.1650390625
29201,7491.14501953125
29202,4603.68798828125
29203,4641.4794921875
29204,6624.203125
29205,5698.9189453125
29206,5159.28466796875
29207,6983.18359375
29208,5908.0205078125
29209,6517.265625
29210,4782.9091796875
29211,4340.84814453125
29212,5591.9169921875
29213,7882.640625
29214,6917.31201171875
29215,7698.3974609375
29216,7628.83740234375
29217,4782.11376953125
29218,8771.0830078125
29219,4604.99755859375
29220,4640.59130859375
29221,8372.7685546875
29222,5648.3564453125
29223,8914.158203125
29224,8792.0048828125
29225,6708.318359375
29226,6341.64208984375
29227,7081.06005859375
29228,7569.52490234375
29229,5803.2802734375
29230,4041.990234375
29231,5237.29150390625
29232,6961.01708984375
29233,4894.35205078125
29234,3684.9072265625
29235,7018.52734375
29236,6270.81689453125
29237,5729.9150390625
29238,5178.3828125
29239,4587.03564453125
29240,6140.42724609375
29241,6298.99853515625
29242,5403.8251953125
29243,5217.8623046875
29244,4799.3349609375
29245,6188.2841796875
29246,2561.763916015625
29247,6518.75244140625
29248,4838.8564453125
29249,7397.3759765625
29250,6830.20068359375
29251,6306.58154296875
29252,10806.85546875
29253,3953.705810546875
29254,5544.09765625
29255,9402.0556640625
29256,6503.634765625
29257,7761.18896484375
29258,6890.142578125
29259,4460.4560546875
29260,6241.73876953125
29261,5437.97900390625
29262,6594.13818359375
29263,9165.6259765625
29264,6860.142578125
29265,2816.406494140625
29266,4404.466796875
29267,7175.95458984375
29268,8076.90771484375
29269,5184.66943359375
29270,5625.42236328125
29271,4243.0498046875
29272,4287.109375
29273,3181.26416015625
29274,4473.15625
29275,5995.72119140625
29276,6924.708984375
29277,5589.97705078125
29278,6302.53076171875
29279,7684.572265625
29280,7741.419921875
29281,6938.83740234375
29282,4983.291015625
29283,8444.5556640625
29284,9072.7265625
29285,4954.5126953125
29286,6399.4287109375
29287,4875.18798828125
29288,6638.79248046875
29289,4000.517578125
29290,5567.46142578125
29291,4239.4443359375
29292,8368.3603515625
29293,6620.7958984375
29294,6949.236328125
29295,7476.705078125
29296,5456.69970703125
29297,7771.38916015625
29298,16793.12109375
29299,8971.2001953125
29300,4985.21728515625
29301,3376.656494140625
29302,5954.97119140625
29303,6341.96826171875
29304,5675.830078125
29305,12345.8740234375
29306,15156.982421875
29307,4220.4248046875
29308,4596.8984375
29309,8138.74853515625
29310,4540.58984375
29311,6713.63330078125
29312,5379.369140625
29313,6919.30322265625
29314,5422.8779296875
29315,7629.82958984375
29316,6739.41650390625
29317,6873.21044921875
29318,8622.87109375
29319,6226.7080078125
29320,6202.9130859375
29321,6150.72412109375
29322,4328.81396484375
29323,4601.07373046875
29324,8200.4541015625
29325,5594.08935546875
29326,5549.48779296875
29327,5907.2451171875
29328,4731.203125
29329,5694.5625
29330,6116.6748046875
29331,5764.728515625
29332,8798.4560546875
29333,9144.9453125
29334,7430.2880859375
29335,5547.94384765625
29336,3964.214111328125
29337,5167.197265625
29338,5327.32373046875
29339,5516.5966796875
29340,4213.46484375
29341,6953.6083984375
29342,5669.39892578125
29343,9106.69921875
29344,5755.341796875
29345,5009.28466796875
29346,4411.98974609375
29347,4463.41748046875
29348,8606.9326171875
29349,5223.97119140625
29350,7807.65771484375
29351,13326.5693359375
29352,7495.3525390625
29353,5317.7353515625
29354,5220.978515625
29355,4228.36328125
29356,6392.5185546875
29357,3659.97412109375
29358,5161.876953125
29359,10044.6162109375
29360,5306.19921875
29361,12334.966796875
29362,10499.56640625
29363,5791.0947265625
29364,6243.61962890625
29365,5284.84423828125
29366,6065.79296875
29367,4977.4140625
29368,10493.26171875
29369,6257.595703125
29370,7934.83447265625
29371,4312.94580078125
29372,7662.68115234375
29373,6035.9736328125
29374,9808.66796875
29375,6452.0849609375
29376,6083.5283203125
29377,6950.26123046875
29378,6422.1787109375
29379,8204.8232421875
29380,8729.2080078125
29381,6429.37548828125
29382,8842.6982421875
29383,6768.1123046875
29384,7736.5576171875
29385,5125.603515625
29386,4624.02099609375
29387,5453.80908203125
29388,8621.0673828125
29389,6379.0361328125
29390,6811.51416015625
29391,6414.48388671875
29392,7759.51611328125
29393,5679.953125
29394,7650.392578125
29395,6338.33984375
29396,3796.3447265625
29397,11332.3095703125
29398,15216.8037109375
29399,6167.10009765625
29400,6460.23876953125
29401,7354.30419921875
29402,9191.271484375
29403,9852.857421875
29404,5090.55419921875
29405,6575.7919921875
29406,5757.61376953125
29407,8382.1240234375
29408,4302.06103515625
29409,5145.6962890625
29410,5117.640625
29411,5254.64306640625
29412,5983.4580078125
29413,4653.63427734375
29414,3182.19384765625
29415,6894.28955078125
29416,3700.191650390625
29417,4039.3212890625
29418,5981.009765625
29419,5037.93310546875
29420,8730.2744140625
29421,8573.853515625
29422,7212.7373046875
29423,6771.56689453125
29424,6919.32763671875
29425,9685.072265625
29426,5897.18701171875
29427,4691.87060546875
29428,5083.59375
29429,9800.1064453125
29430,4438.93798828125
29431,6704.14111328125
29432,3375.101318359375
29433,4088.32861328125
29434,6222.982421875
29435,6580.59765625
29436,5910.72607421875
29437,9229.73828125
29438,9186.6787109375
29439,10573.5107421875
29440,6765.44921875
29441,9289.6376953125
29442,3082.415771484375
29443,5594.12841796875
29444,6247.0673828125
29445,3610.06396484375
29446,8283.505859375
29447,4387.41064453125
29448,6462.81201171875
29449,8403.4072265625
29450,9122.86328125
29451,6787.4755859375
29452,5057.02587890625
29453,4803.66357421875
29454,11115.888671875
29455,7824.95458984375
29456,4580.818359375
29457,5854.193359375
29458,6690.8818359375
29459,7653.23486328125
29460,4773.18994140625
29461,5332.81005859375
29462,7637.64599609375
29463,7357.94775390625
29464,11560.3896484375
29465,6752.7265625
29466,10423.7119140625
29467,6506.77685546875
29468,5395.58837890625
29469,2902.785888671875
29470,6090.10205078125
29471,5720.53271484375
29472,5293.70556640625
29473,7525.1259765625
29474,5291.59716796875
29475,3928.02197265625
29476,6486.271484375
29477,3582.44189453125
29478,6486.95556640625
29479,6733.98486328125
29480,7704.26123046875
29481,7962.392578125
29482,5047.32568359375
29483,9168.8505859375
29484,5963.26513671875
29485,5355.00244140625
29486,6105.04931640625
29487,4523.966796875
29488,8493.30078125
29489,6327.3837890625
29490,3966.286376953125
29491,6241.142578125
29492,7906.2509765625
29493,6472.43701171875
29494,5486.83251953125
29495,8185.09619140625
29496,6064.498046875
29497,7137.6318359375
29498,7376.94580078125
29499,8957.689453125
29500,4236.98779296875
29501,6095.26318359375
29502,5951.7333984375
29503,5470.92724609375
29504,4496.974609375
29505,5156.97607421875
29506,8324.0068359375
29507,8090.9658203125
29508,10500.958984375
29509,10239.70703125
29510,8554.048828125
29511,8320.935546875
29512,5000.201171875
29513,10124.455078125
29514,10223.09765625
29515,7262.0888671875
29516,7002.07763671875
29517,8144.1318359375
29518,4998.52490234375
29519,4517.76416015625
29520,6804.47216796875
29521,6486.28271484375
29522,5766.53662109375
29523,5125.12353515625
29524,2076.8349609375
29525,9230.97265625
29526,6570.92578125
29527,5178.59375
29528,4866.5361328125
29529,4820.49755859375
29530,6216.82861328125
29531,6100.49560546875
29532,7649.46142578125
29533,5698.1748046875
29534,4411.17431640625
29535,3260.6767578125
29536,3472.321044921875
29537,6340.31396484375
29538,15999.849609375
29539,3737.9853515625
29540,5962.4140625
29541,5748.8447265625
29542,4813.16064453125
29543,3799.74560546875
29544,5496.19091796875
29545,3640.057373046875
29546,7437.294921875
29547,6754.84375
29548,3035.658447265625
29549,8198.650390625
29550,4494.46533203125
29551,4615.62451171875
29552,10841.791015625
29553,6782.53076171875
29554,9007.19921875
29555,4124.9189453125
29556,5368.0263671875
29557,4404.25439453125
29558,5122.30078125
29559,13557.462890625
29560,10909.91796875
29561,6822.86865234375
29562,4327.57421875
29563,5528.361328125
29564,5594.9130859375
29565,4100.8642578125
29566,9298.4453125
29567,4865.67626953125
29568,4844.630859375
29569,7276.1728515625
29570,4642.12646484375
29571,5738.8662109375
29572,6046.37841796875
29573,6533.93896484375
29574,6715.12158203125
29575,3597.330810546875
29576,5356.3251953125
29577,6452.8515625
29578,7950.7587890625
29579,7799.34423828125
29580,7247.13037109375
29581,3685.854248046875
29582,8550.830078125
29583,4914.2177734375
29584,4663.12646484375
29585,6873.45654296875
29586,6977.53125
29587,5453.54443359375
29588,6284.44873046875
29589,5856.1572265625
29590,6667.9267578125
29591,5299.80322265625
29592,6696.341796875
29593,7133.90478515625
29594,5270.81005859375
29595,9001.716796875
29596,5995.787109375
29597,4319.1787109375
29598,10663.9658203125
29599,4590.29638671875
29600,3506.678466796875
29601,7058.5087890625
29602,8598.5068359375
29603,8330.822265625
29604,4534.9580078125
29605,5795.630859375
29606,5807.94482421875
29607,6492.28564453125
29608,5863.9677734375
29609,7551.9501953125
29610,2686.853271484375
29611,4686.22021484375
29612,5379.60888671875
29613,4445.1103515625
29614,4913.712890625
29615,6412.06982421875
29616,6220.31591796875
29617,5873.92529296875
29618,7110.13671875
29619,6587.1748046875
29620,7812.02490234375
29621,5190.15380859375
29622,6084.6162109375
29623,6110.02734375
29624,7405.0595703125
29625,7737.52197265625
29626,3345.074951171875
29627,8752.0966796875
29628,7676.9365234375
29629,6635.32568359375
29630,4795.9375
29631,3370.182861328125
29632,8007.82373046875
29633,4945.77490234375
29634,8882.853515625
29635,6059.46240234375
29636,4650.86181640625
29637,8045.6923828125
29638,4597.544921875
29639,4769.33642578125
29640,7403.0400390625
29641,4635.275390625
29642,8571.3271484375
29643,9897.3720703125
29644,6559.62548828125
29645,4301.90625
29646,4570.509765625
29647,4265.08251953125
29648,2928.13720703125
29649,6803.22607421875
29650,4837.74365234375
29651,8647.3740234375
29652,4369.09228515625
29653,5502.18701171875
29654,5462.8955078125
29655,7821.248046875
29656,5502.259765625
29657,5155.70263671875
29658,4506.33056640625
29659,6464.5947265625
29660,5136.55615234375
29661,6705.123046875
29662,7327.1025390625
29663,6926.99169921875
29664,6974.82763671875
29665,6997.2138671875
29666,6015.9345703125
29667,4207.00341796875
29668,5264.0771484375
29669,10344.3447265625
29670,6988.265625
29671,9245.4169921875
29672,15267.515625
29673,4183.7255859375
29674,4684.4951171875
29675,5920.89208984375
29676,8991.796875
29677,9286.6484375
29678,6629.5498046875
29679,7637.52490234375
29680,7678.68505859375
29681,6224.51708984375
29682,6219.75048828125
29683,4989.10400390625
29684,4900.37890625
29685,4953.4306640625
29686,3476.11767578125
29687,4220.0751953125
29688,7147.16064453125
29689,16189.0
29690,5605.45361328125
29691,4953.76171875
29692,6300.40234375
29693,4542.64794921875
29694,6599.4599609375
29695,4433.0068359375
29696,7145.18212890625
29697,6664.87109375
29698,6655.43896484375
29699,11339.017578125
29700,12984.2978515625
29701,5090.12158203125
29702,6504.17724609375
29703,4395.7646484375
29704,4705.59619140625
29705,5155.02734375
29706,7944.81689453125
29707,4433.75
29708,4636.03515625
29709,4505.6767578125
29710,5222.341796875
29711,5852.0498046875
29712,6698.4345703125
29713,4276.52685546875
29714,7377.46337890625
29715,7004.1708984375
29716,6378.70947265625
29717,3991.376220703125
29718,3358.396728515625
29719,7208.3154296875
29720,4136.29296875
29721,9416.912109375
29722,4039.482177734375
29723,5313.13671875
29724,6765.0078125
29725,7081.55419921875
29726,4638.5146484375
29727,5645.4931640625
29728,6717.962890625
29729,8864.9736328125
29730,7668.86572265625
29731,5810.56982421875
29732,4407.1220703125
29733,5057.18603515625
29734,5612.5419921875
29735,4760.2001953125
29736,5016.4345703125
29737,5754.51806640625
29738,11535.9951171875
29739,6387.36279296875
29740,5663.3818359375
29741,6711.2314453125
29742,4074.814453125
29743,8577.7255859375
29744,4690.1455078125
29745,9866.513671875
29746,5820.11669921875
29747,5097.49609375
29748,4410.3388671875
29749,4186.2998046875
29750,5813.05517578125
29751,22604.234375
29752,3564.083251953125
29753,5240.5439453125
29754,8238.22265625
29755,5890.97021484375
29756,6344.3544921875
29757,7744.36376953125
29758,5677.26416015625
29759,5347.70068359375
29760,4024.55810546875
29761,8572.1982421875
29762,5304.091796875
29763,6661.5625
29764,7766.56640625
29765,4705.0634765625
29766,8340.3818359375
29767,6878.15576171875
29768,4106.90380859375
29769,8505.5263671875
29770,9752.265625
29771,3607.471435546875
29772,7791.93408203125
29773,6390.88623046875
29774,5481.47509765625
29775,9261.5546875
29776,6723.08740234375
29777,7483.16015625
29778,4027.3125
29779,4207.962890625
29780,6566.564453125
29781,4366.78564453125
29782,7420.45166015625
29783,4076.06982421875
29784,5665.84130859375
29785,4433.50732421875
29786,6112.9970703125
29787,4993.837890625
29788,6220.5322265625
29789,6469.96044921875
29790,8020.82958984375
29791,5653.9609375
29792,6646.44775390625
29793,5458.43798828125
29794,7733.345703125
29795,9342.0693359375
29796,7910.52197265625
29797,4698.087890625
29798,5770.88037109375
29799,6393.25341796875
29800,4598.9248046875
29801,12001.82421875
29802,6183.77490234375
29803,7376.314453125
29804,9078.662109375
29805,6954.93408203125
29806,3692.11572265625
29807,12826.6669921875
29808,9401.2431640625
29809,5463.81201171875
29810,6724.244140625
29811,8160.30859375
29812,6402.201171875
29813,6441.81201171875
29814,6311.6904296875
29815,5042.05712890625
29816,5264.2861328125
29817,6710.6806640625
29818,4195.9228515625
29819,7195.27880859375
29820,6542.81884765625
29821,5759.68017578125
29822,6761.7734375
29823,5576.36474609375
29824,5654.03369140625
29825,4703.2041015625
29826,6930.85986328125
29827,6588.16845703125
29828,5974.63623046875
29829,6214.5458984375
29830,5775.736328125
29831,8806.4404296875
29832,5664.2138671875
29833,5133.0498046875
29834,5652.1171875
29835,7034.7294921875
29836,6029.2626953125
29837,4478.71435546875
29838,4204.05859375
29839,6303.47509765625
29840,7470.27099609375
29841,5394.58740234375
29842,7290.4970703125
29843,6846.7666015625
29844,4488.8095703125
29845,5117.7890625
29846,2813.07080078125
29847,6331.06787109375
29848,6627.06494140625
29849,5772.83544921875
29850,7387.015625
29851,7016.181640625
29852,4337.37255859375
29853,7491.03369140625
29854,3892.83154296875
29855,2031.0191650390625
29856,6399.48681640625
29857,8829.220703125
29858,7300.30712890625
29859,6169.51171875
29860,3515.53271484375
29861,6066.400390625
29862,6698.12548828125
29863,5292.6240234375
29864,7491.21630859375
29865,4750.02099609375
29866,4503.07275390625
29867,5219.61767578125
29868,5427.24755859375
29869,5106.06787109375
29870,4191.76513671875
29871,4570.40234375
29872,4111.06103515625
29873,6801.81298828125
29874,5973.48828125
29875,5082.09521484375
29876,6159.6181640625
29877,6975.40478515625
29878,4632.47412109375
29879,3993.09375
29880,8619.0068359375
29881,6008.95703125
29882,6223.14501953125
29883,3051.935791015625
29884,10126.9814453125
29885,6723.900390625
29886,4904.63134765625
29887,7432.18896484375
29888,6686.57373046875
29889,6428.13818359375
29890,5897.7705078125
29891,6163.62890625
29892,8792.216796875
29893,11406.7265625
29894,4483.6171875
29895,4876.9912109375
29896,5069.29248046875
29897,5786.5224609375
29898,6583.15576171875
29899,7654.4453125
29900,7049.75
29901,5180.78955078125
29902,3159.533203125
29903,5154.16015625
29904,10150.9677734375
29905,4533.93115234375
29906,7132.2509765625
29907,3764.971923828125
29908,6901.5693359375
29909,6446.7822265625
29910,6371.37841796875
29911,6715.29296875
29912,5932.65234375
29913,4836.6259765625
29914,6070.5556640625
29915,6962.13037109375
29916,7428.1083984375
29917,6432.53662109375
29918,7786.3271484375
29919,5192.4150390625
29920,4004.807861328125
29921,8916.9130859375
29922,3529.53564453125
29923,8805.6259765625
29924,6353.72802734375
29925,4697.3671875
29926,5744.015625
29927,5156.9111328125
29928,6585.0126953125
29929,8385.3623046875
29930,3645.88232421875
29931,4090.173095703125
29932,6234.56494140625
29933,7359.044921875
29934,7312.828125
29935,5721.857421875
29936,5142.88330078125
29937,4438.83056640625
29938,6530.18798828125
29939,4755.8076171875
29940,9429.185546875
29941,8077.31396484375
29942,11870.76953125
29943,3911.3642578125
29944,5461.52734375
29945,10767.498046875
29946,9843.599609375
29947,4632.8046875
29948,8231.8916015625
29949,5795.53662109375
29950,5427.28564453125
29951,5509.75146484375
29952,5148.10888671875
29953,5243.845703125
29954,5739.11962890625
29955,3769.135986328125
29956,4321.576171875
29957,7641.076171875
29958,6349.181640625
29959,23355.689453125
29960,6449.892578125
29961,4026.61181640625
29962,6212.75390625
29963,9926.4521484375
29964,5969.29443359375
29965,6753.587890625
29966,5096.06298828125
29967,6925.84375
29968,6542.091796875
29969,3854.8935546875
29970,4621.201171875
29971,5730.52197265625
29972,7227.337890625
29973,5843.98388671875
29974,9047.3798828125
29975,4190.0126953125
29976,4078.76904296875
29977,4907.6376953125
29978,8482.451171875
29979,8991.490234375
29980,7908.86767578125
29981,6800.3896484375
29982,4083.740234375
29983,5225.779296875
29984,3300.4658203125
29985,7303.7841796875
29986,8876.017578125
29987,9355.9365234375
29988,4465.77734375
29989,5467.14453125
29990,4167.30029296875
29991,5525.6484375
29992,9056.9580078125
29993,5366.1201171875
29994,4918.69873046875
29995,4292.7705078125
29996,6662.892578125
29997,3235.5244140625
29998,6346.10498046875
29999,3850.317138671875
30000,6644.005859375
30001,6479.8544921875
30002,5272.69287109375
30003,7273.60107421875
30004,5877.9375
30005,5541.1005859375
30006,6235.43359375
30007,5736.94775390625
30008,9632.71484375
30009,5937.63037109375
30010,6635.60302734375
30011,7984.7685546875
30012,8362.0859375
30013,6016.15185546875
30014,7599.20947265625
30015,3534.322265625
30016,4671.81494140625
30017,5726.01318359375
30018,6279.71337890625
30019,8360.6708984375
30020,6412.29736328125
30021,4474.2294921875
30022,6792.45703125
30023,5899.1376953125
30024,7853.392578125
30025,3723.97314453125
30026,11362.712890625
30027,3817.6962890625
30028,5448.54150390625
30029,7539.3017578125
30030,3950.742919921875
30031,4943.654296875
30032,5284.1376953125
30033,6486.1728515625
30034,5798.390625
30035,4757.8798828125
30036,7457.60693359375
30037,6770.3935546875
30038,5007.6025390625
30039,4258.93310546875
30040,6772.40234375
30041,11488.6572265625
30042,6012.1923828125
30043,5289.4345703125
30044,6131.9287109375
30045,6566.3466796875
30046,5668.51904296875
30047,7695.7177734375
30048,3826.228759765625
30049,6718.26318359375
30050,6012.93408203125
30051,5406.77001953125
30052,9376.4833984375
30053,3736.56005859375
30054,3802.045654296875
30055,4364.04345703125
30056,7517.103515625
30057,7168.25048828125
30058,4560.517578125
30059,4814.58544921875
30060,6355.361328125
30061,5551.892578125
30062,4870.60986328125
30063,6380.65869140625
30064,5712.55126953125
30065,6528.69580078125
30066,4936.59375
30067,4374.71826171875
30068,5329.62841796875
30069,7979.0107421875
30070,6912.42138671875
30071,7294.94287109375
30072,7058.3583984375
30073,4810.923828125
30074,8584.4853515625
30075,4570.9375
30076,4507.3154296875
30077,8142.30615234375
30078,5513.0478515625
30079,8896.48828125
30080,7964.6865234375
30081,6189.1982421875
30082,5960.95361328125
30083,6824.1748046875
30084,6955.0048828125
30085,5315.18310546875
30086,3771.817626953125
30087,5557.060546875
30088,6931.97900390625
30089,4611.9619140625
30090,3577.0126953125
30091,6962.52587890625
30092,5768.42919921875
30093,7552.24072265625
30094,5118.64111328125
30095,4826.013671875
30096,6461.75341796875
30097,6366.54052734375
30098,5593.67578125
30099,5015.92822265625
30100,4612.31201171875
30101,5889.42431640625
30102,2758.703857421875
30103,5709.54443359375
30104,4801.10546875
30105,6981.859375
30106,6379.1552734375
30107,5731.4931640625
30108,9935.078125
30109,4391.05810546875
30110,5053.10986328125
30111,9012.7041015625
30112,5849.09619140625
30113,7253.85986328125
30114,6873.26904296875
30115,4382.69091796875
30116,5787.771484375
30117,4813.5322265625
30118,6969.34033203125
30119,9621.7373046875
30120,6747.0654296875
30121,2712.39697265625
30122,4058.59326171875
30123,6446.70068359375
30124,6484.93212890625
30125,5003.74560546875
30126,5470.62109375
30127,4383.37890625
30128,4940.99462890625
30129,3419.631591796875
30130,4729.544921875
30131,5309.0673828125
30132,6597.72412109375
30133,5607.04736328125
30134,5985.92724609375
30135,7207.3583984375
30136,7241.33203125
30137,6551.41650390625
30138,4746.28271484375
30139,8192.7587890625
30140,8122.91162109375
30141,5109.755859375
30142,6528.701171875
30143,4838.00634765625
30144,6237.7421875
30145,4035.203857421875
30146,6122.3369140625
30147,3783.597900390625
30148,9452.9423828125
30149,6428.9697265625
30150,6767.54541015625
30151,7622.79541015625
30152,5305.970703125
30153,7076.8623046875
30154,16883.044921875
30155,8374.8740234375
30156,5317.88623046875
30157,3043.094482421875
30158,5233.61962890625
30159,6781.1103515625
30160,5529.357421875
30161,11776.9794921875
30162,14057.1845703125
30163,4399.65380859375
30164,4721.91064453125
30165,9765.7158203125
30166,4363.69140625
30167,7104.75244140625
30168,5045.6982421875
30169,7105.5498046875
30170,5356.20458984375
30171,6849.6806640625
30172,5580.35205078125
30173,7325.89208984375
30174,7917.3466796875
30175,5751.2431640625
30176,5772.658203125
30177,6562.8095703125
30178,4133.35498046875
30179,4485.69287109375
30180,6864.4013671875
30181,5285.69287109375
30182,5432.0107421875
30183,5819.35888671875
30184,5423.30029296875
30185,6077.78515625
30186,6013.8798828125
30187,5892.45947265625
30188,8279.53515625
30189,9497.625
30190,7209.18798828125
30191,5261.896484375
30192,3673.41357421875
30193,5261.18310546875
30194,5658.91796875
30195,4981.279296875
30196,4005.612060546875
30197,7238.06640625
30198,6174.65869140625
30199,9060.3095703125
30200,6094.943359375
30201,4932.1240234375
30202,4169.3798828125
30203,4812.20751953125
30204,8526.03515625
30205,4938.87353515625
30206,6757.4345703125
30207,13723.5771484375
30208,6813.32470703125
30209,6701.1396484375
30210,4659.052734375
30211,4580.74609375
30212,6219.712890625
30213,3955.10595703125
30214,5428.4580078125
30215,9948.5185546875
30216,5078.24609375
30217,12723.0107421875
30218,10477.8857421875
30219,5349.060546875
30220,5925.6513671875
30221,5370.0498046875
30222,6053.93359375
30223,4983.5703125
30224,9674.78515625
30225,6053.490234375
30226,8109.10546875
30227,4303.5625
30228,7454.708984375
30229,5641.42724609375
30230,8638.54296875
30231,6193.71826171875
30232,5410.83447265625
30233,6481.43505859375
30234,6261.80419921875
30235,7469.7421875
30236,8753.9833984375
30237,5657.89697265625
30238,8606.328125
30239,6366.0771484375
30240,8273.0556640625
30241,5030.59619140625
30242,4449.697265625
30243,5029.5029296875
30244,7786.072265625
30245,5875.00244140625
30246,7338.50927734375
30247,6026.62060546875
30248,7222.29931640625
30249,5067.02001953125
30250,8170.3955078125
30251,6603.431640625
30252,3885.987060546875
30253,10821.9921875
30254,15530.373046875
30255,5833.22998046875
30256,5420.96728515625
30257,7939.73876953125
30258,8975.2763671875
30259,9881.833984375
30260,5096.96044921875
30261,6525.98095703125
30262,5541.451171875
30263,7517.888671875
30264,4275.50390625
30265,5322.0771484375
30266,4653.64599609375
30267,5198.39599609375
30268,5847.814453125
30269,4945.61572265625
30270,3467.058837890625
30271,6423.03369140625
30272,3466.475341796875
30273,3608.93115234375
30274,5759.64892578125
30275,5100.51416015625
30276,8157.4365234375
30277,7741.1962890625
30278,7503.302734375
30279,6385.5048828125
30280,6498.349609375
30281,9793.1484375
30282,6470.58203125
30283,4092.61083984375
30284,5000.298828125
30285,8744.6826171875
30286,4331.82958984375
30287,6371.23388671875
30288,3542.99267578125
30289,4534.0302734375
30290,7028.146484375
30291,6064.72998046875
30292,5268.0556640625
30293,8395.4091796875
30294,8964.9306640625
30295,11045.7060546875
30296,6119.6630859375
30297,8185.26611328125
30298,3324.07861328125
30299,4779.85791015625
30300,5849.50341796875
30301,3224.87353515625
30302,7358.0400390625
30303,4488.2822265625
30304,6358.60107421875
30305,8160.86865234375
30306,9316.00390625
30307,8114.681640625
30308,4923.33349609375
30309,4679.8974609375
30310,12435.1240234375
30311,7278.33642578125
30312,5434.01318359375
30313,5498.38916015625
30314,6267.45751953125
30315,8005.15966796875
30316,4345.85986328125
30317,5657.109375
30318,7123.7353515625
30319,6697.64697265625
30320,11975.724609375
30321,6160.5087890625
30322,9882.83984375
30323,6159.35595703125
30324,5229.5234375
30325,3665.3427734375
30326,5838.99462890625
30327,5623.81591796875
30328,4948.72705078125
30329,6845.2890625
30330,5160.49462890625
30331,4240.65087890625
30332,6136.25390625
30333,3525.435302734375
30334,6227.0517578125
30335,6266.888671875
30336,7638.00830078125
30337,7568.25732421875
30338,4891.63720703125
30339,8424.4248046875
30340,5821.35888671875
30341,5063.7294921875
30342,5582.45166015625
30343,4469.56884765625
30344,8882.54296875
30345,6251.75634765625
30346,3920.506591796875
30347,6090.2255859375
30348,7803.66015625
30349,6282.99951171875
30350,5374.94189453125
30351,7810.703125
30352,6303.02392578125
30353,6581.64599609375
30354,6495.68212890625
30355,7615.33447265625
30356,5541.73583984375
30357,6164.9990234375
30358,5100.984375
30359,4662.52001953125
30360,4820.19775390625
30361,5195.82373046875
30362,7166.3359375
30363,8368.44921875
30364,9750.455078125
30365,9580.3056640625
30366,7779.6640625
30367,8593.94921875
30368,4949.45263671875
30369,10090.8486328125
30370,9692.4501953125
30371,6536.513671875
30372,7600.89990234375
30373,6579.9599609375
30374,4977.1484375
30375,4675.34228515625
30376,6245.13037109375
30377,6348.45849609375
30378,5796.28662109375
30379,5067.78857421875
30380,2380.65478515625
30381,8986.931640625
30382,6304.39990234375
30383,5181.36474609375
30384,4784.07177734375
30385,4488.88037109375
30386,6299.33447265625
30387,6472.93896484375
30388,6459.96240234375
30389,5756.79638671875
30390,4075.2158203125
30391,3832.846923828125
30392,3194.433837890625
30393,5963.14599609375
30394,15632.259765625
30395,4184.01513671875
30396,5843.68701171875
30397,5947.42626953125
30398,4703.89794921875
30399,3982.411376953125
30400,4930.0537109375
30401,3909.5927734375
30402,7198.8984375
30403,6601.4248046875
30404,2988.887451171875
30405,7463.15625
30406,4544.98876953125
30407,4746.16015625
30408,10674.150390625
30409,6471.50830078125
30410,9144.8994140625
30411,4143.171875
30412,5709.5068359375
30413,4381.3525390625
30414,4739.67919921875
30415,13195.353515625
30416,9510.6689453125
30417,6479.767578125
30418,4743.8076171875
30419,4904.57421875
30420,5202.0517578125
30421,5020.55078125
30422,10712.310546875
30423,4831.2275390625
30424,4748.197265625
30425,6455.82666015625
30426,4468.6611328125
30427,5926.794921875
30428,6590.3427734375
30429,6076.40283203125
30430,6717.57275390625
30431,3780.36474609375
30432,5495.0576171875
30433,5766.82177734375
30434,7984.7255859375
30435,7396.53955078125
30436,6671.28369140625
30437,3199.34521484375
30438,8009.0595703125
30439,5225.97412109375
30440,4655.9189453125
30441,6117.37451171875
30442,7022.1953125
30443,5437.986328125
30444,6360.66796875
30445,5807.48583984375
30446,6134.3046875
30447,5401.37841796875
30448,6584.16015625
30449,6684.09814453125
30450,4845.32421875
30451,8726.505859375
30452,5621.54345703125
30453,4274.2119140625
30454,10220.173828125
30455,5375.86767578125
30456,3876.926025390625
30457,6495.0302734375
30458,7452.01416015625
30459,8350.8125
30460,4805.8916015625
30461,5423.87255859375
30462,5490.94091796875
30463,6400.92626953125
30464,5241.1845703125
30465,6851.0546875
30466,3161.333740234375
30467,4482.9423828125
30468,5799.78271484375
30469,4763.6025390625
30470,4621.76416015625
30471,6242.3056640625
30472,6082.36962890625
30473,5629.6943359375
30474,6832.8330078125
30475,5913.6865234375
30476,7143.43505859375
30477,4238.09619140625
30478,5870.29736328125
30479,6306.412109375
30480,7618.5126953125
30481,6727.0703125
30482,4441.619140625
30483,8406.29296875
30484,6807.59033203125
30485,6511.78857421875
30486,4861.6416015625
30487,3582.32421875
30488,7444.91259765625
30489,5053.5712890625
30490,8189.498046875
30491,5965.259765625
30492,5259.8935546875
30493,7663.9111328125
30494,5336.63671875
30495,4875.1591796875
30496,7275.03173828125
30497,4928.173828125
30498,8672.86328125
30499,9391.2197265625
30500,6661.70947265625
30501,4426.50634765625
30502,4558.029296875
30503,3993.113037109375
30504,3406.28271484375
30505,6685.12060546875
30506,4892.642578125
30507,7630.1357421875
30508,3911.893310546875
30509,4990.654296875
30510,5019.47998046875
30511,8087.22216796875
30512,4853.5654296875
30513,4800.4443359375
30514,4386.03564453125
30515,6381.83154296875
30516,4932.8701171875
30517,6307.17236328125
30518,6919.96044921875
30519,7505.76904296875
30520,6389.91650390625
30521,7000.1357421875
30522,5659.2724609375
30523,4162.3916015625
30524,4912.46630859375
30525,9321.2412109375
30526,7147.11181640625
30527,9879.474609375
30528,14631.91796875
30529,4567.19384765625
30530,4563.130859375
30531,5655.88525390625
30532,8377.7978515625
30533,8482.88671875
30534,6041.75732421875
30535,7587.74853515625
30536,7168.1640625
30537,5743.798828125
30538,5677.7138671875
30539,4782.39794921875
30540,4936.5009765625
30541,4546.67578125
30542,3928.32275390625
30543,4094.6064453125
30544,7087.00146484375
30545,15196.9169921875
30546,5823.52685546875
30547,5061.59765625
30548,5773.916015625
30549,4185.220703125
30550,6082.35986328125
30551,4591.0244140625
30552,8147.36962890625
30553,6174.08642578125
30554,5879.8525390625
30555,10814.64453125
30556,10844.4169921875
30557,5462.63916015625
30558,6329.251953125
30559,4370.958984375
30560,4624.86572265625
30561,5383.95068359375
30562,7531.236328125
30563,4061.5810546875
30564,4434.1044921875
30565,4547.330078125
30566,5319.7216796875
30567,5668.93701171875
30568,6042.27685546875
30569,4029.50927734375
30570,6752.1298828125
30571,6706.74755859375
30572,5237.0859375
30573,3955.234375
30574,3380.982421875
30575,7096.38818359375
30576,4104.7880859375
30577,8950.283203125
30578,4152.67529296875
30579,5568.66748046875
30580,6101.44580078125
30581,6077.37939453125
30582,4354.58349609375
30583,5349.5107421875
30584,6068.228515625
30585,7924.89599609375
30586,7689.68603515625
30587,5442.78466796875
30588,4437.802734375
30589,5218.6201171875
30590,4896.0810546875
30591,5023.75927734375
30592,5031.60205078125
30593,5652.87890625
30594,10881.2998046875
30595,6041.47119140625
30596,5463.61279296875
30597,6751.55859375
30598,3992.88818359375
30599,7917.71875
30600,5039.52685546875
30601,10581.97265625
30602,5545.90625
30603,5357.3564453125
30604,3957.63232421875
30605,3777.69091796875
30606,6453.091796875
30607,19608.609375
30608,3494.603759765625
30609,4661.212890625
30610,8016.84521484375
30611,5547.4541015625
30612,6599.28955078125
30613,7544.77294921875
30614,5052.140625
30615,5208.69921875
30616,4382.14013671875
30617,8733.55859375
30618,5554.41552734375
30619,6223.6162109375
30620,7404.3232421875
30621,4683.79296875
30622,7817.9208984375
30623,6263.2685546875
30624,4015.737060546875
30625,8101.1572265625
30626,8455.6455078125
30627,4138.3857421875
30628,7228.59765625
30629,6069.4404296875
30630,5266.97412109375
30631,8578.232421875
30632,6514.85546875
30633,7111.74560546875
30634,3971.947021484375
30635,3894.41650390625
30636,6723.82568359375
30637,4889.6806640625
30638,7362.72265625
30639,3227.040283203125
30640,5707.7509765625
30641,4548.30224609375
30642,5984.0546875
30643,5506.0537109375
30644,6363.53369140625
30645,6141.32861328125
30646,7285.1005859375
30647,5080.52490234375
30648,6594.8076171875
30649,5751.29638671875
30650,6708.3125
30651,8977.0068359375
30652,7680.849609375
30653,3440.02685546875
30654,5151.04248046875
30655,6246.41796875
30656,4911.31201171875
30657,10898.970703125
30658,5757.15478515625
30659,7366.9130859375
30660,9174.6708984375
30661,7199.31591796875
30662,3495.996337890625
30663,13577.80859375
30664,9213.34375
30665,5232.8818359375
30666,6818.958984375
30667,8721.5986328125
30668,5113.67431640625
30669,5732.74072265625
30670,5894.9501953125
30671,4568.2763671875
30672,4559.42822265625
30673,6092.3896484375
30674,4163.9345703125
30675,6350.29248046875
30676,5607.9462890625
30677,5663.73291015625
30678,6183.6533203125
30679,5629.18359375
30680,5696.47705078125
30681,5059.01123046875
30682,6398.69482421875
30683,6205.10009765625
30684,5793.21630859375
30685,6630.69091796875
30686,5694.11572265625
30687,8518.3212890625
30688,4945.75927734375
30689,4309.18310546875
30690,5360.96826171875
30691,6655.9697265625
30692,6049.60791015625
30693,4325.0732421875
30694,4426.404296875
30695,6531.45263671875
30696,7357.25048828125
30697,5169.56298828125
30698,6842.150390625
30699,5892.97900390625
30700,4448.08251953125
30701,4772.15478515625
30702,3580.6474609375
30703,6496.2626953125
30704,6116.12890625
30705,5559.875
30706,7887.67626953125
30707,7284.33349609375
30708,4506.76904296875
30709,8190.58154296875
30710,4571.12939453125
30711,2601.017333984375
30712,6556.5927734375
30713,8965.7197265625
30714,7580.3671875
30715,6207.0224609375
30716,3738.914306640625
30717,5744.8818359375
30718,7467.4814453125
30719,5164.35693359375
30720,7658.21728515625
30721,4482.68505859375
30722,4719.28564453125
30723,4814.0458984375
30724,5043.470703125
30725,5192.18603515625
30726,4118.55712890625
30727,4254.88134765625
30728,3853.9462890625
30729,6205.26806640625
30730,5458.8251953125
30731,4451.20849609375
30732,6195.86376953125
30733,6171.42529296875
30734,5208.1220703125
30735,4324.06396484375
30736,7577.30615234375
30737,6126.8740234375
30738,5778.99462890625
30739,3200.3935546875
30740,9226.9013671875
30741,5835.84521484375
30742,4544.75341796875
30743,6856.6142578125
30744,6638.6865234375
30745,6495.2646484375
30746,5485.44580078125
30747,6401.15576171875
30748,7190.00732421875
30749,11035.1591796875
30750,4214.2861328125
30751,5165.025390625
30752,4919.13232421875
30753,6397.181640625
30754,5530.197265625
30755,8139.421875
30756,6692.02197265625
30757,4949.904296875
30758,3314.869873046875
30759,4876.8193359375
30760,11367.9482421875
30761,4177.48193359375
30762,6726.58056640625
30763,3773.8388671875
30764,6392.00732421875
30765,6975.30908203125
30766,6213.52294921875
30767,7208.51708984375
30768,5661.08251953125
30769,4383.06884765625
30770,5774.2578125
30771,6047.79443359375
30772,7503.5439453125
30773,6443.0390625
30774,7366.80712890625
30775,5111.31396484375
30776,4096.2724609375
30777,8864.513671875
30778,3612.43994140625
30779,9114.3837890625
30780,5826.177734375
30781,4196.30908203125
30782,5932.51904296875
30783,5502.650390625
30784,6583.03857421875
30785,8529.7412109375
30786,4271.35546875
30787,4012.625732421875
30788,6127.31982421875
30789,7251.53857421875
30790,6890.79345703125
30791,4940.5283203125
30792,5370.38134765625
30793,4611.21142578125
30794,6338.814453125
30795,4595.1826171875
30796,8495.8193359375
30797,7622.33154296875
30798,10628.11328125
30799,3933.52880859375
30800,5498.79345703125
30801,10527.23828125
30802,9399.2998046875
30803,4137.29150390625
30804,7936.29296875
30805,5392.31689453125
30806,5015.3720703125
30807,4815.556640625
30808,5023.154296875
30809,5110.63671875
30810,5134.78955078125
30811,4156.99169921875
30812,4251.8544921875
30813,7520.21875
30814,7068.849609375
30815,21786.05859375
30816,6312.8876953125
30817,3340.5146484375
30818,6040.44287109375
30819,9545.3984375
30820,5084.49951171875
30821,6522.38916015625
30822,4782.8291015625
30823,7330.4423828125
30824,6399.90966796875
30825,5021.568359375
30826,4301.796875
30827,4956.6552734375
30828,6818.48681640625
30829,5840.96484375
30830,8015.64306640625
30831,4365.60205078125
30832,3838.16455078125
30833,4344.77978515625
30834,9370.0224609375
30835,9362.8818359375
30836,7711.916015625
30837,6702.83544921875
30838,3303.3369140625
30839,4994.962890625
30840,3583.634765625
30841,7493.10693359375
30842,9045.78125
30843,9309.1181640625
30844,4229.76953125
30845,5960.7021484375
30846,3893.676025390625
30847,4904.8173828125
30848,9457.455078125
30849,5407.1318359375
30850,3899.6875
30851,4161.03662109375
30852,6545.25439453125
30853,2892.188720703125
30854,6046.60693359375
30855,3277.626708984375
30856,5780.58837890625
30857,5725.6484375
30858,4875.81396484375
30859,6478.216796875
30860,5335.2099609375
30861,5364.00390625
30862,5893.62890625
30863,4885.755859375
30864,8674.8486328125
30865,5244.45068359375
30866,6203.89013671875
30867,7516.9794921875
30868,8092.76025390625
30869,5421.83740234375
30870,7264.6357421875
30871,3400.483154296875
30872,3840.455810546875
30873,5355.66357421875
30874,5593.98388671875
30875,7683.50341796875
30876,5594.3779296875
30877,4068.420166015625
30878,5610.41796875
30879,5783.29638671875
30880,6695.966796875
30881,3492.54296875
30882,11938.5400390625
30883,3915.8740234375
30884,5265.22119140625
30885,6931.28564453125
30886,3351.02099609375
30887,4983.2119140625
30888,4981.197265625
30889,6257.978515625
30890,5693.00439453125
30891,4355.34912109375
30892,6910.29638671875
30893,6464.52734375
30894,5133.232421875
30895,4079.048828125
30896,6159.6669921875
30897,10404.7333984375
30898,5305.85791015625
30899,5447.01611328125
30900,5652.89501953125
30901,5715.11572265625
30902,5798.03955078125
30903,7102.365234375
30904,3454.91259765625
30905,6186.93701171875
30906,4964.8525390625
30907,5007.703125
30908,9591.576171875
30909,4265.810546875
30910,3881.03173828125
30911,3950.140380859375
30912,6787.5546875
30913,6737.958984375
30914,4047.516845703125
30915,4289.45458984375
30916,5522.5654296875
30917,5006.7607421875
30918,4615.6953125
30919,5903.11181640625
30920,5263.365234375
30921,6122.7275390625
30922,4340.5146484375
30923,4124.650390625
30924,5004.8056640625
30925,6963.75732421875
30926,6553.28759765625
30927,7406.6630859375
30928,7118.2783203125
30929,4404.921875
30930,7633.64111328125
30931,4620.22607421875
30932,4699.36962890625
30933,7414.775390625
30934,5002.66748046875
30935,8825.3876953125
30936,7788.2158203125
30937,5908.9130859375
30938,5065.1953125
30939,6855.26806640625
30940,6108.31591796875
30941,5194.05615234375
30942,3513.8544921875
30943,5475.97802734375
30944,6672.7138671875
30945,4248.66357421875
30946,3433.656005859375
30947,6523.95263671875
30948,5756.46484375
30949,7391.51123046875
30950,4670.95458984375
30951,4404.33349609375
30952,6463.70361328125
30953,5755.0068359375
30954,5399.69970703125
30955,4209.4169921875
30956,4485.443359375
30957,5809.5751953125
30958,2296.944091796875
30959,5331.33203125
30960,4333.76025390625
30961,6274.15625
30962,6193.38720703125
30963,5513.89990234375
30964,9568.22265625
30965,4656.49072265625
30966,4591.3837890625
30967,9188.30859375
30968,5677.458984375
30969,6960.94873046875
30970,6613.2568359375
30971,3564.18798828125
30972,5126.14599609375
30973,4390.7177734375
30974,6605.16357421875
30975,9347.5126953125
30976,5886.4423828125
30977,2348.164306640625
30978,4262.69677734375
30979,6803.44140625
30980,6775.55029296875
30981,4647.07275390625
30982,5392.998046875
30983,3970.104736328125
30984,4294.66455078125
30985,3035.85986328125
30986,5056.859375
30987,5027.34375
30988,6119.07568359375
30989,5210.26025390625
30990,6532.8974609375
30991,7159.88525390625
30992,6832.98681640625
30993,6356.54296875
30994,4079.34033203125
30995,7932.95166015625
30996,8015.87939453125
30997,4465.3671875
30998,6874.59130859375
30999,4542.39892578125
31000,6127.65185546875
31001,3083.500244140625
31002,5613.8642578125
31003,3786.020751953125
31004,7967.17041015625
31005,6059.875
31006,6368.6640625
31007,7084.59814453125
31008,4605.89306640625
31009,6983.99951171875
31010,16428.033203125
31011,8027.30419921875
31012,5169.708984375
31013,2594.097900390625
31014,5199.7587890625
31015,6775.4052734375
31016,5095.7314453125
31017,11052.248046875
31018,13378.3359375
31019,4124.12939453125
31020,4316.15234375
31021,7613.0849609375
31022,4282.12939453125
31023,6819.01416015625
31024,4581.22900390625
31025,6949.76416015625
31026,4948.23681640625
31027,6808.6669921875
31028,5360.5673828125
31029,6021.93505859375
31030,7483.017578125
31031,5248.12841796875
31032,5023.5205078125
31033,5437.4111328125
31034,3668.182373046875
31035,3947.95703125
31036,6667.18505859375
31037,4616.7568359375
31038,4817.42138671875
31039,5676.16015625
31040,4755.7783203125
31041,5578.466796875
31042,5709.38916015625
31043,5286.869140625
31044,7599.5029296875
31045,8808.4736328125
31046,6794.1806640625
31047,4791.0029296875
31048,2877.70947265625
31049,4937.29833984375
31050,4944.89111328125
31051,4578.2919921875
31052,3837.46044921875
31053,6709.251953125
31054,5583.7275390625
31055,8254.6689453125
31056,5485.3623046875
31057,4278.49609375
31058,4190.18994140625
31059,4275.740234375
31060,7830.67822265625
31061,4618.17919921875
31062,6174.68896484375
31063,12507.001953125
31064,6210.90380859375
31065,5387.015625
31066,4175.8359375
31067,4305.994140625
31068,5975.52783203125
31069,4007.636962890625
31070,5018.97119140625
31071,7849.4345703125
31072,4705.61474609375
31073,12863.4423828125
31074,10055.09375
31075,4496.7373046875
31076,5494.0263671875
31077,4870.36181640625
31078,5603.93017578125
31079,4745.59619140625
31080,9274.80859375
31081,5637.296875
31082,7329.8525390625
31083,3755.00927734375
31084,7316.365234375
31085,5127.9970703125
31086,7703.78759765625
31087,5702.45361328125
31088,5068.58447265625
31089,5479.71142578125
31090,6076.35009765625
31091,7351.93408203125
31092,7798.775390625
31093,5439.14208984375
31094,8388.4033203125
31095,5484.658203125
31096,7773.67529296875
31097,4794.96826171875
31098,4351.3154296875
31099,4426.65283203125
31100,7927.7578125
31101,5164.826171875
31102,6376.21923828125
31103,5735.388671875
31104,7100.9052734375
31105,4819.28662109375
31106,6237.93359375
31107,6190.11376953125
31108,3210.285400390625
31109,11458.2958984375
31110,13953.263671875
31111,5415.0380859375
31112,5697.41015625
31113,7229.4013671875
31114,8411.9287109375
31115,9444.232421875
31116,5157.80810546875
31117,6247.3876953125
31118,5390.11767578125
31119,7217.4296875
31120,3775.362548828125
31121,5383.0244140625
31122,4229.8994140625
31123,4732.08349609375
31124,5392.51611328125
31125,4539.203125
31126,3254.906982421875
31127,6282.1279296875
31128,2982.00146484375
31129,3631.449951171875
31130,5043.8349609375
31131,5491.95947265625
31132,7415.119140625
31133,7004.7607421875
31134,6660.3193359375
31135,5578.85107421875
31136,5931.19287109375
31137,8893.396484375
31138,6468.54248046875
31139,4077.103271484375
31140,4408.5830078125
31141,8416.7822265625
31142,3829.23583984375
31143,6530.37890625
31144,3134.06298828125
31145,4402.8115234375
31146,5649.6640625
31147,5684.4091796875
31148,4850.8271484375
31149,8220.8671875
31150,8321.5283203125
31151,10666.875
31152,5446.544921875
31153,7613.93115234375
31154,3074.148193359375
31155,4793.77197265625
31156,5405.54638671875
31157,3151.79150390625
31158,7236.111328125
31159,4165.95361328125
31160,5768.197265625
31161,8088.9189453125
31162,9098.5224609375
31163,6520.4775390625
31164,4716.759765625
31165,4108.64013671875
31166,12852.7099609375
31167,6924.951171875
31168,5229.78662109375
31169,5019.15771484375
31170,6048.75732421875
31171,7597.22998046875
31172,4056.3486328125
31173,5451.36474609375
31174,6772.2734375
31175,6945.53125
31176,11415.333984375
31177,5647.88525390625
31178,10354.8037109375
31179,5624.64013671875
31180,4553.5126953125
31181,2955.645751953125
31182,5961.009765625
31183,4704.146484375
31184,4390.86865234375
31185,6523.85546875
31186,4666.1396484375
31187,3678.439208984375
31188,5291.28271484375
31189,3093.448974609375
31190,6053.4404296875
31191,5677.9287109375
31192,7067.34912109375
31193,7351.76806640625
31194,4303.37744140625
31195,7780.35205078125
31196,5745.595703125
31197,4667.78857421875
31198,4922.7861328125
31199,4242.607421875
31200,8559.013671875
31201,5364.61328125
31202,3805.13330078125
31203,6170.0966796875
31204,7388.26318359375
31205,5973.92919921875
31206,5388.416015625
31207,8006.71728515625
31208,5978.70654296875
31209,6683.5322265625
31210,6164.43505859375
31211,7686.326171875
31212,4791.65771484375
31213,5505.03955078125
31214,4653.38720703125
31215,4226.4931640625
31216,4193.91943359375
31217,4537.5244140625
31218,6103.9326171875
31219,7577.32763671875
31220,9529.7021484375
31221,9317.9853515625
31222,7154.6533203125
31223,8437.3359375
31224,4272.45703125
31225,10134.7744140625
31226,9059.2783203125
31227,6134.7890625
31228,7235.94970703125
31229,7028.962890625
31230,4852.1748046875
31231,3360.313720703125
31232,5790.2890625
31233,6025.2158203125
31234,6302.61962890625
31235,4658.6533203125
31236,1971.197265625
31237,8837.4404296875
31238,5814.96875
31239,4291.3388671875
31240,4169.1025390625
31241,3641.82568359375
31242,5878.037109375
31243,6653.67236328125
31244,5737.306640625
31245,5621.28369140625
31246,3924.239990234375
31247,4034.7666015625
31248,2567.353759765625
31249,5852.91943359375
31250,14949.9326171875
31251,3667.943603515625
31252,5345.4140625
31253,6185.3212890625
31254,4285.09716796875
31255,4095.96728515625
31256,4716.93359375
31257,3477.22216796875
31258,6334.84912109375
31259,6328.8896484375
31260,2726.422607421875
31261,6811.95458984375
31262,4039.221923828125
31263,4164.05908203125
31264,10517.767578125
31265,6226.419921875
31266,9106.033203125
31267,3746.828857421875
31268,4843.20703125
31269,3921.3671875
31270,4380.52880859375
31271,14484.9970703125
31272,9464.8720703125
31273,5865.69775390625
31274,4108.9599609375
31275,3878.172607421875
31276,4943.08837890625
31277,3946.193359375
31278,8654.6083984375
31279,4771.39990234375
31280,4476.77099609375
31281,6112.2431640625
31282,4035.845458984375
31283,5625.39208984375
31284,6364.55419921875
31285,5709.36474609375
31286,6011.26171875
31287,3459.072998046875
31288,4907.9228515625
31289,5101.107421875
31290,7249.81103515625
31291,7387.79541015625
31292,6030.5439453125
31293,2920.38671875
31294,7425.58544921875
31295,5032.45556640625
31296,4093.853515625
31297,5699.0048828125
31298,6578.01220703125
31299,5133.42041015625
31300,5388.39501953125
31301,5295.0166015625
31302,5327.10302734375
31303,4584.08740234375
31304,6121.59521484375
31305,5983.44970703125
31306,4386.90478515625
31307,8479.810546875
31308,4980.55078125
31309,4156.86767578125
31310,10143.1943359375
31311,5327.6396484375
31312,3973.301025390625
31313,6477.6650390625
31314,7149.87158203125
31315,8371.7783203125
31316,4243.83935546875
31317,4695.8623046875
31318,5154.0615234375
31319,6285.88916015625
31320,5086.4150390625
31321,6999.67822265625
31322,2431.157958984375
31323,4950.04931640625
31324,5720.14453125
31325,4318.89111328125
31326,4176.2236328125
31327,5844.5224609375
31328,5627.666015625
31329,5087.4658203125
31330,6593.0166015625
31331,5642.11181640625
31332,6611.96826171875
31333,4365.19580078125
31334,5707.4248046875
31335,5761.65673828125
31336,6899.95654296875
31337,6916.5
31338,3156.6142578125
31339,7801.0078125
31340,6678.0673828125
31341,6242.9462890625
31342,4748.7958984375
31343,3446.867919921875
31344,7053.978515625
31345,4792.69873046875
31346,8242.576171875
31347,5418.98974609375
31348,4895.96533203125
31349,7045.671875
31350,4949.37744140625
31351,4234.42919921875
31352,7161.55908203125
31353,4396.18798828125
31354,8274.4716796875
31355,9446.7919921875
31356,6278.69970703125
31357,3853.040771484375
31358,4280.63916015625
31359,3356.683349609375
31360,3124.285400390625
31361,6110.22802734375
31362,4108.1376953125
31363,8218.3857421875
31364,3438.732421875
31365,4373.48193359375
31366,4493.35888671875
31367,8608.2783203125
31368,4599.646484375
31369,4463.11083984375
31370,4483.8896484375
31371,5843.7255859375
31372,4272.04833984375
31373,6380.4609375
31374,6568.29052734375
31375,7024.53515625
31376,6038.91162109375
31377,6577.49951171875
31378,5163.93310546875
31379,3649.50390625
31380,4590.8828125
31381,9126.22265625
31382,7375.69970703125
31383,9337.3017578125
31384,14566.0439453125
31385,4225.15185546875
31386,3768.235595703125
31387,5626.580078125
31388,7961.7734375
31389,7463.87646484375
31390,5353.494140625
31391,6834.794921875
31392,6960.4423828125
31393,5637.83154296875
31394,5406.88232421875
31395,4396.7138671875
31396,4473.56005859375
31397,4043.61279296875
31398,3589.060302734375
31399,4114.04052734375
31400,6757.15234375
31401,15438.5732421875
31402,5357.8642578125
31403,4669.38818359375
31404,6286.853515625
31405,3372.092529296875
31406,5587.8359375
31407,3921.488037109375
31408,8283.1748046875
31409,5566.11474609375
31410,5258.0546875
31411,10427.955078125
31412,11656.171875
31413,5416.77099609375
31414,5795.6953125
31415,3542.284912109375
31416,4141.86865234375
31417,5145.52734375
31418,6757.92431640625
31419,3778.17333984375
31420,3803.77685546875
31421,4355.66943359375
31422,4865.66357421875
31423,5388.876953125
31424,6269.82421875
31425,3656.927001953125
31426,6222.359375
31427,6303.22216796875
31428,4983.81201171875
31429,3597.2646484375
31430,3412.91748046875
31431,6846.0185546875
31432,3731.32177734375
31433,8999.78125
31434,3456.09423828125
31435,4670.0771484375
31436,5575.25341796875
31437,4854.71484375
31438,3836.119140625
31439,4470.720703125
31440,5609.2529296875
31441,7626.0439453125
31442,7330.4755859375
31443,4883.99365234375
31444,4041.275146484375
31445,4698.85009765625
31446,4972.09423828125
31447,4458.10107421875
31448,4677.31494140625
31449,5085.7177734375
31450,10602.5224609375
31451,5302.43310546875
31452,5008.45068359375
31453,6682.09814453125
31454,3840.75048828125
31455,7772.53662109375
31456,4524.16162109375
31457,10473.2392578125
31458,5055.95947265625
31459,4908.60400390625
31460,3945.415283203125
31461,3457.476318359375
31462,5931.57568359375
31463,17897.498046875
31464,3686.9345703125
31465,4454.908203125
31466,7833.5546875
31467,6029.38427734375
31468,6408.3916015625
31469,7139.2978515625
31470,4801.341796875
31471,4417.48974609375
31472,3770.306640625
31473,8288.3544921875
31474,5232.62744140625
31475,5955.93994140625
31476,6859.908203125
31477,4510.07080078125
31478,7320.36279296875
31479,4828.8251953125
31480,3668.568115234375
31481,7439.5322265625
31482,7883.482421875
31483,4382.81298828125
31484,6783.8701171875
31485,5739.42138671875
31486,4801.61767578125
31487,7786.60546875
31488,5677.1142578125
31489,6952.7919921875
31490,3482.21044921875
31491,3523.205810546875
31492,7115.78564453125
31493,4279.28076171875
31494,6698.5234375
31495,4363.45703125
31496,5401.13525390625
31497,4379.337890625
31498,5303.619140625
31499,5579.060546875
31500,6166.85595703125
31501,5801.0283203125
31502,6606.47216796875
31503,4518.1396484375
31504,7131.73876953125
31505,5666.89990234375
31506,6804.62744140625
31507,7997.083984375
31508,7076.8212890625
31509,3222.050048828125
31510,4488.9404296875
31511,5555.548828125
31512,4660.68994140625
31513,10071.97265625
31514,5069.58740234375
31515,7068.447265625
31516,8282.3486328125
31517,6569.8291015625
31518,3396.723876953125
31519,12605.404296875
31520,8624.2158203125
31521,5025.595703125
31522,6219.48876953125
31523,7429.029296875
31524,4832.52001953125
31525,5591.91552734375
31526,5628.4638671875
31527,4325.4365234375
31528,4293.11669921875
31529,5638.5224609375
31530,3991.06005859375
31531,6754.9189453125
31532,5747.48876953125
31533,5175.1005859375
31534,6487.5625
31535,5144.0078125
31536,5359.5615234375
31537,4298.37744140625
31538,6296.91162109375
31539,6287.76953125
31540,5380.005859375
31541,6629.38134765625
31542,5170.08544921875
31543,7621.95458984375
31544,4420.7841796875
31545,4174.17626953125
31546,4763.11572265625
31547,6528.32080078125
31548,5535.23828125
31549,3962.918212890625
31550,4179.845703125
31551,7058.23974609375
31552,6674.79443359375
31553,4743.3623046875
31554,6591.55810546875
31555,5564.90478515625
31556,4873.10986328125
31557,4431.095703125
31558,3196.011962890625
31559,5961.2490234375
31560,5797.8984375
31561,4912.58447265625
31562,7713.353515625
31563,7472.5673828125
31564,4252.1484375
31565,7217.76171875
31566,4659.962890625
31567,2094.362060546875
31568,6188.78369140625
31569,8898.2763671875
31570,6825.28125
31571,5776.78466796875
31572,3411.497802734375
31573,5599.39501953125
31574,7330.0869140625
31575,5103.484375
31576,6457.59521484375
31577,4643.14697265625
31578,4325.35888671875
31579,4380.83935546875
31580,4665.38427734375
31581,5217.02099609375
31582,3942.486328125
31583,3537.14306640625
31584,3779.05859375
31585,5963.0205078125
31586,5397.41015625
31587,3825.447021484375
31588,5651.23681640625
31589,5834.29931640625
31590,4427.54296875
31591,3900.134521484375
31592,7373.3564453125
31593,6461.47265625
31594,4883.80126953125
31595,3315.11328125
31596,9242.140625
31597,5547.51708984375
31598,4478.611328125
31599,6232.2578125
31600,6285.498046875
31601,6248.72216796875
31602,4855.86962890625
31603,6128.9306640625
31604,7301.00634765625
31605,11726.8642578125
31606,3982.84375
31607,4719.00634765625
31608,4305.90576171875
31609,5952.4404296875
31610,5247.40478515625
31611,8242.9013671875
31612,5981.466796875
31613,4902.5546875
31614,2936.526123046875
31615,4532.9619140625
31616,9688.5849609375
31617,3819.58154296875
31618,6132.560546875
31619,3081.606689453125
31620,6035.4189453125
31621,6682.26123046875
31622,6397.65185546875
31623,6601.77099609375
31624,5687.97119140625
31625,3738.698486328125
31626,4758.54296875
31627,6127.455078125
31628,7022.92626953125
31629,6376.28173828125
31630,6782.18701171875
31631,4763.1865234375
31632,3639.14892578125
31633,8848.9248046875
31634,3254.0166015625
31635,8110.78369140625
31636,5216.703125
31637,3810.77197265625
31638,5633.9580078125
31639,4755.32958984375
31640,6768.8896484375
31641,8240.15234375
31642,4112.64599609375
31643,3914.734619140625
31644,5823.10498046875
31645,6818.98876953125
31646,6830.97216796875
31647,4962.794921875
31648,4865.115234375
31649,4132.642578125
31650,5111.30517578125
31651,4042.630126953125
31652,8418.6806640625
31653,7101.42724609375
31654,10985.072265625
31655,3467.98974609375
31656,5176.015625
31657,9973.998046875
31658,8450.7314453125
31659,4030.563232421875
31660,7005.21142578125
31661,4989.80908203125
31662,4464.07861328125
31663,4137.20751953125
31664,5172.56787109375
31665,4240.30078125
31666,4984.90380859375
31667,3919.3818359375
31668,3891.13916015625
31669,7367.72314453125
31670,6238.60205078125
31671,21412.4453125
31672,5540.06640625
31673,3432.04345703125
31674,6387.251953125
31675,10623.1474609375
31676,5354.9287109375
31677,6465.9580078125
31678,5072.33203125
31679,6890.55859375
31680,6408.03076171875
31681,3457.4208984375
31682,4536.13330078125
31683,5192.15576171875
31684,7285.02392578125
31685,5864.7529296875
31686,7864.25048828125
31687,4228.337890625
31688,4203.39013671875
31689,4651.42919921875
31690,8984.4599609375
31691,8924.1494140625
31692,8195.001953125
31693,6345.3076171875
31694,3596.755126953125
31695,4867.4267578125
31696,3518.10986328125
31697,7041.36865234375
31698,8771.51171875
31699,9027.8544921875
31700,4027.175048828125
31701,5444.91455078125
31702,4215.6884765625
31703,5056.24658203125
31704,9062.8505859375
31705,5612.71142578125
31706,4075.57861328125
31707,4006.33984375
31708,6720.95458984375
31709,3141.014404296875
31710,6035.142578125
31711,3177.847900390625
31712,6276.4208984375
31713,6148.60205078125
31714,5398.49853515625
31715,6800.19384765625
31716,5857.58544921875
31717,5177.4970703125
31718,6004.28564453125
31719,5046.33837890625
31720,8724.9267578125
31721,5483.91162109375
31722,6660.16064453125
31723,7383.669921875
31724,8209.7861328125
31725,5673.75341796875
31726,7728.0625
31727,3697.783203125
31728,4431.03369140625
31729,5194.5703125
31730,5697.99853515625
31731,8319.5693359375
31732,6116.810546875
31733,4542.99951171875
31734,5894.45703125
31735,6058.22900390625
31736,7252.201171875
31737,3213.23388671875
31738,11868.7080078125
31739,3887.399169921875
31740,5745.13671875
31741,7140.02978515625
31742,3840.23681640625
31743,4891.90625
31744,5439.61669921875
31745,6116.97705078125
31746,5316.595703125
31747,4157.81103515625
31748,7061.23486328125
31749,6846.70556640625
31750,5224.1796875
31751,4284.689453125
31752,6588.65673828125
31753,10565.2626953125
31754,5931.89794921875
31755,5559.841796875
31756,5832.5810546875
31757,5842.27734375
31758,5605.1396484375
31759,7119.5087890625
31760,3335.6494140625
31761,6467.03173828125
31762,5317.18701171875
31763,5500.2119140625
31764,9481.6982421875
31765,4120.5751953125
31766,3901.30419921875
31767,4197.341796875
31768,7089.17578125
31769,7357.8994140625
31770,4355.236328125
31771,4319.25634765625
31772,5791.63916015625
31773,5184.330078125
31774,5098.5400390625
31775,6388.8330078125
31776,5739.626953125
31777,6625.8388671875
31778,4706.431640625
31779,4021.17919921875
31780,5387.37060546875
31781,7061.49560546875
31782,6892.43505859375
31783,6852.65234375
31784,6608.24072265625
31785,4820.8203125
31786,7875.5283203125
31787,5065.9638671875
31788,4786.91064453125
31789,7664.55126953125
31790,5000.2392578125
31791,8817.1875
31792,7638.8515625
31793,5959.94140625
31794,5370.39453125
31795,6613.74169921875
31796,6561.1513671875
31797,5608.92822265625
31798,4227.9599609375
31799,5093.06884765625
31800,6837.23291015625
31801,4303.56201171875
31802,3733.205810546875
31803,6685.50927734375
31804,5972.22607421875
31805,7647.2587890625
31806,4982.8251953125
31807,4180.0693359375
31808,6340.36083984375
31809,5825.54248046875
31810,5474.826171875
31811,4698.2197265625
31812,5074.03955078125
31813,5466.21337890625
31814,2651.70751953125
31815,6568.1240234375
31816,4426.404296875
31817,6560.09814453125
31818,6716.2021484375
31819,5894.21533203125
31820,10001.3759765625
31821,4354.42041015625
31822,4674.115234375
31823,8806.83984375
31824,5535.10546875
31825,6843.1953125
31826,6339.87646484375
31827,3782.317626953125
31828,5499.9482421875
31829,4914.1240234375
31830,6843.99609375
31831,9440.23828125
31832,6626.708984375
31833,2475.094482421875
31834,3805.302490234375
31835,6629.990234375
31836,6649.92529296875
31837,4853.10986328125
31838,5507.4296875
31839,4266.20703125
31840,4848.2529296875
31841,2865.653076171875
31842,4554.30712890625
31843,5087.64599609375
31844,6176.62939453125
31845,5651.365234375
31846,5537.48193359375
31847,7004.845703125
31848,6843.2373046875
31849,6565.6708984375
31850,4459.12109375
31851,8530.3125
31852,7894.79931640625
31853,4661.205078125
31854,6514.64697265625
31855,4123.0205078125
31856,5704.53271484375
31857,3285.11083984375
31858,5838.1767578125
31859,3828.725341796875
31860,8401.4658203125
31861,6534.42138671875
31862,6505.30908203125
31863,7704.6806640625
31864,4907.1767578125
31865,7088.56884765625
31866,16506.744140625
31867,8358.482421875
31868,5323.82373046875
31869,2827.876708984375
31870,5128.93505859375
31871,7094.48291015625
31872,5478.1357421875
31873,11434.080078125
31874,13780.62109375
31875,4127.49072265625
31876,4541.9267578125
31877,7708.98583984375
31878,4102.181640625
31879,6390.4912109375
31880,5167.09814453125
31881,6650.62890625
31882,4742.39404296875
31883,6787.22021484375
31884,5371.9658203125
31885,6403.517578125
31886,7766.18603515625
31887,5489.73193359375
31888,5373.6552734375
31889,7063.0419921875
31890,3869.03271484375
31891,4385.43896484375
31892,7216.06494140625
31893,4653.421875
31894,5005.9375
31895,6189.4521484375
31896,5644.06689453125
31897,6153.35595703125
31898,6233.673828125
31899,5817.98046875
31900,7862.23681640625
31901,9441.61328125
31902,7377.482421875
31903,5158.85791015625
31904,3323.939208984375
31905,5247.50341796875
31906,5428.8701171875
31907,4793.6474609375
31908,4070.163330078125
31909,7451.7236328125
31910,5747.75537109375
31911,8780.3515625
31912,5750.9873046875
31913,4416.09814453125
31914,4071.977294921875
31915,4719.5390625
31916,8092.294921875
31917,4614.0576171875
31918,6527.43212890625
31919,13750.2958984375
31920,6572.4677734375
31921,5408.60498046875
31922,4368.283203125
31923,4080.349853515625
31924,5693.2705078125
31925,3707.352294921875
31926,5480.09619140625
31927,8544.2578125
31928,4465.1689453125
31929,12435.865234375
31930,10898.2705078125
31931,4672.1123046875
31932,5701.3388671875
31933,5457.94677734375
31934,5901.1455078125
31935,4400.01904296875
31936,9829.193359375
31937,5911.521484375
31938,8203.328125
31939,4098.8359375
31940,6929.84619140625
31941,5198.62744140625
31942,8211.01953125
31943,5660.927734375
31944,4892.50048828125
31945,5956.95751953125
31946,5822.35498046875
31947,6870.42578125
31948,8425.9921875
31949,5853.90576171875
31950,8031.13037109375
31951,5681.75537109375
31952,8242.513671875
31953,4955.88232421875
31954,4605.66552734375
31955,4550.47021484375
31956,7865.69580078125
31957,5446.72216796875
31958,6043.11572265625
31959,5791.712890625
31960,6832.96875
31961,4702.27685546875
31962,7811.7958984375
31963,6180.55908203125
31964,3471.4931640625
31965,12097.26171875
31966,14562.26953125
31967,5666.92138671875
31968,5630.44287109375
31969,7791.3837890625
31970,8351.955078125
31971,10426.5390625
31972,5133.0205078125
31973,5869.41455078125
31974,5179.80712890625
31975,7063.130859375
31976,4008.05078125
31977,5447.7734375
31978,4320.05322265625
31979,5207.49365234375
31980,5314.46826171875
31981,4814.681640625
31982,3683.364990234375
31983,5973.9208984375
31984,3454.758056640625
31985,3860.00341796875
31986,5506.53662109375
31987,4883.98779296875
31988,7526.4169921875
31989,7585.51171875
31990,7080.78564453125
31991,5845.05029296875
31992,5703.49951171875
31993,9552.837890625
31994,6358.712890625
31995,4127.06884765625
31996,4680.12451171875
31997,8933.2314453125
31998,4103.41552734375
31999,5975.82080078125
32000,2959.664794921875
32001,4128.57568359375
32002,6728.6884765625
32003,5688.83203125
32004,4728.7841796875
32005,8197.568359375
32006,8227.005859375
32007,10960.939453125
32008,5823.51416015625
32009,7463.43505859375
32010,2910.845703125
32011,5130.84716796875
32012,5358.82421875
32013,3278.848876953125
32014,7487.91162109375
32015,4177.42626953125
32016,6266.87060546875
32017,7673.50830078125
32018,9670.318359375
32019,6299.40185546875
32020,5144.43505859375
32021,4727.1162109375
32022,12804.48046875
32023,6809.39453125
32024,5156.001953125
32025,4911.134765625
32026,6226.00244140625
32027,8076.24609375
32028,4025.384033203125
32029,5201.80859375
32030,6679.728515625
32031,6358.76416015625
32032,12572.8798828125
32033,5744.91796875
32034,10033.6318359375
32035,5910.99658203125
32036,4578.8623046875
32037,2871.496826171875
32038,4922.30322265625
32039,5073.66845703125
32040,4510.07421875
32041,6180.47119140625
32042,4814.64697265625
32043,3620.599853515625
32044,5432.43701171875
32045,3202.194580078125
32046,6123.0078125
32047,5963.29443359375
32048,7561.029296875
32049,7109.482421875
32050,4494.044921875
32051,8556.8232421875
32052,5929.9873046875
32053,4936.83544921875
32054,5159.57177734375
32055,4090.555908203125
32056,8623.0029296875
32057,5783.08740234375
32058,4055.114501953125
32059,6212.3193359375
32060,6822.66845703125
32061,6204.64306640625
32062,5410.81640625
32063,7617.72607421875
32064,6202.10693359375
32065,6045.689453125
32066,6395.17138671875
32067,7349.9931640625
32068,5069.27587890625
32069,5871.11865234375
32070,4801.380859375
32071,4550.69287109375
32072,4398.04248046875
32073,4492.04443359375
32074,6759.49658203125
32075,8346.201171875
32076,9318.73828125
32077,9221.115234375
32078,7109.89892578125
32079,8552.5927734375
32080,4949.5244140625
32081,9667.6591796875
32082,9895.474609375
32083,6472.146484375
32084,7108.02978515625
32085,7227.10205078125
32086,5257.31201171875
32087,4190.4560546875
32088,6442.03759765625
32089,6186.666015625
32090,5865.080078125
32091,5026.41455078125
32092,2289.45166015625
32093,8635.767578125
32094,6044.8583984375
32095,4570.95703125
32096,4423.8525390625
32097,4258.646484375
32098,6390.04736328125
32099,6426.4443359375
32100,6187.0419921875
32101,5290.57763671875
32102,3853.68359375
32103,3249.87744140625
32104,3373.195068359375
32105,6101.7392578125
32106,15423.9599609375
32107,4042.512451171875
32108,4993.05859375
32109,5470.74560546875
32110,4739.46875
32111,4126.2734375
32112,4588.2578125
32113,3430.31298828125
32114,6989.44384765625
32115,6384.24072265625
32116,3111.37451171875
32117,6945.4892578125
32118,4724.72509765625
32119,4432.11083984375
32120,10570.4208984375
32121,6608.40576171875
32122,9415.9921875
32123,4352.87744140625
32124,5525.728515625
32125,4008.902099609375
32126,4635.130859375
32127,13595.296875
32128,8862.294921875
32129,5751.7275390625
32130,4823.736328125
32131,4210.47021484375
32132,5146.478515625
32133,3851.09765625
32134,9392.537109375
32135,5190.71923828125
32136,4675.62109375
32137,5923.27685546875
32138,4429.53955078125
32139,6263.423828125
32140,6653.40185546875
32141,5752.4501953125
32142,6321.82568359375
32143,3662.726318359375
32144,5723.67919921875
32145,5406.36572265625
32146,7354.3134765625
32147,7663.02392578125
32148,6171.44580078125
32149,3441.88671875
32150,7479.95654296875
32151,4637.14501953125
32152,4248.45654296875
32153,5930.1513671875
32154,6521.78662109375
32155,5243.5458984375
32156,5377.61328125
32157,5756.53857421875
32158,5344.45361328125
32159,4986.72021484375
32160,6526.35498046875
32161,6006.39111328125
32162,4778.125
32163,8658.865234375
32164,5262.76416015625
32165,3890.06884765625
32166,9853.9033203125
32167,5260.87646484375
32168,3757.79833984375
32169,7156.404296875
32170,7810.2255859375
32171,8836.6962890625
32172,4544.78515625
32173,5125.6318359375
32174,5491.3017578125
32175,6055.599609375
32176,5663.9853515625
32177,6670.76220703125
32178,3020.265869140625
32179,4739.462890625
32180,5447.0146484375
32181,4479.98291015625
32182,4616.24072265625
32183,6191.572265625
32184,5993.21142578125
32185,5790.4326171875
32186,7125.45751953125
32187,5882.8935546875
32188,6811.33154296875
32189,3946.4287109375
32190,6138.3310546875
32191,6546.42822265625
32192,6947.076171875
32193,6692.873046875
32194,3389.464599609375
32195,8198.40625
32196,6413.2294921875
32197,6190.40869140625
32198,5033.12548828125
32199,3840.58984375
32200,7332.09912109375
32201,4446.96923828125
32202,7719.3759765625
32203,5469.56103515625
32204,4690.81689453125
32205,7310.77880859375
32206,4950.05419921875
32207,4502.65966796875
32208,7305.6875
32209,4715.25341796875
32210,8296.8642578125
32211,8997.4345703125
32212,6956.69921875
32213,4356.87353515625
32214,4066.980224609375
32215,3643.83740234375
32216,2600.31005859375
32217,6513.349609375
32218,4125.244140625
32219,8300.064453125
32220,3460.233154296875
32221,4801.0810546875
32222,4906.83544921875
32223,8050.59228515625
32224,4416.73876953125
32225,4711.44677734375
32226,4393.1240234375
32227,6313.6298828125
32228,4619.14453125
32229,6249.482421875
32230,6673.275390625
32231,7358.8505859375
32232,6078.49658203125
32233,6627.45703125
32234,5074.38525390625
32235,3959.24853515625
32236,4614.60986328125
32237,9401.453125
32238,6886.88671875
32239,10003.58984375
32240,13958.208984375
32241,4193.4326171875
32242,4187.650390625
32243,5420.4306640625
32244,7668.16455078125
32245,8004.94287109375
32246,5761.0927734375
32247,7324.5380859375
32248,6596.19140625
32249,5904.30029296875
32250,5420.45703125
32251,4359.38037109375
32252,4867.2900390625
32253,4139.3203125
32254,3558.209716796875
32255,3761.17822265625
32256,6750.97216796875
32257,15161.673828125
32258,5694.736328125
32259,4800.02734375
32260,5594.3857421875
32261,3604.98046875
32262,5757.7587890625
32263,4293.220703125
32264,7760.3388671875
32265,5734.2265625
32266,5702.6298828125
32267,10720.5732421875
32268,10299.5556640625
32269,4749.3828125
32270,6100.03857421875
32271,3877.2236328125
32272,4424.85791015625
32273,5502.67626953125
32274,7070.8427734375
32275,4117.23046875
32276,3913.160888671875
32277,4756.33203125
32278,4986.0283203125
32279,5753.796875
32280,5815.53466796875
32281,4146.87939453125
32282,6325.25732421875
32283,6263.31591796875
32284,5585.44384765625
32285,3473.2080078125
32286,3201.028564453125
32287,6843.66455078125
32288,3948.650634765625
32289,8669.330078125
32290,3548.89794921875
32291,5033.06787109375
32292,5665.66796875
32293,5190.580078125
32294,4196.8701171875
32295,4886.662109375
32296,5719.34130859375
32297,7916.37158203125
32298,7145.03076171875
32299,5134.607421875
32300,4312.34033203125
32301,4995.2509765625
32302,5149.19482421875
32303,4403.34423828125
32304,5048.45068359375
32305,5488.357421875
32306,11193.529296875
32307,6118.8076171875
32308,5185.01171875
32309,6591.55322265625
32310,4068.766357421875
32311,7838.21728515625
32312,4899.60986328125
32313,10092.4208984375
32314,5268.15087890625
32315,4930.61083984375
32316,3964.712890625
32317,3514.325927734375
32318,6495.32275390625
32319,17475.134765625
32320,3142.25341796875
32321,4403.10791015625
32322,8197.1357421875
32323,6071.28076171875
32324,6441.861328125
32325,7165.0859375
32326,4611.40283203125
32327,4303.6787109375
32328,4228.8955078125
32329,8822.25
32330,5511.32177734375
32331,6498.70654296875
32332,7262.470703125
32333,5077.4453125
32334,7817.951171875
32335,5601.07568359375
32336,4002.922607421875
32337,8415.580078125
32338,9036.8330078125
32339,4085.059326171875
32340,6144.3095703125
32341,5707.638671875
32342,4980.662109375
32343,8257.15625
32344,5814.88525390625
32345,6833.0166015625
32346,3839.004150390625
32347,3976.96240234375
32348,7102.63427734375
32349,4484.36669921875
32350,7416.4365234375
32351,4021.406982421875
32352,5084.62646484375
32353,4204.24560546875
32354,5604.83203125
32355,5247.28662109375
32356,6394.568359375
32357,5959.9912109375
32358,6710.998046875
32359,4943.08447265625
32360,6787.53662109375
32361,5652.015625
32362,6436.0849609375
32363,8644.818359375
32364,7926.01171875
32365,3301.893310546875
32366,5448.6591796875
32367,6202.333984375
32368,4710.103515625
32369,9945.0341796875
32370,5623.45654296875
32371,6909.97119140625
32372,9022.2783203125
32373,6612.1162109375
32374,3542.23486328125
32375,13939.884765625
32376,8806.5986328125
32377,5171.40380859375
32378,6732.24951171875
32379,8922.310546875
32380,4978.5859375
32381,6163.71630859375
32382,5281.1572265625
32383,4961.94384765625
32384,4544.5029296875
32385,5791.14208984375
32386,3832.900390625
32387,7134.93310546875
32388,5388.2763671875
32389,5599.03662109375
32390,6207.787109375
32391,5630.50732421875
32392,5936.2041015625
32393,4760.748046875
32394,6698.1181640625
32395,6140.1318359375
32396,5618.537109375
32397,6296.95263671875
32398,5571.36572265625
32399,8752.3779296875
32400,4448.130859375
32401,4264.5927734375
32402,5045.83447265625
32403,6047.9580078125
32404,6022.7451171875
32405,4012.078857421875
32406,4147.5771484375
32407,6473.74169921875
32408,6739.2197265625
32409,5246.87646484375
32410,6804.69970703125
32411,5391.6123046875
32412,4381.01611328125
32413,3833.337158203125
32414,2744.11279296875
32415,6127.00732421875
32416,5792.53369140625
32417,5316.44921875
32418,7848.2509765625
32419,7300.552734375
32420,4004.335693359375
32421,7436.1904296875
32422,4671.673828125
32423,2505.46923828125
32424,6314.6650390625
32425,9286.8076171875
32426,6890.2822265625
32427,5750.44140625
32428,3843.39892578125
32429,5461.22705078125
32430,6658.1923828125
32431,5235.70068359375
32432,6865.83349609375
32433,4132.93310546875
32434,4267.1513671875
32435,4794.3125
32436,4362.4033203125
32437,4571.44775390625
32438,3774.707275390625
32439,3700.3125
32440,4049.44580078125
32441,6249.32177734375
32442,5611.4619140625
32443,4168.556640625
32444,5771.83251953125
32445,5777.66845703125
32446,4240.67138671875
32447,4339.05908203125
32448,6653.76220703125
32449,6312.1552734375
32450,5064.99609375
32451,3057.545654296875
32452,10482.1962890625
32453,5568.0419921875
32454,4684.51708984375
32455,6622.904296875
32456,6527.87353515625
32457,5778.25244140625
32458,4933.37353515625
32459,6501.77978515625
32460,7715.2626953125
32461,11444.9482421875
32462,4139.642578125
32463,4844.49365234375
32464,4409.51318359375
32465,5465.3076171875
32466,5159.73095703125
32467,6786.87890625
32468,6465.423828125
32469,4910.41259765625
32470,3252.873779296875
32471,4909.68896484375
32472,10430.3466796875
32473,3943.8828125
32474,6348.46630859375
32475,3440.54736328125
32476,5930.59912109375
32477,6979.0830078125
32478,6139.66259765625
32479,6934.5498046875
32480,5811.3564453125
32481,4146.82177734375
32482,5238.9931640625
32483,6588.0732421875
32484,7105.5576171875
32485,6160.69873046875
32486,6584.7744140625
32487,4639.048828125
32488,3936.8427734375
32489,8585.1904296875
32490,3572.52978515625
32491,8413.5048828125
32492,5382.49072265625
32493,3913.538818359375
32494,5889.17578125
32495,5518.50439453125
32496,6620.05322265625
32497,8207.779296875
32498,3604.999755859375
32499,3945.668701171875
32500,6133.84814453125
32501,7102.67529296875
32502,7056.1982421875
32503,5485.47900390625
32504,5417.9345703125
32505,5008.63818359375
32506,5858.55859375
32507,4215.3193359375
32508,8576.7509765625
32509,7765.94287109375
32510,11776.1171875
32511,3637.897705078125
32512,5098.14697265625
32513,9818.4853515625
32514,9267.3525390625
32515,4169.2568359375
32516,7278.11181640625
32517,5366.97509765625
32518,5036.04296875
32519,4637.9501953125
32520,5301.46435546875
32521,4977.0927734375
32522,5084.15576171875
32523,3978.194091796875
32524,4021.8818359375
32525,6498.39892578125
32526,6408.3876953125
32527,21395.529296875
32528,5491.78271484375
32529,3976.588134765625
32530,5866.14990234375
32531,10672.091796875
32532,5788.1640625
32533,6921.73193359375
32534,5118.42041015625
32535,7305.5595703125
32536,6809.82373046875
32537,3778.66943359375
32538,5050.408203125
32539,5487.69580078125
32540,7840.01708984375
32541,6219.55517578125
32542,8070.2802734375
32543,4205.0703125
32544,4299.7724609375
32545,5272.693359375
32546,9403.5498046875
32547,10487.8427734375
32548,8290.806640625
32549,7126.71630859375
32550,3674.410888671875
32551,5505.564453125
32552,4606.58740234375
32553,7773.58935546875
32554,9378.8056640625
32555,10143.0859375
32556,4227.3916015625
32557,5170.09912109375
32558,4368.33349609375
32559,5624.86279296875
32560,9708.98828125
32561,6304.85595703125
32562,5032.37158203125
32563,4670.8544921875
32564,7372.25341796875
32565,3727.2392578125
32566,6500.60546875
32567,3629.18603515625
32568,6692.658203125
32569,5907.67138671875
32570,5708.5146484375
32571,7400.43359375
32572,6090.87060546875
32573,5848.82177734375
32574,6784.05419921875
32575,5790.87451171875
32576,9821.3642578125
32577,5945.5185546875
32578,6981.8232421875
32579,7988.57177734375
32580,9023.1328125
32581,6572.71142578125
32582,7864.34619140625
32583,3989.263427734375
32584,4733.0947265625
32585,6051.44091796875
32586,6758.107421875
32587,8160.3466796875
32588,6781.4482421875
32589,5282.5615234375
32590,6767.5048828125
32591,6242.7626953125
32592,7737.763671875
32593,3840.283203125
32594,12565.0751953125
32595,3978.0791015625
32596,5945.62158203125
32597,7646.91552734375
32598,4256.92236328125
32599,5515.6162109375
32600,5751.8251953125
32601,7214.326171875
32602,5643.94140625
32603,5262.80126953125
32604,8019.91650390625
32605,7459.42626953125
32606,5855.2138671875
32607,4680.80517578125
32608,7025.42822265625
32609,11614.572265625
32610,6444.76220703125
32611,6029.83349609375
32612,6157.7060546875
32613,6554.705078125
32614,6143.443359375
32615,7709.470703125
32616,3569.16796875
32617,7052.62060546875
32618,6242.91015625
32619,6132.7587890625
32620,11356.6357421875
32621,3905.955810546875
32622,4381.11279296875
32623,4196.38037109375
32624,7441.18408203125
32625,7882.22802734375
32626,4767.0341796875
32627,4583.056640625
32628,6110.33349609375
32629,5430.908203125
32630,5184.3505859375
32631,6094.37255859375
32632,6213.60498046875
32633,6707.66552734375
32634,5114.4755859375
32635,4237.23583984375
32636,5623.3798828125
32637,8222.4765625
32638,7486.58544921875
32639,7274.640625
32640,7417.25390625
32641,5004.76513671875
32642,9211.6015625
32643,5464.322265625
32644,5154.95263671875
32645,8755.8017578125
32646,5801.8779296875
32647,9212.798828125
32648,8018.39208984375
32649,6617.37109375
32650,5646.66845703125
32651,7090.39404296875
32652,6951.048828125
32653,5638.6748046875
32654,4318.169921875
32655,5405.8486328125
32656,7511.01513671875
32657,4689.4521484375
32658,3520.629150390625
32659,7466.43701171875
32660,6457.97509765625
32661,6397.3125
32662,5533.5263671875
32663,4976.29541015625
32664,7228.31787109375
32665,6601.78466796875
32666,5638.37939453125
32667,5029.31201171875
32668,5711.9921875
32669,6149.802734375
32670,2454.066650390625
32671,6581.88525390625
32672,4803.11181640625
32673,7492.84912109375
32674,6697.25244140625
32675,5993.2998046875
32676,10654.708984375
32677,4898.09423828125
32678,5185.376953125
32679,10042.6875
32680,6392.26708984375
32681,7381.9931640625
32682,7214.3681640625
32683,4933.337890625
32684,6172.966796875
32685,4780.74853515625
32686,6891.81494140625
32687,10616.5859375
32688,7389.71826171875
32689,2666.83056640625
32690,3843.086669921875
32691,7115.796875
32692,7010.166015625
32693,5505.79296875
32694,5867.83984375
32695,4901.1962890625
32696,4937.2646484375
32697,3413.53857421875
32698,4389.88720703125
32699,5666.6513671875
32700,6605.2119140625
32701,6260.10302734375
32702,6087.578125
32703,7533.50146484375
32704,7335.107421875
32705,7032.2451171875
32706,4160.1787109375
32707,9162.67578125
32708,8814.19921875
32709,5239.15087890625
32710,7154.1962890625
32711,4563.0009765625
32712,6008.1357421875
32713,3404.04052734375
32714,5921.65576171875
32715,4015.846435546875
32716,9237.0048828125
32717,6801.79150390625
32718,7339.705078125
32719,7674.734375
32720,5418.49951171875
32721,7955.423828125
32722,17388.353515625
32723,9364.0732421875
32724,6141.00537109375
32725,3142.06787109375
32726,5540.69873046875
32727,7456.0810546875
32728,6000.0634765625
32729,12099.697265625
32730,14832.2568359375
32731,4458.16259765625
32732,4803.9580078125
32733,8861.8154296875
32734,4664.52734375
32735,7075.6142578125
32736,5552.857421875
32737,7291.26611328125
32738,4948.66943359375
32739,7510.5458984375
32740,5644.4423828125
32741,7379.25341796875
32742,8538.767578125
32743,6340.09130859375
32744,6016.181640625
32745,6551.49658203125
32746,3754.2958984375
32747,4920.65625
32748,7047.43408203125
32749,4877.31396484375
32750,5573.6748046875
32751,5806.1884765625
32752,5658.94970703125
32753,6449.29833984375
32754,6444.994140625
32755,6678.6767578125
32756,8612.3720703125
32757,11561.9736328125
32758,7217.2861328125
32759,5617.876953125
32760,3830.92724609375
32761,5711.2041015625
32762,6279.35888671875
32763,5372.19970703125
32764,4180.7451171875
32765,7600.61328125
32766,5997.21923828125
32767,9538.4091796875
32768,6499.1484375
32769,4973.248046875
32770,4137.96240234375
32771,5050.2666015625
32772,8412.3037109375
32773,4818.02783203125
32774,6740.6220703125
32775,14855.904296875
32776,6787.13427734375
32777,5395.17578125
32778,4452.7392578125
32779,4301.42138671875
32780,6270.529296875
32781,4060.634765625
32782,5305.1455078125
32783,9044.2607421875
32784,4684.59765625
32785,12559.470703125
32786,11907.7890625
32787,5136.75830078125
32788,5733.421875
32789,5520.20654296875
32790,6448.3994140625
32791,5169.73681640625
32792,9973.4599609375
32793,6164.4306640625
32794,8623.53125
32795,4575.62353515625
32796,7576.330078125
32797,5643.50244140625
32798,8566.4111328125
32799,6093.41015625
32800,5508.380859375
32801,6054.27587890625
32802,6082.5078125
32803,7684.1015625
32804,9407.6083984375
32805,6090.630859375
32806,8948.5927734375
32807,6332.30126953125
32808,9964.626953125
32809,4661.93896484375
32810,5053.7607421875
32811,5130.57275390625
32812,7667.56640625
32813,5844.26171875
32814,6619.3271484375
32815,6425.39013671875
32816,7496.884765625
32817,4950.66455078125
32818,8110.16552734375
32819,6448.64599609375
32820,3715.212646484375
32821,12080.017578125
32822,16024.9794921875
32823,6602.9873046875
32824,5890.8974609375
32825,8121.9326171875
32826,8966.375
32827,9906.181640625
32828,4844.9189453125
32829,6803.03173828125
32830,5811.8759765625
32831,7631.5634765625
32832,3833.76953125
32833,6019.0537109375
32834,4660.25
32835,5702.81884765625
32836,7052.66455078125
32837,5224.98828125
32838,3650.87060546875
32839,6503.88623046875
32840,3734.23583984375
32841,3972.761474609375
32842,5426.4453125
32843,5286.95947265625
32844,8347.8291015625
32845,8060.25146484375
32846,7637.8330078125
32847,6173.6044921875
32848,6410.72216796875
32849,10658.015625
32850,6171.6708984375
32851,4380.54052734375
32852,4983.41845703125
32853,10181.7998046875
32854,4479.8203125
32855,6381.14013671875
32856,3373.738525390625
32857,4601.5986328125
32858,7283.130859375
32859,5557.7890625
32860,5509.3203125
32861,8600.8193359375
32862,9160.8916015625
32863,12382.41796875
32864,6470.25390625
32865,8063.3330078125
32866,3087.415283203125
32867,5115.50927734375
32868,5828.44970703125
32869,3311.065185546875
32870,7764.04443359375
32871,4357.28466796875
32872,6912.470703125
32873,8543.783203125
32874,9830.8671875
32875,7047.8095703125
32876,4920.96142578125
32877,5216.0615234375
32878,14205.458984375
32879,8103.447265625
32880,5771.2685546875
32881,5353.7705078125
32882,7032.2109375
32883,8594.0771484375
32884,4537.38671875
32885,5793.0673828125
32886,7404.7900390625
32887,7049.74755859375
32888,13261.560546875
32889,6656.72314453125
32890,10860.8818359375
32891,6513.923828125
32892,5372.77294921875
32893,3379.296875
32894,5256.4853515625
32895,5256.2880859375
32896,4997.84130859375
32897,7022.0341796875
32898,5028.4453125
32899,4084.964599609375
32900,5412.3974609375
32901,3915.47607421875
32902,6107.18994140625
32903,6397.3955078125
32904,7719.7431640625
32905,7339.9189453125
32906,5037.8994140625
32907,8524.04296875
32908,5919.15087890625
32909,5441.9716796875
32910,5646.1494140625
32911,4351.68701171875
32912,9829.4658203125
32913,6356.77197265625
32914,4271.21044921875
32915,6690.58251953125
32916,7667.4033203125
32917,6388.31201171875
32918,5720.7177734375
32919,8298.529296875
32920,6448.15283203125
32921,6117.22412109375
32922,6636.84375
32923,7700.00732421875
32924,5655.66748046875
32925,6412.6474609375
32926,5111.6611328125
32927,4797.37451171875
32928,4485.10595703125
32929,5141.75732421875
32930,7263.5947265625
32931,9169.8779296875
32932,10165.953125
32933,10025.5380859375
32934,7851.46240234375
32935,9399.00390625
32936,5220.76318359375
32937,10964.8828125
32938,11194.9912109375
32939,6479.8828125
32940,7531.45361328125
32941,7452.6181640625
32942,5372.337890625
32943,4520.2783203125
32944,6717.375
32945,6146.837890625
32946,6666.46240234375
32947,5478.85546875
32948,2264.13525390625
32949,9209.2705078125
32950,6295.66796875
32951,5166.3603515625
32952,4881.267578125
32953,5000.62890625
32954,6806.52294921875
32955,6708.0302734375
32956,6586.50341796875
32957,6029.1328125
32958,3952.20068359375
32959,3559.472412109375
32960,3421.861083984375
32961,6322.31103515625
32962,17098.94140625
32963,3359.3271484375
32964,5365.31494140625
32965,5890.095703125
32966,4429.57421875
32967,4572.7646484375
32968,4732.8447265625
32969,3501.412841796875
32970,7226.150390625
32971,6551.73046875
32972,3158.351806640625
32973,8449.2109375
32974,4692.47900390625
32975,4647.78564453125
32976,12500.3037109375
32977,7106.08154296875
32978,9961.013671875
32979,4699.197265625
32980,6169.33349609375
32981,4218.45263671875
32982,5085.88671875
32983,14339.263671875
32984,9695.5908203125
32985,6536.6044921875
32986,5269.80859375
32987,4791.04541015625
32988,5570.0029296875
32989,3974.3740234375
32990,9669.298828125
32991,5770.1015625
32992,4836.14892578125
32993,6778.3876953125
32994,4900.64208984375
32995,5877.11083984375
32996,6066.06494140625
32997,6730.1298828125
32998,6461.27685546875
32999,4146.78955078125
33000,5753.94677734375
33001,5951.87109375
33002,8487.1376953125
33003,8119.005859375
33004,7163.9052734375
33005,3732.07275390625
33006,8223.8369140625
33007,4818.70556640625
33008,4953.66015625
33009,6312.42333984375
33010,7228.185546875
33011,5508.72998046875
33012,5905.78857421875
33013,6342.53759765625
33014,6024.53466796875
33015,5197.74462890625
33016,7207.68359375
33017,6200.61669921875
33018,5265.76708984375
33019,9198.6904296875
33020,5428.091796875
33021,3864.75732421875
33022,10992.1142578125
33023,5564.52001953125
33024,3332.940185546875
33025,7099.60986328125
33026,8305.7265625
33027,9185.193359375
33028,5204.81103515625
33029,5846.353515625
33030,5465.34619140625
33031,7122.47607421875
33032,5598.23291015625
33033,7326.6513671875
33034,3157.354736328125
33035,5355.82421875
33036,5680.20654296875
33037,4914.75537109375
33038,4565.658203125
33039,6825.09033203125
33040,6617.9072265625
33041,5997.2607421875
33042,7445.546875
33043,6121.34716796875
33044,7891.1806640625
33045,4279.16943359375
33046,6492.51806640625
33047,6307.54150390625
33048,7713.56982421875
33049,6811.27978515625
33050,3332.181884765625
33051,8273.87109375
33052,7105.89794921875
33053,6795.0888671875
33054,5923.49853515625
33055,4135.904296875
33056,8094.7041015625
33057,4377.140625
33058,8455.3876953125
33059,5938.09326171875
33060,5363.6435546875
33061,7058.80224609375
33062,5975.38037109375
33063,4687.82666015625
33064,7765.22802734375
33065,4860.22119140625
33066,9420.984375
33067,9768.5029296875
33068,6825.3759765625
33069,4407.2275390625
33070,4616.8154296875
33071,3945.37060546875
33072,2977.43798828125
33073,7113.4345703125
33074,4713.86279296875
33075,8453.48828125
33076,3869.838623046875
33077,4891.2216796875
33078,5006.85693359375
33079,8528.3662109375
33080,4670.68408203125
33081,4888.42724609375
33082,4460.73828125
33083,7031.095703125
33084,5956.435546875
33085,6814.0341796875
33086,7374.5498046875
33087,8499.2548828125
33088,6600.8515625
33089,7444.0087890625
33090,5784.927734375
33091,4329.857421875
33092,4859.73583984375
33093,10572.927734375
33094,7095.51904296875
33095,11354.9501953125
33096,14444.9296875
33097,5509.57666015625
33098,4437.6787109375
33099,5412.38134765625
33100,8014.16259765625
33101,8784.1337890625
33102,6352.6455078125
33103,7418.16650390625
33104,7505.7392578125
33105,5928.8681640625
33106,5869.72509765625
33107,4704.36328125
33108,5146.06640625
33109,4568.48388671875
33110,3539.595703125
33111,4155.96044921875
33112,7299.1455078125
33113,16631.8984375
33114,6259.130859375
33115,5556.55859375
33116,6029.69091796875
33117,4168.802734375
33118,6472.921875
33119,4168.6572265625
33120,9413.5732421875
33121,6350.45654296875
33122,6120.01025390625
33123,12117.6103515625
33124,11146.2353515625
33125,5220.98583984375
33126,6515.77490234375
33127,4282.02685546875
33128,5145.568359375
33129,5939.16943359375
33130,7614.2783203125
33131,4261.23291015625
33132,4349.705078125
33133,4447.83642578125
33134,5324.41015625
33135,5559.12109375
33136,6608.0390625
33137,4328.95654296875
33138,6981.77490234375
33139,6786.47607421875
33140,6035.80810546875
33141,3925.107421875
33142,3179.4697265625
33143,7264.97509765625
33144,3652.835693359375
33145,9544.2568359375
33146,4298.8310546875
33147,5622.00244140625
33148,6188.4931640625
33149,5699.0302734375
33150,4327.02587890625
33151,6257.33349609375
33152,6553.92626953125
33153,9170.1865234375
33154,8002.671875
33155,5723.24853515625
33156,4109.16064453125
33157,5551.68896484375
33158,4833.458984375
33159,4866.18408203125
33160,5052.046875
33161,5780.0419921875
33162,11260.3583984375
33163,6520.3125
33164,5714.9580078125
33165,7080.00732421875
33166,4222.6923828125
33167,8628.49609375
33168,5352.7490234375
33169,10698.4189453125
33170,5943.45654296875
33171,5162.16845703125
33172,3921.655517578125
33173,3713.051513671875
33174,6873.052734375
33175,20488.201171875
33176,3449.310791015625
33177,4614.7412109375
33178,8296.40234375
33179,6726.88671875
33180,6481.20654296875
33181,8093.0966796875
33182,4796.0
33183,5165.6455078125
33184,4215.6708984375
33185,9316.8388671875
33186,5863.98486328125
33187,7086.064453125
33188,7929.46044921875
33189,4991.98681640625
33190,8597.294921875
33191,6517.62890625
33192,4273.4189453125
33193,8783.5859375
33194,9260.515625
33195,4608.927734375
33196,7050.5185546875
33197,6416.96044921875
33198,5644.42431640625
33199,8964.3564453125
33200,6880.25634765625
33201,7383.18701171875
33202,4610.5078125
33203,4714.2373046875
33204,7215.2509765625
33205,5011.66015625
33206,7990.41796875
33207,4150.35986328125
33208,6044.068359375
33209,4424.919921875
33210,6391.34716796875
33211,5386.130859375
33212,6592.27001953125
33213,6851.25
33214,7818.1611328125
33215,5505.83447265625
33216,7399.66357421875
33217,5968.1748046875
33218,7163.12109375
33219,9825.1123046875
33220,8163.71484375
33221,3769.1943359375
33222,5347.3857421875
33223,7106.57861328125
33224,5592.70458984375
33225,11954.255859375
33226,6210.99755859375
33227,7634.65966796875
33228,9326.1416015625
33229,6563.8525390625
33230,3763.749267578125
33231,17315.634765625
33232,9916.013671875
33233,5492.513671875
33234,6994.86083984375
33235,8844.3125
33236,5773.607421875
33237,6278.76806640625
33238,5983.83203125
33239,5473.21435546875
33240,4921.77294921875
33241,5989.75390625
33242,3841.51220703125
33243,6482.28271484375
33244,6254.15576171875
33245,6018.33203125
33246,6510.060546875
33247,5696.189453125
33248,6534.98779296875
33249,4978.15478515625
33250,6765.76318359375
33251,6276.50341796875
33252,6124.63671875
33253,6643.76318359375
33254,5808.7548828125
33255,9200.318359375
33256,5144.94921875
33257,4343.09765625
33258,5493.9736328125
33259,6832.6630859375
33260,6773.69775390625
33261,4358.2451171875
33262,3857.643310546875
33263,6193.716796875
33264,7227.533203125
33265,5261.376953125
33266,7168.61767578125
33267,6484.14501953125
33268,5040.3310546875
33269,4532.22216796875
33270,2907.439208984375
33271,6838.03564453125
33272,6153.26220703125
33273,5633.41015625
33274,8390.37890625
33275,7661.75341796875
33276,4518.97802734375
33277,7832.32666015625
33278,4432.021484375
33279,2513.299072265625
33280,6288.03173828125
33281,8970.5400390625
33282,6851.23486328125
33283,6405.64794921875
33284,3608.293212890625
33285,5413.9814453125
33286,7252.15869140625
33287,5000.67529296875
33288,7418.96337890625
33289,4336.80078125
33290,4716.5
33291,4719.416015625
33292,5127.75732421875
33293,5005.55078125
33294,3861.12158203125
33295,4591.322265625
33296,3817.099609375
33297,6389.634765625
33298,6074.517578125
33299,4386.68701171875
33300,5923.015625
33301,6521.87939453125
33302,5027.33056640625
33303,4802.66357421875
33304,8068.18310546875
33305,6956.994140625
33306,5334.18603515625
33307,3083.05908203125
33308,9931.275390625
33309,6139.00537109375
33310,5112.62939453125
33311,7304.05517578125
33312,6954.13427734375
33313,6461.9287109375
33314,5579.376953125
33315,6637.54443359375
33316,7683.1064453125
33317,12073.3720703125
33318,4803.36083984375
33319,5123.85107421875
33320,4780.67724609375
33321,6222.8759765625
33322,5754.41259765625
33323,6901.61328125
33324,6765.24365234375
33325,4614.93310546875
33326,3573.443359375
33327,5546.34033203125
33328,11654.3486328125
33329,4339.97021484375
33330,6423.48095703125
33331,3681.175537109375
33332,6590.7509765625
33333,7316.03955078125
33334,6671.8779296875
33335,7411.75
33336,6260.5244140625
33337,4512.34130859375
33338,5829.6279296875
33339,6571.4384765625
33340,7752.71826171875
33341,6643.451171875
33342,7500.52294921875
33343,5386.9853515625
33344,4482.45556640625
33345,9072.6748046875
33346,3467.48095703125
33347,8887.9365234375
33348,5850.24267578125
33349,4315.75341796875
33350,6363.00439453125
33351,5845.83056640625
33352,7144.06884765625
33353,8602.3076171875
33354,4367.7841796875
33355,3976.92724609375
33356,6591.04345703125
33357,7750.0205078125
33358,7248.8203125
33359,5286.81103515625
33360,5780.5986328125
33361,5224.955078125
33362,5753.76708984375
33363,3852.858642578125
33364,9079.9638671875
33365,8574.6494140625
33366,11783.23828125
33367,4335.2548828125
33368,5384.3134765625
33369,10195.1572265625
33370,10980.6552734375
33371,4086.498291015625
33372,8799.52734375
33373,5810.0859375
33374,5230.97900390625
33375,5417.25146484375
33376,5271.7041015625
33377,5266.67724609375
33378,5380.1025390625
33379,4468.3466796875
33380,4466.53466796875
33381,7528.24755859375
33382,6265.76953125
33383,23089.77734375
33384,6773.564453125
33385,0.0
33386,0.0
33387,0.0
33388,0.0
33389,0.0
33390,0.0
33391,0.0
33392,0.0
33393,0.0
33394,0.0
33395,0.0
33396,0.0
33397,0.0
33398,0.0
33399,0.0
33400,0.0
33401,0.0
33402,0.0
33403,0.0
33404,0.0
33405,0.0
33406,0.0
33407,0.0
33408,0.0
33409,0.0
33410,0.0
33411,0.0
33412,0.0
33413,0.0
33414,0.0
33415,0.0
33416,0.0
33417,0.0
33418,0.0
33419,0.0
33420,0.0
33421,0.0
33422,0.0
33423,0.0
33424,0.0
33425,0.0
33426,0.0
33427,0.0
33428,0.0
33429,0.0
33430,0.0
33431,0.0
33432,0.0
33433,0.0
33434,0.0
33435,0.0
33436,0.0
33437,0.0
33438,0.0
33439,0.0
33440,0.0
33441,0.0
33442,0.0
33443,0.0
33444,0.0
33445,0.0
33446,0.0
33447,0.0
33448,0.0
33449,0.0
33450,0.0
33451,0.0
33452,0.0
33453,0.0
33454,0.0
33455,0.0
33456,0.0
33457,0.0
33458,0.0
33459,0.0
33460,0.0
33461,0.0
33462,0.0
33463,0.0
33464,0.0
33465,0.0
33466,0.0
33467,0.0
33468,0.0
33469,0.0
33470,0.0
33471,0.0
33472,0.0
33473,0.0
33474,0.0
33475,0.0
33476,4308.51708984375
33477,0.0
33478,0.0
33479,0.0
33480,0.0
33481,0.0
33482,0.0
33483,0.0
33484,0.0
33485,0.0
33486,0.0
33487,0.0
33488,0.0
33489,0.0
33490,0.0
33491,0.0
33492,0.0
33493,0.0
33494,0.0
33495,0.0
33496,0.0
33497,0.0
33498,0.0
33499,0.0
33500,0.0
33501,0.0
33502,0.0
33503,0.0
33504,0.0
33505,0.0
33506,0.0
33507,0.0
33508,0.0
33509,0.0
33510,0.0
33511,0.0
33512,0.0
33513,0.0
33514,0.0
33515,0.0
33516,0.0
33517,0.0
33518,0.0
33519,0.0
33520,0.0
33521,0.0
33522,0.0
33523,0.0
33524,0.0
33525,0.0
33526,0.0
33527,0.0
33528,0.0
33529,0.0
33530,0.0
33531,0.0
33532,0.0
33533,0.0
33534,0.0
33535,0.0
33536,0.0
33537,0.0
33538,0.0
33539,0.0
33540,0.0
33541,0.0
33542,0.0
33543,0.0
33544,3237.34130859375
33545,0.0
33546,0.0
33547,0.0
33548,0.0
33549,0.0
33550,0.0
33551,0.0
33552,0.0
33553,0.0
33554,0.0
33555,0.0
33556,0.0
33557,0.0
33558,0.0
33559,0.0
33560,0.0
33561,0.0
33562,0.0
33563,0.0
33564,0.0
33565,0.0
33566,0.0
33567,0.0
33568,0.0
33569,0.0
33570,0.0
33571,0.0
33572,0.0
33573,0.0
33574,0.0
33575,0.0
33576,0.0
33577,0.0
33578,0.0
33579,0.0
33580,0.0
33581,0.0
33582,0.0
33583,0.0
33584,0.0
33585,16206.19140625
33586,24705.484375
33587,0.0
33588,0.0
33589,0.0
33590,0.0
33591,0.0
33592,0.0
33593,0.0
33594,7913.55322265625
33595,0.0
33596,0.0
33597,0.0
33598,0.0
33599,0.0
33600,0.0
33601,0.0
33602,0.0
33603,0.0
33604,0.0
33605,0.0
33606,0.0
33607,0.0
33608,0.0
33609,0.0
33610,0.0
33611,0.0
33612,0.0
33613,4908.85888671875
33614,0.0
33615,0.0
33616,0.0
33617,0.0
33618,0.0
33619,0.0
33620,0.0
33621,0.0
33622,0.0
33623,3818.51513671875
33624,0.0
33625,0.0
33626,0.0
33627,0.0
33628,0.0
33629,0.0
33630,0.0
33631,0.0
33632,0.0
33633,0.0
33634,0.0
33635,0.0
33636,0.0
33637,0.0
33638,0.0
33639,0.0
33640,0.0
33641,8319.6181640625
33642,0.0
33643,0.0
33644,0.0
33645,0.0
33646,0.0
33647,0.0
33648,0.0
33649,0.0
33650,0.0
33651,0.0
33652,0.0
33653,0.0
33654,0.0
33655,0.0
33656,0.0
33657,0.0
33658,9024.763671875
33659,0.0
33660,0.0
33661,0.0
33662,0.0
33663,0.0
33664,0.0
33665,0.0
33666,0.0
33667,0.0
33668,0.0
33669,0.0
33670,0.0
33671,0.0
33672,0.0
33673,0.0
33674,0.0
33675,0.0
33676,0.0
33677,0.0
33678,0.0
33679,0.0
33680,0.0
33681,0.0
33682,0.0
33683,0.0
33684,0.0
33685,0.0
33686,0.0
33687,0.0
33688,0.0
33689,0.0
33690,0.0
33691,0.0
33692,0.0
33693,0.0
33694,0.0
33695,0.0
33696,0.0
33697,0.0
33698,0.0
33699,0.0
33700,0.0
33701,0.0
33702,0.0
33703,0.0
33704,0.0
33705,0.0
33706,0.0
33707,0.0
33708,0.0
33709,0.0
33710,0.0
33711,0.0
33712,0.0
33713,0.0
33714,0.0
33715,0.0
33716,0.0
33717,0.0
33718,0.0
33719,0.0
33720,1830.8673095703125
33721,0.0
33722,0.0
33723,0.0
33724,0.0
33725,0.0
33726,0.0
33727,0.0
33728,0.0
33729,0.0
33730,0.0
33731,0.0
33732,0.0
33733,0.0
33734,7074.04150390625
33735,0.0
33736,0.0
33737,0.0
33738,0.0
33739,0.0
33740,0.0
33741,0.0
33742,0.0
33743,0.0
33744,0.0
33745,0.0
33746,0.0
33747,0.0
33748,0.0
33749,0.0
33750,0.0
33751,0.0
33752,0.0
33753,0.0
33754,0.0
33755,0.0
33756,0.0
33757,0.0
33758,0.0
33759,0.0
33760,0.0
33761,0.0
33762,0.0
33763,0.0
33764,0.0
33765,0.0
33766,0.0
33767,0.0
33768,0.0
33769,0.0
33770,0.0
33771,0.0
33772,0.0
33773,0.0
33774,0.0
33775,0.0
33776,0.0
33777,8147.21142578125
33778,0.0
33779,0.0
33780,0.0
33781,0.0
33782,0.0
33783,0.0
33784,0.0
33785,0.0
33786,0.0
33787,2624.910888671875
33788,0.0
33789,0.0
33790,0.0
33791,7361.9453125
33792,0.0
33793,0.0
33794,0.0
33795,0.0
33796,0.0
33797,0.0
33798,0.0
33799,0.0
33800,0.0
33801,0.0
33802,0.0
33803,0.0
33804,0.0
33805,0.0
33806,0.0
33807,0.0
33808,0.0
33809,0.0
33810,0.0
33811,0.0
33812,0.0
33813,0.0
33814,0.0
33815,0.0
33816,0.0
33817,0.0
33818,19341.521484375
33819,0.0
33820,0.0
33821,0.0
33822,0.0
33823,0.0
33824,0.0
33825,0.0
33826,0.0
33827,0.0
33828,0.0
33829,0.0
33830,0.0
33831,0.0
33832,6415.42333984375
33833,0.0
33834,0.0
33835,0.0
33836,0.0
33837,0.0
33838,0.0
33839,0.0
33840,0.0
33841,0.0
33842,0.0
33843,0.0
33844,0.0
33845,0.0
33846,0.0
33847,0.0
33848,0.0
33849,0.0
33850,0.0
33851,0.0
33852,0.0
33853,0.0
33854,0.0
33855,0.0
33856,0.0
33857,0.0
33858,0.0
33859,0.0
33860,0.0
33861,0.0
33862,0.0
33863,0.0
33864,0.0
33865,0.0
33866,0.0
33867,0.0
33868,0.0
33869,0.0
33870,0.0
33871,0.0
33872,0.0
33873,0.0
33874,0.0
33875,0.0
33876,0.0
33877,0.0
33878,0.0
33879,0.0
33880,0.0
33881,0.0
33882,0.0
33883,0.0
33884,0.0
33885,0.0
33886,0.0
33887,0.0
33888,0.0
33889,0.0
33890,0.0
33891,0.0
33892,0.0
33893,0.0
33894,0.0
33895,0.0
33896,0.0
33897,0.0
33898,0.0
33899,0.0
33900,0.0
33901,0.0
33902,0.0
33903,0.0
33904,0.0
33905,0.0
33906,0.0
33907,13424.189453125
33908,0.0
33909,0.0
33910,0.0
33911,0.0
33912,0.0
33913,0.0
33914,0.0
33915,0.0
33916,0.0
33917,0.0
33918,0.0
33919,0.0
33920,0.0
33921,0.0
33922,0.0
33923,0.0
33924,0.0
33925,0.0
33926,0.0
33927,0.0
33928,0.0
33929,0.0
33930,0.0
33931,0.0
33932,0.0
33933,0.0
33934,0.0
33935,0.0
33936,0.0
33937,0.0
33938,0.0
33939,0.0
33940,0.0
33941,0.0
33942,0.0
33943,0.0
33944,0.0
33945,0.0
33946,0.0
33947,0.0
33948,0.0
33949,0.0
33950,0.0
33951,5383.40966796875
33952,15805.134765625
33953,0.0
33954,0.0
33955,0.0
33956,0.0
33957,0.0
33958,0.0
33959,0.0
33960,0.0
33961,0.0
33962,0.0
33963,0.0
33964,0.0
33965,0.0
33966,0.0
33967,0.0
33968,0.0
33969,0.0
33970,0.0
33971,0.0
33972,0.0
33973,0.0
33974,0.0
33975,0.0
33976,0.0
33977,0.0
33978,0.0
33979,0.0
33980,11499.39453125
33981,0.0
33982,0.0
33983,0.0
33984,0.0
33985,0.0
33986,0.0
33987,0.0
33988,0.0
33989,0.0
33990,0.0
33991,0.0
33992,0.0
33993,0.0
33994,0.0
33995,0.0
33996,0.0
33997,0.0
33998,0.0
33999,0.0
34000,0.0
34001,0.0
34002,0.0
34003,0.0
34004,0.0
34005,0.0
34006,0.0
34007,0.0
34008,0.0
34009,0.0
34010,0.0
34011,0.0
34012,0.0
34013,0.0
34014,0.0
34015,0.0
34016,0.0
34017,0.0
34018,0.0
34019,0.0
34020,0.0
34021,0.0
34022,0.0
34023,0.0
34024,0.0
34025,0.0
34026,0.0
34027,0.0
34028,0.0
34029,0.0
34030,0.0
34031,0.0
34032,0.0
34033,0.0
34034,0.0
34035,0.0
34036,0.0
34037,0.0
34038,0.0
34039,0.0
34040,0.0
34041,0.0
34042,0.0
34043,0.0
34044,0.0
34045,0.0
34046,0.0
34047,0.0
34048,0.0
34049,0.0
34050,2732.830810546875
34051,0.0
34052,0.0
34053,0.0
34054,2307.77734375
34055,0.0
34056,0.0
34057,0.0
34058,0.0
34059,0.0
34060,0.0
34061,0.0
34062,0.0
34063,0.0
34064,0.0
34065,0.0
34066,0.0
34067,0.0
34068,0.0
34069,0.0
34070,0.0
34071,0.0
34072,0.0
34073,0.0
34074,0.0
34075,0.0
34076,0.0
34077,0.0
34078,0.0
34079,0.0
34080,0.0
34081,0.0
34082,0.0
34083,0.0
34084,0.0
34085,0.0
34086,0.0
34087,0.0
34088,0.0
34089,0.0
34090,0.0
34091,0.0
34092,0.0
34093,0.0
34094,0.0
34095,0.0
34096,0.0
34097,0.0
34098,0.0
34099,0.0
34100,0.0
34101,0.0
34102,0.0
34103,0.0
34104,0.0
34105,3070.63232421875
34106,0.0
34107,0.0
34108,0.0
34109,0.0
34110,0.0
34111,0.0
34112,0.0
34113,0.0
34114,0.0
34115,0.0
34116,0.0
34117,0.0
34118,0.0
34119,0.0
34120,11181.2841796875
34121,0.0
34122,0.0
34123,0.0
34124,0.0
34125,0.0
34126,0.0
34127,0.0
34128,0.0
34129,0.0
34130,0.0
34131,0.0
34132,0.0
34133,0.0
34134,0.0
34135,0.0
34136,0.0
34137,0.0
34138,0.0
34139,0.0
34140,0.0
34141,0.0
34142,0.0
34143,0.0
34144,0.0
34145,0.0
34146,0.0
34147,0.0
34148,0.0
34149,0.0
34150,0.0
34151,0.0
34152,0.0
34153,0.0
34154,0.0
34155,0.0
34156,0.0
34157,0.0
34158,0.0
34159,0.0
34160,0.0
34161,0.0
34162,0.0
34163,0.0
34164,0.0
34165,0.0
34166,0.0
34167,0.0
34168,0.0
34169,0.0
34170,0.0
34171,0.0
34172,0.0
34173,0.0
34174,0.0
34175,0.0
34176,0.0
34177,0.0
34178,0.0
34179,0.0
34180,0.0
34181,0.0
34182,0.0
34183,0.0
34184,5353.30078125
34185,0.0
34186,0.0
34187,0.0
34188,0.0
34189,0.0
34190,0.0
34191,0.0
34192,0.0
34193,0.0
34194,0.0
34195,0.0
34196,0.0
34197,0.0
34198,0.0
34199,0.0
34200,0.0
34201,0.0
34202,0.0
34203,0.0
34204,0.0
34205,0.0
34206,0.0
34207,0.0
34208,0.0
34209,0.0
34210,0.0
34211,0.0
34212,0.0
34213,0.0
34214,0.0
34215,0.0
34216,0.0
34217,0.0
34218,0.0
34219,0.0
34220,0.0
34221,0.0
34222,0.0
34223,0.0
34224,0.0
34225,13283.279296875
34226,5744.435546875
34227,0.0
34228,0.0
34229,0.0
34230,0.0
34231,0.0
34232,0.0
34233,0.0
34234,0.0
34235,0.0
34236,0.0
34237,0.0
34238,0.0
34239,0.0
34240,0.0
34241,4072.052490234375
34242,4110.9951171875
34243,7419.10107421875
34244,3758.1279296875
34245,6460.775390625
34246,4562.98291015625
34247,5665.25048828125
34248,6617.47021484375
34249,0.0
34250,3156.379638671875
34251,5403.52294921875
34252,5606.3779296875
34253,4257.341796875
34254,5907.73828125
34255,6174.79541015625
34256,3266.796142578125
34257,3875.880126953125
34258,7353.37744140625
34259,7322.88427734375
34260,6626.765625
34261,7406.7451171875
34262,3286.992919921875
34263,5715.68310546875
34264,0.0
34265,8000.25732421875
34266,8305.6279296875
34267,8823.2646484375
34268,5638.3525390625
34269,4302.75244140625
34270,4980.71875
34271,5603.4677734375
34272,8359.84375
34273,3874.24169921875
34274,5378.685546875
34275,4734.6181640625
34276,5656.26611328125
34277,2584.97412109375
34278,7803.62841796875
34279,4434.7236328125
34280,7327.01318359375
34281,6415.65380859375
34282,4323.0458984375
34283,8200.046875
34284,6072.85791015625
34285,5498.5595703125
34286,3892.97412109375
34287,7550.29248046875
34288,10357.0029296875
34289,6230.390625
34290,5700.1044921875
34291,9001.2333984375
34292,7666.41455078125
34293,6048.78955078125
34294,6239.32177734375
34295,2340.131591796875
34296,3234.38330078125
34297,4851.49609375
34298,6852.42041015625
34299,8084.06005859375
34300,6673.3701171875
34301,4221.2578125
34302,8100.64111328125
34303,7018.6865234375
34304,4529.3818359375
34305,2930.539306640625
34306,11163.6982421875
34307,3202.784912109375
34308,4478.111328125
34309,6782.3671875
34310,3872.80322265625
34311,5918.39208984375
34312,3056.30908203125
34313,6157.96728515625
34314,5504.7763671875
34315,5307.93408203125
34316,8333.431640625
34317,7105.4921875
34318,4506.99072265625
34319,3671.98583984375
34320,8042.30029296875
34321,12281.1875
34322,5829.12060546875
34323,3879.70361328125
34324,6642.7236328125
34325,5941.556640625
34326,6515.48828125
34327,9547.2685546875
34328,2261.25146484375
34329,7427.9580078125
34330,5126.791015625
34331,5241.73583984375
34332,8713.884765625
34333,2512.72802734375
34334,3749.92236328125
34335,4845.48046875
34336,7819.435546875
34337,6668.04296875
34338,4091.67041015625
34339,4446.5537109375
34340,7271.23681640625
34341,6184.51904296875
34342,5544.2783203125
34343,5013.1962890625
34344,3900.039794921875
34345,5910.255859375
34346,4607.3564453125
34347,2973.1533203125
34348,5386.69140625
34349,6657.986328125
34350,0.0
34351,7479.77734375
34352,8146.099609375
34353,3939.373291015625
34354,7841.8623046875
34355,2968.27734375
34356,3465.09619140625
34357,7973.2373046875
34358,6304.51318359375
34359,7269.30224609375
34360,10228.98046875
34361,6711.70751953125
34362,5379.8408203125
34363,6740.88134765625
34364,7913.06396484375
34365,4199.22705078125
34366,2746.755126953125
34367,5714.1884765625
34368,5036.93701171875
34369,4769.2548828125
34370,3335.0625
34371,5583.42822265625
34372,6151.4306640625
34373,6098.771484375
34374,5788.103515625
34375,2694.183837890625
34376,5907.7470703125
34377,7045.013671875
34378,3641.4580078125
34379,5604.78857421875
34380,3013.85009765625
34381,5522.62060546875
34382,3166.753173828125
34383,4676.7822265625
34384,5065.3525390625
34385,6858.9384765625
34386,6208.13427734375
34387,6606.75537109375
34388,13499.4521484375
34389,4069.291748046875
34390,5742.544921875
34391,9979.8916015625
34392,5711.8876953125
34393,8112.69775390625
34394,5655.22509765625
34395,4981.99609375
34396,6386.28564453125
34397,5034.66943359375
34398,4888.4072265625
34399,8229.6982421875
34400,5746.33544921875
34401,2340.291259765625
34402,3762.388427734375
34403,7208.32080078125
34404,8775.703125
34405,0.0
34406,6006.41357421875
34407,4280.10791015625
34408,2317.176513671875
34409,2096.061279296875
34410,3409.461181640625
34411,5672.3173828125
34412,7244.58056640625
34413,4896.8115234375
34414,4655.53076171875
34415,8102.8173828125
34416,7778.560546875
34417,7245.46533203125
34418,5756.69189453125
34419,8390.376953125
34420,9067.0009765625
34421,4236.58154296875
34422,5445.88916015625
34423,5205.85205078125
34424,6508.49658203125
34425,3299.227783203125
34426,5424.62939453125
34427,4309.82666015625
34428,8482.9208984375
34429,5638.35498046875
34430,7539.76220703125
34431,7115.2109375
34432,5039.95947265625
34433,8821.34375
34434,16593.705078125
34435,8549.375
34436,4278.69677734375
34437,3492.843505859375
34438,6601.7451171875
34439,6334.74951171875
34440,5024.06494140625
34441,8936.6376953125
34442,13627.7216796875
34443,5436.82568359375
34444,3267.93701171875
34445,9951.1806640625
34446,3650.342529296875
34447,4734.37353515625
34448,3450.43310546875
34449,6611.67822265625
34450,4448.453125
34451,6202.22412109375
34452,5399.67138671875
34453,5673.73291015625
34454,9685.09375
34455,6450.85986328125
34456,5971.88525390625
34457,6726.0107421875
34458,4636.16015625
34459,6482.02099609375
34460,9233.78125
34461,4878.24169921875
34462,5856.9775390625
34463,4212.57421875
34464,3751.451171875
34465,5595.58837890625
34466,5186.23974609375
34467,4952.7353515625
34468,8346.5302734375
34469,9679.2431640625
34470,7335.2666015625
34471,4468.431640625
34472,4203.255859375
34473,4491.42529296875
34474,4071.890625
34475,6137.94140625
34476,3104.041015625
34477,6749.23486328125
34478,5562.5390625
34479,8305.212890625
34480,5288.4296875
34481,4251.37646484375
34482,3465.35107421875
34483,2915.758544921875
34484,8358.3603515625
34485,5816.21484375
34486,5595.3916015625
34487,11945.92578125
34488,7950.8662109375
34489,4323.0048828125
34490,5756.8447265625
34491,2620.194580078125
34492,4166.5673828125
34493,4283.3564453125
34494,4682.69677734375
34495,8255.5244140625
34496,4730.75927734375
34497,8557.578125
34498,9532.5283203125
34499,6142.9990234375
34500,5577.68505859375
34501,4846.91064453125
34502,5564.82861328125
34503,4387.373046875
34504,10517.0224609375
34505,5742.92236328125
34506,6781.55615234375
34507,3024.851318359375
34508,6018.28173828125
34509,5917.39892578125
34510,8116.48291015625
34511,6893.27880859375
34512,5795.8095703125
34513,7142.56689453125
34514,5183.3291015625
34515,8165.37548828125
34516,6935.2998046875
34517,7078.96875
34518,8550.083984375
34519,7152.7294921875
34520,8348.6865234375
34521,3948.2734375
34522,0.0
34523,5343.0107421875
34524,8901.2783203125
34525,7084.2509765625
34526,6715.169921875
34527,6359.22412109375
34528,7548.10302734375
34529,5287.92822265625
34530,6996.82958984375
34531,6664.708984375
34532,3296.777587890625
34533,9787.5927734375
34534,15837.423828125
34535,6812.90869140625
34536,6043.4345703125
34537,6694.33935546875
34538,7890.05908203125
34539,7674.4384765625
34540,3605.893798828125
34541,4358.0400390625
34542,5834.53466796875
34543,8600.4453125
34544,2773.68896484375
34545,4647.060546875
34546,5238.064453125
34547,4866.41552734375
34548,3780.1630859375
34549,3669.436767578125
34550,2737.169189453125
34551,7569.79638671875
34552,4090.562255859375
34553,4817.0927734375
34554,5458.255859375
34555,5179.26904296875
34556,9159.0732421875
34557,11423.642578125
34558,5695.119140625
34559,7815.03173828125
34560,6222.0146484375
34561,9799.4013671875
34562,4840.447265625
34563,2739.23681640625
34564,5441.24462890625
34565,12328.5615234375
34566,4190.171875
34567,7093.3251953125
34568,2083.817138671875
34569,3555.137451171875
34570,6360.1611328125
34571,6100.37451171875
34572,5395.51123046875
34573,9641.6552734375
34574,8772.8115234375
34575,8132.72509765625
34576,4632.50732421875
34577,9146.4921875
34578,1968.7044677734375
34579,2909.674560546875
34580,6513.89208984375
34581,4505.49755859375
34582,10543.4169921875
34583,2820.92822265625
34584,6281.43896484375
34585,5635.28662109375
34586,8244.2138671875
34587,8869.1181640625
34588,5127.099609375
34589,3668.727294921875
34590,10930.85546875
34591,9908.576171875
34592,4458.82568359375
34593,5815.458984375
34594,9176.8837890625
34595,6231.48193359375
34596,5176.3642578125
34597,3804.298828125
34598,7532.048828125
34599,3829.783935546875
34600,11601.828125
34601,7528.75732421875
34602,11597.21875
34603,6725.1796875
34604,4861.0556640625
34605,1849.5611572265625
34606,5814.4306640625
34607,6654.80126953125
34608,4922.55224609375
34609,9616.51171875
34610,5899.69970703125
34611,2631.883544921875
34612,6518.17529296875
34613,3423.726806640625
34614,7802.4912109375
34615,7173.55419921875
34616,6169.36865234375
34617,8021.46337890625
34618,4968.97119140625
34619,6821.0654296875
34620,6144.056640625
34621,5464.587890625
34622,7271.74365234375
34623,3802.588623046875
34624,8832.5068359375
34625,5992.5068359375
34626,3660.12109375
34627,5119.39990234375
34628,7920.93359375
34629,5808.54296875
34630,3789.81201171875
34631,5216.0390625
34632,6175.51416015625
34633,5230.375
34634,6391.234375
34635,9733.2099609375
34636,4192.4521484375
34637,3620.179931640625
34638,5878.3203125
34639,5843.6923828125
34640,3740.98779296875
34641,4939.28466796875
34642,8423.076171875
34643,7687.06103515625
34644,9995.4326171875
34645,8857.1796875
34646,8051.615234375
34647,7945.39697265625
34648,4519.00244140625
34649,10118.6181640625
34650,8260.8828125
34651,7253.66357421875
34652,4785.390625
34653,5697.328125
34654,4766.822265625
34655,2453.7685546875
34656,8550.345703125
34657,7143.24462890625
34658,5925.0322265625
34659,4493.873046875
34660,1842.886474609375
34661,8031.17236328125
34662,6437.99658203125
34663,4276.16259765625
34664,3916.4208984375
34665,5112.02734375
34666,5468.001953125
34667,4277.68310546875
34668,9645.1005859375
34669,5025.6953125
34670,4299.7666015625
34671,3443.878662109375
34672,2217.6767578125
34673,4862.6845703125
34674,12977.099609375
34675,3062.80615234375
34676,5895.84423828125
34677,5190.48046875
34678,3845.159912109375
34679,3313.1025390625
34680,6087.79638671875
34681,2466.26611328125
34682,9068.0810546875
34683,6592.4599609375
34684,2358.63671875
34685,8316.826171875
34686,2707.2744140625
34687,4298.4208984375
34688,10742.076171875
34689,7306.1904296875
34690,8366.318359375
34691,2511.897705078125
34692,4591.90234375
34693,4156.974609375
34694,4060.475830078125
34695,15248.126953125
34696,12342.9033203125
34697,5759.3974609375
34698,3742.379150390625
34699,6356.40771484375
34700,4596.71142578125
34701,2845.002685546875
34702,7978.57666015625
34703,4907.5029296875
34704,5287.27734375
34705,7299.59326171875
34706,4992.55078125
34707,4849.6591796875
34708,6106.8779296875
34709,6373.02001953125
34710,6837.3388671875
34711,2548.551025390625
34712,6660.99853515625
34713,6936.78125
34714,8057.4169921875
34715,6029.873046875
34716,7237.24853515625
34717,2084.411376953125
34718,9209.94921875
34719,4860.794921875
34720,3518.5498046875
34721,4417.0927734375
34722,4627.6611328125
34723,4322.93505859375
34724,6709.18212890625
34725,3670.215087890625
34726,5922.81396484375
34727,4974.94482421875
34728,7345.2529296875
34729,7844.24560546875
34730,4842.96142578125
34731,8047.0498046875
34732,5900.4716796875
34733,2816.5693359375
34734,11028.3154296875
34735,4272.8798828125
34736,3188.671875
34737,5813.73486328125
34738,10005.53125
34739,9499.859375
34740,4098.96533203125
34741,4690.2412109375
34742,5987.5537109375
34743,6683.7783203125
34744,5196.23291015625
34745,8457.69140625
34746,3103.196044921875
34747,4018.21533203125
34748,4275.64892578125
34749,3080.544677734375
34750,3157.814697265625
34751,7161.03076171875
34752,6350.5361328125
34753,6350.62109375
34754,4897.66552734375
34755,8191.57421875
34756,7500.947265625
34757,4609.802734375
34758,0.0
34759,5849.5625
34760,7445.630859375
34761,5197.6640625
34762,2273.75439453125
34763,6397.9365234375
34764,6671.32080078125
34765,5724.994140625
34766,5508.90283203125
34767,3345.425537109375
34768,9442.748046875
34769,2752.18408203125
34770,8791.205078125
34771,4849.2529296875
34772,4304.248046875
34773,8544.513671875
34774,3612.186767578125
34775,4163.4423828125
34776,8786.9013671875
34777,2673.953857421875
34778,6973.73583984375
34779,9582.0380859375
34780,6450.70361328125
34781,2354.650390625
34782,4629.1552734375
34783,3824.1689453125
34784,2118.1376953125
34785,4862.14306640625
34786,5942.53564453125
34787,5116.52197265625
34788,4351.06005859375
34789,4975.34521484375
34790,4009.411376953125
34791,7948.59326171875
34792,5504.27734375
34793,5551.103515625
34794,4263.91650390625
34795,5145.22802734375
34796,6072.5966796875
34797,6741.615234375
34798,7983.95654296875
34799,7387.5947265625
34800,8376.4677734375
34801,5820.0029296875
34802,5417.17919921875
34803,3235.5673828125
34804,5585.9736328125
34805,8941.3115234375
34806,5894.390625
34807,8475.923828125
34808,13266.1513671875
34809,2600.30029296875
34810,4729.60986328125
34811,3871.44189453125
34812,8048.345703125
34813,10469.6171875
34814,7738.0927734375
34815,7574.2734375
34816,7610.69140625
34817,6597.748046875
34818,6373.556640625
34819,4594.35400390625
34820,2980.33056640625
34821,5013.2490234375
34822,2989.117919921875
34823,3287.443115234375
34824,6910.1298828125
34825,18518.6015625
34826,5589.95849609375
34827,4059.62255859375
34828,4466.4892578125
34829,4700.65673828125
34830,6349.24853515625
34831,2883.450439453125
34832,6381.79296875
34833,7115.74560546875
34834,4025.173583984375
34835,10942.111328125
34836,10418.2158203125
34837,3742.32275390625
34838,4649.90478515625
34839,4175.40869140625
34840,3251.928955078125
34841,5190.2880859375
34842,8272.1005859375
34843,3588.58447265625
34844,4790.30419921875
34845,3274.62890625
34846,5191.29248046875
34847,4253.64794921875
34848,7731.05908203125
34849,3426.8349609375
34850,7599.212890625
34851,5788.45703125
34852,4463.09228515625
34853,4037.966552734375
34854,3424.96923828125
34855,4938.52783203125
34856,3742.980224609375
34857,9519.0078125
34858,4260.17431640625
34859,4223.40966796875
34860,6534.89990234375
34861,4736.14501953125
34862,5690.47021484375
34863,4441.8837890625
34864,6189.9443359375
34865,8466.40625
34866,6277.955078125
34867,6278.01220703125
34868,3496.754638671875
34869,4264.21484375
34870,5166.623046875
34871,4001.342529296875
34872,4368.92138671875
34873,4942.58203125
34874,11425.6455078125
34875,7314.8486328125
34876,4674.365234375
34877,5594.46435546875
34878,4502.42822265625
34879,6924.6171875
34880,5542.6767578125
34881,8884.4150390625
34882,7021.0654296875
34883,5123.64990234375
34884,3102.900634765625
34885,2070.573486328125
34886,4233.45263671875
34887,21678.626953125
34888,2127.4326171875
34889,4847.70361328125
34890,6383.07421875
34891,7025.177734375
34892,5889.49755859375
34893,8453.9384765625
34894,5070.2763671875
34895,6174.87548828125
34896,2848.463134765625
34897,8052.14794921875
34898,4376.9501953125
34899,6597.3408203125
34900,9760.56640625
34901,4644.14404296875
34902,8214.6318359375
34903,6586.66650390625
34904,3647.90185546875
34905,6206.9482421875
34906,6880.0947265625
34907,3107.46484375
34908,8472.1455078125
34909,6681.7822265625
34910,5298.84423828125
34911,9030.859375
34912,8503.521484375
34913,6181.7060546875
34914,4818.60400390625
34915,4129.236328125
34916,6215.95556640625
34917,3676.8974609375
34918,6315.2373046875
34919,2918.544677734375
34920,5452.40869140625
34921,2874.641845703125
34922,5867.3486328125
34923,4835.25341796875
34924,4896.94873046875
34925,5910.6826171875
34926,8184.77197265625
34927,5668.6025390625
34928,7543.97900390625
34929,5200.2587890625
34930,5315.26611328125
34931,9584.3056640625
34932,7039.86181640625
34933,4492.47509765625
34934,4883.15966796875
34935,5311.35888671875
34936,3784.58642578125
34937,12692.6083984375
34938,6681.634765625
34939,6850.8583984375
34940,8582.2470703125
34941,6497.9951171875
34942,2843.38623046875
34943,0.0
34944,8822.7275390625
34945,5900.96533203125
34946,7465.1826171875
34947,6996.767578125
34948,7863.33447265625
34949,5168.56787109375
34950,4154.994140625
34951,0.0
34952,5049.52392578125
34953,7121.7958984375
34954,2535.5625
34955,7954.3837890625
34956,6805.64453125
34957,4698.328125
34958,7131.9345703125
34959,4643.21240234375
34960,6525.83251953125
34961,4275.70947265625
34962,4989.58349609375
34963,4682.7861328125
34964,4178.98828125
34965,6502.15185546875
34966,6294.2490234375
34967,7902.18896484375
34968,5849.9697265625
34969,3813.85205078125
34970,5842.5341796875
34971,7219.666015625
34972,6546.4580078125
34973,3281.12841796875
34974,3890.68505859375
34975,8339.9814453125
34976,6119.17822265625
34977,3799.502197265625
34978,7679.52392578125
34979,6419.29931640625
34980,4541.9453125
34981,5080.6015625
34982,1680.6314697265625
34983,7290.521484375
34984,6142.99267578125
34985,4966.44677734375
34986,8689.69921875
34987,6665.3974609375
34988,3312.787353515625
34989,6537.25634765625
34990,4250.140625
34991,916.7603759765625
34992,5934.0966796875
34993,7989.17041015625
34994,5652.828125
34995,4428.77001953125
34996,2899.620849609375
34997,4563.64111328125
34998,6855.19873046875
34999,5482.34033203125
35000,8463.6630859375
35001,4066.333740234375
35002,4511.24072265625
35003,3381.10595703125
35004,6283.08154296875
35005,3192.55517578125
35006,2852.694091796875
35007,4658.21875
35008,3765.9375
35009,6249.33984375
35010,4348.36474609375
35011,5168.03173828125
35012,5399.75732421875
35013,7440.892578125
35014,4813.3115234375
35015,2928.6162109375
35016,9796.73046875
35017,6808.36328125
35018,6140.43115234375
35019,2367.073974609375
35020,4594.80810546875
35021,6015.5458984375
35022,4056.488037109375
35023,7964.92578125
35024,8641.587890625
35025,6190.810546875
35026,6094.740234375
35027,5812.72509765625
35028,6944.0087890625
35029,10168.40625
35030,3203.89990234375
35031,4943.5859375
35032,4849.18896484375
35033,5141.8759765625
35034,5760.05322265625
35035,8130.2314453125
35036,5139.921875
35037,6111.93798828125
35038,2803.79345703125
35039,5518.37060546875
35040,8938.5830078125
35041,3436.032470703125
35042,6585.57275390625
35043,3158.27734375
35044,6681.0146484375
35045,5570.85595703125
35046,5096.8408203125
35047,5845.30517578125
35048,4739.88134765625
35049,5689.05859375
35050,6518.25732421875
35051,5273.1259765625
35052,8122.7939453125
35053,6178.197265625
35054,8964.439453125
35055,5321.60107421875
35056,3650.432861328125
35057,7904.2421875
35058,2753.086181640625
35059,8841.455078125
35060,5922.91650390625
35061,5263.47021484375
35062,6835.21875
35063,4487.66455078125
35064,4763.76611328125
35065,6583.34912109375
35066,2915.949462890625
35067,2645.116943359375
35068,6106.1318359375
35069,6571.05126953125
35070,8059.4560546875
35071,6117.92236328125
35072,5570.89892578125
35073,3753.31103515625
35074,6082.06591796875
35075,2909.424072265625
35076,9746.654296875
35077,7734.95947265625
35078,12122.4365234375
35079,5143.08984375
35080,4864.9638671875
35081,9284.646484375
35082,8530.3427734375
35083,3038.415771484375
35084,7083.080078125
35085,5200.6533203125
35086,5571.59375
35087,5275.6279296875
35088,5440.84521484375
35089,3682.982177734375
35090,5624.02734375
35091,3229.287353515625
35092,2205.970947265625
35093,6850.041015625
35094,6248.4658203125
35095,22576.92578125
35096,7030.9736328125
35097,4558.47314453125
35098,7009.6494140625
35099,11220.4140625
35100,6579.7333984375
35101,8225.796875
35102,6140.64404296875
35103,8300.4150390625
35104,8016.59375
35105,5847.259765625
35106,5774.72021484375
35107,7552.7041015625
35108,8428.0400390625
35109,7499.97216796875
35110,7910.7021484375
35111,6855.00048828125
35112,5290.92822265625
35113,6551.1318359375
35114,11127.1201171875
35115,9479.388671875
35116,9601.44921875
35117,8004.12353515625
35118,4093.7763671875
35119,6428.50244140625
35120,4588.115234375
35121,8087.75244140625
35122,11501.232421875
35123,8958.990234375
35124,5496.61328125
35125,5773.94091796875
35126,4492.1630859375
35127,7335.59765625
35128,10244.794921875
35129,6814.8046875
35130,5979.521484375
35131,5848.2421875
35132,9102.14453125
35133,3662.03125
35134,8917.705078125
35135,4890.37158203125
35136,8271.3154296875
35137,8029.83251953125
35138,5803.92626953125
35139,8848.7275390625
35140,6942.67041015625
35141,4963.412109375
35142,6700.2216796875
35143,7372.6904296875
35144,12454.4794921875
35145,6686.66162109375
35146,8305.7041015625
35147,8126.9296875
35148,10053.900390625
35149,7428.91064453125
35150,9841.654296875
35151,4570.5634765625
35152,5209.2998046875
35153,5894.34619140625
35154,6630.34814453125
35155,10146.248046875
35156,8269.2568359375
35157,5881.7060546875
35158,8160.28955078125
35159,7142.96484375
35160,9779.828125
35161,3893.271728515625
35162,12382.8662109375
35163,4606.62841796875
35164,5995.6015625
35165,8380.6572265625
35166,5057.4482421875
35167,6561.93017578125
35168,6728.10302734375
35169,7608.8134765625
35170,6810.3828125
35171,5559.71923828125
35172,7903.3857421875
35173,8400.2294921875
35174,7445.2158203125
35175,5156.59521484375
35176,7726.43408203125
35177,13353.962890625
35178,7253.31298828125
35179,4801.8349609375
35180,7983.294921875
35181,6258.677734375
35182,6614.94873046875
35183,8105.88330078125
35184,4072.437255859375
35185,8877.4228515625
35186,6429.99658203125
35187,7074.77734375
35188,10488.9970703125
35189,4768.52734375
35190,5634.47509765625
35191,5757.3603515625
35192,9159.6552734375
35193,8997.9775390625
35194,4959.41650390625
35195,5196.76953125
35196,7473.41943359375
35197,6596.84130859375
35198,6313.2265625
35199,7554.9013671875
35200,6898.9248046875
35201,7879.46923828125
35202,5819.65283203125
35203,4544.16357421875
35204,7132.419921875
35205,8960.55859375
35206,8587.4375
35207,8815.7373046875
35208,8536.1171875
35209,5826.60107421875
35210,9111.08203125
35211,5563.92578125
35212,7002.04150390625
35213,9294.22265625
35214,6704.63427734375
35215,10105.5390625
35216,9367.0283203125
35217,8134.865234375
35218,6825.93896484375
35219,7679.341796875
35220,9140.7548828125
35221,7260.05419921875
35222,4011.490478515625
35223,5981.03076171875
35224,8409.29296875
35225,6089.19580078125
35226,4855.82470703125
35227,8457.93359375
35228,6286.962890625
35229,6118.5625
35230,6302.17529296875
35231,5260.611328125
35232,6996.84033203125
35233,7206.11669921875
35234,7056.9248046875
35235,6323.48876953125
35236,5225.3349609375
35237,6380.119140625
35238,3828.778076171875
35239,7268.37109375
35240,6352.25537109375
35241,8895.734375
35242,7586.6923828125
35243,6869.54541015625
35244,12527.2109375
35245,4861.748046875
35246,5427.01171875
35247,10378.5908203125
35248,7852.8427734375
35249,8770.7841796875
35250,7779.9326171875
35251,5478.36767578125
35252,6700.67626953125
35253,5725.59521484375
35254,8482.9423828125
35255,11193.119140625
35256,7800.26416015625
35257,3307.58447265625
35258,4698.06640625
35259,8422.4794921875
35260,9514.6806640625
35261,6779.1962890625
35262,6961.0390625
35263,5109.37060546875
35264,5184.72509765625
35265,3624.8916015625
35266,5324.6357421875
35267,6658.21875
35268,8016.20556640625
35269,6740.08203125
35270,6649.12548828125
35271,9014.130859375
35272,9406.048828125
35273,7741.55322265625
35274,6187.83984375
35275,9642.23828125
35276,10742.8271484375
35277,6131.58349609375
35278,7853.09033203125
35279,5437.85595703125
35280,7076.31201171875
35281,4619.8623046875
35282,7691.75634765625
35283,5789.27294921875
35284,9114.94921875
35285,7326.396484375
35286,9197.55078125
35287,8388.3994140625
35288,5727.01123046875
35289,9866.728515625
35290,18271.486328125
35291,11140.9052734375
35292,5950.39013671875
35293,3662.440185546875
35294,7414.009765625
35295,8641.0302734375
35296,6413.1220703125
35297,11766.818359375
35298,17548.373046875
35299,4187.31201171875
35300,5527.23974609375
35301,9263.796875
35302,5300.0732421875
35303,7592.19873046875
35304,6677.84326171875
35305,8127.9873046875
35306,5150.67626953125
35307,6962.984375
35308,7270.61572265625
35309,7534.89013671875
35310,10608.17578125
35311,7066.0810546875
35312,7048.44091796875
35313,6896.07666015625
35314,5495.97021484375
35315,5209.67578125
35316,9215.0634765625
35317,6338.16650390625
35318,6824.27490234375
35319,7125.80419921875
35320,6156.16650390625
35321,7296.89111328125
35322,7173.732421875
35323,7565.01171875
35324,9608.806640625
35325,10310.2685546875
35326,9097.486328125
35327,6269.4541015625
35328,4586.30078125
35329,6929.74072265625
35330,6730.71484375
35331,6337.59228515625
35332,4954.16015625
35333,9792.03125
35334,7390.69482421875
35335,11063.1767578125
35336,6918.130859375
35337,6095.53564453125
35338,5530.18701171875
35339,4584.330078125
35340,10631.8564453125
35341,5982.70166015625
35342,8764.1669921875
35343,14736.3115234375
35344,8711.2294921875
35345,6095.3173828125
35346,6445.83056640625
35347,4970.515625
35348,7748.91748046875
35349,4289.58251953125
35350,5649.57373046875
35351,10148.51171875
35352,5336.71728515625
35353,14609.33203125
35354,13041.8681640625
35355,5679.93896484375
35356,7578.80712890625
35357,6016.39501953125
35358,7164.98095703125
35359,5669.52099609375
35360,11851.1787109375
35361,7668.5078125
35362,8928.98046875
35363,4476.25830078125
35364,7953.00537109375
35365,6087.50634765625
35366,9198.208984375
35367,7600.859375
35368,7417.7666015625
35369,7642.3564453125
35370,6216.8642578125
35371,9555.2392578125
35372,9827.810546875
35373,6889.537109375
35374,10223.3623046875
35375,6902.03759765625
35376,9344.30859375
35377,5844.3525390625
35378,6367.33203125
35379,6205.97900390625
35380,11972.4814453125
35381,7229.18798828125
35382,8355.9248046875
35383,7430.947265625
35384,8999.8046875
35385,5640.9658203125
35386,8800.2734375
35387,7006.548828125
35388,4138.04541015625
35389,13134.4560546875
35390,17496.904296875
35391,8110.53271484375
35392,7878.98291015625
35393,9473.21875
35394,10420.4091796875
35395,11143.6142578125
35396,6606.46044921875
35397,7596.126953125
35398,6426.57470703125
35399,9567.529296875
35400,4784.6796875
35401,6518.013671875
35402,6386.55810546875
35403,6085.541015625
35404,6731.23681640625
35405,5503.22705078125
35406,4838.6630859375
35407,8093.8427734375
35408,4358.392578125
35409,5401.263671875
35410,6732.404296875
35411,6547.62890625
35412,10563.98046875
35413,10073.44921875
35414,8008.224609375
35415,7126.60693359375
35416,6624.6748046875
35417,10995.939453125
35418,7220.3701171875
35419,6326.57666015625
35420,5784.169921875
35421,11031.994140625
35422,4636.5859375
35423,7522.54736328125
35424,3237.568603515625
35425,5014.63427734375
35426,7627.19873046875
35427,6168.85888671875
35428,6584.43408203125
35429,10138.1220703125
35430,10478.5107421875
35431,12406.896484375
35432,6917.63720703125
35433,10989.958984375
35434,2782.9794921875
35435,5785.45556640625
35436,7017.11572265625
35437,4993.044921875
35438,9290.55859375
35439,5811.52880859375
35440,5866.74951171875
35441,9373.2685546875
35442,9394.7099609375
35443,8893.0078125
35444,5790.1806640625
35445,5945.45361328125
35446,12865.8369140625
35447,9095.0732421875
35448,5912.951171875
35449,6192.32080078125
35450,7967.16455078125
35451,9453.2431640625
35452,5320.5078125
35453,5843.59619140625
35454,8990.5244140625
35455,8839.9853515625
35456,12366.9501953125
35457,7108.30712890625
35458,12378.7763671875
35459,7254.93212890625
35460,5836.0869140625
35461,3074.259765625
35462,6324.541015625
35463,8294.0625
35464,6188.482421875
35465,8755.78515625
35466,5563.458984375
35467,4807.70849609375
35468,7539.7841796875
35469,4234.8349609375
35470,7371.787109375
35471,7848.26318359375
35472,8064.25390625
35473,9488.015625
35474,6170.82080078125
35475,10003.9755859375
35476,6149.13818359375
35477,5862.888671875
35478,6175.99267578125
35479,5523.5029296875
35480,9522.8740234375
35481,6667.6513671875
35482,4943.62060546875
35483,7798.48095703125
35484,9296.537109375
35485,8177.0869140625
35486,6308.31201171875
35487,8892.0595703125
35488,6669.14404296875
35489,6617.27783203125
35490,7644.712890625
35491,10305.3671875
35492,5520.51123046875
35493,6608.90380859375
35494,6929.06640625
35495,6363.51123046875
35496,4573.18408203125
35497,6911.59619140625
35498,9119.3671875
35499,9107.41015625
35500,11594.076171875
35501,11826.6728515625
35502,9076.59765625
35503,8665.177734375
35504,4978.63427734375
35505,10661.068359375
35506,12094.4755859375
35507,9511.390625
35508,8168.14990234375
35509,9239.1513671875
35510,5795.53369140625
35511,4482.34765625
35512,8763.669921875
35513,7230.9619140625
35514,6946.61962890625
35515,6326.76904296875
35516,3059.06494140625
35517,11398.2900390625
35518,6747.55517578125
35519,5528.19873046875
35520,5159.63330078125
35521,5512.48486328125
35522,6832.0380859375
35523,7829.5947265625
35524,7829.91064453125
35525,5451.44775390625
35526,5181.7998046875
35527,4161.81396484375
35528,4050.162353515625
35529,7668.33544921875
35530,17823.248046875
35531,4656.826171875
35532,6233.056640625
35533,7269.6806640625
35534,6071.39990234375
35535,4845.7373046875
35536,5672.09912109375
35537,3910.310791015625
35538,8302.1123046875
35539,7928.99755859375
35540,4584.5771484375
35541,9871.41015625
35542,5955.5478515625
35543,5410.98583984375
35544,12214.2119140625
35545,7647.14013671875
35546,10317.599609375
35547,5443.36083984375
35548,7011.31787109375
35549,5027.5986328125
35550,5837.96240234375
35551,15466.7099609375
35552,11394.677734375
35553,7283.07666015625
35554,6494.9990234375
35555,5713.56396484375
35556,6721.98193359375
35557,4736.16943359375
35558,9318.6044921875
35559,5551.21337890625
35560,5746.44482421875
35561,8600.1435546875
35562,6024.91259765625
35563,6771.50146484375
35564,7740.7431640625
35565,7910.88232421875
35566,8266.4267578125
35567,4217.24560546875
35568,5443.990234375
35569,7281.4375
35570,9062.8662109375
35571,9275.810546875
35572,8027.33544921875
35573,4242.806640625
35574,8899.8603515625
35575,5788.0908203125
35576,4887.09814453125
35577,7810.2021484375
35578,7961.310546875
35579,6347.4365234375
35580,6971.7158203125
35581,6544.54736328125
35582,6783.927734375
35583,5930.083984375
35584,7693.9619140625
35585,6773.587890625
35586,7105.75244140625
35587,10137.216796875
35588,7016.22998046875
35589,5001.42041015625
35590,12662.439453125
35591,5716.93994140625
35592,3595.09228515625
35593,8536.666015625
35594,10082.56640625
35595,10976.173828125
35596,5158.91943359375
35597,6815.63037109375
35598,6171.822265625
35599,7271.8427734375
35600,6744.5341796875
35601,9185.5556640625
35602,3657.271728515625
35603,6327.70947265625
35604,6432.40771484375
35605,5324.0703125
35606,5654.7900390625
35607,7300.9951171875
35608,8798.84765625
35609,6367.3076171875
35610,8247.13671875
35611,8052.42578125
35612,9116.3984375
35613,5436.1796875
35614,7047.70654296875
35615,7089.74365234375
35616,9495.2587890625
35617,9152.77734375
35618,4260.4111328125
35619,8567.169921875
35620,7748.7783203125
35621,8032.373046875
35622,5158.14697265625
35623,3977.218017578125
35624,8898.1953125
35625,5711.93798828125
35626,9198.2236328125
35627,7307.31787109375
35628,5710.3896484375
35629,9235.5439453125
35630,5984.04150390625
35631,7488.556640625
35632,9007.048828125
35633,5983.49560546875
35634,10170.888671875
35635,12201.5244140625
35636,8123.34765625
35637,5315.97314453125
35638,6595.8603515625
35639,4964.34765625
35640,3269.97705078125
35641,8431.896484375
35642,5864.9716796875
35643,9551.095703125
35644,5082.0205078125
35645,6578.15478515625
35646,6240.3916015625
35647,9435.279296875
35648,6099.62646484375
35649,5967.14111328125
35650,6141.7958984375
35651,7716.54443359375
35652,5597.15625
35653,7792.3291015625
35654,8410.216796875
35655,8662.005859375
35656,9044.1103515625
35657,7208.7666015625
35658,6142.94873046875
35659,5128.79736328125
35660,5886.76806640625
35661,11612.59375
35662,8972.3984375
35663,9696.73046875
35664,14876.5048828125
35665,6272.08154296875
35666,5346.73828125
35667,6260.6767578125
35668,9253.630859375
35669,11404.8466796875
35670,7926.12109375
35671,8351.248046875
35672,8387.689453125
35673,7420.70556640625
35674,7128.32568359375
35675,6025.185546875
35676,5075.84130859375
35677,5322.0615234375
35678,4119.62158203125
35679,5693.5830078125
35680,8537.748046875
35681,17929.767578125
35682,6692.1806640625
35683,5962.01953125
35684,7477.84765625
35685,4814.853515625
35686,6617.84423828125
35687,4520.087890625
35688,9167.2236328125
35689,7171.919921875
35690,7477.64306640625
35691,13606.330078125
35692,11961.7177734375
35693,5553.890625
35694,7396.5068359375
35695,3838.55126953125
35696,4885.78564453125
35697,5441.52490234375
35698,8917.349609375
35699,4742.15771484375
35700,5020.884765625
35701,5282.5498046875
35702,5815.48974609375
35703,7801.38623046875
35704,8380.9287109375
35705,3105.47607421875
35706,8333.2158203125
35707,7918.64111328125
35708,8095.02685546875
35709,5484.7412109375
35710,4503.3583984375
35711,8071.9853515625
35712,4890.615234375
35713,9758.86328125
35714,4949.66357421875
35715,6030.990234375
35716,7773.2294921875
35717,6274.126953125
35718,5178.1943359375
35719,6877.28271484375
35720,8057.77587890625
35721,9534.595703125
35722,10260.533203125
35723,6647.96728515625
35724,4284.03125
35725,5858.96484375
35726,6317.89990234375
35727,4911.2021484375
35728,6582.22607421875
35729,6557.947265625
35730,12539.8681640625
35731,8177.6552734375
35732,6530.81982421875
35733,7486.1865234375
35734,4736.33837890625
35735,9721.400390625
35736,5845.63720703125
35737,12981.9501953125
35738,7465.37939453125
35739,5853.70654296875
35740,4949.94140625
35741,4764.12646484375
35742,7411.0498046875
35743,24889.818359375
35744,4230.2236328125
35745,5624.82373046875
35746,10765.91796875
35747,7088.2509765625
35748,7695.1708984375
35749,8908.5712890625
35750,6264.78271484375
35751,5813.921875
35752,3888.696533203125
35753,10777.78125
35754,7202.00927734375
35755,7921.52978515625
35756,8705.56640625
35757,5380.45751953125
35758,8518.4794921875
35759,7337.79443359375
35760,3983.639404296875
35761,9050.1259765625
35762,10493.35546875
35763,4371.96142578125
35764,7720.14013671875
35765,8068.20458984375
35766,5646.70849609375
35767,10682.2216796875
35768,7724.87548828125
35769,8203.49609375
35770,5027.39599609375
35771,5337.56005859375
35772,6836.9462890625
35773,5404.0205078125
35774,8529.0869140625
35775,4458.248046875
35776,6136.95263671875
35777,4753.900390625
35778,7243.20849609375
35779,5728.12158203125
35780,7246.79833984375
35781,8036.07666015625
35782,9012.060546875
35783,6985.15771484375
35784,7858.32958984375
35785,6250.05859375
35786,9478.91015625
35787,10281.087890625
35788,8425.4931640625
35789,4218.95654296875
35790,6176.50341796875
35791,7509.45361328125
35792,4240.46826171875
35793,12827.7080078125
35794,7256.60595703125
35795,8974.2880859375
35796,9681.880859375
35797,7160.677734375
35798,5233.40771484375
35799,12526.3779296875
35800,10750.212890625
35801,5453.16845703125
35802,9451.068359375
35803,9566.115234375
35804,6753.306640625
35805,6255.34619140625
35806,7134.94091796875
35807,6236.1279296875
35808,6244.33251953125
35809,7974.85107421875
35810,4834.517578125
35811,8339.7060546875
35812,8025.74072265625
35813,7123.373046875
35814,8846.923828125
35815,5960.16259765625
35816,6780.35498046875
35817,5007.21875
35818,8090.36962890625
35819,7607.916015625
35820,6760.62353515625
35821,7994.58154296875
35822,7594.5166015625
35823,10176.6513671875
35824,6305.49853515625
35825,5326.42333984375
35826,6931.99658203125
35827,7736.0302734375
35828,7410.5087890625
35829,4788.89306640625
35830,4887.203125
35831,7824.09033203125
35832,7415.14697265625
35833,6418.94287109375
35834,8784.6416015625
35835,6639.15771484375
35836,6750.56201171875
35837,5647.06298828125
35838,2809.370361328125
35839,7642.32861328125
35840,7237.10791015625
35841,7056.607421875
35842,9355.4404296875
35843,8552.59375
35844,4746.9208984375
35845,8447.8251953125
35846,4088.280029296875
35847,2213.28466796875
35848,7807.9052734375
35849,10194.14453125
35850,8417.33984375
35851,7267.32470703125
35852,4713.6904296875
35853,6842.61669921875
35854,8864.220703125
35855,6422.14306640625
35856,7775.37353515625
35857,5129.08154296875
35858,4738.8828125
35859,5806.90283203125
35860,5749.380859375
35861,5633.4736328125
35862,5482.06689453125
35863,6066.64990234375
35864,4856.50390625
35865,7131.63037109375
35866,7921.4169921875
35867,6078.3974609375
35868,6470.287109375
35869,7915.123046875
35870,6419.56494140625
35871,5819.177734375
35872,9494.3408203125
35873,7870.0380859375
35874,5798.11962890625
35875,4049.403076171875
35876,12154.9189453125
35877,7384.1005859375
35878,6145.1435546875
35879,8946.30078125
35880,8397.9697265625
35881,7577.5810546875
35882,6323.0693359375
35883,7685.43359375
35884,10971.1435546875
35885,12333.8583984375
35886,5126.78662109375
35887,5135.88623046875
35888,5789.7158203125
35889,6659.5078125
35890,6975.1630859375
35891,8043.2490234375
35892,9003.083984375
35893,6040.77685546875
35894,4164.63671875
35895,6220.0107421875
35896,10798.6640625
35897,6193.4697265625
35898,8436.2255859375
35899,4025.933837890625
35900,7948.87548828125
35901,8022.26220703125
35902,7543.40283203125
35903,8658.3017578125
35904,7010.4501953125
35905,5317.79931640625
35906,6674.2626953125
35907,7856.6357421875
35908,9030.7998046875
35909,7688.85986328125
35910,8842.408203125
35911,6432.8642578125
35912,4418.99755859375
35913,10003.3818359375
35914,4490.65478515625
35915,9164.09765625
35916,6558.0341796875
35917,5196.58349609375
35918,7415.181640625
35919,6188.68212890625
35920,7520.61181640625
35921,9205.51953125
35922,4098.03955078125
35923,4923.78125
35924,8132.26171875
35925,9606.8349609375
35926,8938.349609375
35927,6519.4990234375
35928,6095.8662109375
35929,6517.8330078125
35930,7128.00634765625
35931,5313.93505859375
35932,10744.2978515625
35933,9644.5126953125
35934,13090.7431640625
35935,4532.98583984375
35936,6227.27587890625
35937,10592.2412109375
35938,10030.705078125
35939,6175.5087890625
35940,9687.517578125
35941,6806.76708984375
35942,6744.97998046875
35943,6512.130859375
35944,6207.66552734375
35945,5901.67041015625
35946,7033.4638671875
35947,5062.57666015625
35948,5086.34716796875
35949,8116.85595703125
35950,6701.73193359375
35951,24901.87109375
35952,7882.095703125
35953,4591.5087890625
35954,7537.1591796875
35955,10995.4169921875
35956,7313.06005859375
35957,8236.2216796875
35958,5923.48828125
35959,8119.94921875
35960,8308.666015625
35961,6227.791015625
35962,5863.9189453125
35963,7148.45263671875
35964,8339.1767578125
35965,7286.5751953125
35966,9081.099609375
35967,6014.31640625
35968,4526.61767578125
35969,6467.28759765625
35970,10235.63671875
35971,10495.73828125
35972,9955.0654296875
35973,8089.97119140625
35974,5209.689453125
35975,6011.86181640625
35976,4496.365234375
35977,8090.0068359375
35978,11037.5009765625
35979,8834.2880859375
35980,5750.10986328125
35981,6004.08984375
35982,4625.14306640625
35983,6410.3720703125
35984,11341.6376953125
35985,6526.4482421875
35986,5728.49609375
35987,5373.9580078125
35988,10139.0302734375
35989,3429.320068359375
35990,8081.1357421875
35991,4745.61083984375
35992,7791.23583984375
35993,8006.634765625
35994,6554.27685546875
35995,8521.3408203125
35996,6824.64990234375
35997,5373.9521484375
35998,7055.29736328125
35999,7416.75
36000,12443.330078125
36001,6441.0400390625
36002,8700.595703125
36003,8490.5595703125
36004,10110.8486328125
36005,7396.91943359375
36006,9734.1572265625
36007,4804.37841796875
36008,5319.14208984375
36009,6568.75830078125
36010,6950.6142578125
36011,9213.5224609375
36012,7763.56396484375
36013,5770.5322265625
36014,7914.29345703125
36015,6655.5595703125
36016,10298.5986328125
36017,3791.63330078125
36018,12570.12109375
36019,4737.3076171875
36020,5699.560546875
36021,8738.5009765625
36022,5232.85546875
36023,7020.69775390625
36024,6471.89404296875
36025,7682.27587890625
36026,6796.26318359375
36027,5339.32373046875
36028,7723.04443359375
36029,7907.4970703125
36030,7603.51708984375
36031,5290.205078125
36032,7437.8779296875
36033,12638.10546875
36034,6783.74169921875
36035,5883.79736328125
36036,7488.251953125
36037,6279.5830078125
36038,6302.076171875
36039,7614.642578125
36040,4057.133056640625
36041,8471.1923828125
36042,6331.90966796875
36043,6742.9912109375
36044,11465.9208984375
36045,3743.667236328125
36046,5605.49853515625
36047,4813.83642578125
36048,9276.025390625
36049,8243.96875
36050,4814.0791015625
36051,5013.59423828125
36052,7538.0205078125
36053,6418.74560546875
36054,6225.43408203125
36055,6968.60791015625
36056,6713.53515625
36057,8119.66064453125
36058,5826.9853515625
36059,4189.5029296875
36060,6754.45556640625
36061,8703.66015625
36062,8939.421875
36063,8238.8154296875
36064,8203.87890625
36065,5807.96533203125
36066,9708.55859375
36067,5566.64111328125
36068,7221.583984375
36069,9565.9033203125
36070,6517.388671875
36071,10592.5107421875
36072,8941.564453125
36073,7662.0322265625
36074,6554.294921875
36075,7450.18017578125
36076,8828.607421875
36077,6870.8955078125
36078,3962.82568359375
36079,6631.6005859375
36080,8353.259765625
36081,5970.5107421875
36082,4536.39599609375
36083,8501.7509765625
36084,6576.7490234375
36085,5936.21533203125
36086,6055.5830078125
36087,5317.75927734375
36088,7785.99462890625
36089,7222.15087890625
36090,7342.267578125
36091,6081.806640625
36092,5284.787109375
36093,6494.7607421875
36094,3898.99951171875
36095,6662.80810546875
36096,6481.6875
36097,8578.1181640625
36098,7340.453125
36099,6579.93310546875
36100,11848.9013671875
36101,5683.771484375
36102,5431.4296875
36103,10644.08984375
36104,7112.458984375
36105,8508.974609375
36106,7604.40380859375
36107,5264.21923828125
36108,6607.8564453125
36109,5264.908203125
36110,8985.2568359375
36111,11850.3173828125
36112,8277.2470703125
36113,3313.19677734375
36114,4820.7119140625
36115,8036.998046875
36116,8492.9462890625
36117,6741.8642578125
36118,6654.8681640625
36119,5274.0439453125
36120,5093.423828125
36121,3701.884033203125
36122,5426.5791015625
36123,6449.1689453125
36124,7881.36181640625
36125,6648.41796875
36126,6399.84375
36127,8837.244140625
36128,9292.607421875
36129,7575.1904296875
36130,5712.7978515625
36131,9471.59765625
36132,10141.82421875
36133,6252.03515625
36134,7382.58642578125
36135,5496.36962890625
36136,6684.6884765625
36137,4787.572265625
36138,8177.88818359375
36139,5542.09130859375
36140,9506.7333984375
36141,7240.7080078125
36142,9348.78125
36143,8544.1875
36144,5877.5419921875
36145,9824.5634765625
36146,19758.58984375
36147,11238.15234375
36148,6738.13525390625
36149,3313.22607421875
36150,6850.6650390625
36151,9363.9111328125
36152,5799.7705078125
36153,12216.484375
36154,16042.919921875
36155,4401.26171875
36156,5578.908203125
36157,11366.7236328125
36158,4974.6650390625
36159,8841.4638671875
36160,6792.0126953125
36161,8104.88525390625
36162,5061.572265625
36163,7376.2138671875
36164,6383.494140625
36165,7766.6904296875
36166,10097.416015625
36167,6873.71630859375
36168,6984.44970703125
36169,6795.53271484375
36170,5279.78515625
36171,4752.9443359375
36172,7444.77880859375
36173,6112.90576171875
36174,6506.013671875
36175,6654.2958984375
36176,6221.81298828125
36177,7846.5029296875
36178,7543.90185546875
36179,7506.79150390625
36180,8927.4912109375
36181,10329.451171875
36182,8810.6357421875
36183,5951.26513671875
36184,3911.567138671875
36185,6824.154296875
36186,6657.06591796875
36187,6107.611328125
36188,4460.462890625
36189,9147.146484375
36190,7783.7900390625
36191,10813.2109375
36192,6973.78076171875
36193,6114.12109375
36194,5508.20849609375
36195,5270.4384765625
36196,10410.9873046875
36197,5376.6982421875
36198,7657.14599609375
36199,16234.7001953125
36200,8224.5087890625
36201,7406.2412109375
36202,5836.990234375
36203,4727.41552734375
36204,7338.27685546875
36205,4322.9296875
36206,5939.7431640625
36207,10617.732421875
36208,5219.87841796875
36209,15920.3828125
36210,13745.830078125
36211,5485.025390625
36212,6806.9404296875
36213,5990.26953125
36214,7149.39453125
36215,5798.947265625
36216,11575.5849609375
36217,7310.73974609375
36218,10080.4072265625
36219,4679.8837890625
36220,7809.1337890625
36221,5663.78759765625
36222,8816.939453125
36223,7636.29833984375
36224,6444.1376953125
36225,7220.49560546875
36226,6022.56689453125
36227,8715.712890625
36228,10322.90234375
36229,6282.53857421875
36230,10005.1298828125
36231,6908.11572265625
36232,10319.9892578125
36233,5739.67431640625
36234,5973.5400390625
36235,6120.4345703125
36236,11021.7490234375
36237,6659.16162109375
36238,8579.3330078125
36239,7531.74560546875
36240,9056.32421875
36241,5507.25634765625
36242,9685.44921875
36243,7536.56982421875
36244,4174.6845703125
36245,13572.826171875
36246,18537.3203125
36247,7719.5087890625
36248,7324.99267578125
36249,9602.2177734375
36250,10450.7431640625
36251,11303.4921875
36252,6147.45068359375
36253,7501.9482421875
36254,6469.5
36255,8723.5498046875
36256,4593.4453125
36257,6727.32763671875
36258,6067.50048828125
36259,5884.7578125
36260,6592.46142578125
36261,5571.3388671875
36262,5022.4892578125
36263,7722.69970703125
36264,4061.149658203125
36265,4824.42724609375
36266,6889.27978515625
36267,6283.435546875
36268,10055.6357421875
36269,8675.62109375
36270,8202.26171875
36271,6954.833984375
36272,6814.615234375
36273,11710.6396484375
36274,7575.44873046875
36275,5473.81787109375
36276,6069.01708984375
36277,10491.56640625
36278,4534.69189453125
36279,7046.33349609375
36280,3406.266357421875
36281,5416.92236328125
36282,8499.7998046875
36283,6190.359375
36284,5984.5078125
36285,9582.576171875
36286,10707.0126953125
36287,12980.05859375
36288,7046.4267578125
36289,9773.0302734375
36290,2752.510498046875
36291,5356.55908203125
36292,6494.6455078125
36293,4647.1787109375
36294,8503.2744140625
36295,5781.89990234375
36296,5916.35693359375
36297,9235.71875
36298,10099.58984375
36299,11219.8193359375
36300,5631.76513671875
36301,5665.56396484375
36302,14063.6123046875
36303,8642.9248046875
36304,6739.74755859375
36305,5795.40966796875
36306,7321.1904296875
36307,10436.953125
36308,5191.271484375
36309,6249.6572265625
36310,8323.025390625
36311,8332.5869140625
36312,14610.3134765625
36313,6944.00244140625
36314,12841.3330078125
36315,7140.302734375
36316,5767.74951171875
36317,4001.760009765625
36318,6172.80615234375
36319,7956.33984375
36320,6106.529296875
36321,8048.32958984375
36322,5376.7841796875
36323,5150.017578125
36324,7534.7626953125
36325,4086.34326171875
36326,7597.4990234375
36327,7532.30322265625
36328,8142.927734375
36329,9015.9541015625
36330,5897.70361328125
36331,9226.572265625
36332,6260.64453125
36333,5954.75927734375
36334,5887.54345703125
36335,5597.24853515625
36336,10759.244140625
36337,6942.97607421875
36338,5244.91455078125
36339,7698.2421875
36340,9122.0654296875
36341,8097.5
36342,6450.1279296875
36343,8552.326171875
36344,6648.43212890625
36345,6040.97412109375
36346,7635.19189453125
36347,9348.2626953125
36348,7418.60986328125
36349,7420.90673828125
36350,6301.37646484375
36351,6077.9033203125
36352,4530.544921875
36353,6351.97998046875
36354,8096.6015625
36355,10055.04296875
36356,11479.140625
36357,12125.9921875
36358,8544.6474609375
36359,8993.2607421875
36360,5185.05078125
36361,10809.099609375
36362,11482.2197265625
36363,8713.9892578125
36364,8738.625
36365,8401.1533203125
36366,5986.31787109375
36367,4545.8505859375
36368,8421.04296875
36369,7478.36767578125
36370,7463.5859375
36371,6297.212890625
36372,3145.697021484375
36373,12230.625
36374,6487.927734375
36375,5375.35791015625
36376,4815.61474609375
36377,4996.197265625
36378,6684.833984375
36379,8381.0478515625
36380,7300.0244140625
36381,5500.48193359375
36382,4879.7998046875
36383,4454.763671875
36384,4002.352783203125
36385,7510.6318359375
36386,17735.498046875
36387,4997.55419921875
36388,6070.08935546875
36389,7287.076171875
36390,5753.81591796875
36391,5410.27734375
36392,5322.4833984375
36393,4203.64990234375
36394,7810.166015625
36395,7867.43017578125
36396,4457.47119140625
36397,9230.056640625
36398,6338.26416015625
36399,5289.830078125
36400,11757.5458984375
36401,7727.28173828125
36402,10874.1962890625
36403,5627.962890625
36404,7435.68115234375
36405,4746.83349609375
36406,5513.2705078125
36407,16026.1767578125
36408,11192.3701171875
36409,7097.77880859375
36410,6565.66259765625
36411,5461.859375
36412,6109.8173828125
36413,5143.34375
36414,12285.0009765625
36415,6345.35302734375
36416,5686.70068359375
36417,8097.27001953125
36418,5246.97705078125
36419,6805.54443359375
36420,8147.958984375
36421,7364.220703125
36422,7710.16552734375
36423,4263.904296875
36424,5612.25439453125
36425,6802.93212890625
36426,9610.7919921875
36427,8970.9912109375
36428,7694.59765625
36429,4428.2890625
36430,8274.55859375
36431,6094.1796875
36432,5150.060546875
36433,7403.95361328125
36434,8117.58984375
36435,6499.251953125
36436,6995.94482421875
36437,6574.0029296875
36438,6607.33154296875
36439,6014.8798828125
36440,7279.490234375
36441,6874.27001953125
36442,6947.0986328125
36443,9659.7275390625
36444,6389.8134765625
36445,4742.9677734375
36446,12384.7080078125
36447,6717.7578125
36448,3756.382568359375
36449,8174.1796875
36450,8954.33203125
36451,11225.404296875
36452,4830.24072265625
36453,6484.85888671875
36454,6039.8271484375
36455,7325.44091796875
36456,5955.91259765625
36457,8888.373046875
36458,3804.1611328125
36459,6815.6279296875
36460,6393.54150390625
36461,5675.2724609375
36462,5343.39990234375
36463,7088.6640625
36464,8473.3115234375
36465,6044.65673828125
36466,8616.794921875
36467,8046.7392578125
36468,8968.8544921875
36469,5134.60498046875
36470,6827.455078125
36471,7464.5224609375
36472,9444.2783203125
36473,8377.66796875
36474,5372.7294921875
36475,8446.873046875
36476,7598.39453125
36477,7745.54345703125
36478,5427.37060546875
36479,4391.3359375
36480,9001.376953125
36481,5904.5390625
36482,9085.0546875
36483,7151.69384765625
36484,5969.54638671875
36485,8971.240234375
36486,7371.78076171875
36487,7550.65478515625
36488,8883.9462890625
36489,6457.265625
36490,10346.2587890625
36491,11655.78125
36492,7997.90771484375
36493,5345.89599609375
36494,6544.88037109375
36495,4973.2412109375
36496,3286.94091796875
36497,7898.8203125
36498,5503.78173828125
36499,9104.212890625
36500,4734.00390625
36501,5765.78076171875
36502,5838.24853515625
36503,9792.0078125
36504,5513.23779296875
36505,5436.861328125
36506,6274.05859375
36507,7337.5625
36508,5272.98876953125
36509,7516.685546875
36510,7722.02978515625
36511,9086.9453125
36512,8620.1171875
36513,7282.71533203125
36514,5971.12939453125
36515,4611.04931640625
36516,5715.72802734375
36517,10627.033203125
36518,9072.1748046875
36519,10982.701171875
36520,13628.8408203125
36521,6834.9599609375
36522,5570.36572265625
36523,6757.78173828125
36524,9004.69140625
36525,10697.115234375
36526,7365.37060546875
36527,8542.244140625
36528,8276.185546875
36529,7243.27587890625
36530,6668.3984375
36531,5873.33740234375
36532,4694.06884765625
36533,5273.73095703125
36534,4221.6220703125
36535,5902.87060546875
36536,8832.8583984375
36537,18135.806640625
36538,6529.05810546875
36539,6135.29345703125
36540,7840.35400390625
36541,4783.78759765625
36542,6887.14453125
36543,4883.4345703125
36544,9331.2041015625
36545,6941.04345703125
36546,6604.52099609375
36547,13834.453125
36548,10851.109375
36549,6310.20458984375
36550,7378.02783203125
36551,3859.467041015625
36552,4870.92138671875
36553,5568.833984375
36554,8593.71484375
36555,5379.34326171875
36556,4747.2255859375
36557,5488.47021484375
36558,5580.05029296875
36559,7066.10546875
36560,8318.9326171875
36561,3091.323974609375
36562,7740.47998046875
36563,7693.7119140625
36564,8430.9736328125
36565,5230.92626953125
36566,4547.07080078125
36567,8568.9912109375
36568,4792.50244140625
36569,9750.4970703125
36570,4725.30078125
36571,6194.0283203125
36572,7357.10205078125
36573,6272.93017578125
36574,5362.578125
36575,6744.63427734375
36576,7866.2412109375
36577,9055.8173828125
36578,9852.7265625
36579,6167.685546875
36580,4384.94775390625
36581,5822.529296875
36582,6176.072265625
36583,5069.89404296875
36584,6820.49169921875
36585,6522.22802734375
36586,12335.873046875
36587,8474.162109375
36588,6265.52099609375
36589,7732.21826171875
36590,4854.76904296875
36591,9541.7451171875
36592,6124.35205078125
36593,13941.2431640625
36594,7005.751953125
36595,5622.2158203125
36596,4939.50439453125
36597,4531.1484375
36598,7662.40087890625
36599,22075.03515625
36600,4215.2666015625
36601,5090.38525390625
36602,9988.724609375
36603,7156.6669921875
36604,7796.09423828125
36605,8896.939453125
36606,6268.8681640625
36607,5434.03173828125
36608,4289.73828125
36609,10544.2294921875
36610,6862.90625
36611,7876.83935546875
36612,8412.111328125
36613,5263.703125
36614,7591.15380859375
36615,6886.14599609375
36616,4177.26806640625
36617,8774.525390625
36618,9726.4365234375
36619,4320.26806640625
36620,7917.52587890625
36621,7605.44482421875
36622,5854.64794921875
36623,10073.5205078125
36624,7384.16015625
36625,8072.73193359375
36626,4667.67236328125
36627,5415.47509765625
36628,7573.29541015625
36629,5498.18115234375
36630,8355.9169921875
36631,4309.208984375
36632,6074.783203125
36633,4382.02978515625
36634,6923.048828125
36635,5967.1005859375
36636,7461.46728515625
36637,8043.2939453125
36638,8294.3515625
36639,6123.671875
36640,7743.783203125
36641,6848.37548828125
36642,8611.40625
36643,9968.947265625
36644,8681.7021484375
36645,3654.07861328125
36646,6019.451171875
36647,7443.34765625
36648,3980.6298828125
36649,11443.8642578125
36650,6829.310546875
36651,8971.896484375
36652,9749.826171875
36653,7508.66162109375
36654,5095.25
36655,11911.0380859375
36656,10219.5576171875
36657,5471.140625
36658,9630.0634765625
36659,10417.49609375
36660,5777.82421875
36661,6891.29345703125
36662,6961.2509765625
36663,6159.296875
36664,6100.53369140625
36665,6928.93603515625
36666,4929.64404296875
36667,7275.59130859375
36668,7264.64501953125
36669,7018.74169921875
36670,8825.4853515625
36671,5979.86328125
36672,6878.7275390625
36673,5477.90576171875
36674,7471.49609375
36675,7049.19384765625
36676,6915.677734375
36677,8365.8515625
36678,7226.59814453125
36679,9785.8212890625
36680,5658.072265625
36681,5300.19384765625
36682,6514.86083984375
36683,7335.11376953125
36684,7242.60791015625
36685,4707.818359375
36686,4715.310546875
36687,7562.0341796875
36688,7255.25048828125
36689,5967.17333984375
36690,8526.3369140625
36691,6101.958984375
36692,6598.7177734375
36693,5303.6513671875
36694,3536.02392578125
36695,7862.673828125
36696,6612.04052734375
36697,6957.19580078125
36698,9787.580078125
36699,9156.548828125
36700,4456.94873046875
36701,9579.005859375
36702,4205.50439453125
36703,2944.76513671875
36704,7509.7255859375
36705,10695.2900390625
36706,8393.37109375
36707,7192.666015625
36708,4868.58349609375
36709,6249.2314453125
36710,9837.9287109375
36711,6790.091796875
36712,7946.87158203125
36713,5183.04833984375
36714,5342.818359375
36715,5605.27099609375
36716,5415.8193359375
36717,5290.26611328125
36718,5487.7490234375
36719,5888.673828125
36720,4602.18408203125
36721,6738.24951171875
36722,7717.27392578125
36723,5227.40087890625
36724,6273.68798828125
36725,7523.12109375
36726,6580.90478515625
36727,5730.13623046875
36728,8936.259765625
36729,7634.93701171875
36730,5723.75634765625
36731,3889.44873046875
36732,11853.125
36733,6834.310546875
36734,5890.38330078125
36735,8154.16796875
36736,7797.9306640625
36737,7743.15087890625
36738,6179.9765625
36739,7452.384765625
36740,9619.1748046875
36741,12825.0029296875
36742,5197.53662109375
36743,5136.9462890625
36744,5589.65576171875
36745,7390.583984375
36746,6278.857421875
36747,8722.509765625
36748,9315.748046875
36749,6227.7373046875
36750,4406.5126953125
36751,6238.48095703125
36752,12002.240234375
36753,5099.25439453125
36754,8363.6962890625
36755,4071.18408203125
36756,7673.56494140625
36757,9036.8603515625
36758,7346.0009765625
36759,8982.8095703125
36760,6844.52734375
36761,4960.56640625
36762,6845.13330078125
36763,7462.76171875
36764,8905.0126953125
36765,7674.5615234375
36766,8496.470703125
36767,6688.47802734375
36768,4315.27978515625
36769,10197.244140625
36770,4267.28369140625
36771,9137.3154296875
36772,6335.4599609375
36773,4958.18994140625
36774,7948.65576171875
36775,6491.4794921875
36776,7119.51318359375
36777,8995.5625
36778,4913.02734375
36779,4421.826171875
36780,8521.033203125
36781,9518.7138671875
36782,8512.609375
36783,5529.1259765625
36784,6509.15087890625
36785,6999.84765625
36786,7061.46044921875
36787,5507.34326171875
36788,9970.70703125
36789,9131.6669921875
36790,12372.2724609375
36791,4368.416015625
36792,6116.439453125
36793,10241.7470703125
36794,10511.474609375
36795,5477.4873046875
36796,9687.1728515625
36797,6715.55810546875
36798,6518.28466796875
36799,5912.26513671875
36800,5683.5234375
36801,6145.6845703125
36802,6727.3134765625
36803,5046.87744140625
36804,4944.947265625
36805,8267.013671875
36806,7185.673828125
36807,24624.63671875
36808,7319.69970703125
36809,4863.611328125
36810,7483.4912109375
36811,10851.9931640625
36812,7045.6279296875
36813,8145.3896484375
36814,5963.61279296875
36815,8543.7509765625
36816,8738.037109375
36817,7603.30078125
36818,5892.9404296875
36819,6572.3349609375
36820,8676.669921875
36821,7453.41259765625
36822,8756.2275390625
36823,6494.88330078125
36824,4536.595703125
36825,6601.5498046875
36826,11152.533203125
36827,10716.8212890625
36828,10729.48828125
36829,8553.8369140625
36830,4966.45458984375
36831,6587.09375
36832,4642.76904296875
36833,8328.2138671875
36834,11782.0830078125
36835,9626.0576171875
36836,6275.6474609375
36837,6271.24755859375
36838,4945.4404296875
36839,6228.1376953125
36840,11851.130859375
36841,6839.2470703125
36842,6408.45751953125
36843,5798.06298828125
36844,9964.126953125
36845,3344.395263671875
36846,8853.6455078125
36847,4854.05859375
36848,7833.7470703125
36849,8121.228515625
36850,6123.9296875
36851,8253.3798828125
36852,7064.38623046875
36853,5855.10498046875
36854,7340.9404296875
36855,6790.0625
36856,11765.9912109375
36857,6552.18017578125
36858,9036.271484375
36859,8903.4501953125
36860,10680.2177734375
36861,7514.4072265625
36862,9949.6484375
36863,5402.85107421875
36864,5231.0
36865,6876.0009765625
36866,6306.69482421875
36867,9643.544921875
36868,7860.11181640625
36869,5997.591796875
36870,7726.90625
36871,6940.7734375
36872,9784.244140625
36873,3752.737060546875
36874,14410.3896484375
36875,5215.38525390625
36876,5945.84619140625
36877,9019.8681640625
36878,5320.232421875
36879,7148.85205078125
36880,6326.4619140625
36881,7978.1279296875
36882,6586.505859375
36883,5680.923828125
36884,7754.64697265625
36885,7692.005859375
36886,7700.2177734375
36887,5385.54931640625
36888,7596.98388671875
36889,12609.044921875
36890,6800.1435546875
36891,5547.34716796875
36892,7462.64306640625
36893,6360.92236328125
36894,6400.78271484375
36895,7728.96142578125
36896,4208.24609375
36897,8390.9453125
36898,6716.21484375
36899,7029.89501953125
36900,11264.634765625
36901,4413.8984375
36902,5837.45947265625
36903,5537.01806640625
36904,9301.755859375
36905,8614.9970703125
36906,5065.2685546875
36907,5000.76708984375
36908,7338.13818359375
36909,6926.92578125
36910,6379.765625
36911,7189.08740234375
36912,7050.587890625
36913,8268.31640625
36914,5877.53369140625
36915,4432.65283203125
36916,7281.2021484375
36917,8328.3408203125
36918,9035.57421875
36919,8750.9833984375
36920,8447.44921875
36921,6239.07763671875
36922,9486.2841796875
36923,6184.2509765625
36924,7404.9814453125
36925,9553.462890625
36926,6645.14697265625
36927,10624.1357421875
36928,9575.19140625
36929,8077.599609375
36930,6304.40087890625
36931,7538.134765625
36932,8690.76171875
36933,6990.0859375
36934,3766.80517578125
36935,6413.8896484375
36936,8911.091796875
36937,5995.2109375
36938,4710.953125
36939,8563.330078125
36940,6736.57666015625
36941,6205.59521484375
36942,6083.55029296875
36943,5514.1396484375
36944,8079.79736328125
36945,7383.99072265625
36946,7724.302734375
36947,5981.47021484375
36948,6577.20947265625
36949,6571.8623046875
36950,3827.46484375
36951,6396.3828125
36952,6635.37939453125
36953,8783.7890625
36954,7623.03125
36955,6756.59716796875
36956,12001.861328125
36957,6808.37353515625
36958,5112.8125
36959,11497.4833984375
36960,7696.85546875
36961,8905.45703125
36962,8155.36328125
36963,5273.7109375
36964,6645.056640625
36965,5530.35693359375
36966,8409.232421875
36967,12636.42578125
36968,7697.3388671875
36969,3362.132080078125
36970,5589.638671875
36971,8600.4228515625
36972,8844.3349609375
36973,6782.869140625
36974,6934.90087890625
36975,4998.61865234375
36976,5323.9072265625
36977,3705.313232421875
36978,5426.09912109375
36979,6397.48681640625
36980,7978.8095703125
36981,6807.6640625
36982,6587.19970703125
36983,8552.8154296875
36984,9429.9130859375
36985,7632.1474609375
36986,5526.7890625
36987,9888.3271484375
36988,11252.212890625
36989,6105.90625
36990,7906.44677734375
36991,5376.228515625
36992,6654.21484375
36993,4296.0234375
36994,8202.505859375
36995,5604.54443359375
36996,9470.52734375
36997,7262.13427734375
36998,9723.525390625
36999,8517.328125
37000,5357.00732421875
37001,9746.0615234375
37002,19898.587890625
37003,11903.875
37004,6787.72802734375
37005,3027.044677734375
37006,7043.60400390625
37007,9789.0029296875
37008,5550.28076171875
37009,12164.396484375
37010,16326.611328125
37011,4447.794921875
37012,5771.884765625
37013,9324.21484375
37014,5610.24169921875
37015,9024.8232421875
37016,6664.51025390625
37017,8287.4375
37018,5330.33544921875
37019,8005.27587890625
37020,6452.7421875
37021,7635.77001953125
37022,9936.9482421875
37023,6729.11279296875
37024,6640.3564453125
37025,7427.25048828125
37026,5914.26025390625
37027,5086.4580078125
37028,8141.4404296875
37029,6347.64794921875
37030,6611.04248046875
37031,7467.83056640625
37032,6360.69091796875
37033,7967.55126953125
37034,8465.87890625
37035,7684.48046875
37036,9168.466796875
37037,9822.1748046875
37038,8627.15234375
37039,5747.1962890625
37040,4282.48193359375
37041,7100.92431640625
37042,6844.23095703125
37043,6473.33984375
37044,4916.107421875
37045,9542.8740234375
37046,7642.51513671875
37047,10732.9970703125
37048,7045.83349609375
37049,5840.21728515625
37050,5261.25927734375
37051,4534.39599609375
37052,10417.689453125
37053,5729.91259765625
37054,7675.73876953125
37055,16046.2470703125
37056,7857.6162109375
37057,6463.15087890625
37058,5221.59619140625
37059,5048.9541015625
37060,7011.08642578125
37061,3886.236083984375
37062,6219.73193359375
37063,10516.259765625
37064,4932.97216796875
37065,16653.66796875
37066,14692.556640625
37067,5163.18212890625
37068,7356.38720703125
37069,5975.328125
37070,7318.05810546875
37071,5648.478515625
37072,12027.99609375
37073,7026.99365234375
37074,9671.4658203125
37075,4306.62646484375
37076,7939.45458984375
37077,5158.275390625
37078,8811.6552734375
37079,7447.693359375
37080,6181.97900390625
37081,6747.7744140625
37082,5867.62646484375
37083,8756.8955078125
37084,9856.798828125
37085,6335.541015625
37086,10950.837890625
37087,6661.05810546875
37088,10966.890625
37089,5935.623046875
37090,6066.01708984375
37091,6029.13916015625
37092,12541.44921875
37093,6644.349609375
37094,7634.1064453125
37095,7954.73583984375
37096,9563.3408203125
37097,5179.79443359375
37098,8616.25
37099,7283.958984375
37100,4166.54150390625
37101,15016.9287109375
37102,17792.703125
37103,7927.3359375
37104,7630.62646484375
37105,10200.265625
37106,10904.2353515625
37107,11481.8955078125
37108,5921.6240234375
37109,7777.5126953125
37110,6332.96630859375
37111,8929.998046875
37112,4677.39599609375
37113,6517.84619140625
37114,6264.0087890625
37115,5829.25634765625
37116,6734.92138671875
37117,5766.453125
37118,5185.2099609375
37119,7609.67724609375
37120,3711.7548828125
37121,4801.57177734375
37122,6562.71435546875
37123,7815.72021484375
37124,9974.7177734375
37125,8739.1416015625
37126,7872.65283203125
37127,6665.24755859375
37128,6458.5439453125
37129,11351.384765625
37130,7817.10595703125
37131,5763.50830078125
37132,5589.42529296875
37133,10868.3291015625
37134,4306.95361328125
37135,7317.48486328125
37136,3194.618896484375
37137,5592.68896484375
37138,8171.66162109375
37139,6349.59619140625
37140,6002.98876953125
37141,9481.759765625
37142,10150.00390625
37143,13082.8876953125
37144,6652.58349609375
37145,9670.1123046875
37146,3011.8515625
37147,5420.40087890625
37148,6660.75
37149,4658.37451171875
37150,8896.0107421875
37151,5415.38330078125
37152,5725.67431640625
37153,9370.5908203125
37154,11191.501953125
37155,9732.3115234375
37156,5611.34619140625
37157,5888.75
37158,14685.2978515625
37159,9247.55859375
37160,6757.71630859375
37161,5631.0244140625
37162,7795.08203125
37163,10158.595703125
37164,5442.1435546875
37165,6615.0634765625
37166,8791.107421875
37167,9020.806640625
37168,14801.1259765625
37169,7103.283203125
37170,13462.34765625
37171,7326.02392578125
37172,5693.04296875
37173,3316.655517578125
37174,6982.26708984375
37175,7642.98095703125
37176,5843.78955078125
37177,7827.71630859375
37178,5259.61083984375
37179,4859.5712890625
37180,7236.4345703125
37181,3746.2783203125
37182,7904.36767578125
37183,7530.4912109375
37184,8297.6728515625
37185,9236.615234375
37186,5573.8046875
37187,9395.7060546875
37188,6599.951171875
37189,5765.26171875
37190,5636.85205078125
37191,6377.38232421875
37192,11320.06640625
37193,6575.662109375
37194,4992.8408203125
37195,8076.998046875
37196,8774.115234375
37197,8016.1953125
37198,7011.5146484375
37199,9273.306640625
37200,7144.384765625
37201,6268.09765625
37202,7680.80908203125
37203,8811.064453125
37204,6749.90478515625
37205,6656.216796875
37206,6458.60546875
37207,5848.27197265625
37208,4734.916015625
37209,6017.7685546875
37210,7828.59716796875
37211,9590.41015625
37212,11361.521484375
37213,12209.20703125
37214,8423.9833984375
37215,8686.5517578125
37216,4730.8134765625
37217,11071.451171875
37218,11609.453125
37219,8932.484375
37220,8814.3251953125
37221,8538.3154296875
37222,5942.64208984375
37223,4452.9111328125
37224,8611.9609375
37225,7494.66650390625
37226,7633.99267578125
37227,6305.662109375
37228,3084.40478515625
37229,13072.814453125
37230,6314.05029296875
37231,5137.49755859375
37232,4354.02197265625
37233,4893.99755859375
37234,6734.9853515625
37235,9616.72265625
37236,7356.99755859375
37237,5487.384765625
37238,5220.80322265625
37239,5172.85400390625
37240,3776.107666015625
37241,7724.87890625
37242,17949.501953125
37243,4930.21484375
37244,6125.91259765625
37245,7923.40087890625
37246,5750.36962890625
37247,5742.52978515625
37248,5235.302734375
37249,4564.8134765625
37250,7774.71728515625
37251,7464.16162109375
37252,4421.2734375
37253,9717.4140625
37254,6261.50244140625
37255,5173.89697265625
37256,12419.9560546875
37257,8324.158203125
37258,10884.96484375
37259,5789.49462890625
37260,7372.52587890625
37261,4852.84130859375
37262,5436.595703125
37263,17509.81640625
37264,11594.57421875
37265,7147.03857421875
37266,6196.00341796875
37267,4766.533203125
37268,6244.26171875
37269,4469.11962890625
37270,10471.859375
37271,6190.80224609375
37272,5669.38671875
37273,7895.3681640625
37274,5220.755859375
37275,6716.12548828125
37276,8171.86962890625
37277,7693.5458984375
37278,7450.607421875
37279,4418.28271484375
37280,5520.3759765625
37281,6868.1337890625
37282,9974.3662109375
37283,9214.4208984375
37284,7813.61962890625
37285,4420.08935546875
37286,8131.48388671875
37287,6388.93603515625
37288,4416.6630859375
37289,7417.796875
37290,7812.83251953125
37291,6596.474609375
37292,6878.27880859375
37293,6514.1025390625
37294,6571.00341796875
37295,5931.58740234375
37296,7180.263671875
37297,6758.7001953125
37298,6837.580078125
37299,9501.0009765625
37300,6325.22314453125
37301,5064.31298828125
37302,13290.7802734375
37303,6685.43212890625
37304,4238.501953125
37305,8248.578125
37306,9227.046875
37307,12152.0341796875
37308,4743.6044921875
37309,5967.64599609375
37310,5947.81201171875
37311,7732.22509765625
37312,5826.59228515625
37313,9165.380859375
37314,3191.886962890625
37315,7069.21923828125
37316,6342.4453125
37317,6049.03271484375
37318,5397.0400390625
37319,7312.1611328125
37320,8958.9580078125
37321,5868.712890625
37322,9140.134765625
37323,8660.6572265625
37324,9050.1748046875
37325,5419.06884765625
37326,6803.5751953125
37327,7222.0263671875
37328,8982.7509765625
37329,8754.34375
37330,4365.09130859375
37331,8778.6044921875
37332,7427.09765625
37333,7797.92431640625
37334,5530.7861328125
37335,4268.6796875
37336,8971.111328125
37337,5893.60546875
37338,9614.154296875
37339,7112.337890625
37340,6041.822265625
37341,8335.8583984375
37342,7053.81396484375
37343,7555.26025390625
37344,8613.552734375
37345,6399.17822265625
37346,10555.06640625
37347,11985.1904296875
37348,7885.6611328125
37349,5017.43310546875
37350,6698.255859375
37351,4142.11865234375
37352,3214.522705078125
37353,8362.9013671875
37354,6073.07177734375
37355,9502.75390625
37356,4765.31884765625
37357,5717.46875
37358,5902.6220703125
37359,10688.849609375
37360,5718.84765625
37361,5590.58251953125
37362,6217.31103515625
37363,7552.65966796875
37364,4708.7080078125
37365,7749.1220703125
37366,7575.57080078125
37367,9338.5595703125
37368,8482.4189453125
37369,7012.923828125
37370,5965.92529296875
37371,5020.21435546875
37372,5501.12353515625
37373,10642.91796875
37374,10052.8056640625
37375,10269.0390625
37376,15259.4765625
37377,6755.4599609375
37378,5185.54736328125
37379,6972.41796875
37380,8861.6884765625
37381,10346.4658203125
37382,7301.029296875
37383,8212.8837890625
37384,8424.23046875
37385,7502.24365234375
37386,7210.56640625
37387,5989.884765625
37388,4747.39697265625
37389,5142.28857421875
37390,4367.16845703125
37391,6298.41943359375
37392,8662.404296875
37393,18184.083984375
37394,6705.9169921875
37395,5943.41064453125
37396,8236.32421875
37397,4554.05615234375
37398,6384.921875
37399,4820.3515625
37400,9214.615234375
37401,6918.96728515625
37402,6657.35205078125
37403,13888.341796875
37404,11405.62890625
37405,5981.50146484375
37406,7295.689453125
37407,3832.87158203125
37408,5091.884765625
37409,5696.3291015625
37410,8438.9931640625
37411,4887.5703125
37412,4534.70361328125
37413,5535.22265625
37414,6060.56005859375
37415,7684.51953125
37416,8215.26171875
37417,3323.089599609375
37418,8049.95751953125
37419,8011.39599609375
37420,8563.2021484375
37421,5483.31982421875
37422,5226.630859375
37423,8447.859375
37424,4754.25439453125
37425,9985.873046875
37426,5075.05517578125
37427,5656.84228515625
37428,7115.93798828125
37429,6415.26611328125
37430,5194.71826171875
37431,6965.83154296875
37432,8076.18798828125
37433,9808.4375
37434,10705.498046875
37435,6063.68017578125
37436,4343.43212890625
37437,6039.27880859375
37438,6152.53759765625
37439,4404.6064453125
37440,6948.95263671875
37441,6271.98681640625
37442,12491.3212890625
37443,8385.6865234375
37444,6025.72900390625
37445,8527.8427734375
37446,4910.07958984375
37447,9343.7890625
37448,6025.80908203125
37449,14834.404296875
37450,7015.17236328125
37451,5851.53955078125
37452,5381.673828125
37453,4476.31982421875
37454,7895.7646484375
37455,22760.66015625
37456,5258.8046875
37457,5361.66796875
37458,9913.068359375
37459,7217.07568359375
37460,8016.70263671875
37461,8919.8603515625
37462,6419.30078125
37463,5218.9296875
37464,3990.521484375
37465,10766.7841796875
37466,6666.24658203125
37467,7993.830078125
37468,8545.7138671875
37469,5499.4111328125
37470,8066.37890625
37471,6457.1904296875
37472,4363.6982421875
37473,9066.4072265625
37474,9264.2548828125
37475,4845.634765625
37476,7788.12890625
37477,8282.462890625
37478,5200.2099609375
37479,9746.4560546875
37480,7155.373046875
37481,7798.75048828125
37482,4734.7216796875
37483,5958.03076171875
37484,8242.82421875
37485,5080.29345703125
37486,8204.517578125
37487,4662.630859375
37488,5941.62939453125
37489,4510.2177734375
37490,6790.7978515625
37491,6240.705078125
37492,7230.85888671875
37493,7993.1259765625
37494,8084.10693359375
37495,6586.74462890625
37496,7623.43408203125
37497,6735.63525390625
37498,9696.7412109375
37499,9682.58984375
37500,8698.423828125
37501,3794.66357421875
37502,5834.80517578125
37503,7168.31201171875
37504,4513.99072265625
37505,11880.3076171875
37506,6835.47705078125
37507,9019.1650390625
37508,10561.953125
37509,7168.44677734375
37510,5161.9638671875
37511,10980.3671875
37512,10550.16796875
37513,5613.86279296875
37514,10104.8681640625
37515,9520.130859375
37516,5582.39111328125
37517,6712.69775390625
37518,7245.96142578125
37519,5672.25927734375
37520,6158.6044921875
37521,7373.6162109375
37522,4973.7900390625
37523,8121.564453125
37524,7820.11865234375
37525,7010.3603515625
37526,8922.9208984375
37527,5898.34375
37528,7124.587890625
37529,4832.63427734375
37530,7661.08935546875
37531,7352.19482421875
37532,6132.037109375
37533,8760.2197265625
37534,7497.189453125
37535,9600.0576171875
37536,5870.49267578125
37537,5629.76416015625
37538,6472.77197265625
37539,7631.03125
37540,7652.9990234375
37541,4759.28173828125
37542,4955.4375
37543,8682.0537109375
37544,7283.31494140625
37545,6104.61376953125
37546,8341.6611328125
37547,6362.9228515625
37548,7175.8720703125
37549,5322.90673828125
37550,3157.400146484375
37551,7422.1220703125
37552,6516.49560546875
37553,6629.94091796875
37554,9902.72265625
37555,10575.7802734375
37556,4763.17236328125
37557,8532.974609375
37558,4392.54541015625
37559,2881.06689453125
37560,7447.81298828125
37561,11363.9111328125
37562,7940.91455078125
37563,7579.2822265625
37564,4628.0234375
37565,6864.4580078125
37566,10512.7724609375
37567,7172.49755859375
37568,8085.0419921875
37569,5494.705078125
37570,4563.7197265625
37571,5479.38330078125
37572,5365.19970703125
37573,5799.8818359375
37574,5649.80810546875
37575,5916.18408203125
37576,4823.82373046875
37577,7239.6591796875
37578,7891.68701171875
37579,5691.15869140625
37580,6368.5751953125
37581,7444.70751953125
37582,6615.35693359375
37583,5923.31591796875
37584,9315.3486328125
37585,8404.0341796875
37586,5813.92919921875
37587,3919.60888671875
37588,12270.142578125
37589,7129.7861328125
37590,6179.29248046875
37591,8374.1953125
37592,8562.140625
37593,7925.39404296875
37594,5912.48779296875
37595,7557.77880859375
37596,9979.4541015625
37597,14220.80078125
37598,5214.63330078125
37599,5052.54931640625
37600,4922.78271484375
37601,6812.20556640625
37602,6451.025390625
37603,9816.1396484375
37604,8559.7626953125
37605,6511.85888671875
37606,3991.199462890625
37607,6361.205078125
37608,10999.013671875
37609,5061.8349609375
37610,8122.38037109375
37611,3957.2529296875
37612,7604.115234375
37613,8925.7978515625
37614,7474.02587890625
37615,9694.6044921875
37616,6875.7255859375
37617,4503.9609375
37618,5982.62841796875
37619,7815.80859375
37620,8854.8427734375
37621,7887.435546875
37622,8507.3662109375
37623,6561.7529296875
37624,4505.07080078125
37625,10482.064453125
37626,4789.87841796875
37627,9530.6943359375
37628,6261.90185546875
37629,4985.34814453125
37630,7689.81884765625
37631,6317.7275390625
37632,7764.3447265625
37633,9316.4296875
37634,4362.99853515625
37635,4302.70068359375
37636,8758.7578125
37637,9880.287109375
37638,9252.923828125
37639,6381.39404296875
37640,6466.14013671875
37641,7344.07861328125
37642,6665.47216796875
37643,5490.541015625
37644,10095.3095703125
37645,9131.80859375
37646,13097.7314453125
37647,4440.72802734375
37648,6114.97802734375
37649,11315.158203125
37650,9969.16796875
37651,5767.79345703125
37652,9458.2568359375
37653,6596.26904296875
37654,6067.28857421875
37655,6008.49072265625
37656,6151.068359375
37657,5614.98046875
37658,7263.39404296875
37659,5339.294921875
37660,5345.30224609375
37661,8893.1796875
37662,6560.17724609375
37663,24618.646484375
37664,7137.12060546875
37665,5337.54638671875
37666,8502.2490234375
37667,12430.423828125
37668,7676.15771484375
37669,8716.5556640625
37670,6595.43701171875
37671,8624.9755859375
37672,9293.7236328125
37673,6984.41357421875
37674,6638.35107421875
37675,7218.078125
37676,9037.2470703125
37677,8323.828125
37678,9346.8095703125
37679,7890.53076171875
37680,5394.375
37681,7601.08935546875
37682,11504.7451171875
37683,11473.6123046875
37684,12315.4990234375
37685,8539.53125
37686,6248.41162109375
37687,6109.47802734375
37688,5013.935546875
37689,8633.375
37690,12064.951171875
37691,9822.1494140625
37692,6850.060546875
37693,7015.87841796875
37694,5415.271484375
37695,6251.65234375
37696,11477.31640625
37697,8393.4326171875
37698,7135.5283203125
37699,5411.36865234375
37700,9880.7412109375
37701,3724.8515625
37702,8637.154296875
37703,5202.59814453125
37704,7893.12548828125
37705,8404.41015625
37706,6458.1533203125
37707,8290.9384765625
37708,7701.92529296875
37709,5623.72900390625
37710,8096.7578125
37711,7510.7578125
37712,11980.140625
37713,6894.1962890625
37714,9741.916015625
37715,8110.01416015625
37716,11092.67578125
37717,8211.3828125
37718,11046.8447265625
37719,5756.5927734375
37720,5918.01318359375
37721,7737.37255859375
37722,6399.06591796875
37723,10804.140625
37724,8377.0654296875
37725,6784.3623046875
37726,8620.12109375
37727,7491.58251953125
37728,10506.5478515625
37729,4413.3330078125
37730,14671.7724609375
37731,5705.46337890625
37732,6784.05126953125
37733,10021.6962890625
37734,5938.248046875
37735,8110.18212890625
37736,6910.6650390625
37737,8593.396484375
37738,6268.189453125
37739,5750.013671875
37740,8082.58154296875
37741,8087.11865234375
37742,8140.1015625
37743,5289.5361328125
37744,8060.7685546875
37745,12760.9375
37746,7426.63232421875
37747,5729.546875
37748,7835.02392578125
37749,6290.375
37750,5866.60693359375
37751,7853.5869140625
37752,4504.99951171875
37753,8948.708984375
37754,6687.466796875
37755,7942.6884765625
37756,11307.455078125
37757,4905.67236328125
37758,6634.5556640625
37759,6131.24658203125
37760,9554.005859375
37761,9639.8447265625
37762,5366.02880859375
37763,5756.49462890625
37764,7515.15380859375
37765,6776.29052734375
37766,6729.04736328125
37767,7537.8603515625
37768,7395.6669921875
37769,8337.4150390625
37770,6465.603515625
37771,4972.18701171875
37772,8087.56884765625
37773,7677.30517578125
37774,10055.5595703125
37775,9343.771484375
37776,8872.056640625
37777,6471.92041015625
37778,9897.4736328125
37779,6699.408203125
37780,7947.33984375
37781,10030.4365234375
37782,7194.05126953125
37783,11841.7021484375
37784,9280.0625
37785,8810.3642578125
37786,6569.64794921875
37787,8169.72314453125
37788,9184.4765625
37789,7592.48046875
37790,4561.9033203125
37791,6213.048828125
37792,9390.96484375
37793,6534.17431640625
37794,5005.3740234375
37795,9909.318359375
37796,6927.75048828125
37797,6261.98388671875
37798,6844.01318359375
37799,6343.81884765625
37800,9148.5234375
37801,7924.0400390625
37802,8432.9404296875
37803,6737.51611328125
37804,7348.9482421875
37805,7352.328125
37806,4637.26513671875
37807,7845.8876953125
37808,6892.4453125
37809,9358.099609375
37810,8497.3583984375
37811,7423.52783203125
37812,12991.9169921875
37813,6824.3427734375
37814,4706.05908203125
37815,12201.705078125
37816,8019.61474609375
37817,9290.3427734375
37818,8603.1962890625
37819,4899.57763671875
37820,6780.8056640625
37821,6279.40185546875
37822,8943.076171875
37823,13772.328125
37824,7741.63037109375
37825,3990.711181640625
37826,4834.400390625
37827,9056.5537109375
37828,9727.3876953125
37829,7113.95751953125
37830,7517.49658203125
37831,5602.11083984375
37832,6278.0478515625
37833,3865.08544921875
37834,6105.05712890625
37835,6611.41552734375
37836,7930.1376953125
37837,7769.28271484375
37838,7170.439453125
37839,9014.9609375
37840,9125.376953125
37841,8132.73779296875
37842,5629.93603515625
37843,11144.951171875
37844,12995.3447265625
37845,6949.58203125
37846,8951.2490234375
37847,5535.18310546875
37848,7081.03271484375
37849,4924.38623046875
37850,9254.8857421875
37851,6325.662109375
37852,9928.9345703125
37853,8112.7197265625
37854,9795.890625
37855,9277.5703125
37856,5531.32421875
37857,10277.884765625
37858,21366.0
37859,11861.306640625
37860,7751.2685546875
37861,3251.700439453125
37862,7796.0009765625
37863,10489.4560546875
37864,6178.0390625
37865,12506.1748046875
37866,16612.56640625
37867,4528.5654296875
37868,6239.2275390625
37869,9380.205078125
37870,5558.41357421875
37871,9996.736328125
37872,7372.33544921875
37873,8827.7236328125
37874,5856.228515625
37875,7776.47900390625
37876,7077.92919921875
37877,8165.89794921875
37878,10861.2685546875
37879,7298.0947265625
37880,6541.79541015625
37881,8846.103515625
37882,6460.4140625
37883,5378.32373046875
37884,8837.244140625
37885,6200.232421875
37886,6865.9638671875
37887,8885.375
37888,7575.857421875
37889,8746.8173828125
37890,9285.1640625
37891,8375.33203125
37892,8878.6328125
37893,10557.8994140625
37894,9414.1650390625
37895,6116.25537109375
37896,3889.112060546875
37897,7624.8349609375
37898,7889.28759765625
37899,6583.49609375
37900,5380.25927734375
37901,10911.2626953125
37902,8254.91015625
37903,11066.2685546875
37904,8030.60498046875
37905,6401.2783203125
37906,5643.30419921875
37907,4898.04638671875
37908,11818.1689453125
37909,5771.14306640625
37910,7891.36181640625
37911,17107.8046875
37912,8045.88818359375
37913,7391.66259765625
37914,5670.62939453125
37915,5489.3037109375
37916,8107.58447265625
37917,4295.53564453125
37918,6440.85595703125
37919,10979.3642578125
37920,5149.35302734375
37921,18418.5
37922,16476.38671875
37923,5637.14892578125
37924,7796.37646484375
37925,6778.55126953125
37926,7774.22607421875
37927,6103.33544921875
37928,12395.5166015625
37929,7390.40625
37930,10692.2568359375
37931,5387.48974609375
37932,8460.5595703125
37933,5187.2685546875
37934,9399.6337890625
37935,7622.7998046875
37936,6653.283203125
37937,7103.85546875
37938,6881.6513671875
37939,9447.474609375
37940,10518.3876953125
37941,6219.068359375
37942,11470.939453125
37943,6676.60986328125
37944,11321.4638671875
37945,5894.13720703125
37946,5971.15185546875
37947,6446.978515625
37948,12346.3115234375
37949,6985.97265625
37950,8382.724609375
37951,8259.4638671875
37952,9596.0478515625
37953,5379.353515625
37954,9957.38671875
37955,8066.40185546875
37956,4637.93798828125
37957,16081.6083984375
37958,18481.224609375
37959,8213.041015625
37960,7910.294921875
37961,11430.04296875
37962,11652.220703125
37963,11953.6630859375
37964,6719.73828125
37965,8670.7978515625
37966,6630.41796875
37967,9256.8388671875
37968,5127.6005859375
37969,7059.23974609375
37970,6499.64794921875
37971,6998.4580078125
37972,7466.22705078125
37973,6070.99658203125
37974,5704.40380859375
37975,7757.626953125
37976,4131.50146484375
37977,5295.94189453125
37978,7035.00341796875
37979,7659.7412109375
37980,10321.671875
37981,9576.103515625
37982,7998.025390625
37983,6649.43017578125
37984,6680.064453125
37985,11949.349609375
37986,8547.50390625
37987,6368.75341796875
37988,5949.17822265625
37989,11057.3310546875
37990,4714.296875
37991,7396.5087890625
37992,3553.17919921875
37993,6166.55908203125
37994,9315.353515625
37995,6319.67919921875
37996,5020.49951171875
37997,9596.9609375
37998,10365.0556640625
37999,13534.609375
38000,6945.30615234375
38001,9681.865234375
38002,3291.254150390625
38003,5706.2841796875
38004,7116.99267578125
38005,4753.33837890625
38006,9305.140625
38007,6519.15087890625
38008,6103.5078125
38009,9833.0244140625
38010,12239.806640625
38011,9955.0908203125
38012,6349.41455078125
38013,6416.90625
38014,15446.91796875
38015,8261.626953125
38016,7232.36083984375
38017,5742.70166015625
38018,8363.931640625
38019,11345.951171875
38020,5243.69482421875
38021,7175.0830078125
38022,9241.83984375
38023,8880.8505859375
38024,15833.3408203125
38025,7490.93603515625
38026,13690.0224609375
38027,7517.50537109375
38028,6095.236328125
38029,3579.981689453125
38030,7184.43603515625
38031,8466.580078125
38032,6453.970703125
38033,7588.451171875
38034,5419.14892578125
38035,5307.32666015625
38036,7348.06298828125
38037,4270.14892578125
38038,8694.4609375
38039,7867.16259765625
38040,9103.6865234375
38041,9321.2890625
38042,6354.62548828125
38043,10426.7841796875
38044,6958.2626953125
38045,6605.44384765625
38046,5776.2890625
38047,5771.9345703125
38048,12048.5625
38049,7201.8232421875
38050,5834.14453125
38051,8125.72265625
38052,9406.7734375
38053,8465.61328125
38054,7583.19921875
38055,9719.5673828125
38056,7160.9912109375
38057,6961.00341796875
38058,8272.650390625
38059,9449.7568359375
38060,7190.20458984375
38061,7271.87646484375
38062,6377.72021484375
38063,6341.55029296875
38064,4533.85546875
38065,5931.9931640625
38066,8579.85546875
38067,10642.009765625
38068,12084.45703125
38069,12595.626953125
38070,9006.2021484375
38071,8772.1123046875
38072,5056.9296875
38073,11717.1533203125
38074,12051.201171875
38075,8970.7880859375
38076,9742.1630859375
38077,10671.2138671875
38078,6502.529296875
38079,5163.408203125
38080,9785.939453125
38081,7951.97265625
38082,8314.01953125
38083,7008.310546875
38084,3581.144287109375
38085,13361.3779296875
38086,6485.7548828125
38087,5632.78369140625
38088,4650.20654296875
38089,5514.4189453125
38090,7620.376953125
38091,10295.31640625
38092,8015.49609375
38093,5563.13623046875
38094,5338.13134765625
38095,5018.0390625
38096,4442.11474609375
38097,8526.2373046875
38098,18710.94140625
38099,5676.3203125
38100,6219.978515625
38101,8118.40087890625
38102,6101.4853515625
38103,5575.814453125
38104,5189.34521484375
38105,4807.1416015625
38106,8495.3759765625
38107,8011.91943359375
38108,5249.10107421875
38109,10161.357421875
38110,7346.041015625
38111,5761.1396484375
38112,12502.677734375
38113,8859.416015625
38114,11408.939453125
38115,6835.353515625
38116,8121.6015625
38117,5487.24755859375
38118,5978.3544921875
38119,16895.01953125
38120,9836.984375
38121,7132.54931640625
38122,6822.8623046875
38123,5022.8203125
38124,6442.35498046875
38125,5078.693359375
38126,11453.8662109375
38127,6434.775390625
38128,6266.23974609375
38129,7816.65478515625
38130,5570.63037109375
38131,7951.44140625
38132,9352.484375
38133,8250.6962890625
38134,8493.3349609375
38135,4818.177734375
38136,6118.52734375
38137,6940.904296875
38138,10850.5634765625
38139,9953.3330078125
38140,7679.11474609375
38141,4980.82568359375
38142,8293.12890625
38143,6579.5458984375
38144,4668.90234375
38145,8338.587890625
38146,8043.16357421875
38147,7374.322265625
38148,7445.09228515625
38149,7091.81787109375
38150,6588.15966796875
38151,6494.99365234375
38152,7698.7255859375
38153,6891.45361328125
38154,7997.330078125
38155,9945.09765625
38156,6703.20654296875
38157,5448.78759765625
38158,13578.287109375
38159,7150.1318359375
38160,4106.54736328125
38161,9224.1806640625
38162,9439.6611328125
38163,13046.5595703125
38164,5228.4248046875
38165,6641.91943359375
38166,6621.43310546875
38167,7923.0673828125
38168,6568.36962890625
38169,9273.33984375
38170,4499.146484375
38171,7411.84130859375
38172,6675.919921875
38173,6208.97900390625
38174,5854.22900390625
38175,7254.32666015625
38176,10356.6435546875
38177,6407.06689453125
38178,8679.0087890625
38179,9231.98046875
38180,9410.212890625
38181,5178.54150390625
38182,7639.07666015625
38183,8303.6650390625
38184,9442.9775390625
38185,9542.150390625
38186,4931.68359375
38187,9264.3427734375
38188,7769.1279296875
38189,8200.865234375
38190,5937.26171875
38191,4442.80615234375
38192,10022.3056640625
38193,6931.65576171875
38194,9874.619140625
38195,7369.9384765625
38196,6729.53076171875
38197,9490.1865234375
38198,8588.0732421875
38199,8942.708984375
38200,9128.3779296875
38201,7068.7265625
38202,10900.59375
38203,12568.6845703125
38204,9089.4716796875
38205,5630.91259765625
38206,7112.12744140625
38207,5080.14990234375
38208,4047.9443359375
38209,9295.810546875
38210,5967.39501953125
38211,10901.791015625
38212,5183.61376953125
38213,6511.77099609375
38214,6538.93408203125
38215,10414.322265625
38216,5399.6162109375
38217,6098.59716796875
38218,6684.45458984375
38219,8280.0087890625
38220,5531.0087890625
38221,7894.08935546875
38222,7638.69775390625
38223,9775.6201171875
38224,8491.8212890625
38225,7399.96923828125
38226,5702.99609375
38227,5269.435546875
38228,5845.5625
38229,12896.2822265625
38230,9957.748046875
38231,10762.162109375
38232,16092.251953125
38233,7442.33203125
38234,6164.2822265625
38235,8319.43359375
38236,9446.1806640625
38237,12232.9482421875
38238,8256.7314453125
38239,9416.2255859375
38240,9056.9013671875
38241,8049.578125
38242,7673.291015625
38243,6694.9658203125
38244,5396.5107421875
38245,5396.9580078125
38246,4647.400390625
38247,6264.04150390625
38248,9653.8857421875
38249,18706.00390625
38250,7224.90625
38251,5694.697265625
38252,8322.24609375
38253,5003.10791015625
38254,6523.69775390625
38255,4106.02490234375
38256,9685.50390625
38257,6820.6875
38258,7100.75146484375
38259,14849.830078125
38260,12386.96484375
38261,6636.8056640625
38262,7426.7333984375
38263,3808.75830078125
38264,5142.2958984375
38265,5782.68310546875
38266,8546.388671875
38267,5158.392578125
38268,4582.720703125
38269,6663.0859375
38270,6195.443359375
38271,8514.5869140625
38272,8735.4033203125
38273,3048.777099609375
38274,7904.7197265625
38275,9094.25
38276,8439.36328125
38277,6192.4140625
38278,5337.84521484375
38279,9329.7744140625
38280,5268.5
38281,10718.9228515625
38282,5098.16796875
38283,6373.02587890625
38284,7993.52392578125
38285,6808.7841796875
38286,5361.99853515625
38287,6575.86376953125
38288,8622.43359375
38289,10210.8173828125
38290,11872.08984375
38291,6358.07080078125
38292,4689.33544921875
38293,5987.7958984375
38294,6590.5419921875
38295,5047.26025390625
38296,7737.8203125
38297,6624.52001953125
38298,13283.4736328125
38299,8823.138671875
38300,6155.4296875
38301,8650.8310546875
38302,5499.00830078125
38303,9857.2294921875
38304,6473.25146484375
38305,15489.6396484375
38306,7284.04052734375
38307,5909.39208984375
38308,5920.93994140625
38309,4294.71728515625
38310,8432.4453125
38311,21203.166015625
38312,4581.0166015625
38313,5485.98291015625
38314,10798.892578125
38315,8004.416015625
38316,8368.9599609375
38317,9111.841796875
38318,6799.1044921875
38319,5135.0849609375
38320,4042.534423828125
38321,12079.0556640625
38322,7292.0576171875
38323,8508.5869140625
38324,9329.7060546875
38325,5896.62158203125
38326,8569.423828125
38327,7114.7451171875
38328,4487.4228515625
38329,9927.56640625
38330,10276.5634765625
38331,4703.02587890625
38332,8178.8447265625
38333,9380.0869140625
38334,5357.32470703125
38335,10264.8984375
38336,7107.99462890625
38337,8421.62109375
38338,5077.41015625
38339,5626.02197265625
38340,7877.169921875
38341,5911.6220703125
38342,8831.0107421875
38343,5068.46484375
38344,6462.8212890625
38345,5198.654296875
38346,7168.57763671875
38347,6603.51123046875
38348,7755.58544921875
38349,8282.353515625
38350,8614.19140625
38351,7042.99267578125
38352,8135.9365234375
38353,7159.8896484375
38354,10131.296875
38355,10219.623046875
38356,9058.5849609375
38357,3975.3017578125
38358,6671.689453125
38359,8096.00341796875
38360,4763.1005859375
38361,11558.1806640625
38362,6809.61767578125
38363,10161.908203125
38364,12189.080078125
38365,8024.91796875
38366,5657.7275390625
38367,13550.1201171875
38368,10881.8203125
38369,5894.1044921875
38370,11298.3984375
38371,11550.861328125
38372,5487.396484375
38373,7181.033203125
38374,7801.11474609375
38375,6468.7265625
38376,6755.19580078125
38377,7729.56396484375
38378,5573.01904296875
38379,8375.9287109375
38380,8115.18408203125
38381,8025.30908203125
38382,10009.8330078125
38383,6718.17041015625
38384,7833.5517578125
38385,5299.072265625
38386,8527.2783203125
38387,8046.69091796875
38388,6178.50048828125
38389,9008.4091796875
38390,8716.86328125
38391,11010.5703125
38392,6589.42626953125
38393,6126.86181640625
38394,6829.8427734375
38395,7288.0078125
38396,8492.4140625
38397,4858.42578125
38398,5423.91650390625
38399,8384.9013671875
38400,7901.7236328125
38401,6946.255859375
38402,9166.560546875
38403,6392.33447265625
38404,7555.1689453125
38405,5557.45654296875
38406,3783.510009765625
38407,8272.1279296875
38408,7353.58740234375
38409,8677.0322265625
38410,10047.794921875
38411,9756.8486328125
38412,5295.091796875
38413,9440.619140625
38414,4457.9228515625
38415,3335.87158203125
38416,8494.0244140625
38417,11775.9013671875
38418,9064.8427734375
38419,8404.0478515625
38420,5740.14501953125
38421,7860.8212890625
38422,10912.84765625
38423,7760.70703125
38424,8545.1103515625
38425,5574.66748046875
38426,5270.900390625
38427,6464.17529296875
38428,5859.23291015625
38429,6315.826171875
38430,6314.76318359375
38431,5666.8818359375
38432,4864.69970703125
38433,7240.17431640625
38434,8882.818359375
38435,6360.83544921875
38436,7469.02392578125
38437,7922.8232421875
38438,6887.84912109375
38439,6802.31884765625
38440,8245.8896484375
38441,8436.0498046875
38442,5407.48779296875
38443,4362.9970703125
38444,14919.5185546875
38445,7310.08056640625
38446,7177.1337890625
38447,9398.755859375
38448,9106.7353515625
38449,8369.62890625
38450,6334.19775390625
38451,8390.20703125
38452,12049.3291015625
38453,14715.623046875
38454,6033.07470703125
38455,5923.11962890625
38456,5180.71484375
38457,7392.79150390625
38458,6421.572265625
38459,9074.4111328125
38460,10012.78515625
38461,6881.65625
38462,4367.357421875
38463,6990.4580078125
38464,11147.654296875
38465,5770.42919921875
38466,8935.8935546875
38467,4599.9052734375
38468,8386.904296875
38469,10593.8017578125
38470,8014.08544921875
38471,10553.5458984375
38472,7401.759765625
38473,5013.7255859375
38474,6374.47998046875
38475,9255.3056640625
38476,9615.7294921875
38477,8161.7763671875
38478,8547.0849609375
38479,7088.60693359375
38480,5028.341796875
38481,10991.3984375
38482,5662.94580078125
38483,10206.5771484375
38484,6499.5126953125
38485,5253.57373046875
38486,8966.6396484375
38487,7343.93115234375
38488,8608.646484375
38489,9991.37890625
38490,5285.18017578125
38491,5309.22119140625
38492,9804.8828125
38493,10905.0634765625
38494,9719.4765625
38495,5850.1875
38496,7289.2099609375
38497,8305.5380859375
38498,7285.99658203125
38499,5984.92333984375
38500,11602.4013671875
38501,9765.677734375
38502,14217.625
38503,5014.52734375
38504,6746.94580078125
38505,11937.3203125
38506,10761.8603515625
38507,7175.39111328125
38508,9727.0341796875
38509,7371.06640625
38510,6812.40478515625
38511,6757.2783203125
38512,7568.61767578125
38513,6339.5400390625
38514,8137.6884765625
38515,6313.21728515625
38516,5873.96875
38517,10378.19921875
38518,6625.49853515625
38519,24485.70703125
38520,7654.091796875
38521,5986.5908203125
38522,9500.1396484375
38523,14242.3203125
38524,9222.71484375
38525,10962.173828125
38526,7256.41845703125
38527,10435.689453125
38528,11526.0390625
38529,8639.580078125
38530,7485.3876953125
38531,8996.705078125
38532,11380.3447265625
38533,10086.9189453125
38534,10956.427734375
38535,9393.6640625
38536,6773.87841796875
38537,9452.2744140625
38538,13814.138671875
38539,13325.5888671875
38540,13759.615234375
38541,12671.1689453125
38542,6274.2470703125
38543,7328.15966796875
38544,6136.7705078125
38545,10781.0771484375
38546,16420.22265625
38547,12590.2880859375
38548,9516.974609375
38549,8300.6884765625
38550,5480.72265625
38551,8326.37890625
38552,14084.0693359375
38553,9687.4619140625
38554,8903.6455078125
38555,7823.5634765625
38556,11466.072265625
38557,4661.18310546875
38558,11352.1171875
38559,6175.7177734375
38560,10128.7490234375
38561,10697.5009765625
38562,8290.375
38563,10533.814453125
38564,9999.4736328125
38565,7714.2548828125
38566,8563.4521484375
38567,9743.521484375
38568,15114.5400390625
38569,8227.48828125
38570,12206.482421875
38571,10217.1591796875
38572,13209.5048828125
38573,10584.060546875
38574,13298.40234375
38575,7580.68798828125
38576,7264.0439453125
38577,9623.3486328125
38578,8726.6396484375
38579,13107.3193359375
38580,10588.875
38581,8117.3515625
38582,11131.8564453125
38583,9310.791015625
38584,13192.224609375
38585,4912.19921875
38586,17419.8671875
38587,6356.9150390625
38588,8487.54296875
38589,12230.55859375
38590,7439.21923828125
38591,10730.15625
38592,8147.71484375
38593,11170.4140625
38594,7371.79345703125
38595,7583.7099609375
38596,10517.330078125
38597,10958.4677734375
38598,10254.265625
38599,7253.353515625
38600,9716.326171875
38601,16374.1494140625
38602,9105.2265625
38603,7233.75537109375
38604,9780.40625
38605,7949.259765625
38606,7164.13134765625
38607,10478.5205078125
38608,5155.1435546875
38609,11593.3798828125
38610,8927.369140625
38611,9991.642578125
38612,14559.568359375
38613,5175.888671875
38614,7782.22412109375
38615,7486.71533203125
38616,12590.9462890625
38617,11034.3525390625
38618,6666.22412109375
38619,6588.2744140625
38620,9754.8447265625
38621,8466.27734375
38622,8421.8427734375
38623,9025.302734375
38624,9263.787109375
38625,10556.896484375
38626,8816.544921875
38627,5928.861328125
38628,10749.6171875
38629,10938.37890625
38630,10492.8798828125
38631,11807.8798828125
38632,12061.376953125
38633,8278.31640625
38634,12950.291015625
38635,8003.0341796875
38636,10236.6728515625
38637,14158.1142578125
38638,8952.2421875
38639,14440.8310546875
38640,10081.7255859375
38641,11601.189453125
38642,8286.0009765625
38643,9682.7900390625
38644,12137.2958984375
38645,9047.57421875
38646,5401.681640625
38647,7297.935546875
38648,11928.3515625
38649,8295.4384765625
38650,6506.916015625
38651,12952.7333984375
38652,8357.802734375
38653,7941.4716796875
38654,7527.9794921875
38655,8038.31884765625
38656,11778.583984375
38657,9738.486328125
38658,9889.62109375
38659,8713.35546875
38660,9483.3974609375
38661,9758.6318359375
38662,6142.876953125
38663,9002.162109375
38664,9173.599609375
38665,10863.44140625
38666,9965.185546875
38667,8544.482421875
38668,15816.958984375
38669,8060.40234375
38670,6774.998046875
38671,14629.4658203125
38672,9028.96484375
38673,11846.8935546875
38674,9649.376953125
38675,7241.4853515625
38676,9250.142578125
38677,7826.52001953125
38678,11761.2626953125
38679,17914.365234375
38680,10244.9521484375
38681,5640.1435546875
38682,6554.98974609375
38683,11115.162109375
38684,11528.0087890625
38685,9034.8798828125
38686,9404.333984375
38687,6081.10791015625
38688,7059.32177734375
38689,4325.2109375
38690,7028.96533203125
38691,8853.728515625
38692,10817.7958984375
38693,8463.6826171875
38694,8408.28515625
38695,11146.490234375
38696,13447.021484375
38697,10410.4765625
38698,7111.2978515625
38699,12575.330078125
38700,18356.736328125
38701,9391.5419921875
38702,9971.3125
38703,7774.39599609375
38704,9314.34375
38705,7071.4453125
38706,11024.333984375
38707,8815.1982421875
38708,11816.6494140625
38709,9355.0390625
38710,12783.1787109375
38711,11272.603515625
38712,7078.78955078125
38713,14447.146484375
38714,23317.162109375
38715,15974.8916015625
38716,10251.2763671875
38717,4896.1162109375
38718,8640.24609375
38719,12166.4541015625
38720,8004.916015625
38721,13974.7880859375
38722,18876.98828125
38723,6006.82568359375
38724,8755.4150390625
38725,11334.9296875
38726,7077.13427734375
38727,12920.5068359375
38728,10040.1787109375
38729,11871.2177734375
38730,6678.0400390625
38731,9614.9013671875
38732,8372.4072265625
38733,10863.7578125
38734,15183.7470703125
38735,8350.08984375
38736,7780.9140625
38737,9343.98828125
38738,7559.63525390625
38739,6353.08740234375
38740,10663.0771484375
38741,8438.7587890625
38742,9147.763671875
38743,10770.86328125
38744,8096.71484375
38745,9853.064453125
38746,11444.404296875
38747,10448.9921875
38748,11766.8125
38749,12752.16796875
38750,10128.6376953125
38751,7108.7177734375
38752,6214.99755859375
38753,9082.2080078125
38754,9352.283203125
38755,9035.5302734375
38756,6948.47021484375
38757,12231.7294921875
38758,10487.0244140625
38759,14483.87109375
38760,9265.337890625
38761,8549.337890625
38762,7780.203125
38763,6386.5810546875
38764,15081.62109375
38765,6598.19189453125
38766,9749.3115234375
38767,20680.96484375
38768,9747.548828125
38769,7736.22900390625
38770,7091.06640625
38771,6573.0419921875
38772,10747.517578125
38773,5777.5185546875
38774,7668.28125
38775,12791.537109375
38776,6989.91259765625
38777,21518.466796875
38778,17246.689453125
38779,7672.31689453125
38780,8948.7880859375
38781,7308.1103515625
38782,9920.697265625
38783,7734.2333984375
38784,14846.646484375
38785,9842.615234375
38786,12944.060546875
38787,8207.7158203125
38788,10195.4228515625
38789,7260.81396484375
38790,11422.5029296875
38791,9966.931640625
38792,8857.900390625
38793,8711.8154296875
38794,8008.62255859375
38795,12738.111328125
38796,13139.05859375
38797,9141.5830078125
38798,15580.818359375
38799,8539.7822265625
38800,14075.2744140625
38801,6570.97705078125
38802,7671.54931640625
38803,8008.875
38804,17106.607421875
38805,8747.3330078125
38806,11126.8525390625
38807,11180.693359375
38808,12704.482421875
38809,7870.35693359375
38810,11261.76171875
38811,9396.8818359375
38812,5578.404296875
38813,17610.818359375
38814,20427.16796875
38815,11859.6650390625
38816,10403.12890625
38817,14300.55859375
38818,14499.216796875
38819,14053.009765625
38820,8321.744140625
38821,11350.650390625
38822,9121.0810546875
38823,11534.1513671875
38824,5870.49951171875
38825,8723.3662109375
38826,8580.767578125
38827,8163.2314453125
38828,9667.69921875
38829,7568.46728515625
38830,8101.2451171875
38831,10386.283203125
38832,5791.62841796875
38833,6273.72900390625
38834,8836.2080078125
38835,10751.2998046875
38836,14303.658203125
38837,11060.80859375
38838,9701.228515625
38839,8492.423828125
38840,8538.134765625
38841,14931.6611328125
38842,9891.84765625
38843,8028.23193359375
38844,8218.853515625
38845,14008.55078125
38846,5450.77294921875
38847,9991.0830078125
38848,5037.6201171875
38849,7181.13525390625
38850,12149.5302734375
38851,7950.208984375
38852,7653.474609375
38853,11640.322265625
38854,12756.7431640625
38855,15461.125
38856,8592.5810546875
38857,12448.53515625
38858,4306.17333984375
38859,6593.7353515625
38860,8350.455078125
38861,6026.556640625
38862,10194.4287109375
38863,7727.373046875
38864,7852.43701171875
38865,11975.7744140625
38866,13800.7021484375
38867,12405.6708984375
38868,7541.7421875
38869,7800.6767578125
38870,17708.837890625
38871,10187.2734375
38872,8759.0546875
38873,7144.8740234375
38874,9629.1123046875
38875,13570.3046875
38876,6739.0166015625
38877,9198.5341796875
38878,12087.041015625
38879,10819.283203125
38880,18224.265625
38881,9245.5615234375
38882,15299.9443359375
38883,9389.068359375
38884,7768.51220703125
38885,4579.22265625
38886,7964.248046875
38887,10250.97265625
38888,8199.8603515625
38889,9669.3466796875
38890,7159.6904296875
38891,7343.60009765625
38892,8798.1787109375
38893,5933.966796875
38894,10081.56640625
38895,10443.7626953125
38896,10513.4443359375
38897,13110.251953125
38898,8236.9755859375
38899,11991.6572265625
38900,8413.9443359375
38901,7836.5283203125
38902,8324.4931640625
38903,7168.74609375
38904,14015.4990234375
38905,9312.4921875
38906,6606.79150390625
38907,10686.0009765625
38908,12463.0947265625
38909,11285.2705078125
38910,9201.43359375
38911,12164.7099609375
38912,8078.72900390625
38913,8191.24365234375
38914,10336.1142578125
38915,11377.2578125
38916,9294.4912109375
38917,9422.3349609375
38918,8721.5087890625
38919,8349.376953125
38920,6104.25048828125
38921,7020.54541015625
38922,10254.060546875
38923,13400.064453125
38924,13916.82421875
38925,15989.390625
38926,11526.2607421875
38927,10767.4189453125
38928,6184.3447265625
38929,13740.740234375
38930,16113.2890625
38931,12702.6923828125
38932,11549.685546875
38933,12031.58203125
38934,8012.5751953125
38935,6557.14501953125
38936,11483.3740234375
38937,10407.1396484375
38938,12026.62109375
38939,8444.1298828125
38940,4519.54638671875
38941,16675.09375
38942,9622.91796875
38943,7552.2314453125
38944,6082.376953125
38945,6861.109375
38946,9087.583984375
38947,13368.58984375
38948,10268.6337890625
38949,6634.240234375
38950,6666.63720703125
38951,6021.49853515625
38952,4917.76904296875
38953,10220.439453125
38954,20861.783203125
38955,6020.7744140625
38956,8252.609375
38957,10110.8984375
38958,6548.0
38959,7195.58544921875
38960,7021.81591796875
38961,5677.154296875
38962,10566.7646484375
38963,10591.6787109375
38964,5875.23291015625
38965,13419.05078125
38966,9661.1689453125
38967,7517.61181640625
38968,15185.697265625
38969,11917.8974609375
38970,12932.8447265625
38971,8143.68896484375
38972,10002.8818359375
38973,6600.251953125
38974,7289.734375
38975,19776.919921875
38976,14665.9189453125
38977,9544.41015625
38978,7696.87841796875
38979,7500.697265625
38980,8479.5693359375
38981,5963.56640625
38982,13450.6982421875
38983,7605.47509765625
38984,8350.140625
38985,11751.904296875
38986,7403.57421875
38987,9392.001953125
38988,10126.6806640625
38989,11069.3408203125
38990,11236.783203125
38991,6532.64794921875
38992,8262.857421875
38993,8840.50390625
38994,13482.28515625
38995,12220.087890625
38996,10276.2900390625
38997,5974.25390625
38998,10615.2998046875
38999,8609.9287109375
39000,6720.42626953125
39001,10086.7861328125
39002,10452.4931640625
39003,8963.3837890625
39004,9366.248046875
39005,9596.30078125
39006,8411.3583984375
39007,8186.32080078125
39008,9200.54296875
39009,8687.4619140625
39010,10961.400390625
39011,12370.3642578125
39012,7529.8564453125
39013,6362.54052734375
39014,17280.576171875
39015,8573.0654296875
39016,5772.90283203125
39017,10079.2744140625
39018,11983.7431640625
39019,15016.8076171875
39020,6785.513671875
39021,8644.4990234375
39022,8041.3828125
39023,9378.7275390625
39024,7655.865234375
39025,13171.5537109375
39026,4006.699951171875
39027,8463.55859375
39028,9037.7919921875
39029,7735.31396484375
39030,8203.3349609375
39031,9373.1318359375
39032,13092.3662109375
39033,7510.91650390625
39034,12148.7578125
39035,11329.8779296875
39036,11928.3603515625
39037,6803.59130859375
39038,8955.7490234375
39039,9044.578125
39040,12629.7607421875
39041,12055.42578125
39042,5822.29345703125
39043,9676.8310546875
39044,9424.1220703125
39045,10925.083984375
39046,7814.2724609375
39047,6117.36767578125
39048,13887.8955078125
39049,8332.4892578125
39050,12357.330078125
39051,9887.6689453125
39052,7491.60107421875
39053,11988.396484375
39054,10923.689453125
39055,11641.630859375
39056,11179.3095703125
39057,9178.3173828125
39058,13286.962890625
39059,14493.7763671875
39060,9954.1044921875
39061,6939.33447265625
39062,9301.8349609375
39063,6243.77294921875
39064,4708.607421875
39065,11953.376953125
39066,8150.75830078125
39067,13176.009765625
39068,6938.97265625
39069,9058.2412109375
39070,8468.875
39071,12710.111328125
39072,7368.67919921875
39073,7349.982421875
39074,9453.63671875
39075,9776.0732421875
39076,7065.55908203125
39077,9522.0634765625
39078,9317.0654296875
39079,12021.462890625
39080,10745.7099609375
39081,9411.7099609375
39082,6988.01318359375
39083,6524.00048828125
39084,6828.26318359375
39085,15646.1982421875
39086,12226.1767578125
39087,13496.138671875
39088,16498.705078125
39089,9729.69921875
39090,7007.2783203125
39091,9652.6826171875
39092,11566.7470703125
39093,15239.1845703125
39094,10049.4892578125
39095,11678.66796875
39096,12477.6455078125
39097,9573.2587890625
39098,10031.1015625
39099,8094.21337890625
39100,7904.62548828125
39101,7268.134765625
39102,5762.77294921875
39103,8744.7822265625
39104,12272.9462890625
39105,21771.4609375
39106,9487.39453125
39107,6671.49755859375
39108,10516.603515625
39109,7032.671875
39110,9060.07421875
39111,5472.69677734375
39112,12597.775390625
39113,9306.1884765625
39114,9837.203125
39115,19306.69921875
39116,13427.28125
39117,8834.7724609375
39118,9694.5703125
39119,4920.7841796875
39120,5879.92041015625
39121,7704.14404296875
39122,11434.1123046875
39123,7284.85791015625
39124,6494.57958984375
39125,8224.169921875
39126,7758.837890625
39127,10113.3779296875
39128,11548.828125
39129,3873.879150390625
39130,10193.712890625
39131,11943.052734375
39132,11845.64453125
39133,8786.2421875
39134,6677.75830078125
39135,11274.2265625
39136,6700.56201171875
39137,13602.65625
39138,6276.66455078125
39139,9011.9462890625
39140,9813.712890625
39141,8611.474609375
39142,6665.87109375
39143,8586.44921875
39144,11152.17578125
39145,12520.69140625
39146,14882.9697265625
39147,8197.482421875
39148,5497.130859375
39149,7697.732421875
39150,9393.005859375
39151,6326.80908203125
39152,9550.62890625
39153,8105.435546875
39154,15226.169921875
39155,11679.5634765625
39156,8076.43603515625
39157,10558.90625
39158,7195.24267578125
39159,12639.9609375
39160,7573.205078125
39161,16436.12109375
39162,9110.9248046875
39163,8406.466796875
39164,7305.39111328125
39165,5952.724609375
39166,9864.03125
39167,25781.779296875
39168,6491.17529296875
39169,7334.0419921875
39170,13032.4912109375
39171,9452.41015625
39172,9398.310546875
39173,11942.4931640625
39174,9002.3232421875
39175,7177.73095703125
39176,6040.14892578125
39177,14748.7568359375
39178,8708.9970703125
39179,10103.23046875
39180,11378.6923828125
39181,7910.71630859375
39182,9821.82421875
39183,8287.2236328125
39184,5654.8447265625
39185,11780.4384765625
39186,12469.98828125
39187,5445.1982421875
39188,9999.4189453125
39189,10640.0478515625
39190,6558.84716796875
39191,13318.375
39192,9061.9228515625
39193,10681.400390625
39194,6637.10400390625
39195,8585.376953125
39196,9535.4951171875
39197,6541.30029296875
39198,10960.79296875
39199,6296.07177734375
39200,8331.4345703125
39201,6248.1513671875
39202,9188.1982421875
39203,7003.3046875
39204,10404.67578125
39205,10709.783203125
39206,10781.5966796875
39207,9636.9794921875
39208,9973.326171875
39209,8335.720703125
39210,12332.119140625
39211,13225.359375
39212,10570.0361328125
39213,3640.697509765625
39214,8646.328125
39215,10769.814453125
39216,6363.77294921875
39217,15113.7939453125
39218,8579.400390625
39219,11752.2783203125
39220,13136.9677734375
39221,8419.046875
39222,6920.67431640625
39223,13954.8447265625
39224,14413.060546875
39225,7327.77685546875
39226,12478.9052734375
39227,12327.6767578125
39228,7774.89794921875
39229,7758.9501953125
39230,9697.9404296875
39231,7898.10107421875
39232,8607.4677734375
39233,9858.3623046875
39234,6737.56982421875
39235,8795.341796875
39236,10505.1337890625
39237,10292.7060546875
39238,13499.2783203125
39239,8463.91796875
39240,10181.7158203125
39241,6988.16015625
39242,9616.9697265625
39243,9700.9189453125
39244,8663.11328125
39245,9801.0947265625
39246,10543.794921875
39247,13556.28515625
39248,8594.302734375
39249,7600.869140625
39250,9268.3212890625
39251,9438.0634765625
39252,9227.8271484375
39253,6132.60107421875
39254,7497.92578125
39255,9721.615234375
39256,8879.0537109375
39257,9034.5068359375
39258,11951.4765625
39259,7908.5107421875
39260,9585.58984375
39261,7797.15576171875
39262,5120.7431640625
39263,10227.611328125
39264,9355.30859375
39265,10434.896484375
39266,12475.3681640625
39267,13190.6435546875
39268,6762.87841796875
39269,11309.5068359375
39270,4883.28515625
39271,3979.158935546875
39272,11022.7353515625
39273,13953.6845703125
39274,10895.232421875
39275,11226.02734375
39276,7619.0927734375
39277,9876.12109375
39278,13561.1123046875
39279,9379.6748046875
39280,10779.4501953125
39281,7294.41015625
39282,6781.3232421875
39283,7410.32421875
39284,7402.2001953125
39285,7237.244140625
39286,7979.96533203125
39287,8230.51171875
39288,6214.5771484375
39289,8905.8056640625
39290,11194.1591796875
39291,8725.9755859375
39292,8689.5634765625
39293,9863.7158203125
39294,9288.6689453125
39295,8130.3955078125
39296,11612.6201171875
39297,10218.5419921875
39298,7653.75146484375
39299,6035.9013671875
39300,17383.083984375
39301,9742.5556640625
39302,9614.4970703125
39303,12591.220703125
39304,11222.150390625
39305,12084.7158203125
39306,7930.36376953125
39307,9175.0263671875
39308,13997.1962890625
39309,18948.59765625
39310,8559.5380859375
39311,7799.67333984375
39312,6539.794921875
39313,9536.43359375
39314,8729.8681640625
39315,9882.1484375
39316,13332.8017578125
39317,8001.53466796875
39318,5956.80810546875
39319,9195.4248046875
39320,14564.296875
39321,6863.6962890625
39322,11023.419921875
39323,5147.52197265625
39324,10519.03125
39325,11732.6689453125
39326,10154.3994140625
39327,12527.1611328125
39328,9187.9560546875
39329,6841.51708984375
39330,8047.892578125
39331,10193.1943359375
39332,11307.8076171875
39333,10820.0869140625
39334,11116.2275390625
39335,9315.814453125
39336,6746.61474609375
39337,13366.4912109375
39338,6281.091796875
39339,12133.380859375
39340,7735.7099609375
39341,7207.90966796875
39342,10071.486328125
39343,8258.1845703125
39344,9719.626953125
39345,11627.591796875
39346,6205.93017578125
39347,6775.5927734375
39348,11927.6865234375
39349,13326.6826171875
39350,11608.0078125
39351,7528.94775390625
39352,7775.05712890625
39353,9138.6279296875
39354,9027.837890625
39355,7376.251953125
39356,14218.814453125
39357,13426.478515625
39358,15429.4833984375
39359,6319.93603515625
39360,9006.681640625
39361,12378.3037109375
39362,13811.7451171875
39363,8262.162109375
39364,13457.9814453125
39365,9281.3095703125
39366,8139.234375
39367,8128.39990234375
39368,8732.150390625
39369,6721.93115234375
39370,10001.591796875
39371,7029.67578125
39372,8518.8310546875
39373,14258.1943359375
39374,8847.861328125
39375,27236.203125
39376,10079.9052734375
39377,0.0
39378,0.0
39379,0.0
39380,0.0
39381,0.0
39382,0.0
39383,0.0
39384,0.0
39385,0.0
39386,0.0
39387,0.0
39388,0.0
39389,0.0
39390,0.0
39391,0.0
39392,0.0
39393,0.0
39394,0.0
39395,0.0
39396,0.0
39397,0.0
39398,0.0
39399,0.0
39400,0.0
39401,0.0
39402,0.0
39403,0.0
39404,0.0
39405,0.0
39406,0.0
39407,0.0
39408,0.0
39409,0.0
39410,0.0
39411,0.0
39412,0.0
39413,0.0
39414,0.0
39415,0.0
39416,0.0
39417,0.0
39418,0.0
39419,0.0
39420,0.0
39421,0.0
39422,0.0
39423,0.0
39424,0.0
39425,0.0
39426,0.0
39427,0.0
39428,0.0
39429,0.0
39430,0.0
39431,0.0
39432,0.0
39433,0.0
39434,0.0
39435,0.0
39436,0.0
39437,0.0
39438,0.0
39439,0.0
39440,0.0
39441,0.0
39442,0.0
39443,0.0
39444,0.0
39445,0.0
39446,0.0
39447,0.0
39448,0.0
39449,0.0
39450,0.0
39451,0.0
39452,0.0
39453,0.0
39454,0.0
39455,0.0
39456,0.0
39457,0.0
39458,0.0
39459,0.0
39460,0.0
39461,0.0
39462,0.0
39463,0.0
39464,0.0
39465,0.0
39466,0.0
39467,0.0
39468,4350.7978515625
39469,0.0
39470,0.0
39471,0.0
39472,0.0
39473,0.0
39474,0.0
39475,0.0
39476,0.0
39477,0.0
39478,0.0
39479,0.0
39480,0.0
39481,0.0
39482,0.0
39483,0.0
39484,0.0
39485,0.0
39486,0.0
39487,0.0
39488,0.0
39489,0.0
39490,0.0
39491,0.0
39492,0.0
39493,0.0
39494,0.0
39495,0.0
39496,0.0
39497,0.0
39498,0.0
39499,0.0
39500,0.0
39501,0.0
39502,0.0
39503,0.0
39504,0.0
39505,0.0
39506,0.0
39507,0.0
39508,0.0
39509,0.0
39510,0.0
39511,0.0
39512,0.0
39513,0.0
39514,0.0
39515,0.0
39516,0.0
39517,0.0
39518,0.0
39519,0.0
39520,0.0
39521,0.0
39522,0.0
39523,0.0
39524,0.0
39525,0.0
39526,0.0
39527,0.0
39528,0.0
39529,0.0
39530,0.0
39531,0.0
39532,0.0
39533,0.0
39534,0.0
39535,0.0
39536,3034.965576171875
39537,0.0
39538,0.0
39539,0.0
39540,0.0
39541,0.0
39542,0.0
39543,0.0
39544,0.0
39545,0.0
39546,0.0
39547,0.0
39548,0.0
39549,0.0
39550,0.0
39551,0.0
39552,0.0
39553,0.0
39554,0.0
39555,0.0
39556,0.0
39557,0.0
39558,0.0
39559,0.0
39560,0.0
39561,0.0
39562,0.0
39563,0.0
39564,0.0
39565,0.0
39566,0.0
39567,0.0
39568,0.0
39569,0.0
39570,0.0
39571,0.0
39572,0.0
39573,0.0
39574,0.0
39575,0.0
39576,0.0
39577,16382.6240234375
39578,26042.353515625
39579,0.0
39580,0.0
39581,0.0
39582,0.0
39583,0.0
39584,0.0
39585,0.0
39586,7866.13232421875
39587,0.0
39588,0.0
39589,0.0
39590,0.0
39591,0.0
39592,0.0
39593,0.0
39594,0.0
39595,0.0
39596,0.0
39597,0.0
39598,0.0
39599,0.0
39600,0.0
39601,0.0
39602,0.0
39603,0.0
39604,0.0
39605,5818.56103515625
39606,0.0
39607,0.0
39608,0.0
39609,0.0
39610,0.0
39611,0.0
39612,0.0
39613,0.0
39614,0.0
39615,3376.412841796875
39616,0.0
39617,0.0
39618,0.0
39619,0.0
39620,0.0
39621,0.0
39622,0.0
39623,0.0
39624,0.0
39625,0.0
39626,0.0
39627,0.0
39628,0.0
39629,0.0
39630,0.0
39631,0.0
39632,0.0
39633,9396.6123046875
39634,0.0
39635,0.0
39636,0.0
39637,0.0
39638,0.0
39639,0.0
39640,0.0
39641,0.0
39642,0.0
39643,0.0
39644,0.0
39645,0.0
39646,0.0
39647,0.0
39648,0.0
39649,0.0
39650,9902.869140625
39651,0.0
39652,0.0
39653,0.0
39654,0.0
39655,0.0
39656,0.0
39657,0.0
39658,0.0
39659,0.0
39660,0.0
39661,0.0
39662,0.0
39663,0.0
39664,0.0
39665,0.0
39666,0.0
39667,0.0
39668,0.0
39669,0.0
39670,0.0
39671,0.0
39672,0.0
39673,0.0
39674,0.0
39675,0.0
39676,0.0
39677,0.0
39678,0.0
39679,0.0
39680,0.0
39681,0.0
39682,0.0
39683,0.0
39684,0.0
39685,0.0
39686,0.0
39687,0.0
39688,0.0
39689,0.0
39690,0.0
39691,0.0
39692,0.0
39693,0.0
39694,0.0
39695,0.0
39696,0.0
39697,0.0
39698,0.0
39699,0.0
39700,0.0
39701,0.0
39702,0.0
39703,0.0
39704,0.0
39705,0.0
39706,0.0
39707,0.0
39708,0.0
39709,0.0
39710,0.0
39711,0.0
39712,1849.331787109375
39713,0.0
39714,0.0
39715,0.0
39716,0.0
39717,0.0
39718,0.0
39719,0.0
39720,0.0
39721,0.0
39722,0.0
39723,0.0
39724,0.0
39725,0.0
39726,7071.828125
39727,0.0
39728,0.0
39729,0.0
39730,0.0
39731,0.0
39732,0.0
39733,0.0
39734,0.0
39735,0.0
39736,0.0
39737,0.0
39738,0.0
39739,0.0
39740,0.0
39741,0.0
39742,0.0
39743,0.0
39744,0.0
39745,0.0
39746,0.0
39747,0.0
39748,0.0
39749,0.0
39750,0.0
39751,0.0
39752,0.0
39753,0.0
39754,0.0
39755,0.0
39756,0.0
39757,0.0
39758,0.0
39759,0.0
39760,0.0
39761,0.0
39762,0.0
39763,0.0
39764,0.0
39765,0.0
39766,0.0
39767,0.0
39768,0.0
39769,8787.1005859375
39770,0.0
39771,0.0
39772,0.0
39773,0.0
39774,0.0
39775,0.0
39776,0.0
39777,0.0
39778,0.0
39779,2708.62353515625
39780,0.0
39781,0.0
39782,0.0
39783,6957.060546875
39784,0.0
39785,0.0
39786,0.0
39787,0.0
39788,0.0
39789,0.0
39790,0.0
39791,0.0
39792,0.0
39793,0.0
39794,0.0
39795,0.0
39796,0.0
39797,0.0
39798,0.0
39799,0.0
39800,0.0
39801,0.0
39802,0.0
39803,0.0
39804,0.0
39805,0.0
39806,0.0
39807,0.0
39808,0.0
39809,0.0
39810,21308.59375
39811,0.0
39812,0.0
39813,0.0
39814,0.0
39815,0.0
39816,0.0
39817,0.0
39818,0.0
39819,0.0
39820,0.0
39821,0.0
39822,0.0
39823,0.0
39824,6371.65234375
39825,0.0
39826,0.0
39827,0.0
39828,0.0
39829,0.0
39830,0.0
39831,0.0
39832,0.0
39833,0.0
39834,0.0
39835,0.0
39836,0.0
39837,0.0
39838,0.0
39839,0.0
39840,0.0
39841,0.0
39842,0.0
39843,0.0
39844,0.0
39845,0.0
39846,0.0
39847,0.0
39848,0.0
39849,0.0
39850,0.0
39851,0.0
39852,0.0
39853,0.0
39854,0.0
39855,0.0
39856,0.0
39857,0.0
39858,0.0
39859,0.0
39860,0.0
39861,0.0
39862,0.0
39863,0.0
39864,0.0
39865,0.0
39866,0.0
39867,0.0
39868,0.0
39869,0.0
39870,0.0
39871,0.0
39872,0.0
39873,0.0
39874,0.0
39875,0.0
39876,0.0
39877,0.0
39878,0.0
39879,0.0
39880,0.0
39881,0.0
39882,0.0
39883,0.0
39884,0.0
39885,0.0
39886,0.0
39887,0.0
39888,0.0
39889,0.0
39890,0.0
39891,0.0
39892,0.0
39893,0.0
39894,0.0
39895,0.0
39896,0.0
39897,0.0
39898,0.0
39899,13710.3876953125
39900,0.0
39901,0.0
39902,0.0
39903,0.0
39904,0.0
39905,0.0
39906,0.0
39907,0.0
39908,0.0
39909,0.0
39910,0.0
39911,0.0
39912,0.0
39913,0.0
39914,0.0
39915,0.0
39916,0.0
39917,0.0
39918,0.0
39919,0.0
39920,0.0
39921,0.0
39922,0.0
39923,0.0
39924,0.0
39925,0.0
39926,0.0
39927,0.0
39928,0.0
39929,0.0
39930,0.0
39931,0.0
39932,0.0
39933,0.0
39934,0.0
39935,0.0
39936,0.0
39937,0.0
39938,0.0
39939,0.0
39940,0.0
39941,0.0
39942,0.0
39943,4891.20654296875
39944,17047.96484375
39945,0.0
39946,0.0
39947,0.0
39948,0.0
39949,0.0
39950,0.0
39951,0.0
39952,0.0
39953,0.0
39954,0.0
39955,0.0
39956,0.0
39957,0.0
39958,0.0
39959,0.0
39960,0.0
39961,0.0
39962,0.0
39963,0.0
39964,0.0
39965,0.0
39966,0.0
39967,0.0
39968,0.0
39969,0.0
39970,0.0
39971,0.0
39972,12169.5751953125
39973,0.0
39974,0.0
39975,0.0
39976,0.0
39977,0.0
39978,0.0
39979,0.0
39980,0.0
39981,0.0
39982,0.0
39983,0.0
39984,0.0
39985,0.0
39986,0.0
39987,0.0
39988,0.0
39989,0.0
39990,0.0
39991,0.0
39992,0.0
39993,0.0
39994,0.0
39995,0.0
39996,0.0
39997,0.0
39998,0.0
39999,0.0
40000,0.0
40001,0.0
40002,0.0
40003,0.0
40004,0.0
40005,0.0
40006,0.0
40007,0.0
40008,0.0
40009,0.0
40010,0.0
40011,0.0
40012,0.0
40013,0.0
40014,0.0
40015,0.0
40016,0.0
40017,0.0
40018,0.0
40019,0.0
40020,0.0
40021,0.0
40022,0.0
40023,0.0
40024,0.0
40025,0.0
40026,0.0
40027,0.0
40028,0.0
40029,0.0
40030,0.0
40031,0.0
40032,0.0
40033,0.0
40034,0.0
40035,0.0
40036,0.0
40037,0.0
40038,0.0
40039,0.0
40040,0.0
40041,0.0
40042,2702.41455078125
40043,0.0
40044,0.0
40045,0.0
40046,2691.831298828125
40047,0.0
40048,0.0
40049,0.0
40050,0.0
40051,0.0
40052,0.0
40053,0.0
40054,0.0
40055,0.0
40056,0.0
40057,0.0
40058,0.0
40059,0.0
40060,0.0
40061,0.0
40062,0.0
40063,0.0
40064,0.0
40065,0.0
40066,0.0
40067,0.0
40068,0.0
40069,0.0
40070,0.0
40071,0.0
40072,0.0
40073,0.0
40074,0.0
40075,0.0
40076,0.0
40077,0.0
40078,0.0
40079,0.0
40080,0.0
40081,0.0
40082,0.0
40083,0.0
40084,0.0
40085,0.0
40086,0.0
40087,0.0
40088,0.0
40089,0.0
40090,0.0
40091,0.0
40092,0.0
40093,0.0
40094,0.0
40095,0.0
40096,0.0
40097,2670.23046875
40098,0.0
40099,0.0
40100,0.0
40101,0.0
40102,0.0
40103,0.0
40104,0.0
40105,0.0
40106,0.0
40107,0.0
40108,0.0
40109,0.0
40110,0.0
40111,0.0
40112,11934.12890625
40113,0.0
40114,0.0
40115,0.0
40116,0.0
40117,0.0
40118,0.0
40119,0.0
40120,0.0
40121,0.0
40122,0.0
40123,0.0
40124,0.0
40125,0.0
40126,0.0
40127,0.0
40128,0.0
40129,0.0
40130,0.0
40131,0.0
40132,0.0
40133,0.0
40134,0.0
40135,0.0
40136,0.0
40137,0.0
40138,0.0
40139,0.0
40140,0.0
40141,0.0
40142,0.0
40143,0.0
40144,0.0
40145,0.0
40146,0.0
40147,0.0
40148,0.0
40149,0.0
40150,0.0
40151,0.0
40152,0.0
40153,0.0
40154,0.0
40155,0.0
40156,0.0
40157,0.0
40158,0.0
40159,0.0
40160,0.0
40161,0.0
40162,0.0
40163,0.0
40164,0.0
40165,0.0
40166,0.0
40167,0.0
40168,0.0
40169,0.0
40170,0.0
40171,0.0
40172,0.0
40173,0.0
40174,0.0
40175,0.0
40176,4787.59619140625
40177,0.0
40178,0.0
40179,0.0
40180,0.0
40181,0.0
40182,0.0
40183,0.0
40184,0.0
40185,0.0
40186,0.0
40187,0.0
40188,0.0
40189,0.0
40190,0.0
40191,0.0
40192,0.0
40193,0.0
40194,0.0
40195,0.0
40196,0.0
40197,0.0
40198,0.0
40199,0.0
40200,0.0
40201,0.0
40202,0.0
40203,0.0
40204,0.0
40205,0.0
40206,0.0
40207,0.0
40208,0.0
40209,0.0
40210,0.0
40211,0.0
40212,0.0
40213,0.0
40214,0.0
40215,0.0
40216,0.0
40217,14430.9541015625
40218,5739.544921875
40219,0.0
40220,0.0
40221,0.0
40222,0.0
40223,0.0
40224,0.0
40225,0.0
40226,0.0
40227,0.0
40228,0.0
40229,0.0
40230,0.0
40231,0.0
40232,0.0
40233,4942.1982421875
40234,4401.39111328125
40235,7555.8828125
40236,4222.16162109375
40237,6437.78466796875
40238,5084.064453125
40239,5920.89599609375
40240,6068.61962890625
40241,4785.10498046875
40242,2685.627685546875
40243,6382.6396484375
40244,5581.615234375
40245,4463.640625
40246,6756.72412109375
40247,5940.9833984375
40248,3500.19140625
40249,4268.77734375
40250,8048.150390625
40251,9127.212890625
40252,7215.76171875
40253,7918.60302734375
40254,2627.8974609375
40255,5759.37841796875
40256,2489.255126953125
40257,8118.83544921875
40258,8968.3232421875
40259,10474.5869140625
40260,6155.4033203125
40261,4297.08642578125
40262,4301.17236328125
40263,6503.03125
40264,8315.0087890625
40265,5363.25
40266,5823.693359375
40267,5490.86376953125
40268,6260.4482421875
40269,2536.183837890625
40270,7836.689453125
40271,4570.7080078125
40272,7163.18603515625
40273,6748.99951171875
40274,3772.7001953125
40275,8940.4970703125
40276,6521.67822265625
40277,6779.208984375
40278,3937.623779296875
40279,7639.8232421875
40280,11112.19140625
40281,7162.9755859375
40282,5439.80908203125
40283,10326.82421875
40284,8166.23193359375
40285,6273.6494140625
40286,7029.9404296875
40287,2678.744140625
40288,2965.036865234375
40289,4563.64892578125
40290,6980.423828125
40291,9234.0634765625
40292,7361.51953125
40293,4264.4912109375
40294,8578.9814453125
40295,7521.30810546875
40296,5258.20166015625
40297,2983.871337890625
40298,11357.072265625
40299,3203.096435546875
40300,4659.4638671875
40301,7594.7119140625
40302,4411.85546875
40303,5882.75390625
40304,2818.451904296875
40305,5898.00048828125
40306,5851.43896484375
40307,5712.36328125
40308,8650.8798828125
40309,8163.68408203125
40310,4882.58203125
40311,3421.065185546875
40312,8521.458984375
40313,13173.2958984375
40314,5758.7373046875
40315,3296.59033203125
40316,7311.0791015625
40317,5887.63134765625
40318,5996.56591796875
40319,10053.9306640625
40320,2102.88916015625
40321,8132.73828125
40322,4896.06103515625
40323,6497.44189453125
40324,9184.8359375
40325,2708.7265625
40326,4332.8701171875
40327,5648.08740234375
40328,8930.4775390625
40329,7861.36181640625
40330,5043.50341796875
40331,4206.021484375
40332,7754.2314453125
40333,6890.43896484375
40334,5322.86474609375
40335,5680.0263671875
40336,4021.0263671875
40337,6655.1357421875
40338,4590.5361328125
40339,2884.5810546875
40340,6028.31396484375
40341,6224.57763671875
40342,6029.13232421875
40343,7704.47314453125
40344,8204.6103515625
40345,4437.0390625
40346,8186.1044921875
40347,3041.5986328125
40348,3672.3671875
40349,8849.626953125
40350,7846.39990234375
40351,7024.28759765625
40352,9839.46484375
40353,7216.60791015625
40354,5328.38134765625
40355,6568.3984375
40356,8454.1962890625
40357,3575.49560546875
40358,2648.54150390625
40359,6257.97265625
40360,5069.5361328125
40361,4759.0361328125
40362,3204.9833984375
40363,5861.3125
40364,6389.67578125
40365,6304.16748046875
40366,6029.22607421875
40367,2613.35009765625
40368,6551.8916015625
40369,7459.68505859375
40370,3893.8681640625
40371,7163.8095703125
40372,3534.57177734375
40373,5905.69482421875
40374,3655.253173828125
40375,4549.19482421875
40376,5384.61181640625
40377,7629.43310546875
40378,7065.71923828125
40379,6675.2666015625
40380,14238.619140625
40381,3775.65478515625
40382,5445.7099609375
40383,9706.548828125
40384,5752.4814453125
40385,8963.98046875
40386,6975.38671875
40387,6162.98388671875
40388,5605.93310546875
40389,5491.2294921875
40390,5277.70263671875
40391,8789.51171875
40392,6219.85693359375
40393,2736.368896484375
40394,3524.2001953125
40395,8463.669921875
40396,9755.1435546875
40397,6474.42431640625
40398,5920.2890625
40399,4648.66650390625
40400,2188.5537109375
40401,1746.919189453125
40402,3404.60009765625
40403,6098.04248046875
40404,8186.513671875
40405,4621.03173828125
40406,4959.45068359375
40407,8118.958984375
40408,9241.783203125
40409,8297.92578125
40410,6366.61767578125
40411,9119.3671875
40412,11647.625
40413,4798.46533203125
40414,5358.27490234375
40415,5301.63330078125
40416,6719.6201171875
40417,3489.388427734375
40418,5401.046875
40419,5361.71923828125
40420,9412.3505859375
40421,6036.59423828125
40422,8083.00537109375
40423,7823.9736328125
40424,4691.51904296875
40425,9703.5185546875
40426,17101.98046875
40427,9647.5419921875
40428,4106.470703125
40429,4097.2119140625
40430,7042.9794921875
40431,6622.2646484375
40432,5858.638671875
40433,9178.130859375
40434,15368.3916015625
40435,5411.37841796875
40436,4022.00146484375
40437,10558.85546875
40438,3947.208984375
40439,4694.70068359375
40440,3480.095458984375
40441,6899.00390625
40442,5743.13623046875
40443,6985.875
40444,5868.95361328125
40445,5966.220703125
40446,9947.884765625
40447,7215.54931640625
40448,5786.33837890625
40449,7739.12451171875
40450,5230.8984375
40451,6746.61083984375
40452,9604.8017578125
40453,5252.39306640625
40454,5967.61865234375
40455,4854.18896484375
40456,4077.6787109375
40457,6053.82275390625
40458,5459.84814453125
40459,5131.93896484375
40460,8682.107421875
40461,10956.1796875
40462,9390.3759765625
40463,4269.9921875
40464,4795.53515625
40465,4591.1005859375
40466,5525.09228515625
40467,6675.37646484375
40468,3635.129638671875
40469,7118.8642578125
40470,6181.70458984375
40471,8485.052734375
40472,5533.36279296875
40473,4971.279296875
40474,3112.385986328125
40475,3091.623291015625
40476,9559.8486328125
40477,6920.01904296875
40478,6123.4287109375
40479,13659.533203125
40480,8002.55029296875
40481,4102.58154296875
40482,5963.96630859375
40483,2736.41064453125
40484,4151.615234375
40485,4126.69091796875
40486,5039.8115234375
40487,8831.8720703125
40488,5401.22998046875
40489,9280.134765625
40490,11699.2783203125
40491,6279.11083984375
40492,5586.3896484375
40493,5030.9775390625
40494,5358.28369140625
40495,5224.189453125
40496,11976.7939453125
40497,6366.16943359375
40498,8982.357421875
40499,3483.548583984375
40500,5415.6318359375
40501,5975.228515625
40502,8240.671875
40503,7452.74609375
40504,5447.7392578125
40505,7393.583984375
40506,5943.0751953125
40507,8689.263671875
40508,7210.76025390625
40509,6832.5576171875
40510,9501.115234375
40511,6967.6376953125
40512,9011.2822265625
40513,3714.641845703125
40514,5833.6025390625
40515,5392.65966796875
40516,9286.0380859375
40517,7267.1708984375
40518,7744.48486328125
40519,6413.33740234375
40520,8205.5048828125
40521,5842.12841796875
40522,7799.26708984375
40523,6648.67236328125
40524,3809.16455078125
40525,10829.9775390625
40526,16877.703125
40527,7059.71484375
40528,7054.5224609375
40529,7245.46826171875
40530,8541.052734375
40531,7103.3359375
40532,2580.76513671875
40533,4434.3212890625
40534,5316.29052734375
40535,9315.8193359375
40536,2704.615478515625
40537,3300.48486328125
40538,5326.31689453125
40539,4915.240234375
40540,3889.6279296875
40541,3831.102294921875
40542,3179.504638671875
40543,7422.115234375
40544,4245.0234375
40545,4872.43310546875
40546,6241.060546875
40547,4997.587890625
40548,9620.921875
40549,12854.8203125
40550,5513.00537109375
40551,8499.3505859375
40552,6756.54345703125
40553,9649.6083984375
40554,4916.2001953125
40555,2558.273681640625
40556,5749.5927734375
40557,12744.486328125
40558,3410.836181640625
40559,8156.95556640625
40560,1824.532470703125
40561,2980.734619140625
40562,7233.2431640625
40563,6445.30859375
40564,5751.236328125
40565,9448.7451171875
40566,9143.287109375
40567,8023.310546875
40568,4642.62451171875
40569,9595.9755859375
40570,1620.6971435546875
40571,3879.9560546875
40572,7201.0517578125
40573,5357.845703125
40574,10059.74609375
40575,2393.6416015625
40576,6364.0478515625
40577,5231.06640625
40578,10456.2470703125
40579,11745.5205078125
40580,5732.71826171875
40581,3227.990234375
40582,10980.927734375
40583,9784.29296875
40584,4050.09619140625
40585,6125.80078125
40586,9727.1005859375
40587,5695.17626953125
40588,5697.1455078125
40589,3571.001220703125
40590,7161.95703125
40591,3375.708740234375
40592,12147.8095703125
40593,7240.0361328125
40594,11247.5439453125
40595,7438.40869140625
40596,4990.41552734375
40597,1193.8714599609375
40598,5685.3134765625
40599,7674.21728515625
40600,4609.52099609375
40601,8886.3837890625
40602,6263.10595703125
40603,2874.801025390625
40604,7480.18896484375
40605,2683.2978515625
40606,8142.4111328125
40607,7729.5732421875
40608,6754.94384765625
40609,8920.900390625
40610,5671.20654296875
40611,6817.12744140625
40612,7008.21875
40613,5344.46923828125
40614,7899.68017578125
40615,3046.189697265625
40616,11081.8408203125
40617,6682.4736328125
40618,3303.28466796875
40619,4948.42041015625
40620,8577.3251953125
40621,6158.453125
40622,4727.427734375
40623,4934.078125
40624,6388.1328125
40625,6004.65478515625
40626,6371.24951171875
40627,9746.962890625
40628,4412.78759765625
40629,4028.20166015625
40630,6450.9111328125
40631,6186.919921875
40632,3499.377685546875
40633,4660.5732421875
40634,8994.021484375
40635,8468.3837890625
40636,10575.013671875
40637,9697.234375
40638,8253.634765625
40639,7495.537109375
40640,3626.486572265625
40641,10175.5625
40642,8094.2197265625
40643,8017.41650390625
40644,4560.5322265625
40645,5767.80810546875
40646,5210.08740234375
40647,1845.90771484375
40648,11025.71484375
40649,7439.98291015625
40650,6192.0087890625
40651,3988.599853515625
40652,1548.2781982421875
40653,8338.41796875
40654,6883.77587890625
40655,3074.931640625
40656,3552.76806640625
40657,5217.478515625
40658,6781.41162109375
40659,5069.9912109375
40660,11704.5546875
40661,4816.87841796875
40662,4902.49853515625
40663,3372.02783203125
40664,1999.0697021484375
40665,5362.98046875
40666,15181.4287109375
40667,3197.792724609375
40668,6390.4267578125
40669,5245.64111328125
40670,4323.189453125
40671,3287.231201171875
40672,7004.92578125
40673,2685.2734375
40674,9933.9853515625
40675,7534.67529296875
40676,2155.50927734375
40677,8476.939453125
40678,2752.22900390625
40679,4411.3544921875
40680,10788.5185546875
40681,7842.57080078125
40682,8695.0615234375
40683,2876.620849609375
40684,5098.29150390625
40685,5401.98291015625
40686,4465.72607421875
40687,15730.4931640625
40688,12345.3134765625
40689,5672.52197265625
40690,3233.39697265625
40691,6840.8291015625
40692,4723.76171875
40693,2539.94970703125
40694,8092.34326171875
40695,5717.51953125
40696,5364.76708984375
40697,7441.064453125
40698,5371.3681640625
40699,4416.79638671875
40700,7124.5556640625
40701,6780.18798828125
40702,7803.19580078125
40703,2699.765869140625
40704,6113.69482421875
40705,7281.23779296875
40706,8952.869140625
40707,6958.41845703125
40708,7722.58203125
40709,2640.1611328125
40710,9474.5791015625
40711,5276.740234375
40712,3142.416259765625
40713,5323.50439453125
40714,4119.1796875
40715,3727.10986328125
40716,6896.20751953125
40717,5286.9287109375
40718,5341.84375
40719,5321.96875
40720,7630.98486328125
40721,8477.5869140625
40722,6150.02099609375
40723,8251.4521484375
40724,5924.44091796875
40725,2947.442626953125
40726,11404.322265625
40727,4375.580078125
40728,4299.98388671875
40729,6566.1591796875
40730,11832.6962890625
40731,10950.3662109375
40732,3831.44921875
40733,4681.08203125
40734,6386.35009765625
40735,6621.78515625
40736,4817.1025390625
40737,8489.7490234375
40738,4230.03173828125
40739,4597.49072265625
40740,4166.63720703125
40741,3662.796630859375
40742,3656.365234375
40743,7723.494140625
40744,7589.16015625
40745,5906.07666015625
40746,5871.65380859375
40747,8980.2451171875
40748,7864.7177734375
40749,4989.2314453125
40750,6004.609375
40751,6515.5810546875
40752,7350.92138671875
40753,6048.27685546875
40754,2477.985107421875
40755,7809.89306640625
40756,6961.25634765625
40757,6720.3134765625
40758,6175.58642578125
40759,3236.281005859375
40760,10099.146484375
40761,3232.37548828125
40762,8890.7880859375
40763,5177.458984375
40764,4347.3564453125
40765,8613.8203125
40766,5918.3564453125
40767,4270.2626953125
40768,9198.9970703125
40769,2954.289794921875
40770,7083.3779296875
40771,11138.6494140625
40772,6665.09912109375
40773,2637.874267578125
40774,5466.97802734375
40775,3706.803955078125
40776,1803.063232421875
40777,5424.50341796875
40778,6388.7880859375
40779,5281.05078125
40780,5033.82763671875
40781,5786.66748046875
40782,5530.75537109375
40783,8045.47900390625
40784,6079.40673828125
40785,6388.3427734375
40786,4743.4384765625
40787,5431.11474609375
40788,6963.20556640625
40789,6673.8037109375
40790,8699.3515625
40791,8691.2802734375
40792,8071.6201171875
40793,5758.220703125
40794,5419.79931640625
40795,3166.27392578125
40796,6615.71728515625
40797,9267.0078125
40798,6249.1044921875
40799,8116.0556640625
40800,15148.314453125
40801,2821.118408203125
40802,4497.31201171875
40803,4613.419921875
40804,8067.771484375
40805,10513.59765625
40806,8300.962890625
40807,8046.66552734375
40808,7946.7080078125
40809,7068.1611328125
40810,7119.78369140625
40811,5064.32080078125
40812,3602.8388671875
40813,5771.41015625
40814,3436.263916015625
40815,2711.243896484375
40816,7536.72412109375
40817,17827.609375
40818,4849.36572265625
40819,3859.651123046875
40820,3811.603271484375
40821,4733.513671875
40822,5790.68408203125
40823,2267.118408203125
40824,7220.4716796875
40825,6598.2158203125
40826,3381.892578125
40827,12005.2890625
40828,11088.1748046875
40829,3476.9033203125
40830,4474.04150390625
40831,3641.771484375
40832,3537.937255859375
40833,5630.8017578125
40834,8334.64453125
40835,3704.830810546875
40836,5072.70068359375
40837,3705.12158203125
40838,5583.23193359375
40839,4530.26416015625
40840,7841.78173828125
40841,2460.475341796875
40842,7768.0244140625
40843,6457.50537109375
40844,4868.8681640625
40845,3936.958740234375
40846,4498.3662109375
40847,4708.88916015625
40848,4188.3583984375
40849,9794.423828125
40850,4548.15478515625
40851,4105.24267578125
40852,6173.4306640625
40853,5484.1044921875
40854,6243.4296875
40855,4969.498046875
40856,6214.8955078125
40857,8551.9423828125
40858,6224.2919921875
40859,6035.8525390625
40860,3586.201171875
40861,4208.19140625
40862,6132.4423828125
40863,4117.47998046875
40864,5305.74169921875
40865,4903.94384765625
40866,12208.6201171875
40867,7373.4775390625
40868,4262.2275390625
40869,5856.15869140625
40870,4680.322265625
40871,6617.64453125
40872,5771.76220703125
40873,8971.6611328125
40874,7521.33154296875
40875,4995.109375
40876,3086.756591796875
40877,2051.1416015625
40878,4493.82421875
40879,20279.453125
40880,2182.16796875
40881,5064.462890625
40882,7213.41357421875
40883,6781.5810546875
40884,7296.5185546875
40885,8605.6865234375
40886,5879.33251953125
40887,5979.103515625
40888,3119.054443359375
40889,8126.78564453125
40890,5005.783203125
40891,6618.3212890625
40892,10274.5966796875
40893,5282.84375
40894,7866.208984375
40895,6449.69970703125
40896,4112.3564453125
40897,6253.28515625
40898,6722.70361328125
40899,2562.764892578125
40900,8100.97802734375
40901,6749.9189453125
40902,5156.251953125
40903,9882.4130859375
40904,8713.208984375
40905,6951.6923828125
40906,4683.59423828125
40907,4253.751953125
40908,5777.6796875
40909,3608.507568359375
40910,5932.04345703125
40911,2556.89453125
40912,5803.21630859375
40913,2559.34228515625
40914,5602.67236328125
40915,4628.134765625
40916,4214.326171875
40917,7264.63671875
40918,8984.185546875
40919,5958.03076171875
40920,8049.16796875
40921,5620.27734375
40922,6127.4248046875
40923,9228.23046875
40924,7067.03125
40925,4358.96484375
40926,4875.1865234375
40927,4830.3076171875
40928,3890.997314453125
40929,12811.552734375
40930,6818.46923828125
40931,6810.884765625
40932,9596.826171875
40933,5810.236328125
40934,2894.3544921875
40935,12065.126953125
40936,8901.1455078125
40937,5572.53857421875
40938,7469.47900390625
40939,6784.51708984375
40940,7687.74609375
40941,5362.7802734375
40942,4008.939453125
40943,3796.594482421875
40944,5908.11767578125
40945,7827.61181640625
40946,2998.644775390625
40947,7889.08251953125
40948,6543.84716796875
40949,4815.61865234375
40950,7163.06689453125
40951,4828.451171875
40952,6768.626953125
40953,4090.1474609375
40954,5239.79296875
40955,4929.19482421875
40956,4035.314208984375
40957,6604.60302734375
40958,7433.328125
40959,8397.7548828125
40960,6380.99609375
40961,3657.072509765625
40962,6559.658203125
40963,7040.04443359375
40964,6603.84130859375
40965,2517.7080078125
40966,4015.39599609375
40967,8091.5849609375
40968,6616.8984375
40969,3601.623779296875
40970,8093.95458984375
40971,5884.939453125
40972,5083.7099609375
40973,5623.3525390625
40974,1220.004638671875
40975,7517.2119140625
40976,6103.71923828125
40977,5553.41748046875
40978,9016.1396484375
40979,6721.99755859375
40980,3511.794921875
40981,6359.62744140625
40982,3750.90966796875
40983,626.5276489257812
40984,6648.28466796875
40985,9560.5341796875
40986,5799.76416015625
40987,4947.03369140625
40988,2746.287353515625
40989,4577.6416015625
40990,6538.09375
40991,5696.21875
40992,9396.154296875
40993,4223.3857421875
40994,4573.08251953125
40995,3759.973388671875
40996,6537.06689453125
40997,3022.8974609375
40998,3394.055419921875
40999,5979.35693359375
41000,3562.920166015625
41001,7201.2392578125
41002,4283.07421875
41003,6023.0498046875
41004,5436.53271484375
41005,7434.068359375
41006,4790.8076171875
41007,2903.51318359375
41008,9917.091796875
41009,6155.9521484375
41010,6756.76806640625
41011,1618.7327880859375
41012,5412.17333984375
41013,6796.35693359375
41014,4537.47998046875
41015,8154.189453125
41016,9356.45703125
41017,6288.60986328125
41018,6311.0537109375
41019,5489.22119140625
41020,7039.17529296875
41021,11541.9501953125
41022,3052.693115234375
41023,4500.26806640625
41024,5365.158203125
41025,5262.13427734375
41026,6053.15576171875
41027,7444.8603515625
41028,5345.92236328125
41029,6651.55859375
41030,2607.639404296875
41031,6807.20751953125
41032,9308.0419921875
41033,3089.49072265625
41034,7389.69482421875
41035,3611.41162109375
41036,8240.09375
41037,6752.48486328125
41038,4572.421875
41039,6847.4404296875
41040,4149.484375
41041,5442.51171875
41042,6657.00146484375
41043,5591.9326171875
41044,8726.017578125
41045,6458.03955078125
41046,8853.181640625
41047,5614.01513671875
41048,2848.201904296875
41049,8210.0
41050,2724.640380859375
41051,8907.7802734375
41052,5007.55615234375
41053,5665.65771484375
41054,7254.314453125
41055,4765.27587890625
41056,4129.4345703125
41057,7411.20458984375
41058,3619.40869140625
41059,3270.11865234375
41060,6612.52978515625
41061,7846.3916015625
41062,10222.7939453125
41063,5878.12353515625
41064,6199.650390625
41065,4088.4052734375
41066,6753.88623046875
41067,3171.326416015625
41068,10529.205078125
41069,7588.1201171875
41070,12369.927734375
41071,5340.8603515625
41072,5334.7744140625
41073,11430.9990234375
41074,9581.8857421875
41075,3374.39111328125
41076,7361.650390625
41077,6004.86279296875
41078,5939.90576171875
41079,6232.62939453125
41080,5718.03857421875
41081,3599.822509765625
41082,6065.7548828125
41083,4070.5693359375
41084,2526.537109375
41085,6948.6259765625
41086,6723.3916015625
41087,22839.08203125
41088,8049.12158203125
