key,fare_amount
2015-01-27 13:08:24.0000002,11.28428
2015-01-27 13:08:24.0000003,11.284634
2011-10-08 11:53:44.0000002,11.284385
2012-12-01 21:12:12.0000002,11.284223
2012-12-01 21:12:12.0000003,11.28405
2012-12-01 21:12:12.0000005,11.284276
2011-10-06 12:10:20.0000001,11.284211
2011-10-06 12:10:20.0000003,11.285319
2011-10-06 12:10:20.0000002,11.284712
2014-02-18 15:22:20.0000002,11.28424
2014-02-18 15:22:20.0000003,11.284457
2014-02-18 15:22:20.0000001,11.284478
2010-03-29 20:20:32.0000002,11.284464
2010-03-29 20:20:32.0000001,11.284239
2011-10-06 03:59:12.0000002,11.284564
2011-10-06 03:59:12.0000001,11.284421
2012-07-15 16:45:04.0000006,11.284513
2012-07-15 16:45:04.0000002,11.284106
2012-07-15 16:45:04.0000003,11.284285
2012-07-15 16:45:04.0000004,11.284343
2014-10-29 02:09:56.0000001,11.284877
2014-06-14 13:39:00.00000010,11.284291
2014-06-14 13:39:00.00000060,11.284489
2014-06-14 13:39:00.00000087,11.284367
2014-06-14 13:39:00.00000050,11.28429
2014-06-14 13:39:00.0000003,11.284282
2014-06-14 13:39:00.000000158,11.284631
2014-06-14 13:39:00.00000015,11.284525
2014-06-14 13:39:00.00000073,11.284179
2014-06-14 13:39:00.00000077,11.2844515
2014-06-14 13:39:00.000000145,11.284219
2014-06-14 13:39:00.00000079,11.284468
2014-06-14 13:39:00.000000121,11.284288
2014-06-14 13:39:00.00000021,11.284024
2014-06-14 13:39:00.0000005,11.284154
2014-06-14 13:39:00.000000165,11.284439
2014-06-14 13:39:00.000000184,11.2844095
2014-06-14 13:39:00.00000059,11.284473
2014-06-14 13:39:00.00000070,11.284427
2014-06-14 13:39:00.00000068,11.284115
2014-06-14 13:39:00.000000133,11.284378
2014-06-14 13:39:00.000000128,11.284395
2014-06-14 13:39:00.000000136,11.2847805
2014-06-14 13:39:00.00000017,11.2844
2014-06-14 13:39:00.000000111,11.28434
2014-06-14 13:39:00.000000115,11.284164
2014-06-14 13:39:00.000000168,11.284563
2014-06-14 13:39:00.00000031,11.284181
2014-06-14 13:39:00.000000116,11.284605
2014-06-14 13:39:00.00000051,11.28449
2014-06-14 13:39:00.000000193,11.284685
2014-06-14 13:39:00.000000132,11.284427
2014-06-14 13:39:00.000000167,11.284637
2014-06-14 13:39:00.00000044,11.284265
2014-06-14 13:39:00.000000138,11.284555
2014-06-14 13:39:00.00000066,11.284245
2014-06-14 13:39:00.00000063,11.28418
2014-06-14 13:39:00.000000154,11.284298
2014-06-14 13:39:00.00000097,11.2843
2014-06-14 13:39:00.00000067,11.284232
2014-06-14 13:39:00.000000179,11.284968
2014-06-14 13:39:00.00000092,11.284177
2014-06-14 13:39:00.00000029,11.28438
2014-06-14 13:39:00.000000177,11.2845
2014-06-14 13:39:00.000000192,11.2844305
2014-06-14 13:39:00.000000181,11.284099
2014-06-14 13:39:00.000000120,11.284441
2014-06-14 13:39:00.0000008,11.284265
2014-06-14 13:39:00.000000103,11.28444
2014-06-14 13:39:00.00000049,11.284223
2014-06-14 13:39:00.000000108,11.284609
2014-06-14 13:39:00.00000072,11.284245
2014-06-14 13:39:00.000000182,11.284439
2014-06-14 13:39:00.00000061,11.284351
2014-06-14 13:39:00.00000093,11.284351
2014-06-14 13:39:00.000000170,11.284172
2014-06-14 13:39:00.000000147,11.285476
2014-06-14 13:39:00.000000140,11.284221
2014-06-14 13:39:00.000000159,11.284224
2014-06-14 13:39:00.00000012,11.284199
2014-06-14 13:39:00.00000025,11.284718
2014-06-14 13:39:00.000000156,11.284187
2014-06-14 13:39:00.000000152,11.284369
2014-06-14 13:39:00.000000129,11.284633
2014-06-14 13:39:00.000000119,11.284358
2014-06-14 13:39:00.000000118,11.284124
2014-06-14 13:39:00.00000076,11.284393
2014-06-14 13:39:00.000000135,11.28438
2014-06-14 13:39:00.00000023,11.28479
2014-06-14 13:39:00.00000082,11.284283
2014-06-14 13:39:00.000000125,11.284479
2014-06-14 13:39:00.00000075,11.28441
2014-06-14 13:39:00.000000124,11.284491
2014-06-14 13:39:00.000000172,11.284303
2014-06-14 13:39:00.00000024,11.284136
2014-06-14 13:39:00.000000169,11.283959
2014-06-14 13:39:00.00000052,11.284763
2014-06-14 13:39:00.000000161,11.284514
2014-06-14 13:39:00.00000038,11.284347
2014-06-14 13:39:00.00000035,11.284123
2014-06-14 13:39:00.00000053,11.284185
2014-06-14 13:39:00.000000183,11.28444
2014-06-14 13:39:00.000000131,11.285337
2014-06-14 13:39:00.000000180,11.284416
2014-06-14 13:39:00.000000130,11.284502
2014-06-14 13:39:00.00000032,11.28404
2014-06-14 13:39:00.000000148,11.284301
2014-06-14 13:39:00.0000007,11.284479
2014-06-14 13:39:00.00000095,11.284443
2014-06-14 13:39:00.000000144,11.284454
2014-06-14 13:39:00.000000141,11.285524
2014-06-14 13:39:00.000000162,11.284317
2014-06-14 13:39:00.00000018,11.28447
2014-06-14 13:39:00.00000054,11.284603
2014-06-14 13:39:00.00000040,11.284184
2014-06-14 13:39:00.00000096,11.2841425
2014-06-14 13:39:00.00000055,11.284332
2014-06-14 13:39:00.000000109,11.284122
2014-06-14 13:39:00.000000151,11.284483
2014-06-14 13:39:00.00000016,11.284367
2014-06-14 13:39:00.00000062,11.284118
2014-06-14 13:39:00.000000191,11.284412
2014-06-14 13:39:00.00000034,11.284169
2014-06-14 13:39:00.000000160,11.284346
2014-06-14 13:39:00.00000013,11.284154
2014-06-14 13:39:00.000000188,11.284616
2014-06-14 13:39:00.00000086,11.284273
2014-06-14 13:39:00.000000185,11.284578
2014-06-14 13:39:00.00000074,11.28459
2014-06-14 13:39:00.00000022,11.284345
2014-06-14 13:39:00.00000036,11.284264
2014-06-14 13:39:00.000000126,11.284251
2014-06-14 13:39:00.000000190,11.2842865
2014-06-14 13:39:00.00000042,11.284351
2014-06-14 13:39:00.000000178,11.284496
2014-06-14 13:39:00.000000163,11.284265
2014-06-14 13:39:00.00000020,11.2845125
2014-06-14 13:39:00.00000098,11.284233
2014-06-14 13:39:00.000000114,11.284628
2014-06-14 13:39:00.00000045,11.284464
2014-06-14 13:39:00.00000094,11.284273
2014-06-14 13:39:00.000000146,11.284767
2014-06-14 13:39:00.00000033,11.284307
2014-06-14 13:39:00.000000143,11.28463
2014-06-14 13:39:00.000000107,11.284232
2014-06-14 13:39:00.00000048,11.284343
2014-06-14 13:39:00.00000043,11.28418
2014-06-14 13:39:00.000000123,11.284437
2014-06-14 13:39:00.000000134,11.284025
2014-06-14 13:39:00.000000142,11.284285
2014-06-14 13:39:00.000000122,11.284438
2014-06-14 13:39:00.000000176,11.284329
2011-12-12 09:42:12.0000004,11.284493
2011-12-12 09:42:12.0000002,11.283925
2011-12-12 09:42:12.0000001,11.284439
2011-12-12 09:42:12.0000003,11.284601
2011-12-12 09:42:12.0000005,11.284216
2013-06-27 00:20:40.0000001,11.284018
2013-06-27 00:20:40.0000003,11.284306
2009-02-20 13:34:16.0000001,11.284343
2009-02-20 13:34:16.0000002,11.284589
2009-02-20 13:34:16.0000003,11.284324
2010-08-22 21:14:08.0000001,11.284233
2010-08-22 21:14:08.0000005,11.284315
2010-08-22 21:14:08.0000003,11.284606
2010-08-22 21:14:08.0000002,11.284429
2012-08-06 08:58:08.0000002,11.28469
2012-08-06 08:58:08.0000001,11.284443
2013-11-04 08:34:12.0000003,11.284143
2013-11-04 08:34:12.0000001,11.284509
2013-11-04 08:34:12.0000002,11.284217
2011-06-24 20:34:48.0000002,11.284316
2011-06-24 20:34:48.0000001,11.284538
2011-03-28 20:38:36.0000003,11.284397
2011-03-28 20:38:36.0000004,11.283876
2011-03-28 20:38:36.0000002,11.284264
2011-08-14 20:36:28.0000004,11.284535
2011-08-14 20:36:28.0000001,11.284365
2011-08-14 20:36:28.0000003,11.284513
2011-08-14 20:36:28.0000002,11.284289
2015-02-21 15:52:44.0000004,11.284297
2015-02-21 15:52:44.0000003,11.284487
2015-02-21 15:52:44.0000002,11.284848
2015-02-21 15:52:44.0000001,11.284498
2013-01-29 11:29:52.0000001,11.284414
2014-09-12 19:03:48.0000001,11.284409
2013-11-09 18:52:40.0000004,11.28465
2013-11-09 18:52:40.0000002,11.284385
2013-04-25 16:10:04.0000001,11.284786
2013-04-25 16:10:04.0000002,11.284352
2013-09-07 14:37:52.0000001,11.283849
2013-09-07 14:37:52.0000002,11.284648
2013-09-07 14:37:52.0000003,11.284414
2011-05-21 13:16:20.0000004,11.284207
2011-05-21 13:16:20.0000001,11.284388
2011-05-21 13:16:20.0000003,11.284597
2011-11-25 16:36:24.0000002,11.284478
2011-11-25 16:36:24.0000001,11.284541
2015-01-31 20:54:04.0000001,11.284491
2010-11-01 23:31:28.0000002,11.284471
2010-11-01 23:31:28.0000001,11.28426
2010-11-01 23:31:28.0000003,11.2846155
2011-03-24 15:57:04.0000003,11.284422
2011-03-24 15:57:04.0000001,11.2842245
2010-05-10 10:37:04.0000005,11.284389
2010-05-10 10:37:04.0000002,11.28434
2010-05-10 10:37:04.0000003,11.284708
2010-05-10 10:37:04.0000006,11.28438
2012-06-09 16:53:44.0000002,11.284256
2012-08-22 22:39:20.0000003,11.284259
2012-08-22 22:39:20.0000001,11.284441
2012-12-23 02:29:16.0000001,11.2845545
2012-06-30 15:55:12.0000004,11.284415
2012-06-30 15:55:12.0000002,11.28436
2012-06-30 15:55:12.0000003,11.284492
2012-06-30 15:55:12.0000001,11.284369
2011-10-02 23:36:00.00000056,11.28438
2011-10-02 23:36:00.00000086,11.2850485
2011-10-02 23:36:00.00000081,11.285066
2011-10-02 23:36:00.0000009,11.284137
2011-10-02 23:36:00.00000041,11.284486
2011-10-02 23:36:00.00000091,11.284535
2011-10-02 23:36:00.0000008,11.284168
2011-10-02 23:36:00.00000015,11.284228
2011-10-02 23:36:00.00000014,11.284212
2011-10-02 23:36:00.00000047,11.284405
2011-10-02 23:36:00.00000076,11.284493
2011-10-02 23:36:00.00000011,11.284372
2011-10-02 23:36:00.00000075,11.284591
2011-10-02 23:36:00.00000035,11.284641
2011-10-02 23:36:00.00000099,11.28512
2011-10-02 23:36:00.00000062,11.284298
2011-10-02 23:36:00.00000085,11.284597
2011-10-02 23:36:00.00000043,11.283725
2011-10-02 23:36:00.00000071,11.284554
2011-10-02 23:36:00.00000023,11.284235
2011-10-02 23:36:00.00000092,11.28468
2011-10-02 23:36:00.00000037,11.284439
2011-10-02 23:36:00.00000083,11.284355
2011-10-02 23:36:00.00000054,11.284606
2011-10-02 23:36:00.00000073,11.284419
2011-10-02 23:36:00.0000005,11.284398
2011-10-02 23:36:00.00000095,11.284131
2011-10-02 23:36:00.00000088,11.283741
2011-10-02 23:36:00.00000030,11.284349
2011-10-02 23:36:00.0000007,11.284106
2011-10-02 23:36:00.00000013,11.284273
2011-10-02 23:36:00.00000065,11.284231
2011-10-02 23:36:00.00000089,11.285303
2011-10-02 23:36:00.00000096,11.284565
2011-10-02 23:36:00.00000039,11.284343
2011-10-02 23:36:00.00000038,11.284233
2011-10-02 23:36:00.00000067,11.28444
2011-10-02 23:36:00.00000077,11.2843895
2011-10-02 23:36:00.00000020,11.285114
2011-10-02 23:36:00.00000063,11.284307
2011-10-02 23:36:00.00000012,11.284411
2011-10-02 23:36:00.00000058,11.284274
2011-10-02 23:36:00.00000026,11.284746
2011-10-02 23:36:00.00000074,11.284771
2011-10-02 23:36:00.00000059,11.281607
2011-10-02 23:36:00.00000090,11.284655
2011-10-02 23:36:00.0000004,11.284227
2011-10-02 23:36:00.0000003,11.284484
2011-10-02 23:36:00.00000021,11.284686
2011-10-02 23:36:00.00000097,11.28463
2011-10-02 23:36:00.00000036,11.284376
2011-10-02 23:36:00.00000024,11.284515
2011-10-02 23:36:00.00000082,11.285323
2011-10-02 23:36:00.000000100,11.284336
2011-10-02 23:36:00.00000040,11.284566
2011-10-02 23:36:00.00000022,11.284267
2013-03-21 12:47:28.0000006,11.284359
2013-03-21 12:47:28.0000008,11.284105
2013-03-21 12:47:28.0000003,11.284275
2013-03-21 12:47:28.0000005,11.284185
2013-03-21 12:47:28.0000002,11.284367
2013-06-07 03:02:56.0000002,11.285125
2013-06-07 03:02:56.0000001,11.284292
2010-09-05 22:31:32.0000002,11.283931
2013-07-12 23:33:24.0000001,11.284222
2009-12-03 02:32:08.0000001,11.284527
2009-10-15 03:50:36.0000001,11.284684
2011-09-25 22:36:32.0000002,11.284519
2011-09-25 22:36:32.0000001,11.284594
2015-06-08 20:02:56.0000001,11.284322
2014-07-16 08:03:32.0000002,11.284443
2014-07-16 08:03:32.0000001,11.283659
2011-12-15 13:14:32.0000002,11.284639
2011-12-15 13:14:32.0000001,11.284411
2011-10-11 22:13:48.0000002,11.2845745
2011-10-11 22:13:48.0000005,11.284543
2011-10-11 22:13:48.0000003,11.284447
2013-09-14 16:53:20.0000001,11.284312
2013-09-14 16:53:20.0000002,11.284397
2014-02-06 09:09:56.0000004,11.284291
2014-02-06 09:09:56.0000003,11.284157
2014-02-06 09:09:56.0000001,11.28444
2009-06-10 16:55:00.00000081,11.284218
2009-06-10 16:55:00.00000029,11.284373
2009-06-10 16:55:00.000000109,11.284385
2009-06-10 16:55:00.00000098,11.285365
2009-06-10 16:55:00.00000054,11.284647
2009-06-10 16:55:00.00000021,11.28482
2009-06-10 16:55:00.00000012,11.284275
2009-06-10 16:55:00.00000033,11.284299
2009-06-10 16:55:00.00000024,11.284172
2009-06-10 16:55:00.00000099,11.284123
2009-06-10 16:55:00.0000009,11.284234
2009-06-10 16:55:00.000000158,11.284451
2009-06-10 16:55:00.000000141,11.284362
2009-06-10 16:55:00.00000093,11.28449
2009-06-10 16:55:00.000000161,11.284464
2009-06-10 16:55:00.00000088,11.284269
2009-06-10 16:55:00.0000003,11.284545
2009-06-10 16:55:00.00000018,11.284233
2009-06-10 16:55:00.00000047,11.284102
2009-06-10 16:55:00.000000154,11.284348
2009-06-10 16:55:00.000000131,11.284438
2009-06-10 16:55:00.00000046,11.284529
2009-06-10 16:55:00.0000004,11.284494
2009-06-10 16:55:00.000000107,11.284427
2009-06-10 16:55:00.000000114,11.284187
2009-06-10 16:55:00.000000117,11.284305
2009-06-10 16:55:00.000000162,11.28415
2009-06-10 16:55:00.00000049,11.284324
2009-06-10 16:55:00.00000069,11.284103
2009-06-10 16:55:00.000000111,11.284386
2009-06-10 16:55:00.00000083,11.284055
2009-06-10 16:55:00.000000166,11.284408
2009-06-10 16:55:00.000000135,11.284421
2009-06-10 16:55:00.00000044,11.284435
2009-06-10 16:55:00.00000085,11.284397
2009-06-10 16:55:00.000000115,11.284289
2009-06-10 16:55:00.000000108,11.284228
2009-06-10 16:55:00.00000034,11.284283
2009-06-10 16:55:00.00000060,11.284382
2009-06-10 16:55:00.000000120,11.284048
2009-06-10 16:55:00.000000174,11.284205
2009-06-10 16:55:00.0000007,11.28409
2009-06-10 16:55:00.000000159,11.284601
2009-06-10 16:55:00.000000171,11.28423
2009-06-10 16:55:00.000000145,11.284153
2009-06-10 16:55:00.00000074,11.2845
2009-06-10 16:55:00.000000138,11.284349
2009-06-10 16:55:00.00000048,11.28455
2009-06-10 16:55:00.000000101,11.284496
2009-06-10 16:55:00.000000153,11.284309
2009-06-10 16:55:00.0000002,11.284422
2009-06-10 16:55:00.00000037,11.284223
2009-06-10 16:55:00.000000151,11.284544
2009-06-10 16:55:00.000000127,11.284304
2009-06-10 16:55:00.000000144,11.285751
2009-06-10 16:55:00.000000165,11.284587
2009-06-10 16:55:00.0000008,11.284225
2009-06-10 16:55:00.000000122,11.2843685
2009-06-10 16:55:00.00000055,11.28446
2009-06-10 16:55:00.00000079,11.2842865
2009-06-10 16:55:00.00000016,11.284762
2009-06-10 16:55:00.000000160,11.284089
2009-06-10 16:55:00.000000139,11.284372
2009-06-10 16:55:00.00000075,11.284494
2009-06-10 16:55:00.00000017,11.284506
2009-06-10 16:55:00.00000070,11.2845545
2009-06-10 16:55:00.000000118,11.284148
2009-06-10 16:55:00.00000066,11.284381
2009-06-10 16:55:00.000000164,11.284142
2009-06-10 16:55:00.000000100,11.284094
2009-06-10 16:55:00.00000082,11.28419
2009-06-10 16:55:00.00000090,11.284249
2009-06-10 16:55:00.000000125,11.284634
2009-06-10 16:55:00.000000149,11.28449
2009-06-10 16:55:00.00000068,11.284406
2009-06-10 16:55:00.00000039,11.2843685
2009-06-10 16:55:00.000000124,11.2842455
2009-06-10 16:55:00.00000053,11.284384
2009-06-10 16:55:00.00000045,11.284407
2009-06-10 16:55:00.000000102,11.284158
2009-06-10 16:55:00.000000140,11.28438
2009-06-10 16:55:00.000000148,11.284188
2009-06-10 16:55:00.000000147,11.284246
2009-06-10 16:55:00.00000097,11.284707
2009-06-10 16:55:00.00000094,11.28443
2009-06-10 16:55:00.00000078,11.284277
2009-06-10 16:55:00.00000035,11.284599
2009-06-10 16:55:00.00000072,11.284015
2009-06-10 16:55:00.00000031,11.284205
2009-06-10 16:55:00.00000056,11.284206
2009-06-10 16:55:00.000000128,11.28436
2009-06-10 16:55:00.00000057,11.284212
2009-06-10 16:55:00.00000030,11.284103
2009-06-10 16:55:00.00000043,11.283924
2009-06-10 16:55:00.000000146,11.284195
2009-06-10 16:55:00.00000010,11.284139
2009-06-10 16:55:00.00000067,11.284885
2009-06-10 16:55:00.000000119,11.284589
2009-06-10 16:55:00.00000076,11.284408
2009-06-10 16:55:00.00000025,11.284488
2009-06-10 16:55:00.00000071,11.284113
2009-06-10 16:55:00.000000143,11.284464
2013-06-26 11:19:36.0000002,11.284117
2014-09-05 10:02:48.0000004,11.28452
2014-09-05 10:02:48.0000002,11.284217
2014-09-05 10:02:48.0000001,11.284378
2014-09-05 10:02:48.0000003,11.284581
2012-09-19 12:31:40.0000001,11.284526
2012-09-19 12:31:40.0000002,11.284304
2009-03-22 04:31:40.0000002,11.284665
2009-08-27 02:31:44.0000001,11.2842045
2009-05-02 20:11:32.0000001,11.284672
2009-05-02 20:11:32.0000004,11.284097
2011-02-20 02:31:16.0000002,11.284605
2011-02-20 02:31:16.0000001,11.284635
2011-06-24 12:03:00.00000010,11.284658
2011-06-24 12:03:00.00000067,11.284237
2011-06-24 12:03:00.00000071,11.284184
2011-06-24 12:03:00.000000100,11.284222
2011-06-24 12:03:00.000000145,11.284155
2011-06-24 12:03:00.000000152,11.284399
2011-06-24 12:03:00.00000026,11.284115
2011-06-24 12:03:00.000000199,11.284325
2011-06-24 12:03:00.000000195,11.284182
2011-06-24 12:03:00.000000119,11.2842655
2011-06-24 12:03:00.00000086,11.28423
2011-06-24 12:03:00.00000012,11.284023
2011-06-24 12:03:00.00000097,11.285304
2011-06-24 12:03:00.00000058,11.284253
2011-06-24 12:03:00.000000176,11.284267
2011-06-24 12:03:00.000000139,11.284234
2011-06-24 12:03:00.00000048,11.284435
2011-06-24 12:03:00.000000159,11.284602
2011-06-24 12:03:00.00000079,11.284415
2011-06-24 12:03:00.000000138,11.284293
2011-06-24 12:03:00.000000135,11.284299
2011-06-24 12:03:00.000000173,11.28418
2011-06-24 12:03:00.000000162,11.284228
2011-06-24 12:03:00.00000018,11.284334
2011-06-24 12:03:00.000000136,11.284267
2011-06-24 12:03:00.000000185,11.284258
2011-06-24 12:03:00.00000069,11.284223
2011-06-24 12:03:00.000000105,11.284331
2011-06-24 12:03:00.000000180,11.284678
2011-06-24 12:03:00.00000053,11.284229
2011-06-24 12:03:00.000000142,11.28436
2011-06-24 12:03:00.000000188,11.2841
2011-06-24 12:03:00.00000089,11.284054
2011-06-24 12:03:00.000000109,11.284271
2011-06-24 12:03:00.00000074,11.284399
2011-06-24 12:03:00.000000113,11.284394
2011-06-24 12:03:00.00000044,11.2843
2011-06-24 12:03:00.000000183,11.284718
2011-06-24 12:03:00.00000047,11.284265
2011-06-24 12:03:00.0000006,11.284323
2011-06-24 12:03:00.0000005,11.284303
2011-06-24 12:03:00.000000200,11.284222
2011-06-24 12:03:00.000000127,11.284248
2011-06-24 12:03:00.000000120,11.284046
2011-06-24 12:03:00.000000133,11.284738
2011-06-24 12:03:00.00000073,11.284501
2011-06-24 12:03:00.000000101,11.284557
2011-06-24 12:03:00.000000187,11.284522
2011-06-24 12:03:00.000000122,11.28452
2011-06-24 12:03:00.000000175,11.284199
2011-06-24 12:03:00.000000154,11.284292
2011-06-24 12:03:00.000000197,11.284575
2011-06-24 12:03:00.00000017,11.284301
2011-06-24 12:03:00.000000186,11.284138
2011-06-24 12:03:00.00000020,11.284236
2011-06-24 12:03:00.00000035,11.284403
2011-06-24 12:03:00.000000193,11.284097
2011-06-24 12:03:00.000000201,11.2843685
2011-06-24 12:03:00.00000054,11.284282
2011-06-24 12:03:00.00000075,11.284243
2011-06-24 12:03:00.000000114,11.284269
2011-06-24 12:03:00.00000062,11.284438
2011-06-24 12:03:00.00000055,11.284294
2011-06-24 12:03:00.00000025,11.284592
2011-06-24 12:03:00.00000022,11.284278
2011-06-24 12:03:00.000000144,11.284158
2011-06-24 12:03:00.000000177,11.284217
2011-06-24 12:03:00.000000124,11.28444
2011-06-24 12:03:00.00000094,11.284147
2011-06-24 12:03:00.00000041,11.284544
2011-06-24 12:03:00.000000141,11.284318
2011-06-24 12:03:00.00000092,11.284538
2011-06-24 12:03:00.000000189,11.283935
2011-06-24 12:03:00.000000171,11.284298
2011-06-24 12:03:00.000000157,11.284268
2011-06-24 12:03:00.000000179,11.284361
2011-06-24 12:03:00.000000107,11.284672
2011-06-24 12:03:00.00000095,11.284234
2011-06-24 12:03:00.00000076,11.284566
2011-06-24 12:03:00.000000156,11.284279
2011-06-24 12:03:00.000000111,11.284469
2011-06-24 12:03:00.000000116,11.28459
2011-06-24 12:03:00.00000033,11.283719
2011-06-24 12:03:00.00000082,11.28429
2011-06-24 12:03:00.00000078,11.284095
2011-06-24 12:03:00.00000051,11.284426
2011-06-24 12:03:00.000000143,11.284552
2011-06-24 12:03:00.000000126,11.284279
2011-06-24 12:03:00.00000088,11.284625
2011-06-24 12:03:00.000000191,11.28414
2011-06-24 12:03:00.00000063,11.284384
2011-06-24 12:03:00.00000045,11.284315
2011-06-24 12:03:00.00000060,11.2845335
2011-06-24 12:03:00.00000040,11.284257
2011-06-24 12:03:00.00000057,11.284526
2011-06-24 12:03:00.00000013,11.28438
2011-06-24 12:03:00.00000068,11.284568
2011-06-24 12:03:00.000000165,11.284246
2011-06-24 12:03:00.00000056,11.284426
2011-06-24 12:03:00.000000150,11.28412
2011-06-24 12:03:00.00000052,11.284349
2011-06-24 12:03:00.00000085,11.285361
2011-06-24 12:03:00.000000190,11.284336
2011-06-24 12:03:00.00000072,11.284174
2011-06-24 12:03:00.000000137,11.284256
2011-06-24 12:03:00.000000102,11.284336
2011-06-24 12:03:00.000000106,11.284264
2011-06-24 12:03:00.000000118,11.284598
2011-06-24 12:03:00.00000046,11.284114
2011-06-24 12:03:00.000000110,11.284363
2011-06-24 12:03:00.000000181,11.284396
2011-06-24 12:03:00.000000194,11.284552
2011-06-24 12:03:00.00000061,11.284289
2011-06-24 12:03:00.0000001,11.284305
2011-06-24 12:03:00.00000087,11.284024
2011-06-24 12:03:00.00000066,11.284381
2011-06-24 12:03:00.000000146,11.284289
2011-06-24 12:03:00.000000149,11.284731
2011-06-24 12:03:00.00000038,11.284105
2011-06-24 12:03:00.000000196,11.284316
2011-06-24 12:03:00.00000093,11.284262
2011-06-24 12:03:00.000000170,11.284155
2011-06-24 12:03:00.000000168,11.2844305
2011-06-24 12:03:00.0000002,11.284247
2011-06-24 12:03:00.00000042,11.284296
2014-06-15 07:06:00.0000006,11.284389
2014-06-15 07:06:00.00000037,11.284417
2014-06-15 07:06:00.00000025,11.284351
2014-06-15 07:06:00.0000008,11.2846155
2014-06-15 07:06:00.00000036,11.285387
2014-06-15 07:06:00.00000042,11.284272
2014-06-15 07:06:00.00000033,11.284359
2014-06-15 07:06:00.00000013,11.284201
2014-06-15 07:06:00.00000035,11.284696
2014-06-15 07:06:00.00000030,11.284243
2014-06-15 07:06:00.00000024,11.284243
2014-06-15 07:06:00.00000031,11.284211
2014-06-15 07:06:00.0000009,11.284445
2014-06-15 07:06:00.00000039,11.284653
2014-06-15 07:06:00.00000010,11.284676
2014-06-15 07:06:00.00000019,11.283977
2014-06-15 07:06:00.00000041,11.284121
2014-06-15 07:06:00.00000028,11.284664
2014-06-15 07:06:00.00000014,11.285365
2014-06-15 07:06:00.0000003,11.284612
2014-06-15 07:06:00.00000017,11.284682
2014-06-15 07:06:00.00000015,11.283948
2014-06-15 07:06:00.00000026,11.2843895
2014-06-15 07:06:00.0000002,11.28482
2014-06-15 07:06:00.00000040,11.284105
2014-06-15 07:06:00.00000016,11.284389
2014-06-06 16:22:20.0000003,11.284223
2014-06-06 16:22:20.0000002,11.284224
2015-05-30 21:29:04.0000004,11.284123
2015-05-30 21:29:04.0000007,11.2847805
2015-05-30 21:29:04.0000003,11.284522
2015-05-30 21:29:04.0000001,11.284181
2009-10-26 12:01:36.0000001,11.284514
2009-10-26 12:01:36.0000002,11.284315
2009-10-26 12:01:36.0000005,11.284385
2009-10-26 12:01:36.0000003,11.28438
2013-02-02 15:45:08.0000003,11.2845335
2013-02-02 15:45:08.0000001,11.284196
2013-02-02 15:45:08.0000002,11.284687
2015-04-15 06:47:04.0000001,11.28448
2015-04-15 06:47:04.0000002,11.284561
2010-12-14 23:27:36.0000001,11.284365
2009-03-05 11:03:04.0000002,11.284317
2009-03-05 11:03:04.0000001,11.284541
2013-07-18 12:23:40.0000003,11.284175
2013-07-18 12:23:40.0000002,11.284297
2013-07-18 12:23:40.0000001,11.284102
2014-04-14 13:48:32.0000004,11.28427
2014-04-14 13:48:32.0000003,11.284379
2014-08-18 05:33:08.0000001,11.284128
2012-01-28 03:14:28.0000001,11.284474
2009-09-14 02:19:00.00000014,11.284303
2009-09-14 02:19:00.00000035,11.284205
2009-09-14 02:19:00.00000040,11.284231
2009-09-14 02:19:00.00000031,11.284277
2009-09-14 02:19:00.0000003,11.284489
2009-09-14 02:19:00.00000025,11.284455
2009-09-14 02:19:00.0000008,11.28462
2009-09-14 02:19:00.00000024,11.284356
2009-09-14 02:19:00.00000021,11.284552
2009-09-14 02:19:00.00000036,11.284502
2009-09-14 02:19:00.0000009,11.284091
2009-09-14 02:19:00.0000001,11.284303
2009-09-14 02:19:00.00000018,11.284487
2009-09-14 02:19:00.00000039,11.284473
2009-09-14 02:19:00.0000002,11.284279
2009-09-14 02:19:00.00000038,11.284609
2009-09-14 02:19:00.00000020,11.284305
2009-09-14 02:19:00.00000028,11.284437
2009-09-14 02:19:00.00000026,11.284552
2009-09-14 02:19:00.00000017,11.284465
2009-09-14 02:19:00.00000030,11.284068
2009-09-14 02:19:00.00000016,11.284629
2009-09-14 02:19:00.0000006,11.284249
2009-09-14 02:19:00.0000007,11.284408
2011-08-14 14:17:28.0000003,11.284262
2011-08-14 14:17:28.0000001,11.284389
2011-08-14 14:17:28.0000004,11.284112
2011-08-14 14:17:28.0000002,11.283764
2011-08-14 14:17:28.0000005,11.284382
2014-03-17 16:07:56.0000002,11.284601
2010-11-03 21:09:56.0000002,11.284203
2010-11-03 21:09:56.0000001,11.284405
2012-12-11 23:37:08.0000002,11.284649
2012-12-11 23:37:08.0000005,11.284471
2012-12-11 23:37:08.0000004,11.284274
2012-12-11 23:37:08.0000006,11.284249
2012-12-11 23:37:08.0000003,11.284331
2012-12-11 23:37:08.0000001,11.284508
2015-06-24 14:19:52.0000001,11.284393
2015-06-24 14:19:52.0000002,11.285323
2015-06-24 14:19:52.0000004,11.284482
2010-08-21 22:21:32.0000004,11.284647
2011-02-19 10:20:28.0000003,11.284242
2011-02-19 10:20:28.0000002,11.283884
2011-02-19 10:20:28.0000001,11.284373
2011-02-19 10:20:28.0000004,11.284568
2011-10-02 22:31:44.0000004,11.284216
2011-10-02 22:31:44.0000002,11.284602
2011-10-02 22:31:44.0000003,11.284586
2012-01-26 11:17:36.0000002,11.284304
2012-05-06 23:37:24.0000002,11.284209
2012-05-06 23:37:24.0000001,11.284395
2013-06-12 20:03:36.0000001,11.284283
2013-06-12 20:03:36.0000002,11.284572
2015-02-27 14:15:52.0000003,11.284108
2013-12-21 17:20:32.0000001,11.284556
2009-06-29 08:09:40.0000002,11.284377
2009-06-29 08:09:40.0000001,11.284041
2014-09-14 17:22:12.0000002,11.284099
2014-09-14 17:22:12.0000001,11.284447
2014-09-14 17:22:12.0000003,11.284338
2014-09-14 17:22:12.0000005,11.284405
2014-08-20 14:37:56.0000001,11.284611
2011-07-20 16:34:48.0000001,11.284278
2011-07-20 16:34:48.0000003,11.284383
2009-10-05 10:11:32.0000001,11.284273
2009-10-05 10:11:32.0000002,11.284165
2011-02-16 08:44:04.0000001,11.284022
2011-02-16 08:44:04.0000007,11.284336
2011-02-16 08:44:04.0000004,11.284212
2011-02-16 08:44:04.0000003,11.283964
2011-02-16 08:44:04.0000002,11.284112
2011-02-16 08:44:04.0000006,11.284035
2011-02-16 08:44:04.0000005,11.28439
2009-01-01 11:04:24.0000002,11.284545
2014-04-28 19:46:36.0000003,11.28452
2012-11-11 20:35:40.0000001,11.285409
2012-11-11 20:35:40.0000002,11.284359
2011-06-01 07:37:00.000000171,11.284306
2011-06-01 07:37:00.000000199,11.28455
2011-06-01 07:37:00.00000032,11.284218
2011-06-01 07:37:00.000000175,11.284319
2011-06-01 07:37:00.00000095,11.284524
2011-06-01 07:37:00.000000106,11.2843275
2011-06-01 07:37:00.00000090,11.284407
2011-06-01 07:37:00.000000169,11.284527
2011-06-01 07:37:00.0000007,11.284326
2011-06-01 07:37:00.000000151,11.284687
2011-06-01 07:37:00.000000101,11.284327
2011-06-01 07:37:00.00000099,11.284203
2011-06-01 07:37:00.00000084,11.284392
2011-06-01 07:37:00.00000083,11.284263
2011-06-01 07:37:00.00000043,11.284303
2011-06-01 07:37:00.00000029,11.284471
2011-06-01 07:37:00.000000132,11.284233
2011-06-01 07:37:00.000000208,11.28427
2011-06-01 07:37:00.000000221,11.284171
2011-06-01 07:37:00.000000131,11.284367
2011-06-01 07:37:00.000000220,11.284502
2011-06-01 07:37:00.000000207,11.284119
2011-06-01 07:37:00.000000205,11.284303
2011-06-01 07:37:00.000000180,11.284165
2011-06-01 07:37:00.000000103,11.284296
2011-06-01 07:37:00.00000098,11.284223
2011-06-01 07:37:00.000000189,11.284248
2011-06-01 07:37:00.000000165,11.28413
2011-06-01 07:37:00.000000184,11.285452
2011-06-01 07:37:00.00000092,11.284437
2011-06-01 07:37:00.00000020,11.284526
2011-06-01 07:37:00.000000105,11.284531
2011-06-01 07:37:00.00000088,11.284592
2011-06-01 07:37:00.000000122,11.284463
2011-06-01 07:37:00.000000219,11.28437
2011-06-01 07:37:00.000000222,11.284154
2011-06-01 07:37:00.00000049,11.284231
2011-06-01 07:37:00.000000114,11.284403
2011-06-01 07:37:00.000000181,11.284731
2011-06-01 07:37:00.000000144,11.285308
2011-06-01 07:37:00.000000155,11.284178
2011-06-01 07:37:00.000000118,11.284356
2011-06-01 07:37:00.000000142,11.284526
2011-06-01 07:37:00.000000223,11.28439
2011-06-01 07:37:00.00000057,11.284353
2011-06-01 07:37:00.000000168,11.284311
2011-06-01 07:37:00.000000226,11.284655
2011-06-01 07:37:00.000000177,11.284524
2011-06-01 07:37:00.000000185,11.284291
2011-06-01 07:37:00.000000178,11.284191
2011-06-01 07:37:00.000000140,11.284339
2011-06-01 07:37:00.000000141,11.284388
2011-06-01 07:37:00.00000045,11.28424
2011-06-01 07:37:00.00000086,11.2842245
2011-06-01 07:37:00.000000145,11.284249
2011-06-01 07:37:00.00000037,11.284126
2011-06-01 07:37:00.00000094,11.284218
2011-06-01 07:37:00.00000082,11.284553
2011-06-01 07:37:00.000000179,11.284744
2011-06-01 07:37:00.000000197,11.284234
2011-06-01 07:37:00.000000154,11.284525
2011-06-01 07:37:00.00000019,11.284159
2011-06-01 07:37:00.00000075,11.284335
2011-06-01 07:37:00.000000110,11.284427
2011-06-01 07:37:00.00000078,11.283975
2011-06-01 07:37:00.000000146,11.284452
2011-06-01 07:37:00.000000143,11.28443
2011-06-01 07:37:00.000000227,11.284666
2011-06-01 07:37:00.00000070,11.284301
2011-06-01 07:37:00.000000176,11.284665
2011-06-01 07:37:00.000000217,11.284163
2011-06-01 07:37:00.00000026,11.284408
2011-06-01 07:37:00.000000209,11.284107
2011-06-01 07:37:00.000000183,11.284512
2011-06-01 07:37:00.000000210,11.284377
2011-06-01 07:37:00.00000060,11.284169
2011-06-01 07:37:00.000000174,11.284218
2011-06-01 07:37:00.000000203,11.284538
2011-06-01 07:37:00.000000139,11.284478
2011-06-01 07:37:00.000000162,11.28413
2011-06-01 07:37:00.000000125,11.2842865
2011-06-01 07:37:00.000000198,11.284141
2011-06-01 07:37:00.00000055,11.283975
2011-06-01 07:37:00.00000016,11.2842245
2011-06-01 07:37:00.00000027,11.284441
2011-06-01 07:37:00.00000053,11.284225
2011-06-01 07:37:00.000000201,11.284216
2011-06-01 07:37:00.000000138,11.284626
2011-06-01 07:37:00.00000077,11.28407
2011-06-01 07:37:00.00000022,11.284587
2011-06-01 07:37:00.000000182,11.284147
2011-06-01 07:37:00.000000163,11.284142
2011-06-01 07:37:00.000000204,11.2845545
2011-06-01 07:37:00.000000137,11.284444
2011-06-01 07:37:00.000000152,11.28443
2011-06-01 07:37:00.00000048,11.284361
2011-06-01 07:37:00.00000025,11.284323
2011-06-01 07:37:00.000000100,11.284689
2011-06-01 07:37:00.00000015,11.284409
2011-06-01 07:37:00.00000097,11.284268
2011-06-01 07:37:00.000000127,11.284129
2011-06-01 07:37:00.000000170,11.284361
2011-06-01 07:37:00.00000091,11.284674
2011-06-01 07:37:00.000000109,11.284396
2011-06-01 07:37:00.00000028,11.284328
2011-06-01 07:37:00.000000129,11.283895
2011-06-01 07:37:00.000000158,11.284391
2011-06-01 07:37:00.0000005,11.284593
2011-06-01 07:37:00.00000034,11.2841425
2011-06-01 07:37:00.000000107,11.284238
2011-06-01 07:37:00.00000036,11.28443
2011-06-01 07:37:00.00000046,11.284498
2011-06-01 07:37:00.000000108,11.2845125
2011-06-01 07:37:00.0000008,11.284202
2011-06-01 07:37:00.000000212,11.284527
2011-06-01 07:37:00.00000068,11.284447
2011-06-01 07:37:00.00000065,11.284093
2011-06-01 07:37:00.000000116,11.284428
2011-06-01 07:37:00.000000196,11.284256
2011-06-01 07:37:00.000000172,11.284631
2011-06-01 07:37:00.00000059,11.284344
2011-06-01 07:37:00.000000167,11.284113
2011-06-01 07:37:00.00000058,11.284522
2011-06-01 07:37:00.00000061,11.284434
2011-06-01 07:37:00.000000156,11.2847
2011-06-01 07:37:00.000000128,11.284161
2011-06-01 07:37:00.00000079,11.28435
2011-06-01 07:37:00.000000206,11.28424
2011-06-01 07:37:00.00000069,11.284575
2011-06-01 07:37:00.000000190,11.284417
2011-06-01 07:37:00.000000112,11.284042
2011-06-01 07:37:00.000000104,11.284337
2011-06-01 07:37:00.000000194,11.284381
2011-06-01 07:37:00.0000002,11.2844515
2011-06-01 07:37:00.00000044,11.284543
2011-06-01 07:37:00.00000010,11.284252
2011-06-01 07:37:00.000000157,11.283647
2011-06-01 07:37:00.000000147,11.2842
2011-06-01 07:37:00.000000120,11.284294
2011-06-01 07:37:00.000000149,11.2841015
2011-06-01 07:37:00.000000119,11.284214
2011-06-01 07:37:00.00000023,11.284327
2011-06-01 07:37:00.00000017,11.284095
2011-06-01 07:37:00.00000038,11.284294
2011-06-01 07:37:00.000000113,11.284203
2011-06-01 07:37:00.000000211,11.284161
2011-06-01 07:37:00.00000051,11.284117
2011-06-01 07:37:00.00000054,11.284383
2011-06-01 07:37:00.000000186,11.284523
2009-02-16 03:13:40.0000001,11.284248
2010-08-27 18:45:00.000000234,11.284592
2010-08-27 18:45:00.00000057,11.284308
2010-08-27 18:45:00.00000039,11.28438
2010-08-27 18:45:00.000000161,11.2845955
2010-08-27 18:45:00.000000220,11.284641
2010-08-27 18:45:00.00000028,11.2843075
2010-08-27 18:45:00.00000014,11.2841835
2010-08-27 18:45:00.000000226,11.283966
2010-08-27 18:45:00.000000175,11.284126
2010-08-27 18:45:00.00000040,11.283924
2010-08-27 18:45:00.000000144,11.284754
2010-08-27 18:45:00.00000085,11.284332
2010-08-27 18:45:00.000000194,11.284482
2010-08-27 18:45:00.00000094,11.2846775
2010-08-27 18:45:00.000000141,11.284339
2010-08-27 18:45:00.00000067,11.284269
2010-08-27 18:45:00.000000231,11.284313
2010-08-27 18:45:00.000000214,11.282685
2010-08-27 18:45:00.00000037,11.284737
2010-08-27 18:45:00.000000165,11.284204
2010-08-27 18:45:00.000000158,11.2839775
2010-08-27 18:45:00.000000217,11.284393
2010-08-27 18:45:00.00000090,11.284442
2010-08-27 18:45:00.000000142,11.284302
2010-08-27 18:45:00.0000004,11.28431
2010-08-27 18:45:00.00000070,11.284634
2010-08-27 18:45:00.000000202,11.284391
2010-08-27 18:45:00.000000177,11.284343
2010-08-27 18:45:00.00000084,11.284281
2010-08-27 18:45:00.000000209,11.284836
2010-08-27 18:45:00.000000184,11.284536
2010-08-27 18:45:00.000000173,11.284195
2010-08-27 18:45:00.00000029,11.284461
2010-08-27 18:45:00.00000025,11.284452
2010-08-27 18:45:00.00000012,11.284436
2010-08-27 18:45:00.00000010,11.284416
2010-08-27 18:45:00.000000136,11.28442
2010-08-27 18:45:00.00000073,11.284352
2010-08-27 18:45:00.000000124,11.284384
2010-08-27 18:45:00.000000125,11.284202
2010-08-27 18:45:00.000000169,11.284269
2010-08-27 18:45:00.000000208,11.284552
2010-08-27 18:45:00.000000152,11.284335
2010-08-27 18:45:00.000000196,11.284311
2010-08-27 18:45:00.0000005,11.284536
2010-08-27 18:45:00.00000077,11.284364
2010-08-27 18:45:00.000000123,11.2850485
2010-08-27 18:45:00.00000046,11.284379
2010-08-27 18:45:00.00000033,11.284288
2010-08-27 18:45:00.000000166,11.284736
2010-08-27 18:45:00.000000190,11.28423
2010-08-27 18:45:00.00000043,11.284434
2010-08-27 18:45:00.00000081,11.284454
2010-08-27 18:45:00.00000034,11.284078
2010-08-27 18:45:00.00000089,11.284754
2010-08-27 18:45:00.000000189,11.284443
2010-08-27 18:45:00.00000078,11.284655
2010-08-27 18:45:00.00000053,11.284205
2010-08-27 18:45:00.000000188,11.284257
2010-08-27 18:45:00.00000071,11.284411
2010-08-27 18:45:00.00000097,11.284253
2010-08-27 18:45:00.00000031,11.284404
2010-08-27 18:45:00.000000101,11.284382
2010-08-27 18:45:00.000000140,11.28443
2010-08-27 18:45:00.00000054,11.284188
2010-08-27 18:45:00.0000006,11.284189
2010-08-27 18:45:00.00000011,11.284349
2010-08-27 18:45:00.00000055,11.2842655
2010-08-27 18:45:00.000000160,11.28425
2010-08-27 18:45:00.00000024,11.284531
2010-08-27 18:45:00.000000106,11.284312
2010-08-27 18:45:00.000000131,11.284058
2010-08-27 18:45:00.00000087,11.284463
2010-08-27 18:45:00.000000110,11.284246
2010-08-27 18:45:00.000000197,11.284199
2010-08-27 18:45:00.00000066,11.2844925
2010-08-27 18:45:00.000000205,11.284395
2010-08-27 18:45:00.00000086,11.28423
2010-08-27 18:45:00.000000207,11.284415
2010-08-27 18:45:00.00000068,11.284915
2010-08-27 18:45:00.00000050,11.284392
2010-08-27 18:45:00.00000045,11.285485
2010-08-27 18:45:00.00000093,11.283987
2010-08-27 18:45:00.00000061,11.284355
2010-08-27 18:45:00.00000022,11.284333
2010-08-27 18:45:00.00000018,11.284333
2010-08-27 18:45:00.000000192,11.284321
2010-08-27 18:45:00.000000148,11.284242
2010-08-27 18:45:00.000000195,11.284312
2010-08-27 18:45:00.000000155,11.284162
2010-08-27 18:45:00.000000129,11.284328
2010-08-27 18:45:00.000000133,11.284158
2010-08-27 18:45:00.00000063,11.28431
2010-08-27 18:45:00.00000076,11.284324
2010-08-27 18:45:00.000000204,11.28442
2010-08-27 18:45:00.000000179,11.284131
2010-08-27 18:45:00.000000219,11.285655
2010-08-27 18:45:00.000000107,11.284407
2010-08-27 18:45:00.000000153,11.284439
2010-08-27 18:45:00.00000026,11.28447
2010-08-27 18:45:00.000000198,11.284318
2010-08-27 18:45:00.00000016,11.284149
2010-08-27 18:45:00.00000060,11.284265
2010-08-27 18:45:00.00000017,11.284485
2010-08-27 18:45:00.000000109,11.284358
2010-08-27 18:45:00.000000227,11.284128
2010-08-27 18:45:00.000000181,11.284387
2010-08-27 18:45:00.000000191,11.28441
2010-08-27 18:45:00.000000228,11.284268
2010-08-27 18:45:00.00000069,11.284259
2010-08-27 18:45:00.000000113,11.284379
2010-08-27 18:45:00.00000049,11.284526
2010-08-27 18:45:00.000000103,11.284216
2010-08-27 18:45:00.0000003,11.284458
2010-08-27 18:45:00.0000008,11.284156
2010-08-27 18:45:00.000000134,11.284054
2010-08-27 18:45:00.000000183,11.284251
2010-08-27 18:45:00.00000013,11.284233
2010-08-27 18:45:00.000000235,11.2842655
2010-08-27 18:45:00.00000038,11.284436
2010-08-27 18:45:00.00000030,11.284726
2010-08-27 18:45:00.000000203,11.283573
2010-08-27 18:45:00.000000182,11.284575
2010-08-27 18:45:00.000000230,11.284254
2010-08-27 18:45:00.00000065,11.28462
2011-02-12 00:43:24.0000003,11.284359
2011-02-12 00:43:24.0000001,11.284308
2014-05-07 06:50:20.0000002,11.284273
2014-05-07 06:50:20.0000001,11.28434
2014-05-07 06:50:20.0000003,11.284296
2011-04-27 20:59:24.0000002,11.284349
2011-04-27 20:59:24.0000003,11.284404
2011-04-27 20:59:24.0000004,11.284498
2011-04-27 20:59:24.0000001,11.284363
2011-04-27 20:59:24.0000005,11.2844
2010-08-14 02:13:00.00000069,11.2838335
2010-08-14 02:13:00.00000049,11.284078
2010-08-14 02:13:00.00000059,11.284308
2010-08-14 02:13:00.00000075,11.284858
2010-08-14 02:13:00.00000020,11.284578
2010-08-14 02:13:00.000000102,11.284646
2010-08-14 02:13:00.00000060,11.283998
2010-08-14 02:13:00.00000033,11.2845545
2010-08-14 02:13:00.000000166,11.284409
2010-08-14 02:13:00.000000111,11.284745
2010-08-14 02:13:00.00000056,11.284628
2010-08-14 02:13:00.00000044,11.284128
2010-08-14 02:13:00.000000132,11.284932
2010-08-14 02:13:00.00000073,11.284485
2010-08-14 02:13:00.00000043,11.284081
2010-08-14 02:13:00.00000085,11.284635
2010-08-14 02:13:00.000000108,11.2840605
2010-08-14 02:13:00.00000028,11.284953
2010-08-14 02:13:00.00000076,11.284449
2010-08-14 02:13:00.00000066,11.284504
2010-08-14 02:13:00.00000080,11.284983
2010-08-14 02:13:00.000000149,11.283932
2010-08-14 02:13:00.00000054,11.283684
2010-08-14 02:13:00.000000130,11.284652
2010-08-14 02:13:00.00000032,11.284392
2010-08-14 02:13:00.000000158,11.284603
2010-08-14 02:13:00.000000171,11.284611
2010-08-14 02:13:00.00000092,11.284569
2010-08-14 02:13:00.000000155,11.283982
2010-08-14 02:13:00.000000116,11.284381
2010-08-14 02:13:00.000000109,11.284472
2010-08-14 02:13:00.00000030,11.284486
2010-08-14 02:13:00.00000015,11.284432
2010-08-14 02:13:00.000000133,11.284981
2010-08-14 02:13:00.00000072,11.2848215
2010-08-14 02:13:00.00000052,11.284723
2010-08-14 02:13:00.000000170,11.2843275
2010-08-14 02:13:00.0000007,11.2845745
2010-08-14 02:13:00.000000165,11.284604
2010-08-14 02:13:00.00000026,11.284366
2010-08-14 02:13:00.000000148,11.284381
2010-08-14 02:13:00.00000034,11.28458
2010-08-14 02:13:00.00000022,11.284233
2010-08-14 02:13:00.000000100,11.284455
2010-08-14 02:13:00.000000160,11.284641
2010-08-14 02:13:00.0000009,11.284329
2010-08-14 02:13:00.00000038,11.284567
2010-08-14 02:13:00.0000001,11.284564
2010-08-14 02:13:00.00000078,11.284411
2010-08-14 02:13:00.000000134,11.284444
2010-08-14 02:13:00.00000077,11.28466
2010-08-14 02:13:00.000000168,11.284382
2010-08-14 02:13:00.000000161,11.284522
2010-08-14 02:13:00.000000122,11.28462
2010-08-14 02:13:00.00000035,11.284552
2010-08-14 02:13:00.000000110,11.2843275
2010-08-14 02:13:00.000000146,11.28444
2010-08-14 02:13:00.00000010,11.28435
2010-08-14 02:13:00.000000141,11.284342
2010-08-14 02:13:00.00000087,11.284503
2010-08-14 02:13:00.000000137,11.284595
2010-08-14 02:13:00.00000064,11.284272
2010-08-14 02:13:00.00000084,11.284458
2010-08-14 02:13:00.000000139,11.28482
2010-08-14 02:13:00.00000089,11.284318
2010-08-14 02:13:00.000000140,11.285336
2010-08-14 02:13:00.00000012,11.284574
2010-08-14 02:13:00.00000025,11.283873
2010-08-14 02:13:00.00000070,11.284593
2010-08-14 02:13:00.0000004,11.284294
2010-08-14 02:13:00.00000090,11.284491
2010-08-14 02:13:00.000000101,11.284656
2010-08-14 02:13:00.00000017,11.2843075
2010-08-14 02:13:00.00000055,11.284557
2010-08-14 02:13:00.00000014,11.284273
2010-08-14 02:13:00.000000142,11.28508
2010-08-14 02:13:00.00000021,11.2857275
2010-08-14 02:13:00.00000047,11.284418
2010-08-14 02:13:00.00000083,11.284679
2010-08-14 02:13:00.000000162,11.284477
2015-04-16 22:32:48.0000006,11.284353
2015-04-16 22:32:48.0000001,11.28473
2015-04-16 22:32:48.0000004,11.284283
2015-04-16 22:32:48.0000002,11.284421
2015-04-16 22:32:48.0000005,11.28428
2013-03-15 11:57:04.0000002,11.284338
2013-03-15 11:57:04.0000001,11.284091
2014-11-16 08:47:12.0000002,11.28442
2014-11-16 08:47:12.0000001,11.284287
2013-02-20 16:10:28.0000001,11.284288
2011-07-03 00:36:04.0000001,11.284701
2014-03-25 23:47:00.00000074,11.28439
2014-03-25 23:47:00.00000088,11.284353
2014-03-25 23:47:00.000000100,11.2846775
2014-03-25 23:47:00.00000094,11.284107
2014-03-25 23:47:00.00000059,11.284627
2014-03-25 23:47:00.00000066,11.284114
2014-03-25 23:47:00.00000016,11.284431
2014-03-25 23:47:00.0000003,11.284511
2014-03-25 23:47:00.00000080,11.284556
2014-03-25 23:47:00.00000048,11.284672
2014-03-25 23:47:00.00000058,11.284227
2014-03-25 23:47:00.00000070,11.284276
2014-03-25 23:47:00.00000046,11.283977
2014-03-25 23:47:00.00000053,11.284342
2014-03-25 23:47:00.00000029,11.283845
2014-03-25 23:47:00.00000087,11.283997
2014-03-25 23:47:00.000000126,11.284352
2014-03-25 23:47:00.00000024,11.284386
2014-03-25 23:47:00.0000007,11.284574
2014-03-25 23:47:00.00000071,11.284512
2014-03-25 23:47:00.0000008,11.285019
2014-03-25 23:47:00.00000049,11.284253
2014-03-25 23:47:00.00000090,11.284317
2014-03-25 23:47:00.00000089,11.284604
2014-03-25 23:47:00.000000117,11.2845
2014-03-25 23:47:00.00000043,11.284334
2014-03-25 23:47:00.00000032,11.284303
2014-03-25 23:47:00.00000081,11.284586
2014-03-25 23:47:00.00000023,11.284536
2014-03-25 23:47:00.00000099,11.284195
2014-03-25 23:47:00.00000077,11.284018
2014-03-25 23:47:00.00000065,11.284514
2014-03-25 23:47:00.000000111,11.284456
2014-03-25 23:47:00.000000118,11.284449
2014-03-25 23:47:00.00000038,11.2842
2014-03-25 23:47:00.000000110,11.284334
2014-03-25 23:47:00.00000014,11.284237
2014-03-25 23:47:00.00000086,11.285506
2014-03-25 23:47:00.00000097,11.284379
2014-03-25 23:47:00.00000092,11.284635
2014-03-25 23:47:00.000000140,11.284391
2014-03-25 23:47:00.000000123,11.284785
2014-03-25 23:47:00.000000131,11.284431
2014-03-25 23:47:00.00000033,11.28436
2014-03-25 23:47:00.00000015,11.28433
2014-03-25 23:47:00.000000125,11.284
2014-03-25 23:47:00.00000061,11.284396
2014-03-25 23:47:00.00000027,11.284143
2014-03-25 23:47:00.000000101,11.284453
2014-03-25 23:47:00.000000136,11.284542
2014-03-25 23:47:00.000000133,11.284725
2014-03-25 23:47:00.0000006,11.284398
2014-03-25 23:47:00.00000047,11.28429
2014-03-25 23:47:00.00000056,11.284437
2014-03-25 23:47:00.0000001,11.284292
2014-03-25 23:47:00.00000045,11.284431
2014-03-25 23:47:00.00000073,11.284292
2014-03-25 23:47:00.00000030,11.283985
2014-03-25 23:47:00.00000010,11.284623
2014-03-25 23:47:00.00000072,11.2842455
2014-03-25 23:47:00.0000009,11.283886
2014-03-25 23:47:00.00000082,11.284388
2014-03-25 23:47:00.00000017,11.284375
2014-03-25 23:47:00.00000050,11.284363
2014-03-25 23:47:00.000000121,11.284342
2014-03-25 23:47:00.000000109,11.284281
2014-03-25 23:47:00.00000018,11.284293
2014-03-25 23:47:00.00000078,11.284365
2014-03-25 23:47:00.00000025,11.284276
2014-03-25 23:47:00.00000044,11.284506
2014-03-25 23:47:00.0000005,11.284659
2014-03-25 23:47:00.00000062,11.284232
2014-03-25 23:47:00.000000130,11.284653
2014-03-25 23:47:00.00000037,11.284348
2014-03-25 23:47:00.000000114,11.284679
2014-03-25 23:47:00.0000002,11.284307
2014-03-25 23:47:00.000000103,11.284203
2014-03-25 23:47:00.000000106,11.284604
2014-03-25 23:47:00.00000095,11.2843075
2014-03-25 23:47:00.000000113,11.284725
2014-03-25 23:47:00.0000004,11.284725
2014-03-25 23:47:00.00000041,11.284507
2014-03-25 23:47:00.00000079,11.284562
2011-06-21 13:19:20.0000001,11.284052
2011-06-21 13:19:20.0000003,11.284225
2011-06-21 13:19:20.0000002,11.28394
2013-01-02 20:53:44.0000001,11.284094
2013-01-02 20:53:44.0000002,11.284544
2009-10-07 08:16:24.0000001,11.2845125
2012-08-25 22:18:36.0000003,11.284343
2012-08-25 22:18:36.0000004,11.284359
2012-08-25 22:18:36.0000001,11.284481
2012-08-25 22:18:36.0000002,11.2842865
2015-06-05 08:38:56.0000005,11.284216
2015-06-05 08:38:56.0000007,11.28455
2015-06-05 08:38:56.0000006,11.284423
2015-06-05 08:38:56.0000004,11.284135
2015-06-05 08:38:56.0000001,11.2844305
2015-06-05 08:38:56.0000002,11.284648
2013-02-26 11:10:24.0000002,11.28435
2013-02-26 11:10:24.0000001,11.284466
2014-04-29 00:02:40.0000001,11.284483
2014-04-29 00:02:40.0000002,11.284439
2014-04-29 00:02:40.0000003,11.284723
2010-08-06 20:27:12.0000002,11.284338
2010-08-06 20:27:12.0000005,11.284308
2010-08-06 20:27:12.0000004,11.284643
2010-08-06 20:27:12.0000001,11.284093
2012-06-07 00:25:40.0000001,11.284428
2012-06-07 00:25:40.0000002,11.284607
2011-09-24 07:42:32.0000001,11.284409
2011-09-28 10:58:48.0000002,11.284223
2011-09-28 10:58:48.0000001,11.284367
2011-09-28 10:58:48.0000005,11.284383
2011-09-28 10:58:48.0000004,11.283911
2011-09-28 10:58:48.0000003,11.28424
2011-09-28 10:58:48.0000006,11.283918
2009-11-01 05:04:12.0000001,11.28481
2009-11-01 05:04:12.0000002,11.28449
2014-04-23 22:54:12.0000002,11.283908
2014-04-23 22:54:12.0000001,11.284447
2014-04-23 22:54:12.0000004,11.284788
2014-04-23 22:54:12.0000003,11.284783
2014-04-23 22:54:12.0000005,11.284511
2014-04-23 22:54:12.0000006,11.284999
2012-02-28 19:18:44.0000001,11.284221
2012-02-28 19:18:44.0000002,11.284259
2010-09-29 16:43:00.0000003,11.284692
2010-09-29 16:43:00.000000143,11.284206
2010-09-29 16:43:00.000000150,11.284184
2010-09-29 16:43:00.00000077,11.284768
2010-09-29 16:43:00.000000153,11.284381
2010-09-29 16:43:00.00000048,11.284236
2010-09-29 16:43:00.00000086,11.284287
2010-09-29 16:43:00.000000108,11.284271
2010-09-29 16:43:00.000000101,11.2841425
2010-09-29 16:43:00.000000132,11.284177
2010-09-29 16:43:00.00000033,11.284028
2010-09-29 16:43:00.00000055,11.284176
2010-09-29 16:43:00.000000107,11.284098
2010-09-29 16:43:00.000000147,11.284254
2010-09-29 16:43:00.00000098,11.284597
2010-09-29 16:43:00.00000053,11.284557
2010-09-29 16:43:00.00000052,11.284507
2010-09-29 16:43:00.00000085,11.284365
2010-09-29 16:43:00.000000115,11.284326
2010-09-29 16:43:00.000000133,11.284186
2010-09-29 16:43:00.000000131,11.284164
2010-09-29 16:43:00.00000031,11.284661
2010-09-29 16:43:00.00000096,11.284164
2010-09-29 16:43:00.000000120,11.284598
2010-09-29 16:43:00.000000175,11.28435
2010-09-29 16:43:00.00000072,11.284357
2010-09-29 16:43:00.00000038,11.284475
2010-09-29 16:43:00.00000043,11.284174
2010-09-29 16:43:00.0000007,11.285067
2010-09-29 16:43:00.000000111,11.284345
2010-09-29 16:43:00.00000067,11.284176
2010-09-29 16:43:00.00000065,11.284276
2010-09-29 16:43:00.00000046,11.284462
2010-09-29 16:43:00.00000075,11.284371
2010-09-29 16:43:00.000000155,11.284443
2010-09-29 16:43:00.00000087,11.284904
2010-09-29 16:43:00.000000160,11.284224
2010-09-29 16:43:00.00000060,11.2842655
2010-09-29 16:43:00.00000020,11.284162
2010-09-29 16:43:00.00000091,11.284338
2010-09-29 16:43:00.00000068,11.284728
2010-09-29 16:43:00.000000165,11.284287
2010-09-29 16:43:00.000000146,11.284189
2010-09-29 16:43:00.000000169,11.284283
2010-09-29 16:43:00.000000141,11.284268
2010-09-29 16:43:00.00000018,11.284324
2010-09-29 16:43:00.000000100,11.284255
2010-09-29 16:43:00.000000163,11.28412
2010-09-29 16:43:00.00000076,11.283868
2010-09-29 16:43:00.00000027,11.284906
2010-09-29 16:43:00.000000137,11.284388
2010-09-29 16:43:00.00000021,11.284317
2010-09-29 16:43:00.00000063,11.284473
2010-09-29 16:43:00.00000058,11.28396
2010-09-29 16:43:00.00000090,11.284239
2010-09-29 16:43:00.00000066,11.284266
2010-09-29 16:43:00.000000156,11.284025
2010-09-29 16:43:00.000000104,11.284752
2010-09-29 16:43:00.00000089,11.285469
2010-09-29 16:43:00.00000029,11.285666
2010-09-29 16:43:00.0000004,11.28415
2010-09-29 16:43:00.00000051,11.284263
2010-09-29 16:43:00.00000036,11.284354
2010-09-29 16:43:00.000000158,11.284194
2010-09-29 16:43:00.000000106,11.284264
2010-09-29 16:43:00.00000047,11.284248
2010-09-29 16:43:00.00000073,11.284027
2010-09-29 16:43:00.00000024,11.284347
2010-09-29 16:43:00.000000151,11.284428
2010-09-29 16:43:00.000000134,11.284155
2010-09-29 16:43:00.000000138,11.284237
2010-09-29 16:43:00.000000125,11.284219
2010-09-29 16:43:00.000000112,11.284383
2010-09-29 16:43:00.0000006,11.284321
2010-09-29 16:43:00.00000025,11.28476
2010-09-29 16:43:00.0000008,11.284529
2010-09-29 16:43:00.00000049,11.284193
2010-09-29 16:43:00.000000173,11.28436
2010-09-29 16:43:00.00000050,11.284516
2010-09-29 16:43:00.00000035,11.284283
2010-09-29 16:43:00.00000097,11.28546
2010-09-29 16:43:00.00000054,11.284337
2010-09-29 16:43:00.000000166,11.284103
2010-09-29 16:43:00.0000005,11.2840395
2010-09-29 16:43:00.00000030,11.284474
2010-09-29 16:43:00.000000102,11.285791
2010-09-29 16:43:00.00000056,11.284473
2010-09-29 16:43:00.000000103,11.284372
2010-09-29 16:43:00.00000092,11.284458
2010-09-29 16:43:00.00000079,11.284205
2010-09-29 16:43:00.000000149,11.284393
2010-09-29 16:43:00.000000123,11.28404
2010-09-29 16:43:00.000000128,11.284227
2010-09-29 16:43:00.000000121,11.284621
2010-09-29 16:43:00.000000105,11.28471
2010-09-29 16:43:00.00000026,11.284822
2010-09-29 16:43:00.000000109,11.28445
2010-09-29 16:43:00.000000124,11.28421
2010-09-29 16:43:00.00000071,11.284168
2010-09-29 16:43:00.00000061,11.283869
2010-09-29 16:43:00.000000129,11.28428
2010-09-29 16:43:00.00000095,11.284463
2010-09-29 16:43:00.00000010,11.284282
2010-09-29 16:43:00.00000081,11.283967
2010-09-29 16:43:00.00000017,11.283917
2010-09-29 16:43:00.00000028,11.284061
2010-09-29 16:43:00.000000167,11.284309
2010-09-29 16:43:00.00000082,11.284604
2010-09-29 16:43:00.000000116,11.284564
2010-09-29 16:43:00.000000127,11.285447
2014-10-27 14:58:00.00000095,11.284516
2014-10-27 14:58:00.000000118,11.284308
2014-10-27 14:58:00.00000098,11.28421
2014-10-27 14:58:00.000000108,11.284361
2014-10-27 14:58:00.00000074,11.284193
2014-10-27 14:58:00.00000079,11.28468
2014-10-27 14:58:00.000000137,11.284431
2014-10-27 14:58:00.0000001,11.284126
2014-10-27 14:58:00.00000018,11.284117
2014-10-27 14:58:00.000000142,11.284177
2014-10-27 14:58:00.00000082,11.284427
2014-10-27 14:58:00.0000008,11.284624
2014-10-27 14:58:00.00000016,11.284408
2014-10-27 14:58:00.000000117,11.284584
2014-10-27 14:58:00.00000048,11.284155
2014-10-27 14:58:00.00000075,11.284327
2014-10-27 14:58:00.000000112,11.284693
2014-10-27 14:58:00.00000029,11.284474
2014-10-27 14:58:00.00000058,11.284166
2014-10-27 14:58:00.00000053,11.284548
2014-10-27 14:58:00.00000052,11.284461
2014-10-27 14:58:00.00000071,11.284283
2014-10-27 14:58:00.00000044,11.284492
2014-10-27 14:58:00.000000120,11.284345
2014-10-27 14:58:00.00000034,11.284467
2014-10-27 14:58:00.000000105,11.284298
2014-10-27 14:58:00.000000147,11.284378
2014-10-27 14:58:00.00000030,11.284318
2014-10-27 14:58:00.000000100,11.284493
2014-10-27 14:58:00.00000086,11.2843485
2014-10-27 14:58:00.00000047,11.284207
2014-10-27 14:58:00.000000107,11.284235
2014-10-27 14:58:00.000000127,11.284663
2014-10-27 14:58:00.000000119,11.284513
2014-10-27 14:58:00.00000013,11.284224
2014-10-27 14:58:00.00000076,11.284503
2014-10-27 14:58:00.00000085,11.284381
2014-10-27 14:58:00.00000038,11.284052
2014-10-27 14:58:00.0000004,11.2843275
2014-10-27 14:58:00.00000037,11.284395
2014-10-27 14:58:00.00000041,11.284284
2014-10-27 14:58:00.000000141,11.284794
2014-10-27 14:58:00.000000140,11.2842865
2014-10-27 14:58:00.00000042,11.284374
2014-10-27 14:58:00.000000109,11.284353
2014-10-27 14:58:00.00000077,11.284126
2014-10-27 14:58:00.00000026,11.284659
2014-10-27 14:58:00.000000151,11.284125
2014-10-27 14:58:00.00000061,11.284384
2014-10-27 14:58:00.000000114,11.284693
2014-10-27 14:58:00.00000021,11.283864
2014-10-27 14:58:00.00000063,11.284077
2014-10-27 14:58:00.00000072,11.285339
2014-10-27 14:58:00.000000131,11.284485
2014-10-27 14:58:00.0000005,11.284229
2014-10-27 14:58:00.000000110,11.284123
2014-10-27 14:58:00.00000011,11.284325
2014-10-27 14:58:00.00000064,11.284221
2014-10-27 14:58:00.00000033,11.284404
2014-10-27 14:58:00.00000091,11.284478
2014-10-27 14:58:00.0000003,11.284339
2014-10-27 14:58:00.00000096,11.284131
2014-10-27 14:58:00.00000051,11.284396
2014-10-27 14:58:00.00000020,11.284446
2014-10-27 14:58:00.000000138,11.285326
2014-10-27 14:58:00.0000002,11.2846985
2014-10-27 14:58:00.00000039,11.28447
2014-10-27 14:58:00.00000073,11.284456
2014-10-27 14:58:00.000000116,11.284637
2014-10-27 14:58:00.00000049,11.2843685
2014-10-27 14:58:00.00000025,11.284107
2014-10-27 14:58:00.000000133,11.284133
2014-10-27 14:58:00.00000043,11.284353
2014-10-27 14:58:00.00000055,11.284667
2014-10-27 14:58:00.000000124,11.284259
2014-10-27 14:58:00.00000083,11.2842
2014-10-27 14:58:00.00000010,11.28456
2014-10-27 14:58:00.000000126,11.284104
2014-10-27 14:58:00.00000017,11.284079
2014-10-27 14:58:00.000000139,11.284285
2014-10-27 14:58:00.00000014,11.28418
2014-10-27 14:58:00.00000045,11.284038
2014-10-27 14:58:00.000000132,11.284176
2014-10-27 14:58:00.00000080,11.284537
2014-10-27 14:58:00.00000019,11.28425
2014-10-27 14:58:00.000000102,11.284681
2014-10-27 14:58:00.00000062,11.284018
2014-10-27 14:58:00.000000122,11.284625
2014-10-27 14:58:00.00000032,11.284289
2014-10-27 14:58:00.00000015,11.284645
2014-10-27 14:58:00.00000084,11.285358
2014-10-27 14:58:00.000000134,11.28408
2014-10-27 14:58:00.00000093,11.284267
2014-10-27 14:58:00.00000068,11.28412
2014-10-27 14:58:00.00000089,11.2854395
2014-10-27 14:58:00.00000027,11.285359
2009-10-08 23:44:56.0000004,11.284389
2009-10-08 23:44:56.0000001,11.284602
2012-11-03 17:11:00.00000035,11.284258
2012-11-03 17:11:00.000000107,11.284173
2012-11-03 17:11:00.00000069,11.2843485
2012-11-03 17:11:00.000000116,11.284498
2012-11-03 17:11:00.000000145,11.284392
2012-11-03 17:11:00.00000097,11.284646
2012-11-03 17:11:00.000000119,11.284275
2012-11-03 17:11:00.000000134,11.283874
2012-11-03 17:11:00.000000137,11.284445
2012-11-03 17:11:00.00000010,11.284658
2012-11-03 17:11:00.000000157,11.284403
2012-11-03 17:11:00.000000121,11.284732
2012-11-03 17:11:00.00000073,11.284675
2012-11-03 17:11:00.00000062,11.284113
2012-11-03 17:11:00.000000130,11.284261
2012-11-03 17:11:00.000000141,11.284304
2012-11-03 17:11:00.00000098,11.284663
2012-11-03 17:11:00.00000066,11.284271
2012-11-03 17:11:00.00000036,11.284156
2012-11-03 17:11:00.00000026,11.284502
2012-11-03 17:11:00.000000110,11.284435
2012-11-03 17:11:00.00000021,11.284446
2012-11-03 17:11:00.00000040,11.284593
2012-11-03 17:11:00.00000087,11.284118
2012-11-03 17:11:00.00000039,11.285066
2012-11-03 17:11:00.00000033,11.284453
2012-11-03 17:11:00.0000006,11.284238
2012-11-03 17:11:00.00000025,11.283846
2012-11-03 17:11:00.000000129,11.284508
2012-11-03 17:11:00.000000153,11.284238
2012-11-03 17:11:00.000000138,11.284394
2012-11-03 17:11:00.000000143,11.284251
2012-11-03 17:11:00.000000109,11.285148
2012-11-03 17:11:00.00000042,11.2845955
2012-11-03 17:11:00.000000104,11.284448
2012-11-03 17:11:00.0000005,11.284223
2012-11-03 17:11:00.00000056,11.285368
2012-11-03 17:11:00.00000045,11.284344
2012-11-03 17:11:00.00000034,11.2846575
2012-11-03 17:11:00.000000120,11.284433
2012-11-03 17:11:00.000000127,11.2840395
2012-11-03 17:11:00.00000022,11.284324
2012-11-03 17:11:00.0000003,11.284767
2012-11-03 17:11:00.00000084,11.284591
2012-11-03 17:11:00.00000089,11.284534
2012-11-03 17:11:00.00000041,11.284074
2012-11-03 17:11:00.000000108,11.284348
2012-11-03 17:11:00.000000158,11.284011
2012-11-03 17:11:00.000000122,11.284223
2012-11-03 17:11:00.000000111,11.284419
2012-11-03 17:11:00.00000027,11.28502
2012-11-03 17:11:00.0000008,11.283839
2012-11-03 17:11:00.000000148,11.284201
2012-11-03 17:11:00.000000144,11.285554
2012-11-03 17:11:00.00000029,11.284049
2012-11-03 17:11:00.00000049,11.284338
2012-11-03 17:11:00.00000011,11.284363
2012-11-03 17:11:00.00000094,11.284737
2012-11-03 17:11:00.000000152,11.28471
2012-11-03 17:11:00.00000051,11.284271
2012-11-03 17:11:00.00000048,11.2842865
2012-11-03 17:11:00.00000043,11.284407
2012-11-03 17:11:00.00000059,11.284188
2012-11-03 17:11:00.00000019,11.284224
2012-11-03 17:11:00.000000135,11.284619
2012-11-03 17:11:00.00000017,11.284495
2012-11-03 17:11:00.000000146,11.284544
2012-11-03 17:11:00.00000068,11.284601
2012-11-03 17:11:00.00000092,11.284664
2012-11-03 17:11:00.0000002,11.284664
2012-11-03 17:11:00.000000133,11.284289
2012-11-03 17:11:00.00000038,11.284506
2012-11-03 17:11:00.000000123,11.28433
2012-11-03 17:11:00.00000015,11.284276
2012-11-03 17:11:00.000000131,11.284403
2012-11-03 17:11:00.000000112,11.284137
2012-11-03 17:11:00.000000100,11.28453
2012-11-03 17:11:00.00000095,11.28411
2012-11-03 17:11:00.0000004,11.2842245
2012-11-03 17:11:00.00000047,11.284227
2012-11-03 17:11:00.00000020,11.284223
2012-11-03 17:11:00.000000156,11.284231
2012-11-03 17:11:00.00000014,11.284347
2012-11-03 17:11:00.000000139,11.284494
2012-11-03 17:11:00.000000154,11.284329
2012-11-03 17:11:00.000000151,11.284321
2012-11-03 17:11:00.00000070,11.284196
2012-11-03 17:11:00.00000023,11.284677
2012-11-03 17:11:00.00000065,11.284231
2012-11-03 17:11:00.00000018,11.2842655
2012-11-03 17:11:00.00000088,11.284315
2012-11-03 17:11:00.000000140,11.284709
2012-11-03 17:11:00.00000071,11.284626
2009-05-07 13:58:32.0000003,11.284251
2009-05-07 13:58:32.0000001,11.284062
2011-12-25 21:26:32.0000001,11.284476
2015-01-12 19:01:00.0000001,11.284027
2015-01-12 19:01:00.0000003,11.284241
2015-01-12 19:01:00.0000004,11.284388
2015-01-12 19:01:00.0000002,11.284502
2009-10-06 16:09:24.0000001,11.284407
2009-10-06 16:09:24.0000003,11.284142
2009-10-06 16:09:24.0000002,11.284286
2009-05-06 01:49:12.0000003,11.284493
2009-05-06 01:49:12.0000005,11.284243
2009-05-06 01:49:12.0000001,11.284551
2009-05-06 01:49:12.0000006,11.284713
2014-10-07 11:20:56.0000002,11.284756
2014-10-07 11:20:56.0000001,11.283943
2014-10-07 11:20:56.0000003,11.284359
2009-02-10 15:30:04.0000002,11.284639
2009-02-10 15:30:04.0000001,11.284399
2013-09-28 00:06:20.0000004,11.284719
2013-09-28 00:06:20.0000001,11.284253
2013-09-28 00:06:20.0000009,11.28455
2013-09-28 00:06:20.0000008,11.284497
2013-09-28 00:06:20.0000007,11.284223
2013-09-28 00:06:20.0000006,11.284311
2013-09-28 00:06:20.0000002,11.285111
2013-07-18 08:25:04.0000001,11.284297
2013-07-18 08:25:04.0000002,11.284439
2013-07-18 08:25:04.0000003,11.284131
2011-03-11 01:44:00.00000010,11.284505
2011-03-11 01:44:00.00000070,11.284428
2011-03-11 01:44:00.00000088,11.283695
2011-03-11 01:44:00.00000063,11.284452
2011-03-11 01:44:00.00000058,11.284512
2011-03-11 01:44:00.00000086,11.284258
2011-03-11 01:44:00.00000053,11.284604
2011-03-11 01:44:00.00000094,11.284486
2011-03-11 01:44:00.00000069,11.284507
2011-03-11 01:44:00.00000061,11.284381
2011-03-11 01:44:00.0000008,11.284343
2011-03-11 01:44:00.0000002,11.284416
2011-03-11 01:44:00.00000050,11.284344
2011-03-11 01:44:00.00000068,11.284559
2011-03-11 01:44:00.00000018,11.284242
2011-03-11 01:44:00.00000079,11.284625
2011-03-11 01:44:00.00000037,11.284167
2011-03-11 01:44:00.00000015,11.2844515
2011-03-11 01:44:00.00000071,11.284132
2011-03-11 01:44:00.00000054,11.28437
2011-03-11 01:44:00.00000080,11.284256
2011-03-11 01:44:00.00000078,11.284453
2011-03-11 01:44:00.00000055,11.284612
2011-03-11 01:44:00.00000026,11.284562
2011-03-11 01:44:00.00000045,11.284691
2011-03-11 01:44:00.00000013,11.28463
2011-03-11 01:44:00.0000007,11.284257
2011-03-11 01:44:00.00000024,11.284392
2011-03-11 01:44:00.00000093,11.284373
2011-03-11 01:44:00.00000089,11.284274
2011-03-11 01:44:00.00000022,11.284733
2011-03-11 01:44:00.00000020,11.284302
2011-03-11 01:44:00.00000025,11.28426
2011-03-11 01:44:00.00000090,11.28436
2011-03-11 01:44:00.00000087,11.284307
2011-03-11 01:44:00.00000017,11.284441
2011-03-11 01:44:00.00000031,11.284296
2011-03-11 01:44:00.00000048,11.284413
2011-03-11 01:44:00.00000076,11.28463
2011-03-11 01:44:00.00000012,11.284594
2011-03-11 01:44:00.00000066,11.285032
2011-03-11 01:44:00.0000001,11.284173
2011-03-11 01:44:00.00000091,11.284637
2011-03-11 01:44:00.00000043,11.284486
2011-03-11 01:44:00.00000060,11.284223
2011-03-11 01:44:00.00000049,11.284325
2011-03-11 01:44:00.00000073,11.284382
2011-03-11 01:44:00.0000004,11.284555
2013-12-16 19:06:44.0000002,11.28435
2013-12-18 03:49:24.0000001,11.284597
2013-08-05 19:04:36.0000002,11.284386
2013-08-05 19:04:36.0000001,11.284597
2009-05-08 18:00:36.0000002,11.284422
2013-01-27 00:09:12.0000002,11.284543
2013-01-27 00:09:12.0000006,11.2846
2013-01-27 00:09:12.0000009,11.284718
2013-01-27 00:09:12.0000001,11.284654
2013-01-27 00:09:12.0000004,11.284275
2013-01-27 00:09:12.0000007,11.284101
2013-01-27 00:09:12.0000005,11.28437
2012-06-18 22:51:56.0000002,11.284386
2012-06-18 22:51:56.0000001,11.284539
2011-06-20 09:55:24.0000004,11.28448
2011-06-20 09:55:24.0000003,11.284419
2011-06-20 09:55:24.0000001,11.284293
2011-06-20 09:55:24.0000002,11.284004
2011-06-20 09:55:24.0000005,11.284384
2015-02-22 09:48:32.0000002,11.284544
2015-02-22 09:48:32.0000001,11.284171
2015-02-22 09:48:32.0000003,11.2847805
2010-08-25 23:40:32.0000001,11.284599
2012-01-07 11:21:56.0000002,11.284131
2012-10-31 12:17:24.0000003,11.2840605
2012-10-31 12:17:24.0000001,11.284467
2012-10-20 02:05:08.0000001,11.284456
2012-10-20 02:05:08.0000002,11.28447
2012-05-06 08:52:08.0000001,11.284044
2014-10-11 15:11:24.0000002,11.284406
2014-10-11 15:11:24.0000004,11.284269
2014-10-11 15:11:24.0000005,11.284322
2014-10-11 15:11:24.0000006,11.285521
2014-10-11 15:11:24.0000001,11.284579
2009-08-17 12:27:08.0000004,11.284179
2009-08-17 12:27:08.0000001,11.284136
2009-08-17 12:27:08.0000003,11.284583
2011-10-28 07:45:04.0000001,11.284195
2011-10-28 07:45:04.0000003,11.284336
2011-10-28 07:45:04.0000002,11.284367
2014-04-09 09:23:12.0000003,11.284386
2014-04-09 09:23:12.0000005,11.2843895
2014-04-09 09:23:12.0000002,11.284056
2014-04-09 09:23:12.0000001,11.284509
2013-09-15 02:37:52.0000001,11.284884
2013-09-15 02:37:52.0000003,11.284403
2009-11-25 19:32:52.0000005,11.284607
2009-11-25 19:32:52.0000002,11.284776
2009-11-25 19:32:52.0000003,11.284678
2014-05-30 00:09:16.0000002,11.284361
2014-05-30 00:09:16.0000005,11.284267
2014-05-30 00:09:16.0000003,11.284452
2014-05-30 00:09:16.0000004,11.284289
2014-05-30 00:09:16.0000001,11.284498
2013-10-24 14:18:20.0000001,11.284172
2013-10-24 14:18:20.0000002,11.284131
2013-10-24 14:18:20.0000003,11.284378
2014-06-07 22:07:12.0000002,11.284455
2014-06-07 22:07:12.0000001,11.284246
2013-01-07 17:08:32.0000003,11.284257
2013-01-07 17:08:32.0000001,11.284572
2010-08-11 00:12:08.0000001,11.284103
2011-10-04 09:37:00.0000007,11.28429
2011-10-04 09:37:00.00000092,11.284315
2011-10-04 09:37:00.000000150,11.284234
2011-10-04 09:37:00.00000010,11.284344
2011-10-04 09:37:00.00000065,11.284267
2011-10-04 09:37:00.000000151,11.284474
2011-10-04 09:37:00.00000089,11.284583
2011-10-04 09:37:00.000000120,11.284361
2011-10-04 09:37:00.0000009,11.284493
2011-10-04 09:37:00.000000110,11.284191
2011-10-04 09:37:00.00000098,11.284595
2011-10-04 09:37:00.00000011,11.284474
2011-10-04 09:37:00.00000042,11.283809
2011-10-04 09:37:00.00000024,11.284229
2011-10-04 09:37:00.000000188,11.28476
2011-10-04 09:37:00.00000071,11.284308
2011-10-04 09:37:00.000000168,11.284522
2011-10-04 09:37:00.000000159,11.284109
2011-10-04 09:37:00.000000171,11.284241
2011-10-04 09:37:00.000000129,11.284337
2011-10-04 09:37:00.000000186,11.28466
2011-10-04 09:37:00.000000123,11.2845745
2011-10-04 09:37:00.00000020,11.284088
2011-10-04 09:37:00.00000033,11.284791
2011-10-04 09:37:00.00000058,11.284476
2011-10-04 09:37:00.00000068,11.284518
2011-10-04 09:37:00.000000131,11.284359
2011-10-04 09:37:00.000000178,11.284279
2011-10-04 09:37:00.000000103,11.284273
2011-10-04 09:37:00.00000026,11.284269
2011-10-04 09:37:00.000000115,11.284532
2011-10-04 09:37:00.00000059,11.285505
2011-10-04 09:37:00.00000090,11.2843275
2011-10-04 09:37:00.00000063,11.284647
2011-10-04 09:37:00.000000169,11.284458
2011-10-04 09:37:00.00000066,11.284584
2011-10-04 09:37:00.000000181,11.284397
2011-10-04 09:37:00.00000018,11.284285
2011-10-04 09:37:00.000000112,11.284425
2011-10-04 09:37:00.00000094,11.284348
2011-10-04 09:37:00.0000001,11.284737
2011-10-04 09:37:00.000000139,11.28409
2011-10-04 09:37:00.000000152,11.284227
2011-10-04 09:37:00.000000187,11.284445
2011-10-04 09:37:00.00000070,11.284337
2011-10-04 09:37:00.00000050,11.284307
2011-10-04 09:37:00.0000004,11.285154
2011-10-04 09:37:00.000000153,11.284213
2011-10-04 09:37:00.00000076,11.284941
2011-10-04 09:37:00.00000079,11.284263
2011-10-04 09:37:00.000000146,11.284252
2011-10-04 09:37:00.000000192,11.284283
2011-10-04 09:37:00.000000172,11.284197
2011-10-04 09:37:00.000000154,11.284401
2011-10-04 09:37:00.000000124,11.284203
2011-10-04 09:37:00.000000142,11.284414
2011-10-04 09:37:00.000000167,11.284504
2011-10-04 09:37:00.00000048,11.28446
2011-10-04 09:37:00.00000074,11.284481
2011-10-04 09:37:00.000000193,11.284592
2011-10-04 09:37:00.000000166,11.284508
2011-10-04 09:37:00.000000147,11.284521
2011-10-04 09:37:00.000000189,11.284392
2011-10-04 09:37:00.0000008,11.284507
2011-10-04 09:37:00.000000125,11.28435
2011-10-04 09:37:00.00000051,11.28428
2011-10-04 09:37:00.000000173,11.284438
2011-10-04 09:37:00.00000096,11.2845545
2011-10-04 09:37:00.000000174,11.284202
2011-10-04 09:37:00.000000130,11.284132
2011-10-04 09:37:00.00000016,11.284565
2011-10-04 09:37:00.000000145,11.284315
2011-10-04 09:37:00.000000140,11.284416
2011-10-04 09:37:00.00000040,11.284214
2011-10-04 09:37:00.000000118,11.283942
2011-10-04 09:37:00.00000081,11.284329
2011-10-04 09:37:00.000000175,11.284395
2011-10-04 09:37:00.00000072,11.284141
2011-10-04 09:37:00.000000143,11.284221
2011-10-04 09:37:00.000000104,11.284391
2011-10-04 09:37:00.00000053,11.284255
2011-10-04 09:37:00.00000084,11.284625
2011-10-04 09:37:00.00000030,11.284534
2011-10-04 09:37:00.000000100,11.284571
2011-10-04 09:37:00.000000105,11.284369
2011-10-04 09:37:00.00000041,11.284301
2011-10-04 09:37:00.00000091,11.284093
2011-10-04 09:37:00.00000078,11.284736
2011-10-04 09:37:00.000000197,11.284267
2011-10-04 09:37:00.000000119,11.284208
2011-10-04 09:37:00.000000161,11.284139
2011-10-04 09:37:00.00000039,11.2844305
2011-10-04 09:37:00.00000086,11.2845335
2011-10-04 09:37:00.000000195,11.2844095
2011-10-04 09:37:00.000000182,11.284214
2011-10-04 09:37:00.000000133,11.284425
2011-10-04 09:37:00.00000029,11.28434
2011-10-04 09:37:00.000000144,11.284358
2011-10-04 09:37:00.000000128,11.284352
2011-10-04 09:37:00.00000027,11.2843485
2011-10-04 09:37:00.00000032,11.284424
2011-10-04 09:37:00.00000073,11.28421
2011-10-04 09:37:00.00000083,11.284149
2011-10-04 09:37:00.00000021,11.284358
2011-10-04 09:37:00.000000137,11.284295
2011-10-04 09:37:00.00000087,11.28534
2011-10-04 09:37:00.00000060,11.2842045
2011-10-04 09:37:00.000000138,11.284544
2011-10-04 09:37:00.00000046,11.283996
2011-10-04 09:37:00.00000075,11.284452
2011-10-04 09:37:00.000000198,11.284353
2011-10-04 09:37:00.000000121,11.28411
2011-10-04 09:37:00.000000116,11.284353
2011-10-04 09:37:00.000000117,11.284425
2011-10-04 09:37:00.00000097,11.284608
2011-10-04 09:37:00.00000012,11.28437
2011-10-04 09:37:00.00000093,11.284891
2011-10-04 09:37:00.000000101,11.284319
2011-10-04 09:37:00.00000082,11.284213
2011-10-04 09:37:00.000000126,11.2842245
2011-10-04 09:37:00.00000035,11.284542
2011-10-04 09:37:00.000000127,11.284658
2011-10-04 09:37:00.000000156,11.284349
2014-04-29 08:15:56.0000002,11.284339
2014-04-29 08:15:56.0000001,11.284138
2012-10-23 14:15:04.0000003,11.284326
2012-10-23 14:15:04.0000004,11.284504
2012-10-23 14:15:04.0000001,11.284389
2012-08-31 08:01:16.0000001,11.284376
2012-10-18 21:06:20.0000003,11.284281
2012-10-18 21:06:20.0000006,11.284058
2012-10-18 21:06:20.0000002,11.28425
2012-10-18 21:06:20.0000005,11.28432
2012-10-18 21:06:20.0000004,11.284232
2012-10-18 21:06:20.0000008,11.284312
2012-10-18 21:06:20.00000010,11.284561
2012-10-18 21:06:20.0000001,11.284179
2014-02-26 04:36:28.0000001,11.284608
2010-02-20 00:43:28.0000002,11.284562
2010-02-20 00:43:28.0000004,11.284762
2010-02-20 00:43:28.0000003,11.284307
2010-02-20 00:43:28.0000001,11.284409
2009-08-21 08:00:48.0000002,11.284087
2009-08-21 08:00:48.0000001,11.2844715
2009-08-21 08:00:48.0000003,11.2843895
2014-12-24 03:00:00.00000034,11.284588
2014-12-24 03:00:00.00000013,11.284649
2014-12-24 03:00:00.0000001,11.284598
2014-12-24 03:00:00.00000032,11.284067
2014-12-24 03:00:00.0000006,11.284071
2014-12-24 03:00:00.00000037,11.284607
2014-12-24 03:00:00.00000012,11.284582
2014-12-24 03:00:00.00000023,11.284665
2014-12-24 03:00:00.00000041,11.284319
2014-12-24 03:00:00.0000008,11.284311
2014-12-24 03:00:00.00000024,11.28507
2014-12-24 03:00:00.00000038,11.284198
2014-12-24 03:00:00.0000009,11.284377
2014-12-24 03:00:00.00000018,11.284537
2014-12-24 03:00:00.00000011,11.284233
2014-12-24 03:00:00.00000021,11.284719
2014-12-24 03:00:00.00000030,11.284412
2014-12-24 03:00:00.00000010,11.284348
2014-12-24 03:00:00.0000004,11.284391
2014-12-24 03:00:00.00000022,11.284407
2014-12-24 03:00:00.00000028,11.28457
2012-08-19 12:46:40.0000003,11.283914
2012-08-19 12:46:40.0000002,11.284316
2012-08-19 12:46:40.0000001,11.284536
2013-12-02 17:53:24.0000003,11.284274
2013-12-02 17:53:24.0000001,11.284358
2013-12-02 17:53:24.0000002,11.284385
2011-11-07 18:53:08.0000002,11.284164
2011-11-07 18:53:08.0000001,11.284228
2009-05-16 23:36:24.0000001,11.284223
2009-05-16 23:36:24.0000002,11.284506
2011-01-10 10:56:56.0000003,11.2842
2011-01-10 10:56:56.0000002,11.284204
2011-01-10 10:56:56.0000001,11.284379
2010-10-07 10:54:20.0000002,11.284167
2010-10-07 10:54:20.0000005,11.284082
2010-10-07 10:54:20.0000001,11.284236
2010-10-07 10:54:20.0000004,11.284174
2011-02-21 20:11:08.0000001,11.284426
2011-02-21 20:11:08.0000005,11.28424
2011-02-21 20:11:08.0000002,11.284207
2011-02-21 20:11:08.0000003,11.284387
2011-02-21 20:11:08.0000004,11.284811
2009-10-04 22:54:56.0000003,11.284319
2015-04-11 20:31:32.0000007,11.284052
2015-04-11 20:31:32.00000012,11.284186
2015-04-11 20:31:32.0000003,11.284444
2015-04-11 20:31:32.0000006,11.284051
2015-04-11 20:31:32.0000002,11.284275
2015-04-11 20:31:32.0000009,11.284342
2015-04-11 20:31:32.00000010,11.284263
2015-04-11 20:31:32.0000001,11.284652
2012-04-02 02:53:24.0000001,11.284338
2014-04-21 16:00:36.0000001,11.284229
2014-04-21 16:00:36.0000003,11.284257
2014-04-21 16:00:36.0000002,11.284542
2012-03-22 21:11:36.0000006,11.285722
2012-03-22 21:11:36.0000008,11.284203
2012-03-22 21:11:36.0000005,11.284471
2012-03-22 21:11:36.0000001,11.28451
2012-03-22 21:11:36.0000004,11.284603
2012-03-22 21:11:36.0000007,11.284453
2012-03-22 21:11:36.0000002,11.284603
2012-03-22 21:11:36.0000003,11.284413
2011-04-08 00:57:44.0000001,11.28444
2011-02-20 12:31:04.0000001,11.284764
2011-02-20 12:31:04.0000003,11.284239
2011-02-06 17:08:24.0000004,11.283966
2011-02-06 17:08:24.0000002,11.284535
2011-02-06 17:08:24.0000001,11.284107
2013-01-01 22:04:56.0000001,11.284333
2013-04-23 17:52:44.0000001,11.284346
2013-04-23 17:52:44.0000002,11.28453
2013-07-02 21:47:24.0000003,11.284354
2013-07-02 21:47:24.0000002,11.284778
2013-07-02 21:47:24.0000001,11.284735
2010-01-01 13:19:40.0000002,11.28415
2010-01-01 13:19:40.0000005,11.284257
2010-01-01 13:19:40.0000001,11.284183
2010-01-01 13:19:40.0000003,11.284168
2013-04-26 20:41:16.0000001,11.284494
2010-03-06 23:51:08.0000002,11.284623
2010-03-06 23:51:08.0000001,11.284557
2014-04-17 16:58:28.0000001,11.284113
2014-04-17 16:58:28.0000002,11.2842655
2014-01-06 16:39:16.0000001,11.284074
2015-02-12 05:37:56.0000002,11.284769
2011-12-22 01:00:08.0000001,11.284407
2011-12-22 01:00:08.0000002,11.284257
2011-08-20 17:04:24.0000001,11.284616
2011-06-30 13:07:36.0000001,11.284503
2011-06-30 13:07:36.0000005,11.28415
2011-06-30 13:07:36.0000002,11.28458
2011-06-30 13:07:36.0000004,11.284277
2011-06-30 13:07:36.0000003,11.284268
2014-04-27 02:57:00.000000100,11.28391
2014-04-27 02:57:00.000000130,11.28391
2014-04-27 02:57:00.000000109,11.284217
2014-04-27 02:57:00.00000096,11.284665
2014-04-27 02:57:00.00000063,11.285132
2014-04-27 02:57:00.000000177,11.284531
2014-04-27 02:57:00.000000132,11.28454
2014-04-27 02:57:00.000000170,11.284436
2014-04-27 02:57:00.00000021,11.284676
2014-04-27 02:57:00.000000136,11.284375
2014-04-27 02:57:00.00000032,11.284447
2014-04-27 02:57:00.000000107,11.284544
2014-04-27 02:57:00.00000028,11.284437
2014-04-27 02:57:00.00000026,11.28446
2014-04-27 02:57:00.000000139,11.284624
2014-04-27 02:57:00.00000015,11.284445
2014-04-27 02:57:00.00000095,11.284488
2014-04-27 02:57:00.000000105,11.284654
2014-04-27 02:57:00.000000196,11.284454
2014-04-27 02:57:00.0000001,11.284316
2014-04-27 02:57:00.000000175,11.2847185
2014-04-27 02:57:00.000000188,11.284412
2014-04-27 02:57:00.00000051,11.285067
2014-04-27 02:57:00.00000055,11.284255
2014-04-27 02:57:00.00000016,11.284879
2014-04-27 02:57:00.000000169,11.284245
2014-04-27 02:57:00.00000086,11.284607
2014-04-27 02:57:00.000000148,11.284599
2014-04-27 02:57:00.00000087,11.284567
2014-04-27 02:57:00.00000027,11.284393
2014-04-27 02:57:00.000000120,11.284442
2014-04-27 02:57:00.00000068,11.284413
2014-04-27 02:57:00.00000099,11.28425
2014-04-27 02:57:00.000000193,11.284593
2014-04-27 02:57:00.00000081,11.284494
2014-04-27 02:57:00.000000135,11.284424
2014-04-27 02:57:00.000000181,11.284265
2014-04-27 02:57:00.00000020,11.284489
2014-04-27 02:57:00.000000157,11.28445
2014-04-27 02:57:00.00000079,11.284571
2014-04-27 02:57:00.00000019,11.284307
2014-04-27 02:57:00.000000126,11.284742
2014-04-27 02:57:00.0000002,11.284455
2014-04-27 02:57:00.00000062,11.284655
2014-04-27 02:57:00.00000085,11.28446
2014-04-27 02:57:00.00000014,11.284541
2014-04-27 02:57:00.000000161,11.284475
2014-04-27 02:57:00.00000084,11.284387
2014-04-27 02:57:00.000000122,11.284657
2014-04-27 02:57:00.000000111,11.284545
2014-04-27 02:57:00.000000113,11.284534
2014-04-27 02:57:00.00000071,11.2844095
2014-04-27 02:57:00.00000077,11.284478
2014-04-27 02:57:00.000000134,11.2853985
2014-04-27 02:57:00.000000103,11.284651
2014-04-27 02:57:00.000000102,11.284657
2014-04-27 02:57:00.000000160,11.28431
2014-04-27 02:57:00.00000042,11.284483
2014-04-27 02:57:00.00000054,11.284576
2014-04-27 02:57:00.00000049,11.284348
2014-04-27 02:57:00.000000147,11.284576
2014-04-27 02:57:00.00000045,11.284449
2014-04-27 02:57:00.0000003,11.28475
2014-04-27 02:57:00.000000182,11.284585
2014-04-27 02:57:00.000000180,11.284623
2014-04-27 02:57:00.00000038,11.284437
2014-04-27 02:57:00.0000005,11.284248
2014-04-27 02:57:00.000000108,11.284543
2014-04-27 02:57:00.00000092,11.284673
2014-04-27 02:57:00.000000192,11.285035
2014-04-27 02:57:00.000000165,11.284191
2014-04-27 02:57:00.000000115,11.2845
2014-04-27 02:57:00.00000029,11.284777
2014-04-27 02:57:00.00000050,11.28445
2014-04-27 02:57:00.000000119,11.284226
2014-04-27 02:57:00.00000011,11.28477
2014-04-27 02:57:00.000000114,11.285215
2014-04-27 02:57:00.000000190,11.284614
2014-04-27 02:57:00.00000061,11.284197
2014-04-27 02:57:00.00000098,11.2845545
2014-04-27 02:57:00.00000040,11.284589
2014-04-27 02:57:00.000000117,11.284535
2014-04-27 02:57:00.000000150,11.284446
2014-04-27 02:57:00.00000035,11.284603
2014-04-27 02:57:00.00000022,11.284556
2014-04-27 02:57:00.000000146,11.284526
2014-04-27 02:57:00.00000018,11.284231
2014-04-27 02:57:00.00000041,11.285062
2014-04-27 02:57:00.00000089,11.2844715
2014-04-27 02:57:00.00000088,11.2850275
2014-04-27 02:57:00.000000101,11.284445
2014-04-27 02:57:00.00000058,11.284689
2014-04-27 02:57:00.00000030,11.284079
2014-04-27 02:57:00.000000156,11.284449
2014-04-27 02:57:00.00000024,11.284452
2014-04-27 02:57:00.000000163,11.284649
2014-04-27 02:57:00.000000152,11.284452
2014-04-27 02:57:00.00000037,11.284603
2014-04-27 02:57:00.00000065,11.284538
2014-04-27 02:57:00.0000006,11.2843895
2014-04-27 02:57:00.00000060,11.284585
2014-04-27 02:57:00.000000110,11.2845335
2014-04-27 02:57:00.00000034,11.284461
2014-04-27 02:57:00.000000149,11.284488
2014-04-27 02:57:00.000000176,11.284515
2014-04-27 02:57:00.000000184,11.284601
2014-04-27 02:57:00.000000118,11.284508
2014-04-27 02:57:00.000000186,11.284364
2014-04-27 02:57:00.000000104,11.284327
2014-04-27 02:57:00.00000080,11.284561
2014-04-27 02:57:00.000000121,11.284516
2014-04-27 02:57:00.00000093,11.284377
2014-04-27 02:57:00.00000056,11.284722
2014-04-27 02:57:00.00000044,11.2850065
2014-04-27 02:57:00.00000048,11.284486
2014-04-27 02:57:00.00000059,11.284637
2014-04-27 02:57:00.000000194,11.284612
2014-04-27 02:57:00.000000185,11.284597
2014-04-27 02:57:00.000000125,11.284866
2014-04-27 02:57:00.00000046,11.28451
2014-04-27 02:57:00.00000070,11.284655
2014-04-27 02:57:00.000000133,11.284578
2011-01-18 10:26:40.0000003,11.284401
2011-01-18 10:26:40.0000002,11.284523
2012-04-20 07:57:20.0000001,11.284476
2012-04-20 07:57:20.0000004,11.28442
2012-04-20 07:57:20.0000003,11.284114
2012-04-20 07:57:20.0000002,11.284317
2011-12-13 22:00:00.00000071,11.284363
2011-12-13 22:00:00.000000178,11.284229
2011-12-13 22:00:00.00000016,11.284314
2011-12-13 22:00:00.000000127,11.284556
2011-12-13 22:00:00.00000065,11.284429
2011-12-13 22:00:00.000000227,11.284118
2011-12-13 22:00:00.000000257,11.284388
2011-12-13 22:00:00.000000238,11.284275
2011-12-13 22:00:00.0000008,11.284277
2011-12-13 22:00:00.000000252,11.284186
2011-12-13 22:00:00.000000204,11.284272
2011-12-13 22:00:00.000000120,11.284499
2011-12-13 22:00:00.000000175,11.2846155
2011-12-13 22:00:00.00000010,11.284387
2011-12-13 22:00:00.00000048,11.284537
2011-12-13 22:00:00.000000189,11.284177
2011-12-13 22:00:00.00000011,11.284232
2011-12-13 22:00:00.000000247,11.284394
2011-12-13 22:00:00.000000261,11.28418
2011-12-13 22:00:00.0000004,11.284308
2011-12-13 22:00:00.00000014,11.284372
2011-12-13 22:00:00.000000151,11.284757
2011-12-13 22:00:00.00000025,11.284332
2011-12-13 22:00:00.00000039,11.284168
2011-12-13 22:00:00.000000179,11.284494
2011-12-13 22:00:00.000000137,11.284524
2011-12-13 22:00:00.00000091,11.284237
2011-12-13 22:00:00.000000109,11.284348
2011-12-13 22:00:00.000000174,11.284439
2011-12-13 22:00:00.000000225,11.28424
2011-12-13 22:00:00.000000207,11.284559
2011-12-13 22:00:00.000000269,11.284237
2011-12-13 22:00:00.000000234,11.28423
2011-12-13 22:00:00.00000017,11.2844095
2011-12-13 22:00:00.00000046,11.284338
2011-12-13 22:00:00.00000057,11.284409
2011-12-13 22:00:00.000000105,11.284265
2011-12-13 22:00:00.000000114,11.284333
2011-12-13 22:00:00.00000030,11.284524
2011-12-13 22:00:00.000000100,11.284721
2011-12-13 22:00:00.00000088,11.285076
2011-12-13 22:00:00.000000242,11.284285
2011-12-13 22:00:00.000000113,11.284262
2011-12-13 22:00:00.000000157,11.284647
2011-12-13 22:00:00.000000177,11.284276
2011-12-13 22:00:00.000000169,11.284308
2011-12-13 22:00:00.000000123,11.284509
2011-12-13 22:00:00.000000182,11.2842455
2011-12-13 22:00:00.000000129,11.284611
2011-12-13 22:00:00.000000136,11.284438
2011-12-13 22:00:00.000000187,11.28463
2011-12-13 22:00:00.000000218,11.28429
2011-12-13 22:00:00.000000167,11.2849455
2011-12-13 22:00:00.000000192,11.284496
2011-12-13 22:00:00.00000024,11.2844095
2011-12-13 22:00:00.00000093,11.284442
2011-12-13 22:00:00.000000260,11.284381
2011-12-13 22:00:00.00000038,11.284475
2011-12-13 22:00:00.000000208,11.284273
2011-12-13 22:00:00.000000210,11.284311
2011-12-13 22:00:00.000000181,11.284167
2011-12-13 22:00:00.000000111,11.2845955
2011-12-13 22:00:00.000000161,11.28431
2011-12-13 22:00:00.000000209,11.284734
2011-12-13 22:00:00.00000029,11.284324
2011-12-13 22:00:00.00000067,11.284522
2011-12-13 22:00:00.000000202,11.284672
2011-12-13 22:00:00.000000245,11.284427
2011-12-13 22:00:00.000000206,11.284544
2011-12-13 22:00:00.0000003,11.284399
2011-12-13 22:00:00.00000060,11.284696
2011-12-13 22:00:00.00000053,11.284535
2011-12-13 22:00:00.000000201,11.284738
2011-12-13 22:00:00.000000212,11.28439
2011-12-13 22:00:00.000000235,11.284434
2011-12-13 22:00:00.000000170,11.284357
2011-12-13 22:00:00.000000253,11.284423
2011-12-13 22:00:00.000000172,11.284647
2011-12-13 22:00:00.00000086,11.284506
2011-12-13 22:00:00.000000223,11.285361
2011-12-13 22:00:00.0000009,11.284181
2011-12-13 22:00:00.00000031,11.284648
2011-12-13 22:00:00.000000243,11.284396
2011-12-13 22:00:00.000000133,11.284336
2011-12-13 22:00:00.000000199,11.284358
2011-12-13 22:00:00.000000104,11.2842865
2011-12-13 22:00:00.00000023,11.285349
2011-12-13 22:00:00.00000075,11.284534
2011-12-13 22:00:00.000000217,11.284661
2011-12-13 22:00:00.000000220,11.284531
2011-12-13 22:00:00.000000211,11.284121
2011-12-13 22:00:00.000000150,11.284286
2011-12-13 22:00:00.00000020,11.284511
2011-12-13 22:00:00.000000254,11.283919
2011-12-13 22:00:00.000000183,11.284406
2011-12-13 22:00:00.000000166,11.2843485
2011-12-13 22:00:00.00000063,11.284419
2011-12-13 22:00:00.000000124,11.284373
2011-12-13 22:00:00.000000219,11.284171
2011-12-13 22:00:00.00000099,11.284398
2011-12-13 22:00:00.00000041,11.28459
2011-12-13 22:00:00.00000080,11.284277
2011-12-13 22:00:00.000000216,11.284219
2011-12-13 22:00:00.000000240,11.2844515
2011-12-13 22:00:00.000000153,11.28455
2011-12-13 22:00:00.00000068,11.284185
2011-12-13 22:00:00.000000263,11.2844925
2011-12-13 22:00:00.00000061,11.284623
2011-12-13 22:00:00.000000162,11.284361
2011-12-13 22:00:00.00000045,11.284282
2011-12-13 22:00:00.000000193,11.285509
2011-12-13 22:00:00.000000112,11.284202
2011-12-13 22:00:00.000000165,11.284437
2011-12-13 22:00:00.000000255,11.2846
2011-12-13 22:00:00.000000106,11.284188
2011-12-13 22:00:00.000000125,11.284553
2011-12-13 22:00:00.000000250,11.2843895
2011-12-13 22:00:00.0000006,11.284402
2011-12-13 22:00:00.00000090,11.284224
2011-12-13 22:00:00.00000055,11.284209
2011-12-13 22:00:00.000000188,11.284367
2011-12-13 22:00:00.000000259,11.284306
2011-12-13 22:00:00.000000142,11.284459
2011-12-13 22:00:00.000000155,11.284645
2011-12-13 22:00:00.00000082,11.284131
2011-12-13 22:00:00.00000069,11.284986
2011-12-13 22:00:00.00000097,11.284414
2011-12-13 22:00:00.000000107,11.284202
2011-12-13 22:00:00.000000126,11.284199
2011-12-13 22:00:00.00000012,11.284294
2011-12-13 22:00:00.000000158,11.284258
2011-12-13 22:00:00.000000196,11.2843
2011-12-13 22:00:00.000000132,11.284247
2011-12-13 22:00:00.000000244,11.284523
2011-12-13 22:00:00.000000268,11.284485
2011-12-13 22:00:00.00000064,11.284509
2011-12-13 22:00:00.000000159,11.284451
2011-12-13 22:00:00.000000163,11.284308
2011-12-13 22:00:00.000000232,11.284576
2011-12-13 22:00:00.0000007,11.2844095
2011-12-13 22:00:00.00000054,11.284512
2011-12-13 22:00:00.000000230,11.2840605
2011-12-13 22:00:00.000000256,11.284226
2011-12-13 22:00:00.000000146,11.284329
2011-12-13 22:00:00.000000265,11.284185
2011-12-13 22:00:00.00000076,11.284507
2011-12-13 22:00:00.00000062,11.284348
2011-12-13 22:00:00.00000032,11.2842045
2011-12-13 22:00:00.000000213,11.284576
2011-12-13 22:00:00.00000083,11.284247
2011-12-13 22:00:00.00000026,11.285944
2011-12-13 22:00:00.000000239,11.28413
2011-12-13 22:00:00.000000233,11.284293
2011-12-13 22:00:00.00000089,11.284447
2011-12-13 22:00:00.000000267,11.284403
2011-12-13 22:00:00.000000176,11.284253
2011-12-13 22:00:00.000000139,11.284242
2011-12-13 22:00:00.00000027,11.284306
2011-12-13 22:00:00.00000042,11.284473
2011-12-13 22:00:00.000000241,11.284467
2011-12-13 22:00:00.000000222,11.284277
2012-03-12 09:50:24.0000001,11.284327
2012-03-12 09:50:24.0000003,11.284024
2012-03-12 09:50:24.0000002,11.284507
2014-05-13 07:33:52.0000006,11.284213
2014-05-13 07:33:52.0000004,11.284122
2014-05-13 07:33:52.0000001,11.284391
2014-05-13 07:33:52.0000002,11.284264
2014-05-13 07:33:52.0000003,11.284182
2011-06-30 09:37:08.0000002,11.284152
2011-06-30 09:37:08.0000003,11.284192
2012-09-18 17:13:40.0000002,11.284465
2012-09-18 17:13:40.0000001,11.284309
2011-06-07 12:11:56.0000004,11.28414
2011-06-07 12:11:56.0000001,11.284695
2011-06-07 12:11:56.0000003,11.2844715
2011-06-07 12:11:56.0000002,11.284284
2011-06-07 12:11:56.0000005,11.284437
2010-05-21 23:04:44.0000002,11.284591
2010-05-21 23:04:44.0000001,11.284135
2009-01-28 16:36:28.0000002,11.284086
2009-01-28 16:36:28.0000003,11.285315
2009-01-28 16:36:28.0000005,11.283992
2009-01-28 16:36:28.0000006,11.284674
2009-01-28 16:36:28.0000001,11.284233
2012-03-12 02:58:56.0000001,11.283709
2010-07-21 22:06:12.0000005,11.284563
2010-07-21 22:06:12.0000003,11.284365
2010-07-21 22:06:12.0000001,11.284262
2010-07-21 22:06:12.0000002,11.283501
2009-04-12 16:00:56.0000001,11.284609
2013-05-24 13:37:32.0000001,11.284389
2011-07-29 20:50:36.0000001,11.284308
2011-07-29 20:50:36.0000003,11.284281
2011-07-29 20:50:36.0000002,11.284152
2014-03-05 21:07:12.0000003,11.284336
2014-03-05 21:07:12.0000004,11.284295
2009-11-28 15:07:24.0000004,11.285345
2009-11-28 15:07:24.0000001,11.285102
2009-11-28 15:07:24.0000003,11.284475
2015-04-11 14:16:12.0000003,11.284114
2015-04-11 14:16:12.00000010,11.284158
2015-04-11 14:16:12.00000011,11.284359
2015-04-11 14:16:12.0000001,11.284222
2015-04-11 14:16:12.0000002,11.284146
2015-04-11 14:16:12.0000006,11.28535
2015-04-11 14:16:12.0000007,11.284581
2015-04-11 14:16:12.0000008,11.284262
2014-11-15 10:57:20.0000002,11.284139
2014-11-15 10:57:20.0000001,11.284364
2010-07-31 15:47:28.0000001,11.284405
2014-05-12 20:56:48.0000005,11.284719
2014-05-12 20:56:48.0000001,11.284126
2014-05-12 20:56:48.0000004,11.284165
2014-05-12 20:56:48.0000003,11.284599
2014-05-12 20:56:48.0000002,11.284351
2014-01-16 06:00:48.0000001,11.284191
2014-04-23 11:18:40.0000003,11.284462
2014-04-23 11:18:40.0000002,11.284467
2014-04-23 11:18:40.0000001,11.284659
2011-09-22 04:49:56.0000001,11.284858
2011-10-28 07:35:52.0000003,11.284364
2011-10-28 07:35:52.0000002,11.284062
2011-10-28 07:35:52.0000001,11.284119
2015-05-10 19:54:00.0000001,11.284357
2015-05-10 19:54:00.0000003,11.284429
2015-05-10 19:54:00.0000005,11.284309
2015-05-10 19:54:00.0000004,11.2845125
2011-03-28 23:18:48.0000001,11.2846155
2014-08-26 01:31:04.0000001,11.284395
2015-02-26 15:55:48.0000004,11.284233
2015-02-26 15:55:48.0000003,11.284074
2015-02-26 15:55:48.0000002,11.2843075
2013-11-22 15:36:36.0000002,11.2840185
2010-02-13 11:03:04.0000002,11.284446
2010-02-13 11:03:04.0000001,11.28441
2010-02-13 11:03:04.0000004,11.284442
2010-02-13 11:03:04.0000003,11.284378
2011-06-26 18:48:08.0000004,11.284358
2011-06-26 18:48:08.0000005,11.284225
2011-06-26 18:48:08.0000002,11.284213
2011-06-26 18:48:08.0000001,11.28415
2010-10-14 23:48:56.0000001,11.2844715
2010-10-14 23:48:56.0000002,11.284834
2010-10-14 23:48:56.0000003,11.284388
2010-10-14 23:48:56.0000004,11.284323
2011-01-22 07:48:28.0000001,11.284547
2011-10-17 18:49:20.0000003,11.284393
2011-10-17 18:49:20.0000002,11.284059
2011-10-17 18:49:20.0000005,11.284326
2009-03-24 16:39:12.0000002,11.2842865
2009-03-24 16:39:12.0000004,11.28436
2009-03-24 16:39:12.0000003,11.2844095
2009-03-24 16:39:12.0000001,11.284119
2014-07-21 18:19:00.000000102,11.284377
2014-07-21 18:19:00.000000106,11.284333
2014-07-21 18:19:00.000000107,11.283934
2014-07-21 18:19:00.00000094,11.2855015
2014-07-21 18:19:00.000000161,11.284408
2014-07-21 18:19:00.000000129,11.284525
2014-07-21 18:19:00.00000083,11.284162
2014-07-21 18:19:00.000000163,11.284601
2014-07-21 18:19:00.000000117,11.284749
2014-07-21 18:19:00.00000028,11.284107
2014-07-21 18:19:00.00000089,11.284502
2014-07-21 18:19:00.000000130,11.284108
2014-07-21 18:19:00.000000105,11.284301
2014-07-21 18:19:00.000000123,11.284383
2014-07-21 18:19:00.000000103,11.285317
2014-07-21 18:19:00.000000227,11.284166
2014-07-21 18:19:00.000000189,11.284349
2014-07-21 18:19:00.000000168,11.284187
2014-07-21 18:19:00.000000173,11.284403
2014-07-21 18:19:00.000000128,11.284764
2014-07-21 18:19:00.000000143,11.284939
2014-07-21 18:19:00.00000018,11.284629
2014-07-21 18:19:00.00000049,11.2843485
2014-07-21 18:19:00.00000022,11.284309
2014-07-21 18:19:00.000000200,11.28405
2014-07-21 18:19:00.000000193,11.284513
2014-07-21 18:19:00.000000231,11.284495
2014-07-21 18:19:00.000000202,11.284308
2014-07-21 18:19:00.00000092,11.284184
2014-07-21 18:19:00.000000148,11.284274
2014-07-21 18:19:00.00000057,11.284187
2014-07-21 18:19:00.00000074,11.284333
2014-07-21 18:19:00.000000183,11.2846775
2014-07-21 18:19:00.000000221,11.2857485
2014-07-21 18:19:00.00000078,11.284283
2014-07-21 18:19:00.00000058,11.284617
2014-07-21 18:19:00.000000214,11.284395
2014-07-21 18:19:00.000000122,11.284333
2014-07-21 18:19:00.000000137,11.283997
2014-07-21 18:19:00.00000027,11.2845125
2014-07-21 18:19:00.00000047,11.284623
2014-07-21 18:19:00.00000061,11.284175
2014-07-21 18:19:00.000000196,11.284279
2014-07-21 18:19:00.000000125,11.284157
2014-07-21 18:19:00.000000126,11.284227
2014-07-21 18:19:00.000000145,11.284179
2014-07-21 18:19:00.00000080,11.28476
2014-07-21 18:19:00.00000055,11.284466
2014-07-21 18:19:00.00000066,11.284501
2014-07-21 18:19:00.000000111,11.284327
2014-07-21 18:19:00.00000042,11.284364
2014-07-21 18:19:00.000000215,11.284385
2014-07-21 18:19:00.00000043,11.284057
2014-07-21 18:19:00.000000119,11.284391
2014-07-21 18:19:00.000000115,11.28408
2014-07-21 18:19:00.0000009,11.284045
2014-07-21 18:19:00.00000075,11.284691
2014-07-21 18:19:00.000000118,11.284172
2014-07-21 18:19:00.00000038,11.284112
2014-07-21 18:19:00.000000124,11.284578
2014-07-21 18:19:00.000000242,11.284171
2014-07-21 18:19:00.00000019,11.284649
2014-07-21 18:19:00.00000056,11.284455
2014-07-21 18:19:00.000000239,11.284495
2014-07-21 18:19:00.000000101,11.284463
2014-07-21 18:19:00.000000216,11.28426
2014-07-21 18:19:00.000000198,11.283992
2014-07-21 18:19:00.000000174,11.284203
2014-07-21 18:19:00.00000070,11.284264
2014-07-21 18:19:00.0000004,11.28412
2014-07-21 18:19:00.000000135,11.284145
2014-07-21 18:19:00.000000165,11.284206
2014-07-21 18:19:00.00000010,11.284353
2014-07-21 18:19:00.000000211,11.284321
2014-07-21 18:19:00.000000190,11.284683
2014-07-21 18:19:00.00000021,11.284297
2014-07-21 18:19:00.000000204,11.284624
2014-07-21 18:19:00.000000112,11.284422
2014-07-21 18:19:00.000000169,11.28453
2014-07-21 18:19:00.000000226,11.284369
2014-07-21 18:19:00.000000109,11.284649
2014-07-21 18:19:00.000000113,11.284138
2014-07-21 18:19:00.000000127,11.283935
2014-07-21 18:19:00.000000182,11.284289
2014-07-21 18:19:00.00000036,11.284462
2014-07-21 18:19:00.000000220,11.284171
2014-07-21 18:19:00.000000121,11.28435
2014-07-21 18:19:00.00000050,11.284103
2014-07-21 18:19:00.000000178,11.284308
2014-07-21 18:19:00.000000166,11.284331
2014-07-21 18:19:00.000000224,11.2841835
2014-07-21 18:19:00.000000134,11.284626
2014-07-21 18:19:00.000000195,11.284302
2014-07-21 18:19:00.00000015,11.284225
2014-07-21 18:19:00.0000005,11.285381
2014-07-21 18:19:00.000000120,11.284189
2014-07-21 18:19:00.000000133,11.2843
2014-07-21 18:19:00.00000044,11.284634
2014-07-21 18:19:00.000000233,11.284311
2014-07-21 18:19:00.00000063,11.284542
2014-07-21 18:19:00.000000167,11.284652
2014-07-21 18:19:00.000000208,11.284241
2014-07-21 18:19:00.00000030,11.284328
2014-07-21 18:19:00.00000098,11.284328
2014-07-21 18:19:00.000000179,11.284265
2014-07-21 18:19:00.000000219,11.284567
2014-07-21 18:19:00.0000006,11.284219
2014-07-21 18:19:00.0000008,11.284469
2014-07-21 18:19:00.00000031,11.284271
2014-07-21 18:19:00.000000225,11.284321
2014-07-21 18:19:00.000000235,11.284497
2014-07-21 18:19:00.000000104,11.284501
2014-07-21 18:19:00.00000011,11.284223
2014-07-21 18:19:00.00000026,11.284439
2014-07-21 18:19:00.000000228,11.284131
2014-07-21 18:19:00.000000154,11.284259
2014-07-21 18:19:00.000000240,11.284443
2014-07-21 18:19:00.00000069,11.284604
2014-07-21 18:19:00.000000210,11.284022
2014-07-21 18:19:00.00000097,11.284294
2014-07-21 18:19:00.000000136,11.284566
2014-07-21 18:19:00.000000150,11.284135
2014-07-21 18:19:00.00000060,11.284234
2014-07-21 18:19:00.00000073,11.284134
2014-07-21 18:19:00.000000177,11.28444
2014-07-21 18:19:00.000000222,11.284674
2014-07-21 18:19:00.0000003,11.284475
2014-07-21 18:19:00.00000012,11.284271
2014-07-21 18:19:00.000000139,11.284419
2014-07-21 18:19:00.000000194,11.284284
2014-07-21 18:19:00.00000014,11.284277
2014-07-21 18:19:00.00000051,11.284228
2014-07-21 18:19:00.000000218,11.284592
2014-07-21 18:19:00.000000181,11.2843
2014-07-21 18:19:00.000000114,11.2842455
2014-07-21 18:19:00.00000072,11.28455
2014-07-21 18:19:00.000000213,11.284014
2014-07-21 18:19:00.00000064,11.284184
2012-12-07 16:13:08.0000001,11.2845335
2011-06-13 09:55:04.0000005,11.284642
2011-06-13 09:55:04.0000004,11.28404
2011-06-13 09:55:04.0000001,11.284481
2014-12-27 22:31:56.0000002,11.284441
2014-11-24 09:50:20.0000001,11.284302
2014-11-24 09:50:20.0000002,11.284304
2015-02-17 12:29:52.0000003,11.284092
2015-02-17 12:29:52.0000002,11.28439
2015-02-17 12:29:52.0000004,11.284514
2015-02-17 12:29:52.0000001,11.284163
2010-02-21 21:57:20.0000001,11.2842865
2010-02-21 21:57:20.0000002,11.284552
2010-09-20 16:48:00.000000101,11.28447
2010-09-20 16:48:00.000000140,11.283709
2010-09-20 16:48:00.00000052,11.284589
2010-09-20 16:48:00.00000038,11.284152
2010-09-20 16:48:00.000000135,11.284744
2010-09-20 16:48:00.000000145,11.284448
2010-09-20 16:48:00.00000090,11.284708
2010-09-20 16:48:00.00000088,11.284602
2010-09-20 16:48:00.000000161,11.284203
2010-09-20 16:48:00.000000160,11.28442
2010-09-20 16:48:00.00000012,11.2843
2010-09-20 16:48:00.00000028,11.285339
2010-09-20 16:48:00.000000117,11.284291
2010-09-20 16:48:00.00000018,11.284157
2010-09-20 16:48:00.00000059,11.284364
2010-09-20 16:48:00.00000061,11.284569
2010-09-20 16:48:00.00000037,11.284279
2010-09-20 16:48:00.000000133,11.284348
2010-09-20 16:48:00.000000141,11.284401
2010-09-20 16:48:00.000000113,11.28438
2010-09-20 16:48:00.00000067,11.284412
2010-09-20 16:48:00.00000066,11.284336
2010-09-20 16:48:00.000000128,11.284063
2010-09-20 16:48:00.000000109,11.284118
2010-09-20 16:48:00.000000167,11.284301
2010-09-20 16:48:00.00000065,11.284096
2010-09-20 16:48:00.000000157,11.285408
2010-09-20 16:48:00.00000045,11.284455
2010-09-20 16:48:00.00000054,11.28447
2010-09-20 16:48:00.00000076,11.284482
2010-09-20 16:48:00.000000125,11.284556
2010-09-20 16:48:00.00000031,11.284373
2010-09-20 16:48:00.000000105,11.2844515
2010-09-20 16:48:00.00000017,11.284019
2010-09-20 16:48:00.000000127,11.284467
2010-09-20 16:48:00.000000149,11.285372
2010-09-20 16:48:00.00000039,11.284471
2010-09-20 16:48:00.00000095,11.284776
2010-09-20 16:48:00.00000062,11.28441
2010-09-20 16:48:00.00000029,11.2843485
2010-09-20 16:48:00.000000155,11.284202
2010-09-20 16:48:00.000000123,11.284344
2010-09-20 16:48:00.00000020,11.284321
2010-09-20 16:48:00.0000003,11.284218
2010-09-20 16:48:00.000000102,11.284316
2010-09-20 16:48:00.00000096,11.284005
2010-09-20 16:48:00.00000087,11.284277
2010-09-20 16:48:00.00000063,11.284211
2010-09-20 16:48:00.00000078,11.284267
2010-09-20 16:48:00.00000049,11.284429
2010-09-20 16:48:00.000000115,11.284441
2010-09-20 16:48:00.00000080,11.284277
2010-09-20 16:48:00.00000046,11.28415
2010-09-20 16:48:00.00000048,11.284196
2010-09-20 16:48:00.00000033,11.284279
2010-09-20 16:48:00.000000136,11.284274
2010-09-20 16:48:00.00000032,11.284571
2010-09-20 16:48:00.00000082,11.284864
2010-09-20 16:48:00.00000091,11.284712
2010-09-20 16:48:00.00000051,11.284213
2010-09-20 16:48:00.000000107,11.284288
2010-09-20 16:48:00.000000150,11.284285
2010-09-20 16:48:00.00000070,11.284241
2010-09-20 16:48:00.000000165,11.284254
2010-09-20 16:48:00.00000097,11.2847
2010-09-20 16:48:00.00000075,11.284375
2010-09-20 16:48:00.000000164,11.284394
2010-09-20 16:48:00.000000162,11.284508
2010-09-20 16:48:00.00000026,11.284333
2010-09-20 16:48:00.000000126,11.28431
2010-09-20 16:48:00.00000077,11.284691
2010-09-20 16:48:00.000000138,11.284409
2010-09-20 16:48:00.000000118,11.284336
2010-09-20 16:48:00.00000011,11.28435
2010-09-20 16:48:00.00000073,11.284431
2010-09-20 16:48:00.000000120,11.284293
2010-09-20 16:48:00.00000034,11.284224
2010-09-20 16:48:00.00000057,11.28414
2010-09-20 16:48:00.00000044,11.284541
2010-09-20 16:48:00.00000079,11.282933
2010-09-20 16:48:00.00000013,11.284406
2010-09-20 16:48:00.00000060,11.284192
2010-09-20 16:48:00.00000098,11.283973
2010-09-20 16:48:00.00000022,11.284374
2010-09-20 16:48:00.00000043,11.284479
2010-09-20 16:48:00.000000130,11.284575
2010-09-20 16:48:00.00000094,11.284253
2010-09-20 16:48:00.000000153,11.284342
2010-09-20 16:48:00.0000009,11.284072
2010-09-20 16:48:00.000000119,11.284061
2010-09-20 16:48:00.00000089,11.284626
2010-09-20 16:48:00.00000053,11.28422
2010-09-20 16:48:00.00000014,11.28455
2010-09-20 16:48:00.00000093,11.284586
2010-09-20 16:48:00.000000144,11.284483
2010-09-20 16:48:00.00000030,11.284533
2010-09-20 16:48:00.000000147,11.284237
2010-09-20 16:48:00.000000108,11.284355
2010-09-20 16:48:00.00000064,11.284223
2010-09-20 16:48:00.00000010,11.284683
2010-09-20 16:48:00.00000042,11.284563
2012-04-01 22:22:28.0000001,11.284308
2012-03-05 09:19:32.0000001,11.284443
2012-03-05 09:19:32.0000002,11.284276
2012-03-05 09:19:32.0000005,11.2825165
2012-03-05 09:19:32.0000003,11.284394
2012-03-05 09:19:32.0000004,11.284513
2012-08-20 14:47:36.0000003,11.284672
2012-08-20 14:47:36.0000004,11.285711
2011-12-01 01:36:08.0000002,11.284268
2013-06-21 11:33:28.0000002,11.284727
2013-06-21 11:33:28.0000004,11.284262
2013-06-21 11:33:28.0000001,11.28427
2013-06-21 11:33:28.0000003,11.28478
2013-04-10 11:33:28.0000001,11.284776
2013-04-10 11:33:28.0000002,11.28411
2014-03-29 14:59:28.0000003,11.28427
2014-03-29 14:59:28.0000002,11.28437
2010-04-05 06:01:24.0000001,11.2846155
2014-12-01 00:12:44.0000001,11.284667
2012-08-01 18:54:24.0000001,11.284396
2012-08-01 18:54:24.0000002,11.284321
2012-08-01 18:54:24.0000003,11.284276
2013-07-13 18:28:20.0000005,11.284301
2013-07-13 18:28:20.0000001,11.284253
2013-07-13 18:28:20.0000002,11.284125
2013-07-13 18:28:20.0000004,11.284546
2014-03-06 04:23:32.0000001,11.284486
2014-10-07 19:04:08.0000002,11.284459
2014-10-07 19:04:08.0000005,11.2843895
2014-10-07 19:04:08.0000006,11.284346
2014-10-07 19:04:08.0000004,11.2842655
2013-08-21 09:32:24.0000002,11.284288
2013-08-21 09:32:24.0000004,11.284577
2013-08-21 09:32:24.0000003,11.284028
2015-01-26 07:13:44.0000006,11.284149
2015-01-26 07:13:44.0000002,11.284387
2015-01-26 07:13:44.0000004,11.284414
2015-01-26 07:13:44.0000003,11.28445
2009-03-16 09:55:24.0000003,11.284653
2009-03-16 09:55:24.0000005,11.284248
2009-03-16 09:55:24.0000004,11.284553
2009-03-16 09:55:24.0000006,11.284683
2009-03-16 09:55:24.0000002,11.28437
2011-03-06 21:01:00.000000150,11.284422
2011-03-06 21:01:00.00000026,11.284173
2011-03-06 21:01:00.000000148,11.28457
2011-03-06 21:01:00.00000088,11.284469
2011-03-06 21:01:00.00000098,11.284497
2011-03-06 21:01:00.00000054,11.284418
2011-03-06 21:01:00.000000101,11.284551
2011-03-06 21:01:00.000000175,11.284386
2011-03-06 21:01:00.00000029,11.284147
2011-03-06 21:01:00.000000106,11.284831
2011-03-06 21:01:00.00000099,11.284552
2011-03-06 21:01:00.000000158,11.284375
2011-03-06 21:01:00.000000130,11.284276
2011-03-06 21:01:00.00000027,11.283926
2011-03-06 21:01:00.00000032,11.284729
2011-03-06 21:01:00.000000111,11.284596
2011-03-06 21:01:00.00000024,11.284387
2011-03-06 21:01:00.000000118,11.284189
2011-03-06 21:01:00.00000016,11.284195
2011-03-06 21:01:00.00000066,11.2845955
2011-03-06 21:01:00.000000133,11.284469
2011-03-06 21:01:00.00000070,11.284444
2011-03-06 21:01:00.000000104,11.284305
2011-03-06 21:01:00.00000076,11.284296
2011-03-06 21:01:00.000000141,11.284234
2011-03-06 21:01:00.000000145,11.283893
2011-03-06 21:01:00.000000143,11.2844715
2011-03-06 21:01:00.00000092,11.284314
2011-03-06 21:01:00.00000080,11.284388
2011-03-06 21:01:00.00000015,11.284281
2011-03-06 21:01:00.000000153,11.284443
2011-03-06 21:01:00.00000093,11.283943
2011-03-06 21:01:00.000000162,11.284385
2011-03-06 21:01:00.00000062,11.284142
2011-03-06 21:01:00.000000129,11.28466
2011-03-06 21:01:00.000000107,11.2845545
2011-03-06 21:01:00.00000045,11.2844515
2011-03-06 21:01:00.000000115,11.284553
2011-03-06 21:01:00.0000002,11.284179
2011-03-06 21:01:00.00000044,11.284387
2011-03-06 21:01:00.000000167,11.284174
2011-03-06 21:01:00.000000169,11.284162
2011-03-06 21:01:00.00000067,11.284975
2011-03-06 21:01:00.0000007,11.284332
2011-03-06 21:01:00.000000135,11.285334
2011-03-06 21:01:00.000000128,11.28414
2011-03-06 21:01:00.0000004,11.284293
2011-03-06 21:01:00.00000010,11.284612
2011-03-06 21:01:00.000000151,11.284389
2011-03-06 21:01:00.00000055,11.28442
2011-03-06 21:01:00.00000095,11.284105
2011-03-06 21:01:00.000000102,11.284207
2011-03-06 21:01:00.00000034,11.284511
2011-03-06 21:01:00.000000108,11.284275
2011-03-06 21:01:00.00000012,11.284575
2011-03-06 21:01:00.00000085,11.284407
2011-03-06 21:01:00.0000001,11.284396
2011-03-06 21:01:00.00000035,11.284282
2011-03-06 21:01:00.00000097,11.284401
2011-03-06 21:01:00.000000105,11.284323
2011-03-06 21:01:00.00000020,11.284319
2011-03-06 21:01:00.000000114,11.284616
2011-03-06 21:01:00.00000038,11.284131
2011-03-06 21:01:00.0000006,11.284021
2011-03-06 21:01:00.00000086,11.2845745
2011-03-06 21:01:00.00000049,11.284497
2011-03-06 21:01:00.000000147,11.284306
2011-03-06 21:01:00.00000040,11.284392
2011-03-06 21:01:00.00000064,11.284424
2011-03-06 21:01:00.00000061,11.285147
2011-03-06 21:01:00.0000005,11.284446
2011-03-06 21:01:00.0000009,11.284442
2011-03-06 21:01:00.00000042,11.284343
2011-03-06 21:01:00.00000022,11.284214
2011-03-06 21:01:00.00000021,11.284176
2011-03-06 21:01:00.00000094,11.284528
2011-03-06 21:01:00.000000156,11.284033
2011-03-06 21:01:00.00000072,11.284576
2011-03-06 21:01:00.00000031,11.28449
2011-03-06 21:01:00.00000089,11.284156
2011-03-06 21:01:00.00000023,11.284437
2011-03-06 21:01:00.00000046,11.284407
2011-03-06 21:01:00.00000087,11.284317
2011-03-06 21:01:00.00000053,11.28467
2011-03-06 21:01:00.0000008,11.284573
2011-03-06 21:01:00.000000157,11.284439
2011-03-06 21:01:00.00000077,11.284318
2011-03-06 21:01:00.00000073,11.284752
2011-03-06 21:01:00.00000047,11.284678
2011-03-06 21:01:00.000000172,11.284452
2011-03-06 21:01:00.00000084,11.284254
2011-03-06 21:01:00.000000122,11.284549
2011-03-06 21:01:00.000000154,11.28446
2011-03-06 21:01:00.000000136,11.284535
2011-03-06 21:01:00.00000075,11.284248
2011-03-06 21:01:00.00000014,11.284469
2009-09-04 20:52:28.0000002,11.2845545
2009-09-04 20:52:28.0000003,11.284204
2009-09-04 20:52:28.0000004,11.284214
2009-09-04 20:52:28.0000001,11.283975
2013-09-25 05:52:12.0000002,11.284495
2013-09-25 05:52:12.0000001,11.284463
2010-04-16 10:32:24.0000002,11.284506
2010-04-16 10:32:24.0000001,11.284241
2011-10-12 07:24:40.0000001,11.284558
2011-10-12 07:24:40.0000003,11.284092
2011-10-12 07:24:40.0000002,11.2843685
2010-06-13 13:34:56.0000001,11.284242
2011-11-20 02:39:04.0000002,11.2842655
2011-11-20 02:39:04.0000001,11.28464
2010-12-13 06:42:16.0000002,11.284112
2010-12-13 06:42:16.0000001,11.284407
2009-11-24 08:58:48.0000003,11.284419
2009-11-24 08:58:48.0000001,11.284407
2009-11-24 08:58:48.0000006,11.279989
2009-11-24 08:58:48.0000002,11.284617
2009-11-24 08:58:48.0000005,11.2846575
2009-11-24 08:58:48.0000007,11.284681
2014-09-22 07:14:16.0000002,11.28422
2011-05-30 09:32:56.0000001,11.284251
2012-09-21 05:41:36.0000001,11.284408
2010-11-22 19:30:04.0000002,11.284282
2010-11-22 19:30:04.0000001,11.284506
2010-10-05 02:09:00.0000005,11.284335
2010-10-05 02:09:00.0000006,11.284676
2010-10-05 02:09:00.0000007,11.284438
2010-10-05 02:09:00.00000018,11.284653
2010-10-05 02:09:00.00000011,11.284386
2010-10-05 02:09:00.00000023,11.284581
2010-10-05 02:09:00.00000012,11.2843075
2010-10-05 02:09:00.00000022,11.284291
2010-10-05 02:09:00.00000013,11.284019
2010-10-05 02:09:00.0000003,11.284443
2010-10-05 02:09:00.00000010,11.283938
2010-10-05 02:09:00.0000001,11.284319
2010-10-05 02:09:00.00000021,11.284469
2010-10-05 02:09:00.0000008,11.284743
2010-10-05 02:09:00.00000027,11.28455
2010-10-05 02:09:00.0000002,11.28463
2010-10-05 02:09:00.00000015,11.284339
2014-08-23 16:30:24.0000002,11.284368
2014-08-23 16:30:24.0000001,11.28427
2012-03-15 08:17:36.0000001,11.284325
2012-03-15 08:17:36.0000002,11.284385
2012-03-15 08:17:36.0000005,11.284224
2012-03-15 08:17:36.0000004,11.284253
2012-03-15 08:17:36.0000003,11.283899
2013-10-04 02:53:20.0000001,11.284291
2013-10-04 02:53:20.0000002,11.284019
2009-03-28 15:09:20.0000001,11.284587
2009-03-28 15:09:20.0000003,11.284415
2009-03-28 15:09:20.0000002,11.284441
2012-01-25 22:43:44.0000003,11.284547
2012-01-25 22:43:44.0000004,11.284468
2012-01-25 22:43:44.0000002,11.284287
2012-01-25 22:43:44.0000001,11.284648
2011-07-21 07:51:32.0000002,11.284276
2011-07-21 07:51:32.0000003,11.284617
2011-07-21 07:51:32.0000001,11.284221
2010-12-01 22:04:52.0000001,11.284538
2013-06-23 02:54:32.0000003,11.284518
2013-06-23 02:54:32.0000002,11.28424
2014-03-24 22:36:24.0000004,11.28422
2014-03-24 22:36:24.0000002,11.28428
2014-03-24 22:36:24.0000001,11.284204
2014-03-24 22:36:24.0000003,11.284337
2013-09-13 01:54:20.0000001,11.284536
2013-10-14 18:30:36.0000003,11.284464
2013-10-14 18:30:36.0000002,11.284355
2013-10-14 18:30:36.0000004,11.284337
2013-10-14 18:30:36.0000001,11.284191
2013-11-18 15:07:28.0000006,11.284812
2013-11-18 15:07:28.0000004,11.28537
2013-11-18 15:07:28.0000001,11.284616
2013-11-18 15:07:28.0000005,11.284367
2013-11-18 15:07:28.0000002,11.28433
2011-02-20 23:35:12.0000001,11.284319
2011-02-20 23:35:12.0000004,11.284472
2011-02-20 23:35:12.0000005,11.2845745
2011-02-20 23:35:12.0000003,11.284563
2011-02-20 23:35:12.0000002,11.284487
2010-02-06 19:59:16.0000001,11.284552
2012-03-10 02:36:04.0000003,11.284832
2012-03-10 02:36:04.0000002,11.284442
2012-03-10 02:36:04.0000001,11.284535
2014-04-13 17:35:52.0000002,11.2843685
2010-04-04 21:59:56.0000002,11.284274
2010-04-04 21:59:56.0000001,11.2847805
2010-04-04 21:59:56.0000003,11.284466
2010-04-04 21:59:56.0000004,11.284352
2013-03-23 04:51:12.0000001,11.284445
2010-06-29 00:22:24.0000002,11.285281
2010-06-29 00:22:24.0000001,11.284462
2011-10-17 12:37:56.0000002,11.283943
2011-10-17 12:37:56.0000001,11.284389
2012-01-30 19:07:52.0000003,11.284664
2012-01-30 19:07:52.0000002,11.284395
2012-01-30 19:07:52.0000004,11.284307
2012-01-30 19:07:52.0000001,11.284443
2012-01-30 19:07:52.0000005,11.284405
2011-05-30 01:44:40.0000001,11.284457
2011-05-30 01:44:40.0000002,11.284575
2011-02-08 01:04:08.0000001,11.284749
2012-05-23 16:25:16.0000002,11.284356
2011-09-20 18:02:28.0000001,11.28448
2009-10-08 10:04:36.0000001,11.2839155
2009-10-08 10:04:36.0000003,11.284444
2009-10-08 10:04:36.0000002,11.284078
2010-07-02 22:03:04.0000002,11.284242
2010-07-02 22:03:04.0000001,11.283604
2012-05-03 14:11:36.0000002,11.28432
2012-05-03 14:11:36.0000005,11.284286
2012-05-03 14:11:36.0000004,11.284231
2012-05-03 14:11:36.0000003,11.284243
2012-05-03 14:11:36.0000001,11.284525
2013-04-04 16:31:56.0000001,11.283956
2013-04-04 16:31:56.0000002,11.284116
2009-12-02 15:59:56.0000001,11.284258
2009-12-02 15:59:56.0000002,11.284121
2010-01-03 02:03:40.0000002,11.284277
2010-01-03 02:03:40.0000003,11.283949
2011-08-21 10:54:24.0000003,11.284445
2011-08-21 10:54:24.0000002,11.284111
2011-08-21 10:54:24.0000001,11.283867
2011-01-30 14:38:24.0000003,11.284689
2011-01-30 14:38:24.0000002,11.284269
2011-04-16 21:23:16.0000004,11.284692
2011-04-16 21:23:16.0000002,11.284301
2011-04-16 21:23:16.0000006,11.284434
2013-10-05 19:51:04.0000006,11.283886
2013-10-05 19:51:04.0000005,11.284468
2013-10-05 19:51:04.0000003,11.284398
2013-10-05 19:51:04.0000002,11.284507
2014-10-31 08:17:44.0000002,11.284469
2014-10-31 08:17:44.0000004,11.284217
2014-10-31 08:17:44.0000005,11.284454
2014-10-31 08:17:44.0000001,11.284642
2014-10-31 08:17:44.0000003,11.284177
2009-05-31 21:24:56.0000001,11.284658
2014-06-04 01:50:40.0000001,11.284578
2009-07-14 17:59:12.0000001,11.284298
2009-07-14 17:59:12.0000003,11.284209
2012-12-05 16:33:52.0000002,11.284124
2012-12-05 16:33:52.0000001,11.284229
2009-12-18 12:37:04.0000005,11.284471
2009-12-18 12:37:04.0000001,11.284193
2009-12-18 12:37:04.0000006,11.284587
2009-12-18 12:37:04.0000004,11.284526
2009-12-18 12:37:04.0000007,11.284435
2009-12-18 12:37:04.0000002,11.284283
2012-11-21 15:12:48.0000001,11.284176
2011-05-03 07:01:40.0000001,11.284456
2011-05-03 07:01:40.0000002,11.284148
2011-05-03 07:01:40.0000003,11.284249
2010-09-21 06:27:32.0000002,11.284465
2010-09-21 06:27:32.0000001,11.284495
2011-10-07 22:08:20.0000003,11.284369
2011-10-07 22:08:20.0000006,11.284537
2009-02-08 08:48:20.0000001,11.283989
2013-09-24 21:16:40.0000006,11.28424
2013-09-24 21:16:40.0000003,11.28445
2013-09-24 21:16:40.0000001,11.284413
2013-09-24 21:16:40.0000007,11.284233
2013-09-24 21:16:40.0000002,11.284613
2013-09-24 21:16:40.0000004,11.284265
2012-03-14 19:10:48.0000005,11.2846155
2012-03-14 19:10:48.0000008,11.284231
2012-03-14 19:10:48.0000002,11.284332
2012-03-14 19:10:48.0000004,11.2845955
2012-03-14 19:10:48.0000001,11.28433
2012-03-14 19:10:48.0000009,11.284608
2012-03-14 19:10:48.0000006,11.284084
2009-11-12 11:01:20.0000001,11.284565
2009-11-12 11:01:20.0000002,11.284188
2009-06-21 04:28:48.0000002,11.284373
2009-06-21 04:28:48.0000003,11.284013
2014-01-25 12:36:52.0000002,11.284016
2014-01-25 12:36:52.0000001,11.284148
2012-12-27 13:23:48.0000001,11.284137
2011-06-28 16:09:44.0000001,11.284279
2010-12-01 08:35:20.0000001,11.284506
2012-11-19 12:40:40.0000005,11.284308
2012-11-19 12:40:40.0000001,11.2846775
2012-11-19 12:40:40.0000002,11.284227
2012-11-19 12:40:40.0000003,11.284138
2012-11-19 12:40:40.0000004,11.285411
2009-07-13 17:58:04.0000001,11.28428
2009-07-13 17:58:04.0000003,11.284265
2009-07-13 17:58:04.0000002,11.284404
2011-06-25 11:42:36.0000003,11.28422
2011-06-25 11:42:36.0000002,11.284271
2012-01-26 07:33:00.000000128,11.284533
2012-01-26 07:33:00.00000032,11.284616
2012-01-26 07:33:00.000000163,11.284229
2012-01-26 07:33:00.000000155,11.284334
2012-01-26 07:33:00.000000153,11.284432
2012-01-26 07:33:00.00000049,11.284397
2012-01-26 07:33:00.00000095,11.284399
2012-01-26 07:33:00.000000158,11.284226
2012-01-26 07:33:00.00000050,11.284324
2012-01-26 07:33:00.00000015,11.284462
2012-01-26 07:33:00.00000062,11.284215
2012-01-26 07:33:00.00000037,11.285022
2012-01-26 07:33:00.00000069,11.284631
2012-01-26 07:33:00.000000142,11.284331
2012-01-26 07:33:00.000000150,11.284376
2012-01-26 07:33:00.000000147,11.284566
2012-01-26 07:33:00.000000125,11.284068
2012-01-26 07:33:00.000000124,11.284527
2012-01-26 07:33:00.000000129,11.284556
2012-01-26 07:33:00.00000033,11.284402
2012-01-26 07:33:00.0000004,11.284235
2012-01-26 07:33:00.00000029,11.284214
2012-01-26 07:33:00.000000113,11.284279
2012-01-26 07:33:00.00000017,11.28492
2012-01-26 07:33:00.00000067,11.284584
2012-01-26 07:33:00.000000141,11.284595
2012-01-26 07:33:00.00000036,11.284276
2012-01-26 07:33:00.000000162,11.284937
2012-01-26 07:33:00.000000118,11.284307
2012-01-26 07:33:00.000000154,11.284393
2012-01-26 07:33:00.000000143,11.284615
2012-01-26 07:33:00.00000083,11.284384
2012-01-26 07:33:00.000000191,11.284235
2012-01-26 07:33:00.000000140,11.284497
2012-01-26 07:33:00.00000086,11.284166
2012-01-26 07:33:00.0000002,11.284166
2012-01-26 07:33:00.000000170,11.284254
2012-01-26 07:33:00.00000010,11.28441
2012-01-26 07:33:00.00000053,11.284208
2012-01-26 07:33:00.000000102,11.284512
2012-01-26 07:33:00.00000055,11.284437
2012-01-26 07:33:00.0000007,11.284025
2012-01-26 07:33:00.00000013,11.284221
2012-01-26 07:33:00.000000165,11.284468
2012-01-26 07:33:00.00000026,11.284562
2012-01-26 07:33:00.000000137,11.284452
2012-01-26 07:33:00.00000048,11.284098
2012-01-26 07:33:00.00000059,11.284319
2012-01-26 07:33:00.000000132,11.284153
2012-01-26 07:33:00.00000096,11.284398
2012-01-26 07:33:00.000000190,11.284321
2012-01-26 07:33:00.000000156,11.28419
2012-01-26 07:33:00.00000075,11.284174
2012-01-26 07:33:00.00000084,11.284423
2012-01-26 07:33:00.0000006,11.284333
2012-01-26 07:33:00.00000021,11.284588
2012-01-26 07:33:00.0000001,11.284452
2012-01-26 07:33:00.0000005,11.284326
2012-01-26 07:33:00.00000034,11.284417
2012-01-26 07:33:00.000000117,11.284307
2012-01-26 07:33:00.000000106,11.284474
2012-01-26 07:33:00.00000077,11.284118
2012-01-26 07:33:00.00000045,11.284092
2012-01-26 07:33:00.000000116,11.284472
2012-01-26 07:33:00.0000009,11.2829485
2012-01-26 07:33:00.000000146,11.284311
2012-01-26 07:33:00.00000027,11.284999
2012-01-26 07:33:00.000000127,11.284618
2012-01-26 07:33:00.000000172,11.284287
2012-01-26 07:33:00.00000074,11.284351
2012-01-26 07:33:00.00000014,11.28414
2012-01-26 07:33:00.000000108,11.28417
2012-01-26 07:33:00.000000109,11.284767
2012-01-26 07:33:00.000000152,11.284408
2012-01-26 07:33:00.00000047,11.284453
2012-01-26 07:33:00.000000192,11.284586
2012-01-26 07:33:00.00000054,11.284224
2012-01-26 07:33:00.000000185,11.28436
2012-01-26 07:33:00.000000187,11.284502
2012-01-26 07:33:00.00000060,11.284611
2012-01-26 07:33:00.000000130,11.284597
2012-01-26 07:33:00.00000046,11.28427
2012-01-26 07:33:00.000000182,11.284266
2012-01-26 07:33:00.000000177,11.284058
2012-01-26 07:33:00.000000135,11.284414
2012-01-26 07:33:00.00000063,11.284219
2012-01-26 07:33:00.00000079,11.2841835
2012-01-26 07:33:00.000000169,11.284514
2012-01-26 07:33:00.00000094,11.28445
2012-01-26 07:33:00.000000176,11.28427
2012-01-26 07:33:00.00000061,11.284333
2012-01-26 07:33:00.000000188,11.284453
2012-01-26 07:33:00.000000174,11.284428
2012-01-26 07:33:00.000000126,11.284331
2012-01-26 07:33:00.000000139,11.284825
2012-01-26 07:33:00.000000184,11.284188
2012-01-26 07:33:00.000000107,11.28435
2012-01-26 07:33:00.00000038,11.284375
2012-01-26 07:33:00.000000134,11.283952
2012-01-26 07:33:00.00000058,11.284296
2012-01-26 07:33:00.00000078,11.284227
2012-01-26 07:33:00.00000019,11.284363
2012-01-26 07:33:00.000000111,11.284563
2012-01-26 07:33:00.000000178,11.284256
2012-01-26 07:33:00.0000003,11.284217
2012-01-26 07:33:00.00000052,11.283636
2012-01-26 07:33:00.00000040,11.283969
2012-01-26 07:33:00.000000148,11.284407
2012-01-26 07:33:00.00000066,11.284415
2012-01-26 07:33:00.00000041,11.284224
2012-01-26 07:33:00.00000070,11.284405
2012-01-26 07:33:00.000000157,11.28441
2012-01-26 07:33:00.000000179,11.284134
2012-01-26 07:33:00.000000112,11.284631
2012-01-26 07:33:00.00000073,11.284378
2012-01-26 07:33:00.000000138,11.284529
2012-01-26 07:33:00.00000092,11.284556
2012-01-26 07:33:00.000000164,11.2847395
2012-01-26 07:33:00.000000123,11.284419
2012-01-26 07:33:00.00000043,11.28419
2012-01-26 07:33:00.00000093,11.284361
2012-01-26 07:33:00.00000016,11.283218
2012-01-26 07:33:00.000000144,11.284127
2012-01-26 07:33:00.00000042,11.284584
2012-01-26 07:33:00.00000011,11.284653
2012-01-26 07:33:00.00000035,11.2842
2012-01-26 07:33:00.00000098,11.284368
2012-01-26 07:33:00.000000149,11.283687
2012-01-26 07:33:00.000000110,11.284294
2012-01-26 07:33:00.000000159,11.28419
2015-03-20 23:34:40.0000007,11.2843685
2015-03-20 23:34:40.0000002,11.284499
2015-03-20 23:34:40.0000006,11.28451
2013-12-14 03:20:48.0000001,11.28464
2013-12-14 03:20:48.0000002,11.284007
2014-04-14 07:03:52.0000001,11.284236
2014-04-14 07:03:52.0000002,11.284603
2015-05-21 07:08:08.0000002,11.284316
2011-08-30 16:48:24.0000003,11.284429
2011-08-30 16:48:24.0000002,11.284458
2011-08-30 16:48:24.0000001,11.284417
2010-12-09 07:29:00.000000189,11.284334
2010-12-09 07:29:00.00000027,11.284119
2010-12-09 07:29:00.000000184,11.284443
2010-12-09 07:29:00.00000030,11.28395
2010-12-09 07:29:00.00000011,11.284106
2010-12-09 07:29:00.00000065,11.284249
2010-12-09 07:29:00.00000063,11.28413
2010-12-09 07:29:00.000000133,11.284277
2010-12-09 07:29:00.00000054,11.284381
2010-12-09 07:29:00.00000021,11.28426
2010-12-09 07:29:00.000000162,11.284605
2010-12-09 07:29:00.000000144,11.284285
2010-12-09 07:29:00.000000116,11.284361
2010-12-09 07:29:00.000000142,11.284474
2010-12-09 07:29:00.000000113,11.28466
2010-12-09 07:29:00.000000105,11.28414
2010-12-09 07:29:00.00000047,11.28428
2010-12-09 07:29:00.0000008,11.284505
2010-12-09 07:29:00.00000099,11.284564
2010-12-09 07:29:00.00000048,11.284372
2010-12-09 07:29:00.00000076,11.284361
2010-12-09 07:29:00.000000174,11.284498
2010-12-09 07:29:00.000000130,11.284291
2010-12-09 07:29:00.000000177,11.284502
2010-12-09 07:29:00.00000088,11.284463
2010-12-09 07:29:00.00000091,11.284276
2010-12-09 07:29:00.00000072,11.284441
2010-12-09 07:29:00.00000014,11.283936
2010-12-09 07:29:00.000000157,11.284266
2010-12-09 07:29:00.000000109,11.284361
2010-12-09 07:29:00.00000016,11.284137
2010-12-09 07:29:00.00000023,11.28438
2010-12-09 07:29:00.000000118,11.284127
2010-12-09 07:29:00.00000017,11.284306
2010-12-09 07:29:00.00000032,11.284748
2010-12-09 07:29:00.000000188,11.2842
2010-12-09 07:29:00.00000040,11.284212
2010-12-09 07:29:00.00000037,11.284619
2010-12-09 07:29:00.000000128,11.284449
2010-12-09 07:29:00.00000057,11.284338
2010-12-09 07:29:00.000000125,11.284128
2010-12-09 07:29:00.000000159,11.284344
2010-12-09 07:29:00.00000018,11.284387
2010-12-09 07:29:00.000000107,11.284205
2010-12-09 07:29:00.00000051,11.284265
2010-12-09 07:29:00.00000042,11.284176
2010-12-09 07:29:00.00000059,11.284331
2010-12-09 07:29:00.00000075,11.2841425
2010-12-09 07:29:00.00000035,11.284559
2010-12-09 07:29:00.00000029,11.28444
2010-12-09 07:29:00.00000045,11.28436
2010-12-09 07:29:00.00000055,11.284156
2010-12-09 07:29:00.000000140,11.284227
2010-12-09 07:29:00.00000060,11.284485
2010-12-09 07:29:00.000000185,11.284485
2010-12-09 07:29:00.000000120,11.284316
2010-12-09 07:29:00.000000104,11.284461
2010-12-09 07:29:00.000000191,11.284345
2010-12-09 07:29:00.000000106,11.284364
2010-12-09 07:29:00.00000039,11.284385
2010-12-09 07:29:00.000000132,11.284079
2010-12-09 07:29:00.00000019,11.284386
2010-12-09 07:29:00.000000166,11.284345
2010-12-09 07:29:00.000000111,11.28456
2010-12-09 07:29:00.00000013,11.28433
2010-12-09 07:29:00.000000138,11.284366
2010-12-09 07:29:00.00000085,11.284249
2010-12-09 07:29:00.000000169,11.284637
2010-12-09 07:29:00.000000153,11.283911
2010-12-09 07:29:00.00000033,11.285318
2010-12-09 07:29:00.000000173,11.284171
2010-12-09 07:29:00.00000077,11.2841015
2010-12-09 07:29:00.000000190,11.28439
2010-12-09 07:29:00.000000137,11.28449
2010-12-09 07:29:00.0000009,11.284287
2010-12-09 07:29:00.000000155,11.284193
2010-12-09 07:29:00.0000004,11.284108
2010-12-09 07:29:00.000000119,11.284352
2010-12-09 07:29:00.000000100,11.284198
2010-12-09 07:29:00.00000024,11.28436
2010-12-09 07:29:00.00000096,11.284326
2010-12-09 07:29:00.000000170,11.284285
2010-12-09 07:29:00.000000131,11.284619
2010-12-09 07:29:00.00000022,11.284702
2010-12-09 07:29:00.00000053,11.28428
2010-12-09 07:29:00.000000165,11.284074
2010-12-09 07:29:00.000000114,11.284131
2010-12-09 07:29:00.00000074,11.284583
2010-12-09 07:29:00.00000070,11.284438
2010-12-09 07:29:00.000000167,11.28453
2010-12-09 07:29:00.000000110,11.284369
2010-12-09 07:29:00.00000020,11.284304
2010-12-09 07:29:00.000000147,11.284146
2010-12-09 07:29:00.000000178,11.284259
2010-12-09 07:29:00.000000146,11.284188
2010-12-09 07:29:00.000000103,11.2842045
2010-12-09 07:29:00.000000149,11.284595
2010-12-09 07:29:00.000000182,11.284405
2010-12-09 07:29:00.000000124,11.284276
2010-12-09 07:29:00.000000154,11.2842655
2010-12-09 07:29:00.000000117,11.284319
2010-12-09 07:29:00.00000034,11.284452
2010-12-09 07:29:00.00000084,11.284421
2010-12-09 07:29:00.00000064,11.284317
2010-12-09 07:29:00.000000126,11.284579
2010-12-09 07:29:00.00000082,11.28426
2010-12-09 07:29:00.00000092,11.284599
2010-12-09 07:29:00.00000087,11.284356
2010-12-09 07:29:00.00000095,11.284077
2010-12-09 07:29:00.000000101,11.284132
2010-12-09 07:29:00.000000122,11.284105
2010-12-09 07:29:00.000000160,11.284464
2010-12-09 07:29:00.000000175,11.284546
2010-12-09 07:29:00.00000043,11.284464
2010-12-09 07:29:00.00000061,11.284024
2010-12-09 07:29:00.000000179,11.284117
2010-12-09 07:29:00.00000049,11.284191
2010-12-09 07:29:00.000000172,11.285331
2010-12-09 07:29:00.000000192,11.284167
2010-12-09 07:29:00.000000194,11.284251
2010-12-09 07:29:00.00000052,11.284477
2010-12-09 07:29:00.00000058,11.284178
2010-12-09 07:29:00.00000010,11.284328
2010-12-09 07:29:00.000000108,11.284321
2010-12-09 07:29:00.000000129,11.284557
2010-12-09 07:29:00.000000163,11.284553
2010-12-09 07:29:00.000000161,11.284486
2010-12-09 07:29:00.000000187,11.284272
2010-12-09 07:29:00.000000158,11.284332
2010-12-09 07:29:00.000000121,11.2846
2010-12-09 07:29:00.000000176,11.284621
2011-09-25 13:01:20.0000005,11.2842245
2011-09-25 13:01:20.0000001,11.284334
2011-09-25 13:01:20.0000004,11.284023
2011-09-25 13:01:20.0000006,11.284802
2011-09-25 13:01:20.0000003,11.284213
2012-09-08 04:35:16.0000001,11.284897
2012-05-08 03:50:00.00000011,11.284824
2012-05-08 03:50:00.0000002,11.2842655
2012-05-08 03:50:00.0000008,11.2843685
2012-05-08 03:50:00.0000007,11.284098
2012-05-08 03:50:00.00000015,11.284715
2012-05-08 03:50:00.00000016,11.284462
2012-05-08 03:50:00.0000003,11.284308
2012-05-08 03:50:00.00000014,11.284631
2012-05-08 03:50:00.0000004,11.284328
2010-10-06 21:23:24.0000003,11.284375
2010-10-06 21:23:24.0000001,11.284286
2010-10-06 21:23:24.0000005,11.284402
2010-10-06 21:23:24.0000002,11.284743
2010-10-06 21:23:24.0000004,11.28407
2014-05-17 02:47:12.0000002,11.284276
2009-07-31 07:30:56.0000002,11.284404
2009-07-31 07:30:56.0000001,11.284658
2012-03-06 07:33:04.0000002,11.284569
2009-01-29 22:15:48.0000001,11.284246
2013-03-17 12:44:04.0000001,11.284587
2014-06-18 09:23:32.0000001,11.284693
2011-09-21 13:15:36.0000004,11.284299
2011-09-21 13:15:36.0000003,11.283999
2011-09-21 13:15:36.0000001,11.284157
2011-09-21 13:15:36.0000002,11.284742
2015-03-12 19:43:24.0000001,11.2844515
2015-03-12 19:43:24.0000002,11.284255
2015-03-12 19:43:24.0000007,11.284306
2015-03-12 19:43:24.0000004,11.284395
2014-01-18 17:43:28.0000005,11.284481
2014-01-18 17:43:28.0000003,11.284408
2014-01-18 17:43:28.0000002,11.284134
2014-01-18 17:43:28.0000004,11.284552
2011-04-05 01:15:44.0000001,11.284271
2011-04-05 01:15:44.0000002,11.284414
2011-09-04 01:36:36.0000002,11.284552
2010-08-09 08:53:56.0000004,11.284693
2010-08-09 08:53:56.0000006,11.2841015
2010-08-09 08:53:56.0000002,11.2841215
2010-08-09 08:53:56.0000003,11.284376
2010-08-09 08:53:56.0000005,11.284664
2010-03-27 07:05:08.0000001,11.284364
2011-11-16 12:52:52.0000002,11.284214
2011-11-16 12:52:52.0000003,11.284274
2011-11-16 12:52:52.0000001,11.285307
2009-10-29 10:48:40.0000002,11.284219
2009-10-29 10:48:40.0000001,11.284493
2015-02-01 00:48:44.0000009,11.284027
2015-02-01 00:48:44.0000004,11.2843075
2015-02-01 00:48:44.0000008,11.284541
2015-02-01 00:48:44.0000006,11.284043
2015-02-01 00:48:44.0000007,11.285071
2014-04-03 02:31:08.0000001,11.28469
2010-07-04 03:28:44.0000001,11.284175
2009-03-31 23:01:36.0000002,11.284289
2009-03-31 23:01:36.0000001,11.284238
2009-03-31 23:01:36.0000003,11.284743
2012-02-02 00:49:56.0000002,11.284611
2012-02-02 00:49:56.0000001,11.285689
2012-02-02 00:49:56.0000003,11.284346
2012-02-02 00:49:56.0000004,11.285017
2014-01-26 15:28:52.0000003,11.284306
2012-02-14 15:32:40.0000002,11.28445
2012-02-14 15:32:40.0000004,11.28433
2012-02-14 15:32:40.0000001,11.284432
2012-02-14 15:32:40.0000003,11.284391
2011-12-06 11:07:40.0000001,11.284284
2011-12-06 11:07:40.0000005,11.28426
2011-07-12 19:41:48.0000002,11.284372
2011-07-12 19:41:48.0000003,11.284401
2011-07-12 19:41:48.0000004,11.284535
2010-09-16 14:27:16.0000001,11.284754
2010-09-16 14:27:16.0000003,11.284479
2010-09-16 14:27:16.0000004,11.284252
2010-09-16 14:27:16.0000005,11.284541
2014-06-11 01:13:40.0000001,11.2842865
2013-05-18 15:28:40.0000003,11.284039
2013-05-18 15:28:40.0000002,11.284157
2015-02-14 20:20:56.0000001,11.284464
2015-02-14 20:20:56.0000002,11.284226
2015-02-14 20:20:56.0000004,11.284645
2009-01-22 12:27:20.0000003,11.284248
2011-04-23 21:22:20.0000001,11.284328
2013-09-01 17:57:04.0000002,11.284486
2013-09-01 17:57:04.0000003,11.2843685
2013-04-22 13:19:16.0000001,11.2841425
2013-04-22 13:19:16.0000002,11.284242
2013-04-22 13:19:16.0000003,11.284078
2015-02-21 18:39:16.0000002,11.2847805
2009-04-23 00:05:40.0000001,11.28447
2009-04-23 00:05:40.0000003,11.284322
2012-05-28 05:48:40.0000001,11.284903
2010-01-03 20:04:52.0000001,11.284439
2013-03-09 21:40:52.0000003,11.284343
2013-03-09 21:40:52.0000002,11.2844095
2011-04-21 08:22:32.0000001,11.284211
2011-02-20 09:22:16.0000002,11.28455
2011-02-20 09:22:16.0000001,11.284272
2010-07-22 09:37:12.0000003,11.284287
2010-07-22 09:37:12.0000004,11.284423
2010-07-22 09:37:12.0000001,11.28416
2011-01-24 20:47:04.0000002,11.284623
2013-07-22 15:05:16.0000004,11.284373
2013-07-22 15:05:16.0000001,11.284478
2013-07-22 15:05:16.0000002,11.283773
2013-07-22 15:05:16.0000003,11.284174
2013-01-23 16:22:04.0000003,11.284078
2013-01-23 16:22:04.0000002,11.284414
2013-01-23 16:22:04.0000001,11.284604
2013-01-06 12:46:36.0000001,11.284158
2013-01-06 12:46:36.0000002,11.284375
2012-02-13 04:52:32.0000001,11.285342
2013-02-07 08:34:24.0000001,11.284277
2013-02-07 08:34:24.0000003,11.28444
2013-02-07 08:34:24.0000004,11.284417
2013-02-07 08:34:24.0000002,11.284278
2015-02-21 17:23:28.0000005,11.284028
2015-02-21 17:23:28.0000003,11.284414
2015-02-21 17:23:28.0000002,11.283903
2015-02-21 17:23:28.0000001,11.283807
2015-02-21 17:23:28.0000006,11.284005
2013-06-19 13:36:52.0000004,11.284377
2013-06-19 13:36:52.0000001,11.284357
2013-06-19 13:36:52.0000002,11.284258
2013-06-19 13:36:52.0000005,11.284387
2013-06-19 13:36:52.0000003,11.2843275
2015-06-26 16:04:04.0000002,11.284414
2015-06-26 16:04:04.0000001,11.284168
2010-06-05 07:08:36.0000001,11.284042
2011-10-28 13:48:16.0000002,11.2842455
2011-10-28 13:48:16.0000001,11.284556
2011-10-28 13:48:16.0000003,11.284624
2012-09-29 02:53:20.0000001,11.284439
2011-08-06 12:59:12.0000001,11.284686
2012-11-19 22:15:32.0000002,11.284244
2013-11-29 20:09:12.0000002,11.284272
2012-05-31 17:54:48.0000003,11.28448
2012-05-31 17:54:48.0000002,11.28406
2012-05-31 17:54:48.0000001,11.284548
2012-05-31 17:54:48.0000004,11.284378
2012-04-20 08:03:52.0000001,11.284126
2012-04-20 08:03:52.0000002,11.284057
2012-04-20 08:03:52.0000003,11.284459
2009-01-26 18:26:48.0000001,11.284377
2009-01-26 18:26:48.0000003,11.28453
2009-01-26 18:26:48.0000004,11.284416
2009-01-26 18:26:48.0000002,11.284287
2011-10-20 00:50:48.0000003,11.284859
2011-10-20 00:50:48.0000002,11.284816
2011-10-20 00:50:48.0000001,11.284622
2011-06-03 11:45:16.0000002,11.284269
2011-06-03 11:45:16.0000004,11.284138
2011-06-03 11:45:16.0000005,11.284486
2011-06-03 11:45:16.0000001,11.284029
2011-06-03 11:45:16.0000003,11.284054
2011-10-25 20:34:20.0000001,11.284747
2012-07-05 18:30:36.0000005,11.283914
2012-07-05 18:30:36.0000006,11.284464
2012-07-05 18:30:36.0000003,11.284274
2012-07-05 18:30:36.0000001,11.284327
2012-07-05 18:30:36.0000007,11.284406
2012-07-05 18:30:36.0000002,11.284285
2015-04-07 14:31:12.0000002,11.284494
2015-04-07 14:31:12.0000003,11.284492
2013-08-28 00:27:36.0000002,11.2844715
2013-08-28 00:27:36.0000001,11.284785
2012-11-20 21:54:00.00000037,11.284302
2012-11-20 21:54:00.00000081,11.284294
2012-11-20 21:54:00.000000210,11.284435
2012-11-20 21:54:00.00000050,11.284217
2012-11-20 21:54:00.000000175,11.285357
2012-11-20 21:54:00.000000208,11.28431
2012-11-20 21:54:00.000000198,11.284349
2012-11-20 21:54:00.000000185,11.284169
2012-11-20 21:54:00.00000028,11.284261
2012-11-20 21:54:00.000000134,11.284494
2012-11-20 21:54:00.00000091,11.284479
2012-11-20 21:54:00.00000033,11.284106
2012-11-20 21:54:00.00000082,11.283928
2012-11-20 21:54:00.000000142,11.284388
2012-11-20 21:54:00.000000180,11.28459
2012-11-20 21:54:00.00000093,11.284315
2012-11-20 21:54:00.000000159,11.284406
2012-11-20 21:54:00.000000165,11.284252
2012-11-20 21:54:00.000000235,11.285016
2012-11-20 21:54:00.00000089,11.284622
2012-11-20 21:54:00.000000168,11.284043
2012-11-20 21:54:00.000000224,11.284373
2012-11-20 21:54:00.000000158,11.284365
2012-11-20 21:54:00.000000212,11.285307
2012-11-20 21:54:00.000000147,11.284701
2012-11-20 21:54:00.000000140,11.284238
2012-11-20 21:54:00.00000018,11.284691
2012-11-20 21:54:00.000000124,11.284434
2012-11-20 21:54:00.000000181,11.284955
2012-11-20 21:54:00.000000187,11.284289
2012-11-20 21:54:00.00000058,11.284517
2012-11-20 21:54:00.000000151,11.284098
2012-11-20 21:54:00.000000126,11.284336
2012-11-20 21:54:00.00000099,11.284241
2012-11-20 21:54:00.000000120,11.284253
2012-11-20 21:54:00.0000009,11.284258
2012-11-20 21:54:00.000000206,11.284358
2012-11-20 21:54:00.00000079,11.284307
2012-11-20 21:54:00.000000237,11.284301
2012-11-20 21:54:00.000000143,11.28445
2012-11-20 21:54:00.000000111,11.284346
2012-11-20 21:54:00.000000106,11.284206
2012-11-20 21:54:00.000000245,11.2846155
2012-11-20 21:54:00.00000032,11.284113
2012-11-20 21:54:00.00000075,11.284569
2012-11-20 21:54:00.000000244,11.284819
2012-11-20 21:54:00.00000094,11.284142
2012-11-20 21:54:00.000000118,11.284059
2012-11-20 21:54:00.000000188,11.284275
2012-11-20 21:54:00.00000051,11.284877
2012-11-20 21:54:00.000000109,11.28456
2012-11-20 21:54:00.0000003,11.284445
2012-11-20 21:54:00.000000114,11.284783
2012-11-20 21:54:00.00000013,11.284389
2012-11-20 21:54:00.000000192,11.2844515
2012-11-20 21:54:00.000000228,11.284254
2012-11-20 21:54:00.000000236,11.284705
2012-11-20 21:54:00.000000178,11.284416
2012-11-20 21:54:00.00000027,11.284623
2012-11-20 21:54:00.000000176,11.284318
2012-11-20 21:54:00.0000008,11.2847185
2012-11-20 21:54:00.00000061,11.284842
2012-11-20 21:54:00.00000011,11.284349
2012-11-20 21:54:00.00000096,11.284295
2012-11-20 21:54:00.000000231,11.2849045
2012-11-20 21:54:00.000000190,11.284264
2012-11-20 21:54:00.000000166,11.284428
2012-11-20 21:54:00.00000022,11.284398
2012-11-20 21:54:00.000000234,11.284336
2012-11-20 21:54:00.00000035,11.284548
2012-11-20 21:54:00.00000041,11.284366
2012-11-20 21:54:00.000000113,11.284184
2012-11-20 21:54:00.00000045,11.284294
2012-11-20 21:54:00.000000157,11.284365
2012-11-20 21:54:00.000000163,11.284604
2012-11-20 21:54:00.000000193,11.284755
2012-11-20 21:54:00.00000063,11.284324
2012-11-20 21:54:00.000000183,11.284291
2012-11-20 21:54:00.000000182,11.284368
2012-11-20 21:54:00.000000117,11.284116
2012-11-20 21:54:00.000000156,11.284746
2012-11-20 21:54:00.000000220,11.284322
2012-11-20 21:54:00.000000227,11.284342
2012-11-20 21:54:00.000000194,11.284246
2012-11-20 21:54:00.000000201,11.28454
2012-11-20 21:54:00.000000115,11.284246
2012-11-20 21:54:00.000000217,11.284472
2012-11-20 21:54:00.00000017,11.284346
2012-11-20 21:54:00.000000139,11.284337
2012-11-20 21:54:00.00000038,11.284284
2012-11-20 21:54:00.000000107,11.284344
2012-11-20 21:54:00.000000218,11.28447
2012-11-20 21:54:00.000000214,11.2845545
2012-11-20 21:54:00.000000213,11.284502
2012-11-20 21:54:00.000000215,11.284759
2012-11-20 21:54:00.000000112,11.284227
2012-11-20 21:54:00.00000067,11.284515
2012-11-20 21:54:00.00000044,11.284582
2012-11-20 21:54:00.00000029,11.284078
2012-11-20 21:54:00.000000119,11.284243
2012-11-20 21:54:00.000000203,11.284258
2012-11-20 21:54:00.000000239,11.284179
2012-11-20 21:54:00.000000125,11.284723
2012-11-20 21:54:00.00000064,11.284513
2012-11-20 21:54:00.000000153,11.284359
2012-11-20 21:54:00.00000054,11.284269
2012-11-20 21:54:00.000000177,11.284608
2012-11-20 21:54:00.000000243,11.284366
2012-11-20 21:54:00.000000128,11.284529
2012-11-20 21:54:00.00000095,11.284362
2012-11-20 21:54:00.00000088,11.284266
2012-11-20 21:54:00.000000200,11.284424
2012-11-20 21:54:00.00000053,11.283856
2012-11-20 21:54:00.000000199,11.284339
2012-11-20 21:54:00.000000191,11.284302
2012-11-20 21:54:00.00000057,11.284197
2012-11-20 21:54:00.000000145,11.28431
2012-11-20 21:54:00.00000072,11.284409
2012-11-20 21:54:00.0000001,11.284594
2012-11-20 21:54:00.000000241,11.284337
2012-11-20 21:54:00.000000230,11.284726
2012-11-20 21:54:00.000000146,11.28474
2012-11-20 21:54:00.000000155,11.284324
2012-11-20 21:54:00.00000046,11.2839575
2012-11-20 21:54:00.000000242,11.284966
2012-11-20 21:54:00.00000060,11.283995
2012-11-20 21:54:00.000000116,11.284191
2012-11-20 21:54:00.00000059,11.284305
2012-11-20 21:54:00.000000232,11.284242
2012-11-20 21:54:00.000000162,11.284291
2012-11-20 21:54:00.00000070,11.284254
2012-11-20 21:54:00.00000052,11.284326
2012-11-20 21:54:00.000000129,11.284423
2012-11-20 21:54:00.000000136,11.28465
2012-11-20 21:54:00.000000226,11.284544
2012-11-20 21:54:00.000000240,11.284633
2012-11-20 21:54:00.000000141,11.2844515
2012-11-20 21:54:00.000000204,11.284305
2012-11-20 21:54:00.000000137,11.284746
2011-02-22 14:18:40.0000001,11.284126
2014-06-23 00:16:00.00000066,11.285531
2014-06-23 00:16:00.00000039,11.284382
2014-06-23 00:16:00.00000076,11.284247
2014-06-23 00:16:00.00000030,11.284196
2014-06-23 00:16:00.00000070,11.284431
2014-06-23 00:16:00.00000065,11.284347
2014-06-23 00:16:00.00000056,11.28442
2014-06-23 00:16:00.00000038,11.284486
2014-06-23 00:16:00.00000071,11.2842655
2014-06-23 00:16:00.00000013,11.284451
2014-06-23 00:16:00.00000073,11.284118
2014-06-23 00:16:00.0000001,11.285333
2014-06-23 00:16:00.00000026,11.284289
2014-06-23 00:16:00.00000090,11.284424
2014-06-23 00:16:00.00000092,11.284334
2014-06-23 00:16:00.00000044,11.284475
2014-06-23 00:16:00.00000064,11.284302
2014-06-23 00:16:00.00000068,11.284614
2014-06-23 00:16:00.00000033,11.284315
2014-06-23 00:16:00.00000089,11.284253
2014-06-23 00:16:00.0000004,11.284419
2014-06-23 00:16:00.00000062,11.284344
2014-06-23 00:16:00.00000019,11.284731
2014-06-23 00:16:00.00000041,11.284376
2014-06-23 00:16:00.00000024,11.285133
2014-06-23 00:16:00.00000074,11.284787
2014-06-23 00:16:00.00000018,11.284619
2014-06-23 00:16:00.00000043,11.28407
2014-06-23 00:16:00.00000022,11.284478
2014-06-23 00:16:00.00000088,11.284033
2014-06-23 00:16:00.00000057,11.284243
2014-06-23 00:16:00.00000087,11.284468
2014-06-23 00:16:00.00000016,11.284148
2014-06-23 00:16:00.00000078,11.284447
2014-06-23 00:16:00.00000040,11.284037
2014-06-23 00:16:00.00000077,11.283745
2014-06-23 00:16:00.00000015,11.284294
2014-06-23 00:16:00.00000047,11.284331
2014-06-23 00:16:00.0000005,11.284304
2014-06-23 00:16:00.00000034,11.285327
2014-06-23 00:16:00.00000028,11.284544
2014-06-23 00:16:00.00000081,11.284741
2014-06-23 00:16:00.00000067,11.2847
2014-06-23 00:16:00.00000085,11.28423
2014-06-23 00:16:00.00000082,11.284114
2014-06-23 00:16:00.00000063,11.284039
2014-06-23 00:16:00.00000079,11.284565
2014-06-23 00:16:00.00000061,11.284388
2014-06-23 00:16:00.00000037,11.28479
2014-06-23 00:16:00.00000036,11.284204
2014-06-23 00:16:00.00000049,11.284478
2014-06-23 00:16:00.00000025,11.284567
2014-06-23 00:16:00.0000009,11.284487
2014-06-23 00:16:00.00000069,11.284844
2011-11-24 02:36:48.0000003,11.28442
2011-11-24 02:36:48.0000002,11.28441
2011-11-24 02:36:48.0000001,11.284499
2013-06-05 01:34:56.0000001,11.28439
2013-03-18 12:51:12.0000001,11.284081
2013-03-18 12:51:12.0000003,11.284102
2013-03-18 12:51:12.0000002,11.28417
2014-12-14 09:04:36.0000001,11.284481
2014-12-14 09:04:36.0000003,11.284213
2014-12-14 09:04:36.0000002,11.284705
2012-05-31 13:14:12.0000004,11.284232
2012-05-31 13:14:12.0000001,11.284555
2012-05-31 13:14:12.0000002,11.284576
2012-05-31 13:14:12.0000003,11.28418
2011-01-16 18:57:12.0000001,11.284379
2011-01-16 18:57:12.0000002,11.284103
2009-04-25 10:52:56.0000004,11.284215
2009-04-25 10:52:56.0000002,11.284771
2009-04-25 10:52:56.0000005,11.284283
2009-04-20 11:11:40.0000001,11.28443
2012-07-20 06:53:32.0000001,11.284123
2009-10-22 21:57:36.0000005,11.28426
2009-10-22 21:57:36.0000002,11.284588
2009-10-22 21:57:36.0000004,11.28458
2009-10-22 21:57:36.0000003,11.28429
2009-03-16 10:30:12.0000001,11.284448
2009-07-14 12:12:36.0000004,11.284455
2009-07-14 12:12:36.0000001,11.284155
2009-07-14 12:12:36.0000003,11.284361
2009-07-14 12:12:36.0000007,11.284284
2009-07-14 12:12:36.0000002,11.284656
2009-07-14 12:12:36.0000005,11.284139
2009-07-14 12:12:36.0000008,11.284523
2009-07-14 12:12:36.0000006,11.284392
2014-11-12 09:06:32.0000004,11.284206
2014-11-12 09:06:32.0000001,11.284366
2014-11-12 09:06:32.0000003,11.284465
2014-11-12 09:06:32.0000005,11.284519
2014-11-12 09:06:32.0000002,11.284806
2011-04-10 11:57:12.0000002,11.284114
2011-04-10 11:57:12.0000003,11.284036
2011-04-10 11:57:12.0000004,11.284215
2011-04-10 11:57:12.0000001,11.284088
2011-09-20 11:58:52.0000003,11.284206
2011-09-20 11:58:52.0000001,11.284012
2011-09-20 11:58:52.0000002,11.284599
2010-09-24 17:16:16.0000001,11.284248
2010-02-12 13:51:28.0000004,11.284374
2010-02-12 13:51:28.0000005,11.284509
2010-02-12 13:51:28.0000001,11.28415
2010-02-12 13:51:28.0000003,11.284458
2010-02-12 13:51:28.0000002,11.284609
2011-01-03 21:51:28.0000002,11.284235
2011-01-03 21:51:28.0000001,11.284221
2011-07-26 13:10:56.0000003,11.284112
2011-07-26 13:10:56.0000002,11.284699
2011-07-26 13:10:56.0000001,11.284351
2011-08-18 13:00:16.0000003,11.284302
2011-08-18 13:00:16.0000002,11.284344
2013-06-20 19:49:52.0000004,11.284381
2013-06-20 19:49:52.0000001,11.284333
2013-06-20 19:49:52.0000005,11.284261
2013-06-20 19:49:52.0000002,11.284241
2013-06-20 19:49:52.0000003,11.284247
2013-09-25 22:00:00.00000079,11.284463
2013-09-25 22:00:00.00000025,11.284732
2013-09-25 22:00:00.000000225,11.284563
2013-09-25 22:00:00.000000204,11.284568
2013-09-25 22:00:00.00000053,11.284241
2013-09-25 22:00:00.000000111,11.284283
2013-09-25 22:00:00.00000014,11.2844095
2013-09-25 22:00:00.000000172,11.285345
2013-09-25 22:00:00.000000154,11.284461
2013-09-25 22:00:00.000000133,11.28417
2013-09-25 22:00:00.000000160,11.284125
2013-09-25 22:00:00.000000119,11.284376
2013-09-25 22:00:00.000000223,11.284543
2013-09-25 22:00:00.0000008,11.284506
2013-09-25 22:00:00.000000103,11.284505
2013-09-25 22:00:00.000000178,11.284301
2013-09-25 22:00:00.00000023,11.28435
2013-09-25 22:00:00.00000022,11.284337
2013-09-25 22:00:00.00000076,11.284459
2013-09-25 22:00:00.00000020,11.284564
2013-09-25 22:00:00.000000142,11.284472
2013-09-25 22:00:00.00000059,11.284669
2013-09-25 22:00:00.000000110,11.284464
2013-09-25 22:00:00.000000205,11.284524
2013-09-25 22:00:00.000000182,11.284286
2013-09-25 22:00:00.00000081,11.284477
2013-09-25 22:00:00.000000230,11.284724
2013-09-25 22:00:00.000000164,11.284404
2013-09-25 22:00:00.00000090,11.28417
2013-09-25 22:00:00.000000106,11.284654
2013-09-25 22:00:00.00000078,11.284328
2013-09-25 22:00:00.0000001,11.28494
2013-09-25 22:00:00.000000126,11.284525
2013-09-25 22:00:00.000000156,11.284348
2013-09-25 22:00:00.000000137,11.284424
2013-09-25 22:00:00.00000039,11.284311
2013-09-25 22:00:00.00000017,11.284304
2013-09-25 22:00:00.00000054,11.284734
2013-09-25 22:00:00.000000135,11.284544
2013-09-25 22:00:00.000000112,11.284266
2013-09-25 22:00:00.000000148,11.284212
2013-09-25 22:00:00.000000143,11.284221
2013-09-25 22:00:00.00000043,11.284293
2013-09-25 22:00:00.000000203,11.284559
2013-09-25 22:00:00.00000040,11.284833
2013-09-25 22:00:00.00000035,11.284494
2013-09-25 22:00:00.000000117,11.284478
2013-09-25 22:00:00.000000244,11.284157
2013-09-25 22:00:00.0000002,11.283908
2013-09-25 22:00:00.000000246,11.285312
2013-09-25 22:00:00.00000091,11.284563
2013-09-25 22:00:00.000000235,11.28452
2013-09-25 22:00:00.000000237,11.284231
2013-09-25 22:00:00.000000185,11.28431
2013-09-25 22:00:00.000000233,11.284418
2013-09-25 22:00:00.00000075,11.284361
2013-09-25 22:00:00.00000026,11.284255
2013-09-25 22:00:00.00000061,11.284214
2013-09-25 22:00:00.000000179,11.284484
2013-09-25 22:00:00.000000120,11.284425
2013-09-25 22:00:00.000000165,11.284665
2013-09-25 22:00:00.000000224,11.284507
2013-09-25 22:00:00.000000192,11.284942
2013-09-25 22:00:00.00000084,11.284277
2013-09-25 22:00:00.000000169,11.284241
2013-09-25 22:00:00.000000175,11.28452
2013-09-25 22:00:00.000000132,11.284658
2013-09-25 22:00:00.00000048,11.284568
2013-09-25 22:00:00.000000229,11.284356
2013-09-25 22:00:00.00000036,11.284671
2013-09-25 22:00:00.000000177,11.284283
2013-09-25 22:00:00.000000217,11.284415
2013-09-25 22:00:00.000000183,11.28447
2013-09-25 22:00:00.000000107,11.284384
2013-09-25 22:00:00.00000058,11.284347
2013-09-25 22:00:00.00000073,11.284323
2013-09-25 22:00:00.000000245,11.284161
2013-09-25 22:00:00.000000157,11.2846365
2013-09-25 22:00:00.000000227,11.284371
2013-09-25 22:00:00.00000064,11.284455
2013-09-25 22:00:00.00000024,11.28535
2013-09-25 22:00:00.000000221,11.284616
2013-09-25 22:00:00.000000139,11.284317
2013-09-25 22:00:00.00000028,11.284602
2013-09-25 22:00:00.00000057,11.28439
2013-09-25 22:00:00.000000222,11.284577
2013-09-25 22:00:00.000000215,11.285055
2013-09-25 22:00:00.00000094,11.284763
2013-09-25 22:00:00.000000214,11.284352
2013-09-25 22:00:00.000000101,11.284316
2013-09-25 22:00:00.00000055,11.284337
2013-09-25 22:00:00.00000049,11.284884
2013-09-25 22:00:00.000000216,11.284703
2013-09-25 22:00:00.000000123,11.284374
2013-09-25 22:00:00.000000136,11.284292
2013-09-25 22:00:00.000000211,11.2841425
2013-09-25 22:00:00.000000145,11.284257
2013-09-25 22:00:00.000000250,11.284647
2013-09-25 22:00:00.000000188,11.284541
2013-09-25 22:00:00.000000202,11.284329
2013-09-25 22:00:00.000000242,11.284433
2013-09-25 22:00:00.000000140,11.284323
2013-09-25 22:00:00.000000171,11.284621
2013-09-25 22:00:00.00000099,11.284325
2013-09-25 22:00:00.000000187,11.284336
2013-09-25 22:00:00.000000161,11.2844515
2013-09-25 22:00:00.000000189,11.28459
2013-09-25 22:00:00.0000003,11.284693
2013-09-25 22:00:00.000000249,11.28468
2013-09-25 22:00:00.000000195,11.284604
2013-09-25 22:00:00.00000072,11.284346
2013-09-25 22:00:00.00000012,11.284596
2013-09-25 22:00:00.000000149,11.284715
2013-09-25 22:00:00.000000197,11.284316
2013-09-25 22:00:00.00000038,11.285358
2013-09-25 22:00:00.0000009,11.284782
2013-09-25 22:00:00.00000089,11.284754
2013-09-25 22:00:00.000000199,11.284267
2013-09-25 22:00:00.000000219,11.284142
2013-09-25 22:00:00.000000159,11.284394
2013-09-25 22:00:00.000000173,11.284629
2013-09-25 22:00:00.000000209,11.284376
2013-09-25 22:00:00.000000196,11.283906
2013-09-25 22:00:00.00000093,11.284141
2013-09-25 22:00:00.000000155,11.284368
2013-09-25 22:00:00.000000121,11.284622
2013-09-25 22:00:00.000000134,11.284597
2013-09-25 22:00:00.000000228,11.284149
2013-09-25 22:00:00.00000092,11.284345
2013-09-25 22:00:00.00000030,11.284398
2013-09-25 22:00:00.00000062,11.2845
2013-09-25 22:00:00.0000005,11.284315
2013-09-25 22:00:00.00000097,11.284449
2013-09-25 22:00:00.00000019,11.284633
2013-09-25 22:00:00.000000180,11.284387
2013-09-25 22:00:00.000000200,11.284285
2013-09-25 22:00:00.000000186,11.284286
2013-09-25 22:00:00.000000176,11.284588
2013-09-25 22:00:00.00000082,11.284265
2013-09-25 22:00:00.00000098,11.284495
2013-09-25 22:00:00.00000085,11.284378
2013-09-25 22:00:00.0000004,11.284299
2013-09-25 22:00:00.00000032,11.284218
2013-09-25 22:00:00.00000070,11.284283
2013-09-25 22:00:00.00000074,11.284294
2013-09-25 22:00:00.000000118,11.284347
2013-09-25 22:00:00.0000007,11.284532
2013-09-25 22:00:00.00000050,11.284657
2013-09-25 22:00:00.00000044,11.284526
2013-09-25 22:00:00.00000095,11.284162
2009-01-15 02:42:48.0000001,11.284662
2011-07-06 18:07:44.0000001,11.284509
2011-07-06 18:07:44.0000003,11.2844925
2011-07-06 18:07:44.0000005,11.284391
2011-09-08 01:28:24.0000001,11.285504
2014-07-11 12:36:08.0000002,11.284372
2010-11-04 05:01:44.0000001,11.28455
2009-10-04 10:04:12.0000001,11.284159
2009-10-04 10:04:12.0000003,11.28428
2009-10-04 10:04:12.0000002,11.2843485
2009-10-04 10:04:12.0000004,11.2840605
2013-02-28 12:52:44.0000001,11.284393
2013-02-28 12:52:44.0000003,11.284282
2013-02-28 12:52:44.0000004,11.284186
2013-02-28 12:52:44.0000002,11.28417
2013-08-03 07:11:53.0000001,11.284244
2015-01-26 23:13:33.0000001,11.284663
2012-10-31 11:09:53.0000001,11.28431
2012-10-31 11:09:53.0000002,11.284741
2011-12-23 23:30:09.0000001,11.284431
2015-01-29 11:01:21.0000001,11.284186
2015-01-29 11:01:21.0000002,11.284174
2014-01-31 11:11:05.0000001,11.284272
2014-01-31 11:11:05.0000003,11.284356
2014-01-31 11:11:05.0000004,11.284064
2014-01-31 11:11:05.0000006,11.284277
2014-01-31 11:11:05.0000005,11.284192
2015-02-20 11:08:29.0000006,11.284505
2015-02-20 11:08:29.0000002,11.284388
2015-02-20 11:08:29.0000004,11.284279
2015-02-20 11:08:29.0000003,11.2843075
2015-02-20 11:08:29.0000005,11.284331
2014-08-31 04:03:29.0000001,11.284337
2014-08-01 18:38:09.0000001,11.284293
2014-08-01 18:38:09.0000002,11.284381
2009-05-16 14:53:41.0000007,11.284555
2009-05-16 14:53:41.0000006,11.284365
2009-12-17 06:28:05.0000001,11.284242
2009-12-17 06:28:05.0000002,11.284124
2009-12-17 06:28:05.0000003,11.284244
2010-02-23 17:25:09.0000001,11.284359
2010-02-23 17:25:09.0000002,11.2844095
2012-07-30 16:54:49.0000003,11.284158
2012-07-30 16:54:49.0000001,11.284438
2012-07-30 16:54:49.0000005,11.28402
2012-07-30 16:54:49.0000004,11.2842245
2012-07-30 16:54:49.0000002,11.28424
2013-08-26 11:47:37.0000003,11.284225
2013-08-26 11:47:37.0000002,11.284612
2013-08-26 11:47:37.0000004,11.284797
2013-03-06 23:49:53.0000006,11.284209
2013-03-06 23:49:53.0000005,11.284453
2013-03-06 23:49:53.0000003,11.284399
2013-03-06 23:49:53.0000002,11.284441
2013-03-06 23:49:53.0000001,11.28478
2013-03-06 23:49:53.0000004,11.284693
2010-10-30 13:31:13.0000005,11.284498
2010-10-30 13:31:13.0000003,11.284208
2010-10-30 13:31:13.0000004,11.284121
2010-10-30 13:31:13.0000002,11.284551
2012-03-25 16:56:01.0000001,11.284461
2012-03-25 16:56:01.0000002,11.284252
2013-10-17 22:21:57.0000002,11.284296
2013-10-17 22:21:57.0000004,11.284277
2013-10-17 22:21:57.0000005,11.284607
2013-10-17 22:21:57.0000001,11.285104
2010-09-15 16:44:25.0000001,11.284695
2010-09-15 16:44:25.0000002,11.28465
2010-09-15 16:44:25.0000003,11.2844925
2014-05-09 00:30:41.0000003,11.284634
2014-05-09 00:30:41.0000001,11.284422
2014-05-09 00:30:41.0000002,11.284644
2010-12-11 17:32:33.0000001,11.284561
2010-06-14 05:10:09.0000001,11.284493
2012-03-05 13:24:37.0000003,11.284598
2012-03-05 13:24:37.0000001,11.284424
2011-03-03 07:09:09.0000002,11.2842
2011-03-03 07:09:09.0000001,11.28461
2010-07-01 22:11:33.0000001,11.284561
2010-07-01 22:11:33.0000002,11.284292
2010-07-01 22:11:33.0000004,11.284284
2012-01-07 21:39:05.0000002,11.284529
2010-08-22 12:30:21.0000002,11.284329
2010-08-22 12:30:21.0000001,11.284199
2012-05-26 00:31:25.0000002,11.284749
2011-12-16 09:20:01.0000001,11.284276
2012-01-26 20:09:45.0000003,11.28447
2012-01-26 20:09:45.0000004,11.284268
2012-01-26 20:09:45.0000002,11.284275
2012-01-26 20:09:45.0000001,11.284458
2010-02-03 11:33:29.0000002,11.284208
2010-02-03 11:33:29.0000001,11.284418
2014-10-07 11:52:13.0000005,11.284191
2014-10-07 11:52:13.0000001,11.284536
2014-10-07 11:52:13.0000004,11.284103
2014-10-07 11:52:13.0000002,11.284309
2014-10-07 11:52:13.0000007,11.284407
2014-10-07 11:52:13.0000003,11.284368
2013-05-06 23:46:25.0000001,11.284303
2015-06-13 19:17:09.0000006,11.284376
2015-06-13 19:17:09.0000004,11.284331
2015-06-13 19:17:09.0000002,11.284109
2015-06-13 19:17:09.0000003,11.28429
2015-06-13 19:17:09.0000001,11.284248
2011-06-29 00:15:21.0000001,11.28357
2011-06-29 00:15:21.0000002,11.284573
2011-06-29 00:15:21.0000003,11.284428
2009-11-28 13:50:17.0000003,11.284184
2009-11-28 13:50:17.0000001,11.284452
2010-05-02 12:05:45.0000001,11.284653
2009-10-12 14:18:01.0000001,11.284637
2015-01-13 12:07:53.0000002,11.28406
2015-01-13 12:07:53.0000007,11.284496
2015-01-13 12:07:53.0000001,11.284627
2015-01-13 12:07:53.0000004,11.284061
2015-01-13 12:07:53.0000006,11.284148
2015-03-04 21:42:57.0000002,11.283988
2015-03-04 21:42:57.0000009,11.284193
2015-03-04 21:42:57.0000005,11.284451
2015-03-04 21:42:57.0000003,11.284418
2015-03-04 21:42:57.00000010,11.284199
2015-03-04 21:42:57.0000004,11.284637
2015-03-04 21:42:57.0000008,11.284269
2015-03-04 21:42:57.0000001,11.28429
2015-03-04 21:42:57.0000007,11.284486
2012-01-31 09:15:49.0000005,11.284152
2012-01-31 09:15:49.0000002,11.284426
2012-01-31 09:15:49.0000006,11.284228
2012-01-31 09:15:49.0000003,11.283896
2012-01-31 09:15:49.0000004,11.28517
2011-03-22 12:59:49.0000003,11.284589
2011-03-22 12:59:49.0000005,11.284286
2011-03-22 12:59:49.0000004,11.284519
2014-10-05 17:21:45.0000001,11.284147
2013-07-05 00:58:17.0000003,11.284405
2013-07-05 00:58:17.0000002,11.285052
2010-09-28 21:50:05.0000001,11.284264
2010-09-28 21:50:05.0000003,11.284751
2010-09-28 21:50:05.0000002,11.284319
2010-09-28 21:50:05.0000004,11.284503
2010-09-28 21:50:05.0000005,11.284309
2012-05-25 09:21:17.0000001,11.284363
2012-05-25 09:21:17.0000002,11.284253
2012-05-25 09:21:17.0000003,11.284491
2010-01-30 00:57:21.0000003,11.284551
2010-01-30 00:57:21.0000004,11.284437
2009-10-16 16:14:41.0000004,11.284074
2009-10-16 16:14:41.0000001,11.284197
2009-10-16 16:14:41.0000003,11.284525
2012-04-02 08:39:21.0000003,11.284468
2012-04-02 08:39:21.0000001,11.284167
2009-09-04 06:54:49.0000001,11.284362
2012-08-29 09:53:33.0000002,11.284543
2012-08-29 09:53:33.0000001,11.28442
2011-03-13 05:34:57.0000001,11.284318
2010-10-22 00:49:05.0000001,11.284761
2010-09-12 22:12:53.0000001,11.284545
2014-09-13 04:51:21.0000001,11.284089
2014-09-13 04:51:21.0000002,11.284736
2010-08-17 07:59:05.0000003,11.284545
2010-08-17 07:59:05.0000001,11.28414
2010-08-17 07:59:05.0000002,11.284204
2011-03-06 23:14:17.0000001,11.284718
2014-06-19 08:41:17.0000001,11.28436
2014-06-19 08:41:17.0000002,11.284427
2014-06-19 08:41:17.0000006,11.284766
2014-06-19 08:41:17.0000004,11.284324
2014-06-19 08:41:17.0000003,11.284337
2014-06-19 08:41:17.0000005,11.284384
2015-02-26 23:20:13.0000004,11.28432
2015-02-26 23:20:13.0000002,11.284347
2015-02-26 23:20:13.0000009,11.284633
2015-02-26 23:20:13.0000007,11.284503
2015-02-26 23:20:13.0000005,11.284355
2015-02-26 23:20:13.0000001,11.285362
2015-02-26 23:20:13.0000006,11.284599
2015-02-26 23:20:13.0000003,11.284386
2013-10-09 15:11:41.0000001,11.284252
2013-10-09 15:11:41.0000003,11.283971
2013-10-09 15:11:41.0000002,11.284285
2011-09-01 09:53:49.0000002,11.28413
2011-09-01 09:53:49.0000003,11.284272
2011-09-01 09:53:49.0000005,11.28431
2011-09-01 09:53:49.0000001,11.2840185
2011-11-28 14:13:37.0000001,11.284251
2011-11-28 14:13:37.0000003,11.284327
2010-09-28 00:16:53.0000002,11.284277
2010-09-28 00:16:53.0000004,11.284396
2010-09-28 00:16:53.0000001,11.284301
2013-08-30 11:20:21.0000002,11.28473
2013-08-30 11:20:21.0000001,11.284197
2013-09-19 21:24:21.0000002,11.284263
2013-09-19 21:24:21.0000003,11.2841835
2012-07-01 22:30:29.0000001,11.284273
2013-01-19 08:04:21.0000001,11.284525
2011-07-02 00:38:01.0000003,11.284295
2011-07-02 00:38:01.0000002,11.28465
2014-02-08 17:24:57.0000001,11.284414
2010-01-13 01:56:57.0000001,11.284322
2014-01-05 12:00:13.0000005,11.28438
2014-01-05 12:00:13.0000003,11.28441
2014-01-05 12:00:13.0000002,11.284447
2014-01-05 12:00:13.0000004,11.2842655
2014-01-05 12:00:13.0000006,11.284348
2014-01-05 12:00:13.0000001,11.284352
2011-02-04 09:12:53.0000003,11.28449
2011-02-04 09:12:53.0000001,11.2845335
2011-02-04 09:12:53.0000005,11.284209
2011-02-04 09:12:53.0000002,11.284368
2012-03-08 12:33:25.0000005,11.284453
2012-03-08 12:33:25.0000002,11.284651
2012-03-08 12:33:25.0000001,11.28426
2012-03-08 12:33:25.0000004,11.28416
2009-07-31 18:15:57.0000002,11.284039
2009-07-10 20:17:05.0000001,11.284329
2009-07-10 20:17:05.0000002,11.284046
2010-11-05 14:33:37.0000002,11.284714
2010-11-05 14:33:37.0000003,11.284457
2010-11-05 14:33:37.0000001,11.284671
2010-11-05 14:33:37.0000004,11.283903
2010-03-09 08:49:13.0000002,11.284279
2010-03-09 08:49:13.0000001,11.284382
2010-03-09 08:49:13.0000003,11.284345
2010-08-21 21:56:25.0000001,11.284299
2011-07-27 09:24:33.0000004,11.284555
2011-07-27 09:24:33.0000002,11.284066
2011-07-27 09:24:33.0000005,11.284557
2011-07-27 09:24:33.0000001,11.284222
2011-07-27 09:24:33.0000003,11.283069
2010-10-09 17:11:17.0000002,11.28425
2014-01-16 23:24:37.0000001,11.284618
2009-09-25 15:13:57.0000005,11.284255
2009-09-25 15:13:57.0000007,11.284425
2009-09-25 15:13:57.0000006,11.284571
2009-09-25 15:13:57.0000004,11.284462
2009-12-13 20:44:37.0000001,11.284546
2009-12-13 20:44:37.0000004,11.2843275
2009-12-13 20:44:37.0000002,11.28436
2009-12-13 20:44:37.0000003,11.284408
2010-05-26 21:31:05.0000004,11.284179
2010-05-26 21:31:05.0000003,11.284278
2010-05-26 21:31:05.0000005,11.284335
2010-05-26 21:31:05.0000001,11.284501
2010-05-26 21:31:05.0000002,11.28447
2010-05-03 08:36:41.0000003,11.284233
2010-05-03 08:36:41.0000005,11.284671
2010-05-03 08:36:41.0000001,11.284239
2010-05-03 08:36:41.0000002,11.2842045
2009-06-22 08:08:29.0000001,11.284716
2009-06-22 08:08:29.0000002,11.284501
2009-01-20 17:38:05.0000003,11.284277
2009-01-20 17:38:05.0000005,11.284099
2009-01-20 17:38:05.0000004,11.28446
2009-01-20 17:38:05.0000001,11.284442
2009-01-20 17:38:05.0000002,11.284622
2013-02-04 16:08:01.0000002,11.284006
2013-02-04 16:08:01.0000001,11.284279
2009-07-22 09:50:25.0000001,11.284295
2009-07-22 09:50:25.0000002,11.284325
2009-07-22 09:50:25.0000003,11.284371
2013-07-17 06:50:17.0000001,11.284724
2011-01-24 20:18:49.0000002,11.284559
2011-01-24 20:18:49.0000004,11.284348
2011-01-24 20:18:49.0000001,11.284442
2012-04-25 17:29:21.0000002,11.284617
2012-04-25 17:29:21.0000004,11.284327
2012-04-25 17:29:21.0000001,11.284236
2012-04-25 17:29:21.0000003,11.284308
2010-01-23 14:32:17.0000001,11.284609
2010-01-23 14:32:17.0000002,11.284176
2012-03-07 01:22:57.0000001,11.284334
2012-03-07 01:22:57.0000002,11.28465
2012-06-02 01:16:05.0000002,11.284299
2012-06-02 01:16:05.0000005,11.284864
2011-02-18 20:57:57.0000003,11.284286
2011-02-18 20:57:57.0000001,11.284598
2011-02-18 20:57:57.0000002,11.284713
2010-11-03 17:52:21.0000001,11.28471
2011-10-20 13:46:33.0000004,11.284618
2011-10-20 13:46:33.0000001,11.285252
2013-11-29 15:09:45.0000002,11.284235
2013-11-29 15:09:45.0000001,11.284377
2015-06-24 07:28:01.0000001,11.284279
2015-06-24 07:28:01.0000003,11.284175
2015-06-24 07:28:01.0000004,11.284389
2015-06-24 07:28:01.0000002,11.284339
2015-06-24 07:28:01.0000005,11.284286
2010-03-27 11:29:05.0000001,11.284465
2010-03-27 11:29:05.0000003,11.284254
2010-03-27 11:29:05.0000002,11.284148
2014-06-09 11:18:25.0000005,11.284443
2014-06-09 11:18:25.0000003,11.284464
2014-06-09 11:18:25.0000001,11.2842
2014-06-09 11:18:25.0000004,11.284282
2014-06-09 11:18:25.0000002,11.284112
2012-08-08 09:47:53.0000002,11.284192
2012-08-08 09:47:53.0000003,11.284363
2012-08-08 09:47:53.0000001,11.284519
2014-10-28 12:23:09.0000003,11.284075
2014-10-28 12:23:09.0000006,11.284572
2014-10-28 12:23:09.0000004,11.284316
2014-10-28 12:23:09.0000005,11.284475
2014-10-28 12:23:09.0000002,11.28425
2013-04-04 02:55:13.0000001,11.284461
2011-07-11 20:43:33.0000003,11.284436
2011-07-11 20:43:33.0000002,11.284475
2013-02-23 14:25:29.0000001,11.284325
2010-01-30 18:58:33.0000007,11.284443
2010-01-30 18:58:33.0000002,11.284255
2010-01-30 18:58:33.0000003,11.284494
2010-01-30 18:58:33.0000004,11.284626
2010-01-30 18:58:33.0000005,11.284466
2013-10-07 11:12:33.0000003,11.284334
2013-10-07 11:12:33.0000002,11.284318
2013-10-07 11:12:33.0000001,11.284208
2012-10-08 12:29:21.0000001,11.284355
2014-08-22 06:49:41.0000002,11.2846365
2014-08-22 06:49:41.0000001,11.284486
2014-04-26 22:02:17.0000001,11.28436
2010-05-13 08:48:41.0000004,11.284225
2010-05-13 08:48:41.0000002,11.284232
2010-05-13 08:48:41.0000001,11.284313
2010-05-13 08:48:41.0000003,11.284112
2014-06-22 14:49:13.0000004,11.284619
2014-06-22 14:49:13.0000003,11.284167
2013-01-22 14:06:33.0000002,11.284599
2013-01-22 14:06:33.0000004,11.284224
2013-01-22 14:06:33.0000001,11.284344
2013-01-22 14:06:33.0000003,11.28483
2010-10-08 11:25:09.0000001,11.284211
2010-10-08 11:25:09.0000002,11.2843485
2015-03-14 02:23:17.0000001,11.284641
2015-03-14 02:23:17.0000005,11.284473
2015-03-14 02:23:17.0000007,11.284614
2015-03-14 02:23:17.0000003,11.2840395
2014-09-20 00:55:21.0000001,11.284484
2014-09-25 20:52:09.0000003,11.284747
2014-09-25 20:52:09.0000007,11.28396
2014-09-25 20:52:09.0000008,11.284465
2014-09-25 20:52:09.0000006,11.284447
2014-09-25 20:52:09.0000001,11.284277
2014-09-25 20:52:09.0000004,11.284638
2013-08-20 09:05:33.0000001,11.284597
2012-01-19 00:39:29.0000001,11.284617
2009-12-23 09:09:21.0000002,11.284543
2009-12-23 09:09:21.0000003,11.284167
2009-12-23 09:09:21.0000001,11.284051
2012-12-15 06:35:45.0000002,11.284411
2012-12-15 06:35:45.0000003,11.28471
2012-12-15 06:35:45.0000004,11.284413
2013-09-30 07:03:29.0000001,11.284233
2014-06-10 11:21:37.0000001,11.284292
2014-06-10 11:21:37.0000002,11.284132
2015-05-30 05:00:57.0000001,11.284627
2015-05-30 05:00:57.0000002,11.28444
2014-04-15 08:04:25.0000001,11.284284
2014-04-15 08:04:25.0000002,11.284355
2012-09-04 21:59:45.0000001,11.284306
2012-06-23 19:15:29.0000001,11.284174
2014-09-23 18:20:01.0000002,11.284443
2014-09-23 18:20:01.0000001,11.284727
2011-06-30 21:50:17.0000002,11.284275
2011-06-30 21:50:17.0000006,11.284297
2011-06-30 21:50:17.0000005,11.284389
2011-06-30 21:50:17.0000004,11.284721
2011-06-30 21:50:17.0000001,11.284297
2011-06-30 21:50:17.0000003,11.284307
2013-04-09 08:59:41.0000001,11.284318
2013-02-14 03:56:45.0000001,11.2845335
2009-02-23 21:09:17.0000002,11.28433
2009-02-23 21:09:17.0000003,11.284574
2009-02-23 21:09:17.0000001,11.284118
2013-04-05 20:47:57.0000001,11.284353
2013-04-05 20:47:57.0000003,11.2838955
2013-04-05 20:47:57.0000002,11.284729
2013-03-11 06:58:05.0000001,11.284407
2012-01-05 05:51:01.0000002,11.284431
2009-05-11 10:47:33.0000001,11.284094
2014-02-22 02:07:01.0000001,11.284412
2014-02-22 02:07:01.0000004,11.284332
2014-02-22 02:07:01.0000005,11.284978
2014-02-22 02:07:01.0000002,11.284464
2014-02-22 02:07:01.0000003,11.284434
2013-07-25 01:56:37.0000002,11.284364
2013-07-25 01:56:37.0000001,11.284325
2013-10-15 08:16:21.0000001,11.284302
2014-08-26 23:35:49.0000003,11.285006
2014-08-26 23:35:49.0000004,11.284541
2014-08-26 23:35:49.0000001,11.284247
2009-08-28 23:01:41.0000007,11.284398
2009-08-28 23:01:41.0000004,11.284429
2009-08-28 23:01:41.0000003,11.2842
2009-08-28 23:01:41.0000005,11.285366
2009-08-07 07:07:37.0000003,11.284622
2009-08-07 07:07:37.0000002,11.284645
2009-08-07 07:07:37.0000001,11.284147
2013-11-11 13:49:53.0000004,11.284777
2013-11-11 13:49:53.0000003,11.284475
2013-11-11 13:49:53.0000006,11.284472
2013-11-11 13:49:53.0000005,11.284163
2013-11-11 13:49:53.0000001,11.284303
2013-11-11 13:49:53.0000002,11.284125
2012-08-11 19:58:29.0000002,11.2842655
2012-08-11 19:58:29.0000003,11.2846
2012-08-11 19:58:29.0000004,11.284394
2012-08-11 19:58:29.0000001,11.284663
2011-06-29 06:25:41.0000001,11.284744
2014-10-19 15:14:45.0000001,11.284101
2014-12-16 13:40:25.0000001,11.284275
2014-12-16 13:40:25.0000002,11.284097
2010-06-11 13:37:21.0000004,11.279415
2010-06-11 13:37:21.0000001,11.284206
2010-06-11 13:37:21.0000002,11.284597
2012-12-09 22:30:13.0000003,11.284819
2012-12-09 22:30:13.0000001,11.28443
2010-06-21 20:21:45.0000001,11.284592
2011-05-11 19:56:09.0000002,11.284115
2013-06-17 06:37:49.0000001,11.284442
2009-07-29 07:52:01.0000004,11.284272
2009-07-29 07:52:01.0000002,11.284227
2009-07-29 07:52:01.0000003,11.284304
2009-07-29 07:52:01.0000001,11.284414
2014-08-08 00:02:41.0000001,11.28457
2014-08-08 00:02:41.0000003,11.284354
2014-08-08 00:02:41.0000005,11.284643
2009-02-19 09:17:21.0000001,11.284157
2013-09-12 12:50:13.0000004,11.284029
2013-09-12 12:50:13.0000002,11.284355
2013-09-12 12:50:13.0000006,11.285567
2013-09-12 12:50:13.0000005,11.284471
2011-06-26 03:33:25.0000001,11.284643
2013-09-28 09:59:33.0000002,11.284196
2013-09-28 09:59:33.0000001,11.284184
2010-04-20 07:32:21.0000001,11.284156
2010-04-20 07:32:21.0000002,11.284935
2011-04-16 06:38:33.0000001,11.284462
2011-09-18 18:33:13.0000001,11.284379
2011-09-18 18:33:13.0000002,11.284708
2014-03-04 16:24:45.0000003,11.284194
2014-03-04 16:24:45.0000002,11.28427
2013-08-03 15:48:29.0000001,11.284525
2012-06-21 19:47:25.0000003,11.284253
2012-06-21 19:47:25.0000001,11.284324
2012-06-21 19:47:25.0000002,11.284514
2014-03-10 12:25:21.0000003,11.2844925
2014-03-10 12:25:21.0000002,11.284266
2014-03-10 12:25:21.0000001,11.2844515
2014-11-10 10:52:41.0000002,11.284348
2014-11-10 10:52:41.0000003,11.284611
2010-10-17 23:04:25.0000001,11.284412
2009-12-22 15:59:53.0000001,11.284425
2009-12-22 15:59:53.0000002,11.284638
2009-12-22 15:59:53.0000004,11.28471
2014-05-08 21:23:41.0000002,11.283919
2014-05-08 21:23:41.0000003,11.284118
2014-05-08 21:23:41.0000004,11.284645
2014-05-08 21:23:41.0000005,11.284395
2009-10-28 17:56:45.0000002,11.284128
2009-10-28 17:56:45.0000001,11.284489
2014-07-10 07:03:29.0000002,11.284534
2014-07-10 07:03:29.0000001,11.284479
2012-07-15 03:53:37.0000004,11.284514
2010-03-31 05:33:53.0000001,11.284435
2010-03-31 05:33:53.0000002,11.284489
2010-07-06 20:52:53.0000003,11.284424
2010-07-06 20:52:53.0000001,11.284385
2010-07-06 20:52:53.0000002,11.284559
2013-06-10 11:29:13.0000002,11.284441
2013-06-10 11:29:13.0000006,11.284363
2013-06-10 11:29:13.0000004,11.284392
2013-06-10 11:29:13.0000005,11.284313
2013-06-10 11:29:13.0000003,11.284164
2015-04-25 01:06:17.0000008,11.284473
2015-04-25 01:06:17.0000004,11.2842655
2015-04-25 01:06:17.0000001,11.284482
2015-04-25 01:06:17.0000006,11.284447
2015-04-25 01:06:17.0000002,11.284689
2011-05-27 14:47:09.0000001,11.284337
2011-05-27 14:47:09.0000004,11.284742
2011-05-27 14:47:09.0000002,11.28432
2011-05-27 14:47:09.0000003,11.284653
2012-10-28 13:55:57.0000002,11.284218
2011-06-12 01:07:57.0000002,11.284451
2011-06-12 01:07:57.0000001,11.284377
2014-12-11 15:20:49.0000002,11.285043
2014-12-11 15:20:49.0000003,11.284293
2011-06-19 04:08:49.0000001,11.284159
2015-06-02 09:11:17.0000003,11.284397
2015-06-02 09:11:17.0000006,11.284306
2015-06-02 09:11:17.0000001,11.284383
2015-06-02 09:11:17.0000004,11.284261
2015-06-02 09:11:17.0000005,11.284432
2014-05-09 02:23:21.0000001,11.284258
2011-10-08 12:54:49.0000003,11.28453
2011-10-08 12:54:49.0000001,11.284291
2009-06-02 08:34:33.0000003,11.284113
2009-06-02 08:34:33.0000002,11.284387
2010-12-09 17:21:29.0000001,11.2846155
2013-06-22 01:59:25.0000001,11.284531
2014-12-07 19:56:45.0000002,11.284313
2014-12-07 19:56:45.0000003,11.283918
2013-12-04 17:40:13.0000006,11.284716
2013-12-04 17:40:13.0000004,11.284044
2013-12-04 17:40:13.0000002,11.284389
2013-12-04 17:40:13.0000005,11.284134
2013-12-04 17:40:13.0000001,11.284079
2013-12-04 17:40:13.0000007,11.284041
2013-12-04 17:40:13.0000003,11.284224
2014-07-20 17:05:09.0000001,11.28449
2010-12-15 08:39:33.0000003,11.284146
2010-12-15 08:39:33.0000002,11.284706
2010-12-15 08:39:33.0000004,11.284803
2010-12-15 08:39:33.0000001,11.28417
2011-02-07 08:56:09.0000001,11.284047
2012-05-26 11:54:53.0000003,11.284303
2012-04-24 17:57:05.0000002,11.283893
2012-04-24 17:57:05.0000003,11.284215
2012-04-24 17:57:05.0000001,11.284548
2014-01-11 19:20:17.0000002,11.2844515
2015-01-05 21:43:13.0000003,11.28432
2015-01-05 21:43:13.0000002,11.284401
2013-04-23 13:19:17.0000002,11.284483
2013-04-23 13:19:17.0000003,11.284572
2011-07-19 22:20:41.0000003,11.284602
2012-03-18 02:27:41.0000002,11.284598
2012-03-18 02:27:41.0000003,11.284504
2009-01-19 19:48:17.0000003,11.284367
2011-06-21 22:19:45.0000002,11.284281
2011-06-21 22:19:45.0000003,11.284188
2011-06-21 22:19:45.0000001,11.283974
2012-02-10 06:28:17.0000001,11.284395
2013-01-13 00:20:53.0000002,11.284428
2013-01-13 00:20:53.0000003,11.284276
2015-03-28 09:52:37.0000002,11.284131
2015-03-28 09:52:37.0000001,11.284631
2015-05-02 15:18:33.0000001,11.284445
2015-05-02 15:18:33.0000005,11.284744
2015-05-02 15:18:33.0000002,11.284485
2015-05-02 15:18:33.0000006,11.28434
2015-05-02 15:18:33.0000004,11.284395
2015-05-02 15:18:33.0000007,11.285156
2015-05-02 15:18:33.0000003,11.284491
2012-01-01 00:37:29.0000005,11.285043
2012-01-01 00:37:29.0000001,11.284554
2012-01-01 00:37:29.0000003,11.284239
2012-01-01 00:37:29.0000002,11.28459
2010-06-24 19:32:25.0000001,11.284294
2010-06-24 19:32:25.0000002,11.28424
2010-04-25 09:00:01.0000001,11.284729
2010-04-25 09:00:01.0000002,11.284513
2009-08-11 21:41:09.0000001,11.284418
2012-06-12 07:19:17.0000002,11.284462
2012-06-12 07:19:17.0000001,11.284381
2011-12-30 11:16:05.0000002,11.284414
2011-12-30 11:16:05.0000001,11.284331
2011-12-30 11:16:05.0000003,11.284382
2011-12-30 11:16:05.0000004,11.284381
2013-11-28 13:17:13.0000001,11.284074
2010-06-14 20:51:37.0000001,11.284682
2010-06-14 20:51:37.0000002,11.284565
2012-06-10 00:46:17.0000004,11.284544
2012-06-10 00:46:17.0000002,11.284299
2013-02-10 19:51:53.0000001,11.2845335
2013-02-10 19:51:53.0000002,11.284618
2010-02-20 04:04:13.0000001,11.2844305
2010-02-20 04:04:13.0000002,11.284139
2010-02-20 04:04:13.0000003,11.284422
2014-01-01 16:33:01.0000004,11.284532
2014-01-01 16:33:01.0000001,11.284439
2014-01-01 16:33:01.0000002,11.284678
2014-01-01 16:33:01.0000003,11.284162
2013-06-04 08:06:57.0000002,11.284562
2013-06-04 08:06:57.0000005,11.284104
2013-06-04 08:06:57.0000003,11.284112
2013-06-04 08:06:57.0000004,11.284288
2013-06-04 08:06:57.0000001,11.284031
2012-07-13 08:45:21.0000001,11.28413
2012-07-13 08:45:21.0000003,11.284273
2012-07-13 08:45:21.0000004,11.284243
2012-07-13 08:45:21.0000002,11.284121
2014-06-09 13:01:21.0000002,11.284377
2014-06-09 13:01:21.0000001,11.284259
2010-10-01 13:11:05.0000002,11.28431
2010-10-01 13:11:05.0000004,11.284125
2010-10-01 13:11:05.0000003,11.284228
2010-02-27 22:55:09.0000002,11.284372
2010-02-27 22:55:09.0000003,11.284737
2012-11-23 05:37:53.0000001,11.284975
2009-10-05 15:41:37.0000001,11.284509
2009-12-01 02:33:57.0000001,11.284453
2013-04-30 14:43:33.0000003,11.284386
2013-04-30 14:43:33.0000002,11.284519
2013-04-30 14:43:33.0000001,11.284325
2015-05-17 04:17:33.0000001,11.284084
2015-05-17 04:17:33.0000002,11.284461
2015-05-17 04:17:33.0000003,11.284682
2015-05-17 04:17:33.0000004,11.284503
2014-07-26 23:31:41.0000001,11.284357
2009-11-07 16:37:49.0000001,11.284063
2009-11-07 16:37:49.0000003,11.284146
2009-11-07 16:37:49.0000002,11.2853365
2009-11-07 16:37:49.0000005,11.284302
2012-11-07 12:46:29.0000003,11.284057
2012-11-07 12:46:29.0000001,11.284158
2012-11-07 12:46:29.0000002,11.284027
2011-01-07 09:25:57.0000002,11.28434
2011-01-07 09:25:57.0000001,11.284446
2012-07-18 16:28:21.0000002,11.284498
2009-12-17 10:33:45.0000001,11.284452
2009-12-17 10:33:45.0000002,11.284196
2009-12-17 10:33:45.0000003,11.284353
2009-12-17 10:33:45.0000004,11.284456
2013-03-08 19:03:09.0000001,11.28475
2013-03-08 19:03:09.0000004,11.284321
2011-03-11 23:36:13.0000001,11.284221
2011-03-11 23:36:13.0000002,11.284126
2011-03-11 23:36:13.0000004,11.284434
2011-03-11 23:36:13.0000003,11.284303
2009-12-10 22:45:01.0000002,11.284246
2009-12-10 22:45:01.0000001,11.28441
2009-12-10 22:45:01.0000003,11.284101
2009-12-10 22:45:01.0000005,11.284693
2012-07-13 11:00:05.0000003,11.284492
2012-07-13 11:00:05.0000002,11.284548
2012-07-13 11:00:05.0000006,11.284895
2012-07-13 11:00:05.0000001,11.284296
2012-07-21 17:57:17.0000001,11.283996
2009-04-23 02:42:05.0000002,11.2844
2009-04-23 02:42:05.0000001,11.284305
2012-11-03 23:49:17.0000003,11.284507
2012-11-03 23:49:17.0000002,11.284453
2012-11-03 23:49:17.0000004,11.2842865
2012-11-03 23:49:17.0000001,11.284049
2012-02-21 20:07:25.0000002,11.284665
2012-02-21 20:07:25.0000001,11.284574
2012-03-26 05:24:13.0000001,11.284657
2010-02-01 20:28:45.0000001,11.284218
2010-02-01 20:28:45.0000002,11.284215
2010-02-01 20:28:45.0000003,11.284168
2009-09-26 04:36:49.0000001,11.284537
2009-01-29 15:29:09.0000002,11.28453
2009-01-29 15:29:09.0000001,11.284448
2009-12-29 02:06:33.0000002,11.284394
2009-12-29 02:06:33.0000001,11.284416
2010-09-06 00:39:05.0000001,11.284305
2012-09-08 21:13:49.0000004,11.284563
2012-09-08 21:13:49.0000001,11.284524
2012-09-08 21:13:49.0000002,11.284114
2012-09-08 21:13:49.0000003,11.284621
2010-11-04 16:19:25.0000001,11.284277
2009-12-08 07:36:17.0000001,11.28425
2009-12-08 07:36:17.0000002,11.284462
2012-08-30 20:32:49.0000001,11.284326
2013-06-08 16:55:13.0000002,11.284334
2013-06-08 16:55:13.0000001,11.284356
2014-07-01 11:05:21.0000002,11.28439
2014-07-01 11:05:21.0000001,11.284018
2013-08-19 16:21:05.0000002,11.284367
2014-12-26 21:10:45.0000001,11.284355
2012-10-25 16:20:37.0000001,11.284235
2012-10-25 16:20:37.0000002,11.28422
2013-08-14 11:02:17.0000001,11.284174
2013-08-14 11:02:17.0000002,11.284744
2010-10-01 01:22:01.0000001,11.284354
2012-12-07 19:33:49.0000002,11.285302
2012-12-07 19:33:49.0000001,11.284118
2011-07-11 01:40:45.0000001,11.284784
2013-07-18 01:45:01.0000001,11.28434
2013-07-18 01:45:01.0000002,11.283962
2009-06-25 10:29:21.0000002,11.284565
2009-06-25 10:29:21.0000001,11.284531
2012-07-31 20:04:53.0000005,11.284375
2012-07-31 20:04:53.0000003,11.284441
2012-07-31 20:04:53.0000004,11.284164
2012-07-31 20:04:53.0000001,11.284087
2010-11-15 22:25:13.0000001,11.284133
2015-06-08 05:02:45.0000002,11.284073
2015-06-08 05:02:45.0000001,11.284438
2013-12-08 20:26:29.0000001,11.284368
2013-12-08 20:26:29.0000002,11.284318
2013-12-08 20:26:29.0000003,11.284539
2009-05-10 00:24:57.0000002,11.284187
2009-05-10 00:24:57.0000004,11.284405
2009-05-10 00:24:57.0000003,11.2844095
2009-05-10 00:24:57.0000005,11.284451
2009-05-10 00:24:57.0000001,11.284215
2009-02-28 10:19:41.0000002,11.284439
2009-02-28 10:19:41.0000001,11.284348
2011-08-19 17:42:57.0000001,11.284007
2011-08-19 17:42:57.0000002,11.284313
2014-06-05 22:56:05.0000007,11.28443
2014-06-05 22:56:05.0000002,11.284182
2014-06-05 22:56:05.0000001,11.28533
2014-06-05 22:56:05.0000006,11.284137
2014-06-05 22:56:05.0000005,11.284579
2014-06-05 22:56:05.0000003,11.284539
2014-07-16 18:33:41.0000001,11.284149
2014-07-16 18:33:41.0000002,11.284424
2014-07-16 18:33:41.0000003,11.284305
2009-07-14 22:41:09.0000002,11.284458
2009-07-14 22:41:09.0000004,11.284101
2009-07-14 22:41:09.0000001,11.284572
2013-11-21 14:19:21.0000002,11.284232
2015-01-02 11:55:57.0000005,11.284339
2015-01-02 11:55:57.0000002,11.284351
2015-01-02 11:55:57.0000004,11.284587
2015-01-02 11:55:57.0000001,11.284096
2011-09-26 22:26:57.0000001,11.284331
2015-04-14 01:41:05.0000001,11.28415
2013-05-14 16:23:49.0000002,11.283978
2013-05-14 16:23:49.0000001,11.2844095
2013-11-23 22:19:37.0000002,11.28447
2013-11-23 22:19:37.0000001,11.284414
2014-07-14 16:18:37.0000001,11.284163
2010-07-30 12:04:17.0000001,11.284133
2010-07-30 12:04:17.0000002,11.284374
2011-07-27 21:48:49.0000002,11.284277
2011-07-27 21:48:49.0000001,11.284544
2014-03-18 19:55:17.0000003,11.28453
2014-03-18 19:55:17.0000002,11.284376
2014-03-18 19:55:17.0000004,11.284248
2014-07-28 21:44:21.0000001,11.284261
2009-05-23 07:56:37.0000001,11.284224
2010-06-05 23:05:25.0000004,11.28473
2010-06-05 23:05:25.0000005,11.2842
2010-06-05 23:05:25.0000003,11.28433
2010-06-05 23:05:25.0000001,11.284462
2010-06-05 23:05:25.0000002,11.284177
2012-07-01 19:59:49.0000001,11.284384
2015-06-07 17:23:09.0000004,11.284206
2015-06-07 17:23:09.0000003,11.284531
2015-06-07 17:23:09.0000002,11.284438
2015-06-07 17:23:09.0000001,11.284271
2013-03-10 07:31:45.0000001,11.284455
2011-03-24 17:44:01.0000001,11.284421
2011-03-24 17:44:01.0000003,11.284471
2014-03-28 21:55:17.0000002,11.2845955
2014-03-28 21:55:17.0000004,11.284303
2014-03-28 21:55:17.0000005,11.284151
2014-03-28 21:55:17.0000006,11.284327
2013-04-28 20:00:05.0000002,11.285298
2013-04-28 20:00:05.0000001,11.284289
2013-04-28 20:00:05.0000004,11.2843275
2013-04-28 20:00:05.0000003,11.284515
2012-04-27 18:37:09.0000003,11.284277
2012-04-27 18:37:09.0000001,11.284234
2012-04-27 18:37:09.0000004,11.284315
2014-04-05 18:11:33.0000001,11.284671
2013-11-07 22:25:25.0000002,11.284384
2010-06-19 03:06:33.0000002,11.28454
2012-06-30 03:53:29.0000003,11.285008
2012-06-30 03:53:29.0000001,11.285079
2011-09-15 02:11:49.0000002,11.284547
2011-09-15 02:11:49.0000001,11.284045
2012-08-08 04:45:25.0000001,11.28458
2011-05-19 16:01:41.0000004,11.284161
2011-05-19 16:01:41.0000002,11.284245
2011-05-19 16:01:41.0000005,11.284204
2011-05-19 16:01:41.0000003,11.2850685
2009-12-27 04:00:09.0000001,11.284633
2010-01-11 12:38:33.0000006,11.284746
2010-01-11 12:38:33.0000003,11.284326
2010-01-11 12:38:33.0000005,11.284375
2010-01-11 12:38:33.0000001,11.284632
2010-01-11 12:38:33.0000004,11.284172
2010-10-16 09:26:33.0000004,11.284058
2010-10-16 09:26:33.0000002,11.284444
2014-07-25 18:06:37.0000002,11.284305
2014-07-25 18:06:37.0000004,11.284346
2014-07-25 18:06:37.0000005,11.28404
2014-07-25 18:06:37.0000003,11.284776
2014-07-25 18:06:37.0000001,11.28461
2013-03-18 15:54:21.0000001,11.284518
2013-03-18 15:54:21.0000002,11.284536
2010-05-13 06:34:57.0000002,11.284342
2010-05-13 06:34:57.0000001,11.284201
2009-05-16 08:13:05.0000001,11.284025
2014-05-13 21:07:29.0000003,11.284384
2014-05-13 21:07:29.0000002,11.284497
2010-04-23 16:10:29.0000001,11.2842865
2010-04-23 16:10:29.0000003,11.284335
2010-04-23 16:10:29.0000002,11.284537
2015-05-25 22:13:09.0000002,11.284184
2015-05-25 22:13:09.0000001,11.284264
2013-11-16 18:33:25.0000003,11.284447
2013-11-16 18:33:25.0000004,11.284242
2013-11-16 18:33:25.0000002,11.284339
2013-11-16 18:33:25.0000001,11.284519
2012-04-16 17:48:09.0000001,11.284499
2012-04-16 17:48:09.0000002,11.284387
2012-04-16 17:48:09.0000003,11.284284
2014-12-29 12:55:53.0000002,11.284417
2014-12-29 12:55:53.0000001,11.28446
2014-12-29 12:55:53.0000003,11.284191
2009-08-02 14:01:33.0000002,11.284296
2009-08-02 14:01:33.0000003,11.2842455
2009-08-02 14:01:33.0000001,11.284496
2015-01-12 15:36:37.0000003,11.284417
2015-01-12 15:36:37.0000004,11.285455
2015-01-12 15:36:37.0000005,11.284635
2015-01-12 15:36:37.0000009,11.284697
2015-01-12 15:36:37.0000006,11.284445
2015-01-12 15:36:37.0000001,11.284741
2015-01-12 15:36:37.0000007,11.2843485
2014-09-04 19:52:09.0000002,11.284293
2014-09-04 19:52:09.0000001,11.284618
2014-09-04 19:52:09.0000003,11.284616
2014-09-04 19:52:09.0000004,11.284428
2009-06-01 17:42:01.0000001,11.284367
2009-06-01 17:42:01.0000002,11.284174
2009-06-01 17:42:01.0000003,11.284111
2010-09-21 01:35:09.0000001,11.28473
2010-09-21 01:35:09.0000002,11.284276
2013-05-26 15:18:37.0000004,11.284223
2013-05-26 15:18:37.0000002,11.28434
2009-09-20 23:07:01.0000002,11.283931
2009-08-12 23:00:37.0000001,11.284497
2012-07-18 09:44:53.0000005,11.284451
2012-07-18 09:44:53.0000001,11.284425
2012-07-18 09:44:53.0000004,11.28411
2012-07-18 09:44:53.0000002,11.284652
2009-09-25 21:43:49.0000005,11.284247
2009-09-25 21:43:49.0000007,11.284019
2009-09-25 21:43:49.0000003,11.284469
2009-09-25 21:43:49.0000006,11.284523
2009-09-25 21:43:49.0000008,11.284142
2009-09-25 21:43:49.0000001,11.284576
2009-03-22 20:58:33.0000002,11.284313
2009-03-22 20:58:33.0000001,11.284748
2011-12-09 21:19:25.0000002,11.284261
2011-12-09 21:19:25.0000005,11.284216
2011-12-09 21:19:25.0000006,11.28429
2013-07-05 20:44:49.0000002,11.284202
2013-12-20 15:58:29.0000005,11.284468
2013-12-20 15:58:29.0000002,11.284362
2013-12-20 15:58:29.0000003,11.28473
2013-12-20 15:58:29.0000004,11.28388
2014-10-06 14:37:25.0000004,11.284693
2014-10-06 14:37:25.0000003,11.2843
2014-10-06 14:37:25.0000002,11.2842455
2014-10-06 14:37:25.0000001,11.284105
2015-01-18 23:09:25.0000003,11.284603
2015-01-18 23:09:25.0000002,11.284315
2014-05-01 14:11:21.0000002,11.284352
2014-05-01 14:11:21.0000004,11.284326
2014-05-01 14:11:21.0000005,11.284227
2014-05-01 14:11:21.0000006,11.2844
2014-05-01 14:11:21.0000001,11.284075
2014-05-01 14:11:21.0000003,11.284563
2012-05-22 14:54:45.0000002,11.284177
2012-05-22 14:54:45.0000001,11.284666
2009-06-17 14:41:57.0000001,11.284229
2009-09-16 10:27:37.0000001,11.284359
2009-09-16 10:27:37.0000002,11.284602
2014-02-06 13:26:49.0000001,11.284322
2015-04-16 02:42:33.0000001,11.285022
2011-06-06 07:28:25.0000002,11.284405
2011-06-06 07:28:25.0000003,11.284265
2011-06-06 07:28:25.0000001,11.284281
2011-06-06 07:28:25.0000005,11.284767
2011-06-06 07:28:25.0000004,11.284347
2013-02-27 19:25:13.0000003,11.284667
2013-02-27 19:25:13.0000007,11.284323
2013-02-27 19:25:13.0000006,11.284534
2013-02-27 19:25:13.0000004,11.284358
2013-02-27 19:25:13.0000002,11.284296
2013-02-27 19:25:13.0000005,11.284505
2014-10-03 01:06:05.0000001,11.284439
2014-10-03 01:06:05.0000002,11.284873
2010-06-26 00:14:53.0000001,11.28433
2009-09-15 08:28:53.0000001,11.284564
2009-09-15 08:28:53.0000002,11.284218
2009-09-15 08:28:53.0000004,11.284292
2009-09-15 08:28:53.0000005,11.284209
2011-08-09 05:27:05.0000001,11.284667
2010-10-20 08:49:45.0000001,11.284705
2010-10-20 08:49:45.0000002,11.284231
2012-02-08 11:14:49.0000002,11.284654
2012-02-08 11:14:49.0000001,11.284332
2012-02-08 11:14:49.0000004,11.284505
2013-08-07 02:16:45.0000001,11.284441
2012-10-26 00:32:13.0000001,11.284409
2012-07-18 22:34:53.0000001,11.284447
2011-05-17 22:09:17.0000001,11.284485
2009-04-04 00:20:37.0000001,11.284172
2009-04-04 00:20:37.0000003,11.284077
2009-04-04 00:20:37.0000002,11.284051
2009-09-04 18:43:33.0000003,11.284392
2009-09-04 18:43:33.0000004,11.284371
2010-09-19 17:13:29.0000001,11.284382
2010-09-19 17:13:29.0000007,11.284404
2010-09-19 17:13:29.0000005,11.284398
2010-09-19 17:13:29.0000004,11.284282
2010-09-19 17:13:29.0000003,11.284529
2010-09-19 17:13:29.0000002,11.284252
2013-03-19 18:08:29.0000003,11.284366
2013-03-19 18:08:29.0000004,11.284387
2011-11-22 00:15:25.0000002,11.28426
2011-11-22 00:15:25.0000001,11.284462
2011-04-23 11:01:49.0000005,11.284145
2011-04-23 11:01:49.0000004,11.2844925
2011-04-23 11:01:49.0000003,11.284048
2012-10-19 06:56:29.0000001,11.284614
2012-10-19 06:56:29.0000002,11.284463
2009-12-16 14:45:21.0000002,11.284434
2009-12-16 14:45:21.0000003,11.284201
2009-12-16 14:45:21.0000001,11.284342
2012-08-13 21:49:53.0000002,11.284382
2012-08-13 21:49:53.0000003,11.284026
2012-08-13 21:49:53.0000001,11.284275
2010-11-08 10:01:37.0000001,11.284358
2010-11-08 10:01:37.0000002,11.284242
2010-11-08 10:01:37.0000006,11.284335
2010-11-08 10:01:37.0000007,11.284313
2010-11-08 10:01:37.0000005,11.284209
2010-11-08 10:01:37.0000004,11.284425
2010-12-05 16:35:49.0000001,11.284291
2010-12-05 16:35:49.0000002,11.284498
2014-10-15 12:10:49.0000001,11.284441
2009-04-01 19:28:09.0000004,11.284136
2009-04-01 19:28:09.0000002,11.284454
2009-04-01 19:28:09.0000003,11.284339
2009-04-01 19:28:09.0000007,11.28473
2009-04-01 19:28:09.0000005,11.284507
2009-04-01 19:28:09.0000006,11.28423
2011-11-26 02:04:29.0000002,11.284581
2011-11-26 02:04:29.0000001,11.284285
2009-01-11 07:56:01.0000003,11.284301
2009-01-11 07:56:01.0000002,11.284182
2012-05-30 09:19:13.0000001,11.284539
2014-06-10 01:06:25.0000001,11.284542
2014-06-10 01:06:25.0000003,11.284275
2014-06-10 01:06:25.0000002,11.284495
2014-10-28 22:42:33.0000002,11.285078
2014-10-28 22:42:33.0000001,11.284483
2009-03-20 12:14:53.0000004,11.284176
2009-03-20 12:14:53.0000007,11.284327
2009-03-20 12:14:53.0000002,11.284287
2009-03-20 12:14:53.0000005,11.284367
2009-03-20 12:14:53.0000001,11.284248
2009-03-20 12:14:53.0000006,11.284368
2009-03-20 12:14:53.0000003,11.284168
2010-06-20 12:42:37.0000003,11.28424
2010-06-20 12:42:37.0000001,11.284303
2014-08-05 16:09:05.0000001,11.284337
2014-11-06 01:40:49.0000003,11.284194
2014-11-06 01:40:49.0000002,11.284674
2014-11-06 01:40:49.0000001,11.284381
2014-07-19 21:05:37.0000005,11.284492
2014-07-19 21:05:37.0000001,11.284303
2014-07-19 21:05:37.0000004,11.284385
2014-07-19 21:05:37.0000003,11.2846155
2015-02-19 11:39:21.0000005,11.28433
2015-02-19 11:39:21.0000002,11.284188
2015-02-19 11:39:21.0000003,11.2843685
2012-10-02 14:17:13.0000003,11.284332
2012-10-02 14:17:13.0000002,11.284244
2012-04-17 09:47:57.0000001,11.284479
2012-04-17 09:47:57.0000003,11.284727
2012-04-17 09:47:57.0000002,11.2844925
2011-04-16 00:01:17.0000002,11.284749
2011-04-16 00:01:17.0000001,11.283992
2010-06-18 08:54:37.0000003,11.284211
2010-06-18 08:54:37.0000002,11.28444
2010-06-18 08:54:37.0000001,11.283847
2012-10-20 00:36:37.0000005,11.284725
2012-10-20 00:36:37.0000003,11.284476
2012-10-20 00:36:37.0000004,11.284116
2014-06-19 22:37:09.0000001,11.284296
2014-06-19 22:37:09.0000003,11.28456
2014-06-19 22:37:09.0000005,11.284519
2011-05-11 13:24:37.0000004,11.284276
2011-05-11 13:24:37.0000001,11.284435
2011-05-11 13:24:37.0000003,11.284528
2014-04-09 08:42:05.0000002,11.284646
2014-04-09 08:42:05.0000001,11.284482
2014-10-13 00:42:05.0000001,11.284523
2013-12-08 10:41:05.0000003,11.284288
2013-12-08 10:41:05.0000008,11.284765
2013-12-08 10:41:05.0000006,11.284423
2013-12-08 10:41:05.0000004,11.284346
2013-12-08 10:41:05.0000001,11.284077
2013-12-08 10:41:05.0000005,11.284467
2013-02-14 02:02:13.0000001,11.284373
2009-07-04 13:00:57.0000001,11.284432
2009-07-04 13:00:57.0000003,11.284527
2013-03-20 03:01:29.0000001,11.284599
2010-08-25 12:03:21.0000002,11.284399
2010-08-25 12:03:21.0000001,11.284246
2013-09-08 03:47:57.0000001,11.284557
2013-09-08 03:47:57.0000003,11.284479
2012-12-19 16:29:33.0000002,11.284444
2012-12-19 16:29:33.0000001,11.284351
2009-05-15 21:19:13.0000001,11.284347
2009-05-15 21:19:13.0000002,11.284983
2012-06-06 17:33:05.0000001,11.284209
2012-06-06 17:33:05.0000002,11.28431
2012-06-06 17:33:05.0000003,11.284265
2012-06-06 17:33:05.0000004,11.284225
2011-09-20 00:07:17.0000001,11.28437
2010-01-29 08:32:53.0000007,11.283959
2010-01-29 08:32:53.0000004,11.284464
2010-01-29 08:32:53.0000001,11.284705
2010-01-29 08:32:53.0000003,11.284096
2010-01-29 08:32:53.0000005,11.284253
2010-01-29 08:32:53.0000006,11.284399
2015-05-15 01:51:49.0000002,11.285107
2015-05-15 01:51:49.0000001,11.284245
2015-05-15 01:51:49.0000005,11.284265
2015-05-15 01:51:49.0000004,11.283944
2011-07-26 05:14:29.0000001,11.284555
2011-09-09 03:00:05.0000002,11.284445
2011-09-09 03:00:05.0000001,11.284423
2012-11-12 10:06:17.0000004,11.284258
2012-11-12 10:06:17.0000005,11.28444
2012-11-12 10:06:17.0000002,11.284279
2012-11-12 10:06:17.0000001,11.284438
2012-01-05 22:37:13.0000001,11.284077
2012-01-05 22:37:13.0000002,11.284423
2012-12-07 02:02:01.0000002,11.284402
2012-12-07 02:02:01.0000001,11.284689
2011-08-18 08:36:13.0000001,11.284334
2011-08-18 08:36:13.0000004,11.284194
2011-08-18 08:36:13.0000003,11.284334
2011-08-18 08:36:13.0000006,11.284335
2011-08-18 08:36:13.0000002,11.284625
2014-05-16 15:30:05.0000002,11.284105
2014-05-16 15:30:05.0000001,11.284205
2014-03-15 07:19:25.0000001,11.284522
2009-12-21 17:23:09.0000001,11.284509
2013-12-01 22:23:57.0000002,11.284343
2013-12-01 22:23:57.0000001,11.284363
2014-01-03 15:48:49.0000003,11.2845335
2014-01-03 15:48:49.0000002,11.284302
2013-01-19 20:19:45.0000003,11.284507
2013-01-19 20:19:45.0000001,11.284365
2013-01-19 20:19:45.0000004,11.284449
2012-08-31 03:00:21.0000001,11.284526
2012-07-21 16:32:41.0000001,11.28449
2012-07-21 16:32:41.0000002,11.28458
2012-12-20 23:43:09.0000002,11.284429
2012-12-20 23:43:09.0000006,11.284618
2012-12-20 23:43:09.0000005,11.284534
2012-12-20 23:43:09.0000003,11.284283
2009-06-13 18:40:13.0000002,11.284346
2009-06-13 18:40:13.0000003,11.284699
2014-11-16 09:12:45.0000001,11.284212
2013-03-25 15:17:33.0000001,11.284172
2009-09-28 05:36:49.0000001,11.284422
2013-07-08 17:31:29.0000001,11.283918
2013-07-08 17:31:29.0000002,11.284775
2010-11-27 12:54:09.0000005,11.2844515
2010-11-27 12:54:09.0000004,11.284755
2010-11-27 12:54:09.0000001,11.284465
2010-11-27 12:54:09.0000003,11.284256
2010-11-27 12:54:09.0000002,11.284186
2011-02-15 02:43:33.0000002,11.284722
2011-02-15 02:43:33.0000001,11.284456
2012-10-25 06:12:37.0000001,11.284467
2014-05-01 06:39:54.0000001,11.284418
2015-03-17 21:44:26.0000001,11.284259
2015-03-17 21:44:26.0000006,11.284418
2015-03-17 21:44:26.0000005,11.284105
2015-03-17 21:44:26.0000003,11.284422
2015-03-17 21:44:26.0000004,11.284528
2011-05-02 13:26:54.0000003,11.284665
2011-05-02 13:26:54.0000001,11.284555
2011-05-02 13:26:54.0000002,11.284335
2009-01-06 07:36:34.0000003,11.284268
2009-01-06 07:36:34.0000002,11.284252
2009-01-06 07:36:34.0000004,11.284128
2010-06-23 10:29:22.0000005,11.28419
2010-06-23 10:29:22.0000001,11.284863
2010-06-23 10:29:22.0000004,11.284394
2010-06-23 10:29:22.0000003,11.283968
2010-06-23 10:29:22.0000002,11.284517
2013-01-22 08:20:26.0000001,11.284194
2013-01-22 08:20:26.0000002,11.284383
2009-11-25 11:14:26.0000001,11.284228
2009-11-25 11:14:26.0000002,11.284258
2012-12-04 06:52:02.0000001,11.284565
2012-12-04 06:52:02.0000002,11.284058
2012-12-04 06:52:02.0000003,11.284247
2014-05-27 10:31:46.0000001,11.284221
2014-05-27 10:31:46.0000003,11.284529
2014-05-27 10:31:46.0000002,11.284491
2009-09-20 22:15:46.0000001,11.284164
2011-06-30 08:40:22.0000001,11.284325
2011-06-30 08:40:22.0000002,11.284132
2010-05-10 09:14:30.0000003,11.2843895
2010-05-10 09:14:30.0000001,11.2844925
2010-05-10 09:14:30.0000002,11.28438
2010-05-10 09:14:30.0000004,11.2843485
2010-11-25 16:10:30.0000001,11.284244
2014-11-18 16:06:14.0000001,11.284549
2013-01-20 20:41:26.0000003,11.284398
2013-01-20 20:41:26.0000001,11.284367
2015-06-07 00:38:14.0000003,11.2846155
2009-01-03 00:51:02.0000004,11.284412
2009-01-03 00:51:02.0000003,11.284664
2010-09-28 11:54:02.0000004,11.284341
2010-09-28 11:54:02.0000005,11.284255
2010-09-28 11:54:02.0000003,11.284395
2010-09-28 11:54:02.0000001,11.284448
2010-09-28 11:54:02.0000002,11.284009
2013-11-07 17:01:14.0000001,11.284688
2013-11-07 17:01:14.0000006,11.284239
2013-11-07 17:01:14.0000002,11.284463
2013-11-07 17:01:14.0000003,11.283928
2013-11-07 17:01:14.0000005,11.284599
2013-11-07 17:01:14.0000004,11.284191
2009-11-29 08:05:46.0000001,11.284124
2012-10-21 17:43:26.0000003,11.284445
2012-10-21 17:43:26.0000002,11.284318
2012-10-21 17:43:26.0000006,11.28432
2012-10-21 17:43:26.0000001,11.284594
2012-10-21 17:43:26.0000004,11.284652
2012-10-21 17:43:26.0000005,11.2841015
2013-07-31 06:52:46.0000001,11.284148
2013-02-04 12:10:10.0000002,11.2843895
2013-02-04 12:10:10.0000001,11.284395
2013-10-18 09:06:14.0000001,11.284443
2009-04-26 17:29:42.0000004,11.284533
2009-04-26 17:29:42.0000002,11.284133
2009-04-26 17:29:42.0000005,11.284432
2009-04-26 17:29:42.0000003,11.2843485
2009-04-26 17:29:42.0000006,11.284537
2015-04-12 21:56:22.0000004,11.284447
2015-04-12 21:56:22.0000002,11.284641
2015-04-12 21:56:22.0000001,11.285355
2015-02-25 22:00:38.0000003,11.284664
2015-02-25 22:00:38.0000006,11.284455
2015-02-25 22:00:38.0000001,11.284599
2015-02-25 22:00:38.0000004,11.284447
2015-02-25 22:00:38.0000005,11.284348
2013-12-30 00:48:42.0000003,11.284355
2013-12-30 00:48:42.0000002,11.28404
2013-12-30 00:48:42.0000001,11.284533
2012-11-20 21:15:22.0000004,11.284512
2012-11-20 21:15:22.0000001,11.284443
2012-11-20 21:15:22.0000003,11.2843485
2012-11-20 21:15:22.0000006,11.284402
2012-11-20 21:15:22.0000005,11.28441
2012-11-20 21:15:22.0000002,11.284205
2012-11-20 21:15:22.0000007,11.28437
2010-03-21 16:52:58.0000002,11.284264
2010-03-21 16:52:58.0000001,11.284713
2010-03-21 16:52:58.0000004,11.284537
2010-10-06 23:31:54.0000002,11.284353
2013-07-09 21:59:42.0000002,11.28549
2012-06-23 09:43:42.0000006,11.284829
2012-06-23 09:43:42.0000001,11.28416
2012-06-23 09:43:42.0000003,11.284488
2012-06-23 09:43:42.0000005,11.284011
2009-01-21 20:04:30.0000004,11.2844
2009-01-21 20:04:30.0000008,11.284103
2009-01-21 20:04:30.0000009,11.284169
2009-01-21 20:04:30.0000003,11.28421
2009-01-21 20:04:30.0000001,11.284332
2009-01-21 20:04:30.0000005,11.2846
2009-01-21 20:04:30.0000002,11.284341
2009-01-21 20:04:30.0000007,11.284282
2013-12-18 14:26:58.0000003,11.284492
2013-12-18 14:26:58.0000001,11.28403
2014-04-26 18:02:26.0000002,11.284613
2014-04-26 18:02:26.0000001,11.284449
2010-11-21 00:32:50.0000003,11.284515
2010-11-21 00:32:50.0000002,11.284577
2010-11-21 00:32:50.0000001,11.28446
2013-02-07 21:29:22.0000003,11.284068
2013-02-07 21:29:22.0000002,11.284519
2013-02-07 21:29:22.0000004,11.284349
2013-02-07 21:29:22.0000001,11.284195
2010-11-15 18:15:14.0000002,11.2841625
2010-11-15 18:15:14.0000001,11.284515
2010-11-15 18:15:14.0000003,11.284291
2010-11-15 18:15:14.0000004,11.284361
2013-10-26 10:46:46.0000005,11.284341
2013-10-26 10:46:46.0000002,11.284346
2013-10-26 10:46:46.0000004,11.284607
2013-10-26 10:46:46.0000001,11.284486
2013-07-18 10:24:58.0000001,11.284138
2010-05-14 04:15:54.0000001,11.28433
2013-09-14 18:51:46.0000002,11.284081
2009-05-27 23:09:54.0000001,11.284442
2013-05-23 23:54:42.0000002,11.284215
2013-05-23 23:54:42.0000006,11.284342
2013-05-23 23:54:42.0000001,11.284343
2013-05-23 23:54:42.0000005,11.284384
2013-05-23 23:54:42.0000003,11.284347
2015-05-23 01:00:22.0000001,11.284206
2009-11-23 19:06:14.0000004,11.284367
2009-11-23 19:06:14.0000003,11.28448
2009-11-23 19:06:14.0000002,11.2844715
2009-11-23 19:06:14.0000006,11.285368
2011-06-22 00:06:34.0000001,11.284272
2014-07-02 02:27:22.0000001,11.284232
2012-11-18 14:55:42.0000002,11.283883
2012-11-18 14:55:42.0000003,11.284324
2012-11-18 14:55:42.0000004,11.284098
2009-01-12 17:54:26.0000001,11.284134
2012-10-10 06:59:02.0000002,11.284537
2012-10-10 06:59:02.0000003,11.284383
2012-10-10 06:59:02.0000001,11.284999
2010-01-24 14:09:58.0000001,11.2842865
2010-09-01 08:23:54.0000001,11.284039
2011-12-10 23:39:06.0000002,11.284245
2011-05-22 03:09:50.0000002,11.2847595
2011-05-22 03:09:50.0000005,11.284389
2011-05-22 03:09:50.0000001,11.284305
2011-05-22 03:09:50.0000004,11.284432
2011-05-22 03:09:50.0000003,11.284596
2013-06-29 14:26:06.0000004,11.284669
2013-06-29 14:26:06.0000003,11.284283
2013-06-29 14:26:06.0000002,11.284703
2013-06-29 14:26:06.0000001,11.284653
2011-01-25 10:31:26.0000001,11.284346
2011-01-25 10:31:26.0000002,11.284281
2013-02-11 01:03:30.0000001,11.284668
2009-12-17 15:54:46.0000005,11.284625
2009-12-17 15:54:46.0000003,11.28438
2009-12-17 15:54:46.0000001,11.284193
2009-12-17 15:54:46.0000004,11.284248
2012-03-17 05:33:02.0000001,11.284265
2009-10-24 19:48:30.0000001,11.284372
2009-10-24 19:48:30.0000002,11.284103
2009-10-24 19:48:30.0000003,11.284606
2013-03-23 00:10:26.0000004,11.284409
2013-03-23 00:10:26.0000002,11.284452
2013-03-23 00:10:26.0000001,11.2844
2013-03-23 00:10:26.0000003,11.285085
2010-06-16 18:41:54.0000001,11.284348
2010-06-16 18:41:54.0000002,11.284457
2011-01-15 04:13:38.0000002,11.284614
2014-07-27 11:25:18.0000001,11.284284
2014-07-27 11:25:18.0000002,11.284271
2011-11-02 08:21:50.0000002,11.284102
2015-05-16 04:37:50.0000001,11.284338
2015-05-16 04:37:50.0000002,11.284309
2009-03-15 03:31:14.0000002,11.284685
2009-03-15 03:31:14.0000001,11.284598
2014-09-08 19:07:46.0000002,11.284566
2009-08-28 11:58:58.0000001,11.284233
2010-04-24 23:31:50.0000001,11.284172
2010-04-24 23:31:50.0000003,11.284298
2013-06-13 14:50:50.0000002,11.284441
2013-06-13 14:50:50.0000001,11.284272
2010-07-07 06:22:38.0000002,11.284173
2010-07-07 06:22:38.0000001,11.284098
2009-03-24 00:11:26.0000001,11.284641
2009-03-24 00:11:26.0000002,11.284393
2013-10-23 14:27:10.0000001,11.284175
2011-03-03 21:31:42.0000007,11.284601
2011-03-03 21:31:42.0000001,11.284595
2011-03-03 21:31:42.0000008,11.284349
2011-03-03 21:31:42.0000006,11.284335
2011-03-03 21:31:42.0000005,11.284366
2011-09-05 10:47:26.0000002,11.284438
2011-09-05 10:47:26.0000003,11.284341
2011-09-05 10:47:26.0000004,11.284266
2012-08-04 23:34:58.0000001,11.284128
2012-08-04 23:34:58.0000004,11.284471
2012-08-04 23:34:58.0000002,11.284136
2015-01-29 13:15:50.0000003,11.284275
2015-01-29 13:15:50.0000004,11.284598
2015-01-29 13:15:50.0000007,11.2843485
2015-01-29 13:15:50.0000006,11.284423
2015-01-29 13:15:50.0000008,11.284109
2015-01-29 13:15:50.0000005,11.284327
2015-01-29 13:15:50.0000002,11.284188
2015-01-29 13:15:50.0000009,11.284397
2012-09-16 12:48:06.0000004,11.284289
2012-09-16 12:48:06.0000001,11.284103
2012-09-16 12:48:06.0000003,11.284147
2015-04-10 11:56:54.0000008,11.284213
2015-04-10 11:56:54.0000001,11.284347
2015-04-10 11:56:54.0000002,11.284098
2015-04-10 11:56:54.0000007,11.284695
2015-04-10 11:56:54.0000003,11.284359
2015-05-05 12:32:14.0000007,11.284523
2015-05-05 12:32:14.0000006,11.284198
2015-05-05 12:32:14.0000003,11.284261
2015-05-05 12:32:14.0000004,11.28444
2015-05-05 12:32:14.0000002,11.28414
2015-05-05 12:32:14.0000005,11.284241
2015-05-05 12:32:14.0000001,11.28433
2013-10-15 23:31:26.0000001,11.284288
2014-08-24 01:17:38.0000001,11.28442
2013-04-04 07:01:06.0000003,11.284044
2013-04-04 07:01:06.0000001,11.284388
2013-04-04 07:01:06.0000002,11.284516
2013-06-21 18:06:14.0000001,11.284373
2013-06-21 18:06:14.0000005,11.28427
2013-06-21 18:06:14.0000004,11.284269
2013-06-21 18:06:14.0000003,11.284405
2013-06-21 18:06:14.0000006,11.284397
2009-08-03 21:09:42.0000001,11.284661
2009-08-03 21:09:42.0000003,11.284338
2009-08-03 21:09:42.0000002,11.284306
2009-08-03 21:09:42.0000004,11.284571
2013-10-13 19:52:54.0000003,11.284458
2013-10-13 19:52:54.0000001,11.284316
2014-11-14 11:09:46.0000001,11.284229
2014-11-14 11:09:46.0000002,11.284362
2015-06-25 01:01:46.0000003,11.284314
2015-06-25 01:01:46.0000001,11.284338
2009-05-19 15:44:30.0000003,11.284235
2014-01-26 08:48:30.0000001,11.283993
2014-01-26 08:48:30.0000002,11.284383
2012-01-19 02:06:02.0000001,11.284626
2014-12-25 21:32:58.0000001,11.284398
2012-08-09 07:49:02.0000001,11.28419
2012-08-09 07:49:02.0000003,11.284299
2012-08-09 07:49:02.0000002,11.28432
2014-08-10 05:03:50.0000001,11.284569
2010-01-11 15:18:14.0000002,11.284066
2010-01-11 15:18:14.0000003,11.284108
2010-01-11 15:18:14.0000004,11.284874
2010-01-11 15:18:14.0000001,11.284478
2009-11-10 15:56:38.0000006,11.284339
2009-11-10 15:56:38.0000002,11.284281
2009-11-10 15:56:38.0000004,11.284585
2009-11-10 15:56:38.0000003,11.285312
2009-11-10 15:56:38.0000005,11.284168
2009-11-10 15:56:38.0000001,11.284389
2012-10-18 09:17:42.0000002,11.284248
2012-10-18 09:17:42.0000001,11.284181
2010-12-06 13:19:58.0000003,11.284279
2010-12-06 13:19:58.0000002,11.284547
2010-12-06 13:19:58.0000001,11.284295
2011-07-30 15:27:58.0000003,11.284312
2011-07-30 15:27:58.0000002,11.28425
2011-07-20 04:21:54.0000001,11.284412
2011-07-20 04:21:54.0000002,11.2843075
2009-03-10 19:51:34.0000003,11.284321
2009-03-10 19:51:34.0000004,11.28441
2009-03-10 19:51:34.0000005,11.284101
2009-03-10 19:51:34.0000002,11.284257
2009-03-10 19:51:34.0000001,11.28435
2011-11-15 22:33:42.0000001,11.284563
2011-11-15 22:33:42.0000002,11.284317
2010-09-24 22:40:06.0000005,11.284137
2010-09-24 22:40:06.0000003,11.284516
2010-09-24 22:40:06.0000006,11.28448
2010-09-24 22:40:06.0000002,11.284357
2010-09-24 22:40:06.0000001,11.28436
2010-02-06 17:37:10.0000007,11.284322
2010-02-06 17:37:10.0000004,11.284383
2010-02-06 17:37:10.0000006,11.284168
2010-02-06 17:37:10.0000003,11.284547
2012-05-11 02:43:18.0000002,11.284436
2012-05-11 02:43:18.0000001,11.284544
2011-09-25 21:18:06.0000001,11.284405
2011-09-25 21:18:06.0000002,11.284311
2013-12-18 03:16:02.0000001,11.284617
2012-01-26 01:32:42.0000001,11.284697
2012-01-26 01:32:42.0000002,11.284632
2011-10-02 03:06:34.0000001,11.284639
2012-03-31 12:52:46.0000002,11.284307
2012-03-31 12:52:46.0000001,11.284251
2014-06-15 00:51:42.0000001,11.284335
2009-04-21 17:27:58.0000001,11.284241
2009-04-21 17:27:58.0000002,11.28424
2012-08-13 15:02:26.0000002,11.284545
2012-08-13 15:02:26.0000003,11.284272
2014-10-27 11:56:50.0000001,11.284239
2014-10-27 11:56:50.0000002,11.284065
2014-10-27 11:56:50.0000003,11.284079
2009-09-29 18:03:18.0000001,11.284558
2011-10-30 16:52:26.0000001,11.284094
2011-10-30 16:52:26.0000002,11.284186
2014-11-24 23:39:26.0000002,11.284505
2014-11-24 23:39:26.0000001,11.284393
2011-08-16 14:41:50.0000001,11.284322
2011-08-16 14:41:50.0000003,11.284321
2011-08-16 14:41:50.0000002,11.28434
2013-01-14 18:42:54.0000002,11.28434
2013-01-14 18:42:54.0000006,11.28426
2013-01-14 18:42:54.0000001,11.284235
2013-01-14 18:42:54.0000007,11.284255
2013-01-14 18:42:54.0000008,11.284359
2009-04-18 23:09:34.0000002,11.28486
2009-11-11 21:20:18.0000001,11.284449
2009-11-11 21:20:18.0000003,11.285597
2012-07-24 01:12:50.0000004,11.284355
2012-07-24 01:12:50.0000003,11.284542
2012-07-24 01:12:50.0000001,11.284425
2012-07-24 01:12:50.0000002,11.284293
2012-07-24 01:12:50.0000005,11.28454
2009-04-18 02:44:34.0000003,11.284514
2009-04-18 02:44:34.0000002,11.284353
2014-07-18 06:32:22.0000001,11.284314
2014-01-10 12:28:38.0000001,11.284566
2011-08-08 15:27:22.0000001,11.284208
2014-07-30 14:42:34.0000001,11.284257
2014-07-30 14:42:34.0000003,11.283839
2014-07-30 14:42:34.0000002,11.28422
2014-08-26 16:39:54.0000002,11.284229
2014-10-11 00:26:38.0000002,11.284503
2014-10-11 00:26:38.0000003,11.284352
2014-10-11 00:26:38.0000001,11.284404
2014-10-11 00:26:38.0000005,11.2846775
2014-10-11 00:26:38.0000007,11.284369
2014-10-11 00:26:38.0000006,11.284534
2009-08-15 14:25:02.0000001,11.284316
2009-09-22 06:43:46.0000001,11.284251
2014-05-14 00:00:34.0000001,11.284572
2014-05-14 00:00:34.0000002,11.284422
2014-10-14 01:57:26.0000001,11.284435
2009-05-31 20:56:38.0000002,11.284436
2009-05-31 20:56:38.0000003,11.284271
2009-05-31 20:56:38.0000001,11.284273
2009-07-11 12:59:58.0000001,11.284748
2010-06-02 15:33:06.0000001,11.284048
2010-06-02 15:33:06.0000002,11.284628
2010-06-02 15:33:06.0000003,11.284378
2010-01-30 02:13:06.0000002,11.284492
2010-01-30 02:13:06.0000001,11.284617
2010-01-30 02:13:06.0000003,11.284528
2014-01-05 17:47:02.0000003,11.284086
2014-01-05 17:47:02.0000002,11.284285
2009-03-21 09:59:50.0000003,11.285381
2009-03-21 09:59:50.0000002,11.28453
2009-03-21 09:59:50.0000001,11.284258
2009-08-26 23:55:38.0000002,11.284108
2009-06-09 15:10:50.0000002,11.284729
2009-06-09 15:10:50.0000001,11.283962
2011-09-18 06:14:54.0000001,11.284453
2009-03-27 16:05:22.0000004,11.28443
2009-03-27 16:05:22.0000005,11.283883
2009-03-27 16:05:22.0000001,11.284271
2009-03-27 16:05:22.0000006,11.28411
2009-03-27 16:05:22.0000003,11.284143
2009-03-27 16:05:22.0000002,11.28434
2015-05-29 10:02:42.0000005,11.284448
2015-05-29 10:02:42.0000003,11.284514
2015-05-29 10:02:42.0000004,11.284497
2012-09-07 23:20:34.0000004,11.284367
2012-09-07 23:20:34.0000003,11.284556
2012-09-07 23:20:34.0000001,11.284611
2014-03-07 10:36:50.0000002,11.284311
2014-03-07 10:36:50.0000001,11.284289
2013-03-17 23:47:50.0000002,11.283945
2013-03-17 23:47:50.0000001,11.284015
2015-06-30 20:03:50.0000005,11.284447
2015-06-30 20:03:50.0000001,11.28403
2015-06-30 20:03:50.0000003,11.284128
2015-06-30 20:03:50.0000004,11.284441
2015-05-11 02:21:26.0000002,11.284346
2015-05-11 02:21:26.0000001,11.284388
2015-01-10 14:32:14.0000001,11.284431
2014-12-05 14:14:14.0000001,11.284497
2014-12-05 14:14:14.0000002,11.284254
2012-04-23 12:23:18.0000001,11.284193
2012-04-23 12:23:18.0000003,11.284499
2012-04-23 12:23:18.0000002,11.284232
2012-09-01 13:33:14.0000003,11.284345
2012-09-01 13:33:14.0000002,11.284665
2012-09-01 13:33:14.0000001,11.283919
2011-04-17 14:55:58.0000001,11.284036
2010-05-31 20:43:42.0000002,11.284614
2013-11-22 23:44:34.0000002,11.284295
2013-11-22 23:44:34.0000001,11.284504
2013-05-17 05:30:10.0000002,11.284437
2013-05-17 05:30:10.0000001,11.284173
2009-07-28 11:13:10.0000001,11.283997
2014-05-18 14:43:26.0000001,11.284285
2014-05-18 14:43:26.0000002,11.284316
2014-05-18 14:43:26.0000003,11.284374
2011-10-08 18:18:26.0000005,11.284203
2011-10-08 18:18:26.0000001,11.284494
2011-10-08 18:18:26.0000004,11.2843275
2013-09-27 04:39:14.0000001,11.284396
2011-02-08 01:44:18.0000001,11.284603
2015-01-12 06:21:38.0000001,11.284275
2015-01-12 06:21:38.0000002,11.284289
2010-03-23 13:23:34.0000004,11.284289
2010-03-23 13:23:34.0000002,11.284327
2010-03-23 13:23:34.0000001,11.284288
2009-04-02 06:19:02.0000001,11.284484
2012-01-12 18:05:10.0000003,11.284743
2012-01-12 18:05:10.0000001,11.284402
2014-11-21 02:04:42.0000002,11.284304
2014-11-21 02:04:42.0000003,11.284392
2014-11-21 02:04:42.0000001,11.284688
2010-10-09 03:54:42.0000001,11.284598
2012-04-03 12:26:14.0000002,11.284387
2012-04-03 12:26:14.0000001,11.284496
2012-04-03 12:26:14.0000003,11.284357
2010-12-21 08:46:02.0000005,11.284309
2010-12-21 08:46:02.0000004,11.284657
2010-12-21 08:46:02.0000003,11.284286
2010-06-19 22:52:30.0000002,11.284521
2010-06-19 22:52:30.0000001,11.284354
2013-01-03 01:43:10.0000001,11.284166
2013-11-24 03:44:46.0000004,11.284251
2013-11-24 03:44:46.0000002,11.284597
2013-11-24 03:44:46.0000005,11.284604
2011-04-16 12:57:18.0000001,11.284414
2012-10-11 22:24:18.0000001,11.28438
2010-12-13 23:24:02.0000002,11.284715
2010-12-13 23:24:02.0000001,11.284234
2011-09-14 23:42:46.0000001,11.284536
2011-05-17 23:42:46.0000001,11.284296
2011-05-17 23:42:46.0000004,11.28447
2011-05-17 23:42:46.0000002,11.284314
2011-05-17 23:42:46.0000005,11.284243
2011-05-17 23:42:46.0000007,11.284327
2013-06-30 03:37:26.0000002,11.284555
2013-06-30 03:37:26.0000005,11.284225
2013-06-30 03:37:26.0000001,11.284359
2013-06-30 03:37:26.0000004,11.2847
2011-05-26 21:36:54.0000001,11.2850685
2009-11-09 06:00:22.0000001,11.284336
2014-01-09 17:27:18.0000002,11.284659
2014-01-09 17:27:18.0000001,11.284523
2014-01-09 17:27:18.0000005,11.284504
2014-01-09 17:27:18.0000006,11.284462
2014-01-09 17:27:18.0000007,11.284339
2012-07-01 00:24:58.0000003,11.284419
2012-07-01 00:24:58.0000001,11.284314
2012-07-01 00:24:58.0000002,11.284478
2010-06-02 14:55:22.0000003,11.284146
2010-06-02 14:55:22.0000002,11.284398
2010-06-02 14:55:22.0000004,11.284237
2010-06-02 14:55:22.0000006,11.284383
2010-06-02 14:55:22.0000001,11.28441
2010-06-02 14:55:22.0000005,11.284178
2013-03-07 08:50:34.0000001,11.284669
2013-03-07 08:50:34.0000005,11.284526
2013-03-07 08:50:34.0000002,11.284433
2013-03-07 08:50:34.0000006,11.284478
2013-03-07 08:50:34.0000003,11.28416
2013-03-07 08:50:34.0000004,11.28449
2013-10-28 00:33:30.0000001,11.284479
2013-11-23 16:33:30.0000003,11.284533
2013-11-23 16:33:30.0000001,11.284316
2014-11-06 07:56:46.0000002,11.284435
2014-11-06 07:56:46.0000001,11.284401
2013-04-05 12:38:22.0000001,11.284705
2014-11-06 02:02:10.0000001,11.28453
2012-10-09 07:47:46.0000002,11.284248
2012-10-09 07:47:46.0000001,11.284401
2012-10-09 07:47:46.0000003,11.284602
2012-10-09 07:47:46.0000004,11.284232
2012-10-09 07:47:46.0000005,11.284213
2013-11-21 22:21:58.0000001,11.284139
2014-12-20 01:57:26.0000001,11.284721
2014-12-20 01:57:26.0000004,11.284432
2014-12-20 01:57:26.0000003,11.284217
2014-12-20 01:57:26.0000002,11.284241
2010-01-09 13:24:22.0000003,11.284516
2011-11-02 02:18:18.0000001,11.284666
2009-03-11 21:46:54.0000003,11.284308
2009-03-11 21:46:54.0000005,11.284273
2009-03-11 21:46:54.0000001,11.284405
2009-03-11 21:46:54.0000004,11.284535
2014-12-07 03:45:18.0000001,11.284469
2014-12-07 03:45:18.0000002,11.28468
2014-12-07 03:45:18.0000004,11.284716
2014-12-07 03:45:18.0000003,11.284558
2014-11-29 19:23:58.0000001,11.284254
2010-03-04 09:49:38.0000002,11.284655
2010-03-04 09:49:38.0000001,11.284394
2010-03-04 09:49:38.0000003,11.284036
2009-10-10 06:52:06.0000001,11.284219
2009-10-10 06:52:06.0000002,11.284179
2012-08-22 20:54:46.0000003,11.284318
2012-08-22 20:54:46.0000001,11.284131
2012-08-22 20:54:46.0000002,11.284083
2015-05-01 07:49:14.0000001,11.284636
2009-02-21 20:49:34.0000001,11.283924
2012-08-10 14:04:14.0000005,11.284289
2012-08-10 14:04:14.0000006,11.284673
2012-08-10 14:04:14.0000004,11.284285
2012-08-10 14:04:14.0000003,11.2842
2012-08-10 14:04:14.0000007,11.284588
2012-08-10 14:04:14.0000002,11.283717
2013-05-10 21:08:18.0000002,11.28426
2013-05-10 21:08:18.0000003,11.284604
2013-05-10 21:08:18.0000005,11.284211
2013-05-10 21:08:18.0000004,11.284149
2013-05-10 21:08:18.0000001,11.284278
2009-09-25 12:59:18.0000001,11.284304
2014-08-02 21:05:42.0000002,11.284307
2014-08-02 21:05:42.0000001,11.284515
2013-10-29 20:16:10.0000002,11.284314
2013-10-29 20:16:10.0000001,11.284909
2009-11-11 22:49:46.0000003,11.284388
2009-11-11 22:49:46.0000002,11.284405
2009-11-11 22:49:46.0000001,11.284567
2009-10-17 03:52:42.0000002,11.284662
2009-10-17 03:52:42.0000007,11.284617
2009-10-17 03:52:42.0000006,11.284422
2009-10-17 03:52:42.0000003,11.284335
2009-10-17 03:52:42.0000001,11.284275
2009-10-17 03:52:42.0000004,11.284643
2014-02-27 09:36:26.0000007,11.284335
2014-02-27 09:36:26.0000008,11.284243
2014-02-27 09:36:26.0000002,11.284348
2014-02-27 09:36:26.0000005,11.284328
2014-02-27 09:36:26.0000003,11.284456
2014-02-27 09:36:26.0000006,11.284328
2014-02-27 09:36:26.0000004,11.284403
2014-02-27 09:36:26.0000009,11.284534
2012-12-26 17:12:30.0000003,11.284415
2012-12-26 17:12:30.0000005,11.284785
2012-12-26 17:12:30.0000001,11.284525
2012-12-26 17:12:30.0000004,11.284472
2014-03-11 20:24:02.0000003,11.284297
2014-03-11 20:24:02.0000002,11.284317
2014-03-11 20:24:02.0000004,11.284361
2011-01-29 09:28:38.0000002,11.284334
2011-01-29 09:28:38.0000001,11.284172
2011-01-29 09:28:38.0000003,11.284332
2011-01-29 09:28:38.0000005,11.284113
2011-01-29 09:28:38.0000004,11.284362
2015-05-07 15:33:26.0000003,11.284401
2015-05-07 15:33:26.0000007,11.284214
2015-05-07 15:33:26.0000001,11.284504
2015-05-07 15:33:26.0000002,11.284318
2015-05-07 15:33:26.0000006,11.284229
2010-10-25 13:31:22.0000003,11.2841215
2010-10-25 13:31:22.0000002,11.284994
2010-10-25 13:31:22.0000001,11.284568
2010-10-25 13:31:22.0000004,11.28425
2012-09-10 21:07:54.0000005,11.284243
2012-09-10 21:07:54.0000004,11.284565
2012-09-10 21:07:54.0000003,11.283879
2012-09-10 21:07:54.0000007,11.284324
2012-09-10 21:07:54.0000002,11.284507
2012-09-10 21:07:54.0000006,11.284541
2012-09-10 21:07:54.0000001,11.284288
2012-04-15 21:54:22.0000001,11.28448
2012-04-20 00:06:10.0000007,11.284376
2012-04-20 00:06:10.0000001,11.284287
2012-04-20 00:06:10.0000002,11.284597
2012-04-20 00:06:10.0000006,11.284545
2012-04-20 00:06:10.0000005,11.284515
2012-04-20 00:06:10.0000008,11.28437
2012-06-12 23:10:42.0000001,11.284351
2012-06-12 23:10:42.0000003,11.284226
2012-06-12 23:10:42.0000002,11.284456
2009-04-30 22:25:26.0000004,11.284465
2009-04-30 22:25:26.0000003,11.284637
2009-04-30 22:25:26.0000002,11.284371
2009-04-30 22:25:26.0000001,11.284324
2011-02-20 06:18:34.0000001,11.284435
2011-02-20 06:18:34.0000002,11.284129
2013-04-21 19:50:54.0000003,11.2844095
2011-06-11 21:33:18.0000001,11.284406
2013-02-06 18:21:18.0000006,11.284235
2013-02-06 18:21:18.0000002,11.284322
2013-02-06 18:21:18.0000003,11.284386
2013-02-06 18:21:18.0000004,11.284234
2014-05-01 21:05:34.0000002,11.28433
2014-05-01 21:05:34.0000003,11.284544
2013-07-21 11:41:26.0000001,11.284443
2013-07-21 11:41:26.0000002,11.2844715
2011-04-22 19:23:54.0000001,11.284381
2011-04-22 19:23:54.0000003,11.284554
2011-04-22 19:23:54.0000002,11.285353
2012-09-04 05:46:50.0000001,11.284478
2012-09-04 05:46:50.0000002,11.284272
2009-03-24 11:57:34.0000005,11.284711
2009-03-24 11:57:34.0000004,11.284514
2009-03-24 11:57:34.0000003,11.28418
2009-03-24 11:57:34.0000002,11.2840395
2009-03-24 11:57:34.0000001,11.284244
2011-07-05 22:05:34.0000001,11.284572
2011-09-17 15:41:06.0000001,11.284302
2011-09-17 15:41:06.0000003,11.284285
2011-12-25 04:37:10.0000001,11.284653
2015-03-05 13:21:58.0000002,11.284254
2015-03-05 13:21:58.0000003,11.28431
2014-09-01 09:16:10.0000001,11.284743
2015-06-21 17:16:10.0000007,11.284476
2015-06-21 17:16:10.0000002,11.284219
2015-06-21 17:16:10.0000006,11.284404
2015-06-21 17:16:10.0000003,11.284418
2015-06-21 17:16:10.0000004,11.2844715
2010-06-02 22:04:10.0000003,11.284268
2010-06-02 22:04:10.0000004,11.284577
2010-06-02 22:04:10.0000005,11.284209
2010-06-02 22:04:10.0000006,11.284254
2014-03-01 09:37:02.0000001,11.284206
2014-03-01 09:37:02.0000002,11.284177
2014-03-01 09:37:02.0000003,11.285306
2011-07-18 12:12:18.0000001,11.284352
2011-07-18 12:12:18.0000003,11.284566
2011-07-18 12:12:18.0000002,11.284308
2015-02-27 19:36:02.0000009,11.284283
2015-02-27 19:36:02.00000010,11.2844925
2015-02-27 19:36:02.00000012,11.284596
2015-02-27 19:36:02.0000004,11.284676
2015-02-27 19:36:02.00000011,11.284508
2015-02-27 19:36:02.0000003,11.284316
2015-02-27 19:36:02.0000001,11.284276
2015-02-27 19:36:02.0000002,11.28455
2015-02-27 19:36:02.0000007,11.28469
2012-04-16 21:10:10.0000001,11.284227
2015-06-14 08:26:26.0000001,11.284607
2014-01-15 22:45:42.0000003,11.284317
2014-01-15 22:45:42.0000001,11.284555
2014-01-15 22:45:42.0000002,11.284558
2013-04-06 19:16:10.0000001,11.284133
2013-04-06 19:16:10.0000003,11.284426
2013-04-06 19:16:10.0000004,11.284252
2013-04-06 19:16:10.0000005,11.284729
2014-03-08 16:08:26.0000002,11.2841
2014-03-08 16:08:26.0000004,11.284387
2013-12-06 23:40:42.0000001,11.284442
2013-12-06 23:40:42.0000006,11.2842
2013-12-06 23:40:42.0000002,11.284615
2013-12-06 23:40:42.0000003,11.284267
2013-08-19 17:09:50.0000001,11.283967
2013-08-19 17:09:50.0000002,11.284174
2013-08-19 17:09:50.0000004,11.284483
2013-08-19 17:09:50.0000003,11.284504
2009-11-02 21:38:38.0000001,11.284235
2009-06-03 09:11:30.0000004,11.284104
2009-06-03 09:11:30.0000003,11.283993
2009-06-03 09:11:30.0000002,11.284237
2009-06-03 09:11:30.0000005,11.284251
2015-03-12 13:01:54.0000002,11.284252
2015-03-12 13:01:54.0000005,11.284614
2015-03-12 13:01:54.0000004,11.284318
2015-03-12 13:01:54.0000001,11.284305
2013-02-05 06:13:58.0000003,11.28467
2013-02-05 06:13:58.0000002,11.2846575
2013-02-05 06:13:58.0000001,11.284347
2014-05-19 06:39:34.0000001,11.284373
2014-10-04 21:48:22.0000003,11.284489
2014-10-04 21:48:22.0000002,11.284076
2014-10-04 21:48:22.0000004,11.28434
2012-01-22 04:13:34.0000005,11.28453
2012-01-22 04:13:34.0000006,11.284406
2012-01-22 04:13:34.0000004,11.284405
2012-01-22 04:13:34.0000002,11.284578
2010-07-27 06:13:02.0000001,11.285587
2013-06-21 11:19:18.0000002,11.284228
2013-06-21 11:19:18.0000001,11.284246
2010-12-23 05:52:26.0000001,11.284257
2010-12-23 05:52:26.0000002,11.284728
2010-12-17 10:33:34.0000004,11.283783
2010-12-17 10:33:34.0000002,11.2847
2012-06-04 11:34:58.0000003,11.2843895
2012-06-04 11:34:58.0000004,11.28434
2012-06-04 11:34:58.0000001,11.284714
2009-07-05 16:31:30.0000001,11.284074
2009-07-05 16:31:30.0000002,11.284415
2009-07-05 16:31:30.0000003,11.284379
2012-12-08 20:08:38.0000004,11.284311
2012-12-08 20:08:38.0000003,11.284193
2012-12-08 20:08:38.0000005,11.284719
2010-06-23 08:34:50.0000003,11.284188
2010-06-23 08:34:50.0000002,11.284283
2010-06-23 08:34:50.0000001,11.284372
2012-03-07 10:57:46.0000001,11.284457
2012-03-07 10:57:46.0000004,11.284668
2012-03-07 10:57:46.0000005,11.284348
2012-03-07 10:57:46.0000002,11.284275
2012-03-07 10:57:46.0000003,11.284185
2010-02-24 07:06:54.0000001,11.284299
2013-12-29 01:20:50.0000003,11.284366
2013-12-29 01:20:50.0000001,11.284557
2014-03-28 22:34:26.0000001,11.285585
2014-03-28 22:34:26.0000004,11.284235
2014-03-28 22:34:26.0000003,11.284386
2010-12-04 21:08:38.0000002,11.284513
2010-12-04 21:08:38.0000001,11.284693
2010-12-04 21:08:38.0000006,11.284442
2010-12-04 21:08:38.0000003,11.283864
2010-03-07 17:09:42.0000002,11.2857275
2010-03-07 17:09:42.0000003,11.284116
2010-03-07 17:09:42.0000001,11.284184
2010-03-07 17:09:42.0000004,11.284465
2013-09-07 19:43:18.0000004,11.284401
2013-09-07 19:43:18.0000005,11.284085
2013-09-07 19:43:18.0000006,11.28444
2013-09-07 19:43:18.0000008,11.284097
2013-09-07 19:43:18.0000001,11.284027
2013-12-20 15:31:06.0000001,11.284263
2013-12-20 15:31:06.0000002,11.284149
2010-09-06 04:31:54.0000001,11.284479
2013-11-01 05:26:54.0000001,11.285347
2010-03-07 00:47:26.0000004,11.284103
2012-03-20 01:55:42.0000001,11.284588
2011-10-02 05:06:46.0000001,11.284248
2010-10-31 18:45:58.0000003,11.284328
2010-10-31 18:45:58.0000002,11.284627
2010-10-31 18:45:58.0000001,11.284342
2010-10-31 18:45:58.0000005,11.284369
2015-02-03 09:00:58.0000002,11.284274
2012-08-08 08:58:50.0000001,11.284504
2012-08-08 08:58:50.0000004,11.284315
2012-08-08 08:58:50.0000005,11.284748
2012-08-08 08:58:50.0000003,11.284192
2011-04-08 15:01:02.0000001,11.284447
2011-04-08 15:01:02.0000003,11.284384
2009-01-14 03:42:38.0000001,11.284069
2015-01-10 09:38:54.0000007,11.284562
2015-01-10 09:38:54.0000003,11.2847395
2015-01-10 09:38:54.0000004,11.284115
2010-12-04 09:25:10.0000001,11.284549
2010-12-04 09:25:10.0000002,11.284403
2009-05-12 17:08:06.0000001,11.284235
2013-11-07 02:07:22.0000001,11.284294
2014-10-03 00:50:06.0000004,11.284535
2014-10-03 00:50:06.0000001,11.284371
2014-10-03 00:50:06.0000002,11.284898
2010-06-18 19:19:26.0000001,11.28423
2010-06-18 19:19:26.0000002,11.28409
2010-06-18 19:19:26.0000003,11.284236
2010-05-10 03:55:14.0000001,11.283949
2013-06-21 00:00:34.0000001,11.284189
2013-06-21 00:00:34.0000002,11.28428
2013-06-21 00:00:34.0000003,11.284367
2009-03-11 16:02:14.0000006,11.284368
2009-03-11 16:02:14.0000004,11.284124
2009-03-11 16:02:14.0000002,11.284117
2009-03-11 16:02:14.0000001,11.284269
2009-03-11 16:02:14.0000005,11.284458
2009-03-11 16:02:14.0000003,11.284519
2013-07-05 17:38:14.0000001,11.284282
2013-08-26 01:11:14.0000002,11.284634
2013-08-26 01:11:14.0000001,11.284618
2012-07-30 01:49:10.0000001,11.284402
2012-07-30 01:49:10.0000002,11.284507
2011-05-13 03:57:10.0000001,11.284471
2012-02-29 12:03:34.0000004,11.284237
2012-02-29 12:03:34.0000002,11.28466
2012-02-29 12:03:34.0000001,11.284368
2013-12-17 17:59:22.0000001,11.284309
2012-09-18 09:58:54.0000003,11.284283
2012-09-18 09:58:54.0000002,11.284247
2012-09-18 09:58:54.0000001,11.284322
2013-07-23 18:56:30.0000002,11.284357
2013-07-23 18:56:30.0000001,11.283961
2014-05-15 01:39:14.0000001,11.284368
2013-09-16 14:16:34.0000003,11.284586
2013-09-16 14:16:34.0000001,11.284335
2014-01-04 17:27:38.0000001,11.284241
2014-01-04 17:27:38.0000002,11.284264
2014-01-04 17:27:38.0000003,11.284347
2011-03-10 18:16:14.0000003,11.284265
2011-03-10 18:16:14.0000004,11.284479
2011-03-10 18:16:14.0000001,11.284021
2013-04-05 06:42:26.0000002,11.284279
2013-04-05 06:42:26.0000001,11.284733
2009-03-11 12:01:30.0000001,11.284732
2009-03-11 12:01:30.0000002,11.284281
2009-03-11 12:01:30.0000004,11.284274
2015-01-20 05:31:06.0000001,11.284385
2009-08-03 17:06:06.0000001,11.284355
2014-01-05 08:51:10.0000001,11.284356
2010-03-13 01:23:10.0000002,11.28471
2010-03-13 01:23:10.0000003,11.28465
2012-05-30 02:28:50.0000001,11.2844925
2012-07-26 12:40:38.0000002,11.284142
2012-07-26 12:40:38.0000001,11.284647
2012-07-26 12:40:38.0000003,11.284372
2010-09-22 16:28:54.0000003,11.284262
2010-09-22 16:28:54.0000001,11.284166
2010-09-22 16:28:54.0000002,11.284249
2014-05-26 22:57:10.0000002,11.284549
2014-05-26 22:57:10.0000003,11.284751
2014-05-26 22:57:10.0000005,11.284331
2014-05-26 22:57:10.0000004,11.284231
2012-02-11 07:03:34.0000001,11.28451
2010-06-27 05:03:38.0000001,11.284304
2014-09-29 11:51:06.0000001,11.28427
2014-09-29 11:51:06.0000002,11.284426
2010-09-04 18:31:42.0000002,11.284261
2010-09-04 18:31:42.0000001,11.284427
2015-04-14 19:20:46.0000001,11.284108
2015-04-14 19:20:46.0000005,11.284522
2015-04-14 19:20:46.00000010,11.284709
2015-04-14 19:20:46.0000007,11.284186
2015-04-14 19:20:46.0000004,11.284282
2015-04-14 19:20:46.0000003,11.284288
2015-04-14 19:20:46.0000006,11.284278
2015-04-14 19:20:46.0000002,11.284428
2015-04-14 19:20:46.0000009,11.284184
2009-07-20 08:53:34.0000002,11.284442
2009-07-20 08:53:34.0000001,11.284201
2013-04-03 16:09:02.0000002,11.2841015
2013-04-03 16:09:02.0000001,11.284313
2009-11-20 23:19:58.0000001,11.284452
2009-11-20 23:19:58.0000002,11.284113
2012-08-04 09:01:54.0000002,11.284275
2012-08-04 09:01:54.0000001,11.284376
2011-09-22 20:05:22.0000007,11.284541
2011-09-22 20:05:22.0000001,11.284375
2011-09-22 20:05:22.0000005,11.284563
2011-09-22 20:05:22.0000006,11.284205
2014-08-09 01:27:30.0000002,11.284388
2011-02-15 05:44:42.0000002,11.284641
2011-02-15 05:44:42.0000001,11.284554
2014-10-31 12:04:26.0000002,11.284133
2014-10-31 12:04:26.0000001,11.284449
2015-02-09 07:16:26.0000006,11.284265
2015-02-09 07:16:26.0000004,11.284347
2015-02-09 07:16:26.0000007,11.284625
2015-02-09 07:16:26.0000001,11.284206
2015-02-09 07:16:26.0000002,11.284206
2015-02-09 07:16:26.0000008,11.284249
2015-02-09 07:16:26.0000003,11.284625
2011-09-08 17:26:34.0000001,11.284283
2011-09-08 17:26:34.0000003,11.284549
2011-09-08 17:26:34.0000002,11.284097
2011-09-08 17:26:34.0000004,11.284409
2013-04-10 21:03:42.0000004,11.28442
2013-04-10 21:03:42.0000005,11.284656
2013-04-10 21:03:42.0000003,11.284192
2013-04-10 21:03:42.0000002,11.284508
2013-04-10 21:03:42.0000001,11.284634
2011-12-29 19:29:50.0000003,11.284058
2011-12-29 19:29:50.0000004,11.284342
2011-12-29 19:29:50.0000001,11.284594
2013-09-26 15:50:06.0000003,11.284473
2013-09-26 15:50:06.0000005,11.28439
2013-09-26 15:50:06.0000002,11.28442
2013-09-26 15:50:06.0000001,11.284507
2013-09-26 15:50:06.0000004,11.284693
2012-10-01 07:18:06.0000001,11.284263
2012-10-01 07:18:06.0000002,11.284738
2013-03-14 21:43:46.0000001,11.284398
2012-10-05 23:47:02.0000001,11.284459
2009-02-08 00:04:06.0000004,11.284741
2009-02-08 00:04:06.0000002,11.284491
2012-02-04 22:47:18.0000001,11.2841425
2012-02-04 22:47:18.0000003,11.2845
2012-05-06 03:01:10.0000003,11.284534
2012-05-06 03:01:10.0000002,11.284483
2014-07-08 08:56:58.0000001,11.284507
2010-01-09 08:29:14.0000003,11.284302
2010-01-09 08:29:14.0000002,11.284367
2010-01-09 08:29:14.0000001,11.284692
2010-01-09 08:29:14.0000004,11.2844715
2010-12-06 03:36:58.0000001,11.284406
2011-10-19 05:25:18.0000002,11.284393
2011-10-19 05:25:18.0000001,11.284159
2014-06-14 08:13:22.0000002,11.284678
2014-06-14 08:13:22.0000003,11.284289
2014-06-14 08:13:22.0000001,11.285093
2011-02-19 10:14:58.0000002,11.284492
2014-12-25 03:10:26.0000001,11.284256
2009-06-16 14:32:38.0000003,11.284473
2009-06-16 14:32:38.0000001,11.28439
2009-06-16 14:32:38.0000005,11.284597
2009-06-16 14:32:38.0000006,11.28469
2009-06-16 14:32:38.0000002,11.284104
2009-06-16 14:32:38.0000004,11.28475
2010-08-16 17:14:18.0000001,11.285319
2013-04-29 09:18:06.0000004,11.284294
2013-04-29 09:18:06.0000002,11.2841625
2013-04-29 09:18:06.0000005,11.28418
2013-04-29 09:18:06.0000001,11.284484
2013-04-29 09:18:06.0000003,11.28428
2013-06-23 14:52:34.0000002,11.284264
2013-06-23 14:52:34.0000001,11.284384
2013-03-28 05:22:58.0000001,11.28439
2015-06-08 20:18:30.0000006,11.2841215
2015-06-08 20:18:30.0000003,11.284311
2015-06-08 20:18:30.0000002,11.284487
2015-06-08 20:18:30.0000001,11.284439
2015-06-08 20:18:30.0000004,11.284167
2015-06-08 20:18:30.0000005,11.284338
2011-09-08 13:39:06.0000001,11.284366
2012-03-03 02:30:54.0000001,11.28467
2012-03-03 02:30:54.0000002,11.28473
2012-03-03 02:30:54.0000004,11.284239
2010-03-27 20:11:10.0000003,11.28441
2010-03-27 20:11:10.0000001,11.28439
2010-03-27 20:11:10.0000002,11.28446
2009-08-11 22:40:02.0000002,11.285152
2009-08-11 22:40:02.0000003,11.284346
2009-08-11 22:40:02.0000004,11.284179
2009-08-11 22:40:02.0000005,11.284609
2009-08-11 22:40:02.0000001,11.2845545
2012-12-27 21:01:54.0000001,11.284385
2012-12-27 21:01:54.0000003,11.28457
2012-12-27 21:01:54.0000006,11.284164
2012-12-27 21:01:54.0000007,11.284792
2012-12-27 21:01:54.0000008,11.284441
2015-04-16 18:45:22.0000003,11.284445
2015-04-16 18:45:22.0000002,11.284381
2015-04-16 18:45:22.0000001,11.284401
2015-04-16 18:45:22.0000005,11.284349
2014-05-17 10:51:46.0000001,11.284238
2014-05-17 10:51:46.0000004,11.283929
2014-05-17 10:51:46.0000002,11.28442
2009-05-04 11:23:18.0000001,11.284333
2009-05-04 11:23:18.0000003,11.284244
2009-05-04 11:23:18.0000002,11.284501
2013-07-22 14:30:06.0000002,11.284085
2013-07-22 14:30:06.0000001,11.284285
2015-05-31 20:48:54.0000005,11.284299
2015-05-31 20:48:54.0000004,11.284324
2015-05-31 20:48:54.0000001,11.284195
2010-07-16 06:44:06.0000001,11.28427
2010-07-16 06:44:06.0000003,11.283952
2010-07-16 06:44:06.0000004,11.284015
2010-07-16 06:44:06.0000002,11.284127
2013-01-06 12:39:54.0000003,11.284193
2013-01-06 12:39:54.0000001,11.284372
2013-01-06 12:39:54.0000004,11.284544
2013-01-06 12:39:54.0000002,11.284094
2013-01-06 12:39:54.0000005,11.2842
2012-12-15 15:55:42.0000001,11.284277
2012-12-15 15:55:42.0000002,11.284456
2010-05-06 11:35:26.0000001,11.284125
2010-05-06 11:35:26.0000003,11.279989
2014-01-06 10:16:02.0000001,11.284754
2014-01-06 10:16:02.0000002,11.284307
2012-07-24 04:44:26.0000001,11.284194
2010-08-06 15:37:14.0000007,11.28427
2010-08-06 15:37:14.0000003,11.284473
2010-08-06 15:37:14.0000006,11.284223
2010-08-06 15:37:14.0000005,11.284895
2010-08-06 15:37:14.0000004,11.2844925
2010-08-06 15:37:14.0000002,11.284194
2010-08-06 15:37:14.0000001,11.284643
2010-11-10 23:21:50.0000002,11.284581
2010-11-10 23:21:50.0000003,11.284367
2013-03-31 00:09:58.0000002,11.284586
2013-03-31 00:09:58.0000003,11.284528
2010-02-01 00:05:42.0000001,11.284459
2010-02-01 00:05:42.0000002,11.284596
2009-06-18 18:47:22.0000003,11.284568
2009-06-18 18:47:22.0000001,11.284446
2009-06-18 18:47:22.0000002,11.28426
2015-01-03 08:47:26.0000001,11.284141
2015-01-03 08:47:26.0000002,11.284311
2014-06-20 02:16:34.0000001,11.284458
2011-02-03 07:13:06.0000001,11.28429
2014-01-14 18:48:06.0000007,11.284218
2014-01-14 18:48:06.0000002,11.284154
2014-01-14 18:48:06.0000003,11.284497
2014-01-14 18:48:06.0000004,11.284442
2014-01-14 18:48:06.0000001,11.284467
2014-01-14 18:48:06.0000005,11.284349
2014-01-14 18:48:06.0000006,11.2842045
2013-10-18 05:08:54.0000001,11.284201
2011-07-20 08:05:02.0000003,11.284144
2011-07-20 08:05:02.0000002,11.284309
2011-07-20 08:05:02.0000004,11.284176
2009-05-03 16:02:54.0000005,11.284418
2009-05-03 16:02:54.0000003,11.284464
2009-05-03 16:02:54.0000002,11.2840605
2009-05-03 16:02:54.0000001,11.284219
2012-09-06 17:58:06.0000001,11.284162
2012-09-06 17:58:06.0000003,11.28429
2014-04-06 16:47:14.0000003,11.284125
2014-09-06 03:52:50.0000002,11.284569
2013-07-27 09:59:18.0000001,11.28471
2014-12-26 20:19:38.0000002,11.2843075
2014-01-01 13:06:34.0000001,11.284377
2011-12-25 15:35:54.0000003,11.283899
2011-12-25 15:35:54.0000004,11.284119
2015-05-14 23:11:58.0000001,11.2845745
2015-05-14 23:11:58.0000007,11.284474
2015-05-14 23:11:58.0000003,11.284431
2015-05-14 23:11:58.0000005,11.284321
2015-05-14 23:11:58.0000008,11.284283
2015-05-14 23:11:58.0000002,11.284196
2015-05-14 23:11:58.0000006,11.284141
2015-04-22 09:54:06.0000002,11.284445
2015-04-22 09:54:06.0000003,11.28433
2009-03-22 07:02:02.0000001,11.283977
2012-04-30 04:34:50.0000001,11.284443
2009-01-21 09:13:50.0000003,11.284228
2009-01-21 09:13:50.0000004,11.284269
2009-01-21 09:13:50.0000001,11.284496
2009-01-21 09:13:50.0000002,11.284289
2010-06-11 18:07:10.0000002,11.284227
2010-06-11 18:07:10.0000001,11.284187
2010-06-11 18:07:10.0000004,11.284686
2010-06-11 18:07:10.0000003,11.284495
2012-09-01 19:04:18.0000002,11.284456
2014-06-18 06:22:42.0000001,11.284363
2014-06-18 06:22:42.0000002,11.284446
2009-12-09 08:34:30.0000001,11.284538
2009-12-09 08:34:30.0000002,11.284267
2009-12-09 08:34:30.0000003,11.285345
2009-12-09 08:34:30.0000004,11.285331
2013-06-06 02:54:50.0000002,11.28446
2013-06-06 02:54:50.0000003,11.284393
2010-07-19 12:15:54.0000003,11.284312
2010-07-19 12:15:54.0000002,11.284702
2010-07-19 12:15:54.0000001,11.284427
2010-07-19 12:15:54.0000004,11.28436
2013-12-18 12:36:46.0000001,11.284371
2013-12-18 12:36:46.0000003,11.28424
2013-12-18 12:36:46.0000004,11.28458
2013-12-18 12:36:46.0000002,11.284088
2009-01-25 21:17:18.0000002,11.284059
2009-01-25 21:17:18.0000003,11.284224
2012-10-03 09:18:22.0000002,11.28451
2012-10-03 09:18:22.0000003,11.284391
2012-10-03 09:18:22.0000004,11.284346
2012-10-03 09:18:22.0000001,11.284386
2012-10-03 09:18:22.0000005,11.284522
2012-06-13 19:49:50.0000003,11.284464
2012-06-13 19:49:50.0000002,11.28454
2012-06-13 19:49:50.0000001,11.284002
2011-09-03 00:03:42.0000004,11.284235
2011-09-03 00:03:42.0000009,11.284433
2011-09-03 00:03:42.0000001,11.284228
2011-09-03 00:03:42.0000003,11.284416
2011-09-03 00:03:42.0000006,11.284375
2011-09-03 00:03:42.0000002,11.284449
2011-09-03 00:03:42.0000005,11.284634
2009-01-27 13:27:30.0000002,11.284343
2009-01-27 13:27:30.0000001,11.2843685
2009-07-03 00:41:38.0000001,11.284597
2009-07-03 00:41:38.0000002,11.284612
2010-05-29 11:51:30.0000001,11.284235
2013-07-02 22:27:14.0000005,11.284323
2013-07-02 22:27:14.0000003,11.284177
2015-05-09 11:33:58.0000004,11.284458
2015-05-09 11:33:58.0000001,11.284394
2015-05-09 11:33:58.0000003,11.284507
2011-07-18 00:04:54.0000002,11.284644
2011-04-03 03:46:18.0000002,11.284472
2009-11-03 13:04:46.0000003,11.28438
2009-11-03 13:04:46.0000002,11.284728
2009-11-03 13:04:46.0000001,11.284353
2010-06-25 14:00:14.0000002,11.284224
2010-12-20 09:39:02.0000001,11.284313
2010-12-20 09:39:02.0000002,11.284362
2014-05-20 14:43:10.0000001,11.284324
2014-05-20 14:43:10.0000002,11.284457
2010-09-16 05:07:10.0000001,11.284489
2011-08-01 17:44:30.0000006,11.28414
2011-08-01 17:44:30.0000005,11.284291
2011-08-01 17:44:30.0000001,11.284233
2011-08-01 17:44:30.0000002,11.284276
2011-08-01 17:44:30.0000004,11.284363
2011-03-01 07:23:14.0000003,11.284287
2011-03-01 07:23:14.0000001,11.284366
2011-06-24 13:23:18.0000004,11.284429
2011-06-24 13:23:18.0000001,11.284407
2011-06-24 13:23:18.0000002,11.284463
2011-06-24 13:23:18.0000003,11.284604
2013-11-19 02:41:10.0000001,11.284506
2012-01-01 18:02:46.0000003,11.284317
2012-01-01 18:02:46.0000002,11.284309
2015-03-28 19:31:26.0000002,11.284374
2015-03-28 19:31:26.0000006,11.28462
2015-03-28 19:31:26.0000001,11.284295
2015-03-28 19:31:26.0000005,11.2843
2010-07-13 11:53:15.0000004,11.28464
2010-07-13 11:53:15.0000001,11.284432
2010-07-13 11:53:15.0000007,11.284194
2010-07-13 11:53:15.0000002,11.284441
2013-02-07 13:47:59.0000004,11.284271
2013-02-07 13:47:59.0000001,11.284001
2013-02-07 13:47:59.0000003,11.2839775
2013-08-08 14:38:43.0000001,11.284194
2013-08-08 14:38:43.0000003,11.284514
2015-05-19 13:58:11.0000003,11.284224
2015-05-19 13:58:11.0000008,11.284205
2015-05-19 13:58:11.0000005,11.284784
2015-05-19 13:58:11.0000007,11.284284
2015-05-19 13:58:11.0000004,11.284393
2015-05-19 13:58:11.0000002,11.284631
2012-07-31 22:21:11.0000001,11.284392
2012-07-31 22:21:11.0000002,11.284293
2013-01-03 08:50:31.0000001,11.284409
2013-01-03 08:50:31.0000002,11.284333
2013-01-03 08:50:31.0000007,11.284264
2013-01-03 08:50:31.0000004,11.284325
2013-01-03 08:50:31.0000006,11.284227
2013-01-03 08:50:31.0000005,11.284166
2009-04-14 17:43:23.0000003,11.284324
2009-04-14 17:43:23.0000007,11.28429
2009-04-14 17:43:23.0000006,11.284487
2009-04-14 17:43:23.0000008,11.284223
2009-04-14 17:43:23.0000004,11.284246
2009-04-14 17:43:23.0000005,11.284275
2009-11-19 22:48:27.0000003,11.284294
2009-11-19 22:48:27.0000002,11.284542
2009-11-19 22:48:27.0000004,11.28454
2013-02-15 00:37:15.0000003,11.284488
2013-02-15 00:37:15.0000002,11.28416
2013-02-15 00:37:15.0000001,11.284534
2012-03-25 04:50:39.0000002,11.28429
2012-03-24 23:33:59.0000001,11.284573
2012-12-26 18:28:55.0000002,11.28463
2012-12-26 18:28:55.0000005,11.284244
2012-12-26 18:28:55.0000001,11.284816
2012-12-26 18:28:55.0000003,11.284233
2012-12-26 18:28:55.0000007,11.284694
2012-12-26 18:28:55.0000006,11.284293
2011-07-06 19:56:23.0000004,11.284459
2011-07-06 19:56:23.0000002,11.284428
2011-07-06 19:56:23.0000006,11.284023
2011-07-06 19:56:23.0000007,11.284126
2011-07-06 19:56:23.0000003,11.284002
2014-12-15 10:41:15.0000001,11.284565
2014-12-15 10:41:15.0000002,11.284475
2014-12-15 10:41:15.0000003,11.284302
2011-08-14 21:39:31.0000001,11.284291
2011-08-14 21:39:31.0000002,11.284068
2010-06-06 21:04:55.0000001,11.284501
2013-09-27 19:02:51.0000001,11.2842655
2013-09-27 19:02:51.0000003,11.2847
2013-09-27 19:02:51.0000004,11.284202
2013-09-27 19:02:51.0000002,11.284517
2013-05-28 18:24:27.0000003,11.284503
2013-05-28 18:24:27.0000001,11.283933
2013-05-28 18:24:27.0000004,11.284266
2013-05-28 18:24:27.0000002,11.284086
2015-06-15 14:34:03.0000002,11.283806
2010-07-04 16:44:11.0000001,11.284406
2010-07-04 16:44:11.0000002,11.279382
2014-11-26 06:46:23.0000001,11.284166
2010-07-27 11:37:43.0000001,11.284645
2010-07-27 11:37:43.0000003,11.284245
2010-07-27 11:37:43.0000005,11.284084
2010-07-27 11:37:43.0000006,11.284241
2010-07-27 11:37:43.0000004,11.284259
2010-07-27 11:37:43.0000002,11.284234
2010-12-19 16:25:15.0000004,11.28436
2010-12-19 16:25:15.0000003,11.284296
2010-12-19 16:25:15.0000001,11.284595
2012-08-19 12:06:39.0000001,11.28461
2011-02-26 12:32:15.0000001,11.283943
2011-02-26 12:32:15.0000002,11.283598
2015-06-18 20:56:55.0000003,11.284317
2015-06-18 20:56:55.0000005,11.284411
2015-06-18 20:56:55.0000007,11.284396
2015-06-18 20:56:55.0000006,11.284602
2013-11-24 21:33:11.0000001,11.285316
2013-11-24 21:33:11.0000002,11.284236
2015-04-28 20:15:27.0000002,11.285282
2015-04-28 20:15:27.0000006,11.284409
2015-04-28 20:15:27.0000001,11.284385
2015-04-28 20:15:27.0000005,11.284288
2015-04-28 20:15:27.0000008,11.284733
2013-01-23 13:49:19.0000002,11.284293
2013-01-23 13:49:19.0000003,11.284255
2014-03-12 19:19:31.0000003,11.284553
2014-03-12 19:19:31.0000001,11.284256
2014-03-12 19:19:31.0000002,11.284364
2010-07-26 09:54:11.0000001,11.284291
2012-01-03 08:49:15.0000002,11.284519
2012-01-03 08:49:15.0000001,11.285346
2012-01-03 08:49:15.0000004,11.28453
2012-01-03 08:49:15.0000003,11.284516
2012-11-05 14:49:19.0000002,11.284004
2012-11-05 14:49:19.0000001,11.284251
2012-06-09 19:03:11.0000004,11.284342
2012-06-09 19:03:11.0000006,11.284112
2012-06-09 19:03:11.0000002,11.284239
2012-06-09 19:03:11.0000003,11.284408
2012-06-09 19:03:11.0000001,11.284141
2010-10-17 23:12:19.0000004,11.284275
2010-10-17 23:12:19.0000005,11.284376
2010-10-17 23:12:19.0000001,11.284432
2010-10-17 23:12:19.0000002,11.284375
2010-10-17 23:12:19.0000003,11.284307
2014-06-07 12:21:11.0000001,11.28426
2014-06-07 12:21:11.0000004,11.284073
2011-09-08 22:37:43.0000004,11.283891
2011-09-08 22:37:43.0000003,11.284611
2011-09-08 22:37:43.0000005,11.284312
2011-09-08 22:37:43.0000002,11.284077
2014-10-30 19:25:15.0000003,11.285372
2014-10-30 19:25:15.0000005,11.284297
2014-10-30 19:25:15.0000001,11.284581
2014-10-30 19:25:15.0000002,11.284545
2014-10-30 19:25:15.0000004,11.28446
2010-06-18 22:52:11.0000002,11.28458
2011-02-16 05:49:51.0000001,11.284185
2011-09-13 13:31:51.0000004,11.284485
2011-09-13 13:31:51.0000003,11.284686
2011-09-13 13:31:51.0000002,11.284057
2009-09-28 04:31:39.0000001,11.284913
2009-01-11 03:31:55.0000001,11.284363
2009-01-11 03:31:55.0000003,11.284474
2009-01-11 03:31:55.0000004,11.284025
2009-01-11 03:31:55.0000002,11.284377
2014-01-24 03:38:19.0000001,11.2843275
2014-08-06 18:03:31.0000002,11.284429
2014-08-06 18:03:31.0000001,11.2844
2009-08-26 00:46:43.0000001,11.284255
2014-01-19 09:28:55.0000001,11.284513
2010-01-27 06:01:59.0000001,11.284363
2011-11-30 23:09:47.0000003,11.284415
2011-11-30 23:09:47.0000002,11.284796
2011-11-30 23:09:47.0000001,11.284318
2014-08-03 23:37:31.0000003,11.284394
2014-08-03 23:37:31.0000002,11.285255
2014-08-03 23:37:31.0000001,11.284353
2014-10-06 09:24:11.0000002,11.284338
2014-10-06 09:24:11.0000004,11.284159
2014-10-06 09:24:11.0000003,11.2844925
2014-10-06 09:24:11.0000001,11.284278
2009-08-28 12:38:19.0000001,11.284618
2009-08-28 12:38:19.0000004,11.284142
2009-08-28 12:38:19.0000003,11.284604
2009-08-28 12:38:19.0000002,11.28461
2012-03-15 18:23:55.0000001,11.284581
2012-03-15 18:23:55.0000004,11.284157
2012-03-15 18:23:55.0000005,11.284194
2012-03-15 18:23:55.0000003,11.284303
2011-11-23 21:07:43.0000003,11.28451
2011-11-23 21:07:43.0000002,11.284346
2012-11-23 07:58:23.0000001,11.284273
2010-11-17 19:10:23.0000007,11.284245
2010-11-17 19:10:23.0000006,11.284073
2010-11-17 19:10:23.0000001,11.284329
2010-11-17 19:10:23.0000002,11.284256
2010-11-17 19:10:23.0000008,11.28442
2010-11-17 19:10:23.0000004,11.28402
2015-02-14 13:15:19.0000003,11.28455
2015-02-14 13:15:19.0000006,11.284413
2015-02-14 13:15:19.0000004,11.28448
2015-02-14 13:15:19.0000008,11.284362
2015-02-14 13:15:19.0000001,11.284321
2013-01-12 22:40:39.0000003,11.284258
2013-01-12 22:40:39.0000004,11.284378
2013-01-12 22:40:39.0000001,11.285047
2013-01-12 22:40:39.0000005,11.284664
2013-01-12 22:40:39.0000006,11.284339
2011-04-12 12:06:07.0000002,11.28438
2011-04-12 12:06:07.0000001,11.284243
2010-11-04 20:14:39.0000005,11.284552
2010-11-04 20:14:39.0000002,11.284443
2010-11-04 20:14:39.0000004,11.284268
2010-11-04 20:14:39.0000003,11.284388
2010-11-04 20:14:39.0000001,11.284329
2011-04-25 19:14:55.0000003,11.284643
2011-04-25 19:14:55.0000001,11.284304
2011-04-25 19:14:55.0000004,11.28455
2011-04-25 19:14:55.0000002,11.284376
2011-04-25 19:14:55.0000005,11.2843
2010-02-15 14:20:31.0000001,11.284484
2013-03-23 15:41:07.0000001,11.284248
2013-03-23 15:41:07.0000004,11.284516
2013-03-23 15:41:07.0000005,11.284585
2012-12-09 06:04:39.0000001,11.284654
2013-11-07 16:38:15.0000003,11.2843275
2013-11-07 16:38:15.0000002,11.284446
2013-11-07 16:38:15.0000001,11.284306
2011-08-08 11:18:15.0000004,11.284225
2011-08-08 11:18:15.0000003,11.28425
2011-08-08 11:18:15.0000002,11.284592
2009-05-08 22:14:51.0000004,11.284421
2009-05-08 22:14:51.0000001,11.28413
2009-05-08 22:14:51.0000003,11.284142
2012-11-15 18:22:19.0000002,11.284157
2012-11-15 18:22:19.0000007,11.284517
2012-11-15 18:22:19.0000003,11.284109
2012-11-15 18:22:19.0000005,11.284119
2012-11-15 18:22:19.0000001,11.28405
2012-11-15 18:22:19.0000004,11.284242
2012-11-15 18:22:19.0000006,11.2843895
2010-01-31 00:33:03.0000002,11.284578
2010-01-31 00:33:03.0000004,11.2842865
2010-01-31 00:33:03.0000001,11.2849
2010-01-31 00:33:03.0000007,11.28446
2010-01-31 00:33:03.0000003,11.284157
2012-04-20 07:30:43.0000003,11.284591
2012-04-20 07:30:43.0000002,11.28436
2012-04-20 07:30:43.0000004,11.284596
2012-04-20 07:30:43.0000001,11.283839
2009-09-29 09:38:15.0000002,11.284376
2009-09-29 09:38:15.0000001,11.284155
2010-12-31 05:30:19.0000002,11.284414
2010-12-31 05:30:19.0000001,11.284276
2009-01-18 18:22:07.0000001,11.285626
2009-01-28 11:27:19.0000002,11.284629
2013-05-04 05:00:43.0000001,11.284235
2014-02-23 13:22:03.0000002,11.284653
2014-02-23 13:22:03.0000001,11.284233
2010-10-28 12:38:55.0000003,11.284212
2010-10-28 12:38:55.0000002,11.284086
2010-10-28 12:38:55.0000001,11.284389
2015-05-20 19:39:11.0000002,11.284335
2015-05-20 19:39:11.0000009,11.284231
2015-05-20 19:39:11.0000001,11.284292
2015-05-20 19:39:11.0000008,11.284712
2015-05-20 19:39:11.0000007,11.284308
2015-05-20 19:39:11.0000005,11.284351
2015-05-20 19:39:11.0000006,11.284472
2015-03-20 16:33:07.0000002,11.284395
2015-03-20 16:33:07.0000001,11.284233
2013-04-26 17:05:07.0000001,11.284376
2014-01-11 17:47:47.0000005,11.284053
2014-01-11 17:47:47.0000006,11.284371
2014-01-11 17:47:47.0000002,11.284738
2014-01-11 17:47:47.0000003,11.284247
2014-01-11 17:47:47.0000004,11.284348
2012-03-10 10:48:43.0000001,11.2842865
2012-03-10 10:48:43.0000004,11.284245
2012-03-10 10:48:43.0000003,11.284296
2012-03-10 10:48:43.0000005,11.284467
2012-03-10 10:48:43.0000002,11.284193
2012-07-12 02:46:07.0000002,11.284428
2009-01-06 14:48:51.0000003,11.284285
2009-01-06 14:48:51.0000002,11.284342
2009-01-06 14:48:51.0000001,11.284458
2015-04-15 03:30:27.0000001,11.28445
2015-04-26 21:44:23.0000001,11.284256
2015-04-26 21:44:23.0000003,11.284307
2014-11-24 05:03:51.0000001,11.284242
2014-03-05 23:16:07.0000002,11.284323
2015-01-04 00:28:11.0000005,11.284622
2015-01-04 00:28:11.0000001,11.284292
2015-01-04 00:28:11.0000002,11.284425
2015-01-04 00:28:11.0000003,11.284616
2014-12-17 20:56:31.0000004,11.284485
2014-12-17 20:56:31.0000002,11.284176
2014-12-17 20:56:31.0000001,11.28416
2010-10-04 16:17:03.0000002,11.284037
2010-10-04 16:17:03.0000003,11.284095
2010-10-04 16:17:03.0000005,11.284579
2010-10-04 16:17:03.0000004,11.284394
2010-10-09 15:48:51.0000001,11.284585
2010-10-09 15:48:51.0000005,11.284644
2010-10-09 15:48:51.0000002,11.284292
2013-10-10 11:09:23.0000006,11.284356
2013-10-10 11:09:23.0000004,11.28423
2013-10-10 11:09:23.0000002,11.284267
2013-10-10 11:09:23.0000003,11.28415
2013-10-10 11:09:23.0000005,11.284712
2010-12-14 00:39:07.0000001,11.28453
2010-12-14 00:39:07.0000002,11.28442
2010-12-14 00:39:07.0000003,11.284262
2013-01-08 07:03:07.0000004,11.284248
2013-01-08 07:03:07.0000003,11.284257
2013-01-08 07:03:07.0000002,11.284264
2012-10-28 17:21:19.0000004,11.284208
2012-10-28 17:21:19.0000002,11.284296
2010-03-10 10:37:39.0000003,11.284026
2010-03-10 10:37:39.0000004,11.283969
2010-03-10 10:37:39.0000001,11.284032
2010-03-10 10:37:39.0000002,11.284278
2012-04-27 22:32:19.0000001,11.284494
2012-04-27 22:32:19.0000003,11.2843275
2009-04-14 06:55:19.0000001,11.285347
2009-04-14 06:55:19.0000002,11.284263
2013-07-22 14:22:51.0000001,11.284269
2012-02-11 21:23:07.0000002,11.28459
2012-02-11 21:23:07.0000001,11.284366
2012-02-11 21:23:07.0000004,11.28418
2012-02-11 21:23:07.0000003,11.284526
2015-05-10 12:37:51.0000001,11.284327
2015-05-10 12:37:51.0000004,11.284039
2015-05-10 12:37:51.0000006,11.284368
2010-12-11 13:31:11.0000001,11.284081
2010-12-11 13:31:11.0000002,11.284098
2010-03-01 22:21:55.0000001,11.284168
2010-03-01 22:21:55.0000004,11.284266
2014-11-03 22:00:07.0000001,11.284078
2009-08-26 16:50:19.0000001,11.283948
2009-08-26 16:50:19.0000002,11.284263
2010-06-07 10:02:51.0000002,11.284143
2010-06-07 10:02:51.0000001,11.284128
2010-06-07 10:02:51.0000004,11.284179
2010-06-07 10:02:51.0000003,11.28472
2015-03-08 14:59:23.0000002,11.284077
2015-03-08 14:59:23.0000004,11.284631
2015-03-08 14:59:23.0000005,11.2839775
2010-12-13 05:52:47.0000001,11.284145
2012-10-12 15:21:55.0000001,11.284636
2011-05-17 07:53:55.0000002,11.284376
2011-05-17 07:53:55.0000004,11.284282
2011-05-17 07:53:55.0000001,11.284238
2012-12-26 20:55:27.0000002,11.284255
2012-12-26 20:55:27.0000005,11.284308
2012-12-26 20:55:27.0000004,11.284352
2009-02-22 14:59:11.0000001,11.284225
2011-12-17 16:19:47.0000003,11.284278
2011-12-17 16:19:47.0000001,11.28424
2014-12-02 23:54:11.0000002,11.28408
2014-12-02 23:54:11.0000001,11.284148
2014-11-11 11:21:07.0000001,11.284184
2014-07-11 12:35:19.0000003,11.284193
2014-07-11 12:35:19.0000001,11.284312
2014-07-11 12:35:19.0000002,11.284703
2010-01-25 15:04:11.0000001,11.284343
2010-01-25 15:04:11.0000002,11.284287
2014-01-26 13:51:39.0000002,11.284382
2014-01-26 13:51:39.0000003,11.284539
2011-11-18 04:49:19.0000002,11.284574
2011-11-18 04:49:19.0000003,11.28511
2011-11-18 04:49:19.0000001,11.284285
2014-11-30 15:46:23.0000001,11.2844925
2014-11-30 15:46:23.0000004,11.284553
2014-11-30 15:46:23.0000006,11.284184
2014-11-30 15:46:23.0000005,11.28435
2011-08-20 15:50:39.0000002,11.284721
2010-06-22 14:25:19.0000005,11.284614
2010-06-22 14:25:19.0000003,11.2843485
2010-06-22 14:25:19.0000002,11.284375
2010-06-22 14:25:19.0000006,11.284669
2010-06-22 14:25:19.0000004,11.2840395
2010-12-06 18:51:31.0000001,11.284263
2010-12-06 18:51:31.0000002,11.284137
2014-05-25 19:46:59.0000004,11.28454
2014-05-25 19:46:59.0000002,11.284366
2014-05-25 19:46:59.0000001,11.284316
2009-11-20 14:03:03.0000003,11.284183
2009-11-20 14:03:03.0000004,11.284638
2009-11-20 14:03:03.0000001,11.284467
2009-11-20 14:03:03.0000005,11.284216
2009-11-20 14:03:03.0000002,11.284319
2010-09-17 18:21:11.0000001,11.284354
2011-02-23 21:35:19.0000001,11.284502
2011-02-23 21:35:19.0000002,11.284272
2013-01-03 11:41:47.0000001,11.284186
2014-04-04 05:47:11.0000001,11.284301
2014-08-18 19:09:19.0000001,11.284367
2014-08-18 19:09:19.0000002,11.284365
2010-04-12 08:22:27.0000001,11.284382
2010-04-12 08:22:27.0000002,11.284164
2010-06-05 08:18:11.0000002,11.284606
2010-06-05 08:18:11.0000001,11.284307
2010-06-05 08:18:11.0000003,11.284606
2013-05-07 23:58:31.0000001,11.284508
2013-01-11 20:08:07.0000002,11.284527
2013-02-17 23:55:55.0000001,11.284678
2013-02-17 23:55:55.0000002,11.284326
2013-02-17 23:55:55.0000003,11.283891
2010-11-26 06:04:59.0000001,11.284292
2013-10-09 17:27:39.0000002,11.284314
2013-02-27 13:28:43.0000003,11.28447
2013-02-27 13:28:43.0000001,11.283961
2013-02-27 13:28:43.0000004,11.284527
2013-02-27 13:28:43.0000002,11.284392
2009-08-28 07:10:39.0000001,11.284538
2009-08-28 07:10:39.0000002,11.284525
2009-08-28 07:10:39.0000004,11.284347
2009-08-28 07:10:39.0000003,11.284389
2015-01-12 17:05:51.0000006,11.284131
2015-01-12 17:05:51.0000007,11.284098
2015-01-12 17:05:51.0000002,11.284247
2015-01-12 17:05:51.0000003,11.284208
2014-05-01 07:16:07.0000001,11.284412
2009-01-12 07:47:39.0000004,11.284275
2009-01-12 07:47:39.0000002,11.284481
2009-01-12 07:47:39.0000003,11.284022
2014-02-09 21:05:31.0000001,11.284425
2014-02-09 21:05:31.0000002,11.284115
2012-05-14 03:52:59.0000001,11.284628
2011-04-28 19:39:43.0000005,11.284458
2011-04-28 19:39:43.0000001,11.284501
2011-04-28 19:39:43.0000002,11.284
2011-04-28 19:39:43.0000004,11.284081
2010-02-15 10:14:23.0000002,11.284274
2010-02-15 10:14:23.0000003,11.284353
2010-02-15 10:14:23.0000004,11.284218
2010-08-18 05:24:15.0000002,11.284412
2010-08-18 05:24:15.0000001,11.284234
2010-05-31 06:46:59.0000001,11.284678
2014-11-17 00:03:47.0000002,11.284429
2012-11-16 00:09:43.0000001,11.284805
2012-03-09 06:03:23.0000001,11.284048
2013-10-18 13:05:19.0000002,11.284325
2013-10-18 13:05:19.0000001,11.284524
2013-10-18 13:05:19.0000003,11.284665
2010-01-16 04:52:31.0000001,11.284281
2013-08-18 00:32:15.0000002,11.284568
2013-08-18 00:32:15.0000001,11.284345
2010-12-11 16:12:35.0000004,11.284638
2010-12-11 16:12:35.0000005,11.284188
2010-12-11 16:12:35.0000001,11.284352
2010-12-11 16:12:35.0000002,11.2842
2013-05-23 12:09:23.0000001,11.284122
2013-05-23 12:09:23.0000003,11.284526
2013-05-23 12:09:23.0000002,11.284451
2014-12-11 08:20:39.0000003,11.284256
2014-12-11 08:20:39.0000002,11.284191
2011-01-28 19:41:11.0000002,11.284109
2011-01-28 19:41:11.0000001,11.284896
2011-03-24 04:46:51.0000001,11.284583
2013-04-07 00:24:27.0000001,11.284152
2013-04-07 00:24:27.0000003,11.283866
2013-04-07 00:24:27.0000004,11.284553
2010-08-17 21:22:39.0000002,11.284467
2010-08-17 21:22:39.0000003,11.284195
2010-08-17 21:22:39.0000001,11.284272
2013-12-10 14:00:35.0000004,11.284072
2013-12-10 14:00:35.0000001,11.284135
2013-12-10 14:00:35.0000003,11.284349
2011-09-18 05:32:51.0000002,11.284637
2011-09-18 05:32:51.0000001,11.284662
2011-09-18 05:32:51.0000003,11.284132
2011-09-10 20:44:59.0000002,11.283886
2011-09-10 20:44:59.0000001,11.28451
2011-04-28 09:50:03.0000002,11.284767
2011-04-28 09:50:03.0000003,11.284259
2011-04-28 09:50:03.0000004,11.284245
2010-02-26 18:34:51.0000002,11.284504
2013-12-05 23:29:15.0000001,11.284241
2013-12-05 23:29:15.0000004,11.284156
2013-12-05 23:29:15.0000003,11.285105
2013-12-05 23:29:15.0000005,11.285356
2010-01-13 08:28:59.0000003,11.284364
2010-01-13 08:28:59.0000001,11.284257
2010-01-13 08:28:59.0000004,11.283953
2010-01-13 08:28:59.0000005,11.284216
2010-07-16 07:07:27.0000001,11.284203
2012-06-16 14:33:19.0000002,11.284125
2013-05-08 17:02:39.0000001,11.28446
2013-05-08 17:02:39.0000003,11.284307
2013-05-08 17:02:39.0000005,11.284495
2013-05-08 17:02:39.0000004,11.284373
2013-05-08 17:02:39.0000002,11.284385
2013-05-08 17:02:39.0000006,11.284249
2013-05-08 17:02:39.0000007,11.284091
2011-02-28 08:34:27.0000004,11.284325
2011-02-28 08:34:27.0000002,11.284368
2011-02-28 08:34:27.0000006,11.284677
2011-02-28 08:34:27.0000007,11.284463
2011-02-28 08:34:27.0000005,11.284769
2011-02-28 08:34:27.0000003,11.2843685
2011-02-28 08:34:27.0000001,11.284365
2012-12-13 19:05:27.0000001,11.28424
2012-12-13 19:05:27.0000002,11.284372
2012-12-13 19:05:27.0000003,11.284249
2009-03-25 01:20:55.0000001,11.284611
2011-01-18 12:43:35.0000001,11.284586
2010-07-13 07:38:03.0000007,11.284002
2010-07-13 07:38:03.0000004,11.284543
2010-07-13 07:38:03.0000002,11.284078
2010-07-13 07:38:03.0000006,11.284639
2010-07-13 07:38:03.0000005,11.28429
2010-07-13 07:38:03.0000001,11.284628
2009-01-26 15:16:43.0000001,11.284218
2009-01-26 15:16:43.0000002,11.284201
2015-05-18 01:13:35.0000001,11.284447
2012-11-09 18:17:35.0000001,11.284281
2012-11-09 18:17:35.0000006,11.284646
2012-11-09 18:17:35.0000005,11.284146
2012-11-09 18:17:35.0000003,11.28435
2010-07-05 19:21:35.0000005,11.284785
2010-07-05 19:21:35.0000003,11.284608
2010-07-05 19:21:35.0000004,11.284204
2010-07-05 19:21:35.0000002,11.283613
2014-09-11 00:28:47.0000001,11.284313
2014-09-11 00:28:47.0000002,11.283906
2010-03-22 16:20:15.0000001,11.284427
2010-03-22 16:20:15.0000002,11.284332
2009-06-21 00:54:23.0000003,11.284011
2009-06-21 00:54:23.0000001,11.284632
2013-05-02 14:48:31.0000001,11.2842455
2011-09-12 09:15:15.0000003,11.284167
2011-09-12 09:15:15.0000004,11.28424
2011-09-12 09:15:15.0000002,11.28418
2011-09-12 09:15:15.0000001,11.284427
2009-02-27 07:09:23.0000001,11.284456
2011-08-22 10:42:15.0000003,11.283819
2011-08-22 10:42:15.0000002,11.284847
2011-08-22 10:42:15.0000001,11.284326
2011-11-29 22:19:51.0000001,11.284473
2011-11-29 22:19:51.0000002,11.284285
2009-01-30 22:47:07.0000004,11.283854
2009-01-30 22:47:07.0000001,11.284632
2009-01-30 22:47:07.0000003,11.284137
2012-04-18 20:03:35.0000004,11.284236
2012-04-18 20:03:35.0000003,11.284389
2012-04-18 20:03:35.0000001,11.284089
2012-04-18 20:03:35.0000002,11.284326
2013-09-26 20:54:19.0000002,11.284723
2011-06-25 23:18:27.0000001,11.284296
2009-01-17 02:21:55.0000001,11.284374
2009-01-17 02:21:55.0000002,11.284238
2014-11-01 15:31:15.0000002,11.284365
2014-11-01 15:31:15.0000003,11.284521
2014-11-01 15:31:15.0000004,11.284077
2011-06-08 11:31:51.0000003,11.284247
2011-06-08 11:31:51.0000002,11.2843685
2011-06-08 11:31:51.0000001,11.284145
2013-07-12 23:17:31.0000004,11.284582
2013-07-12 23:17:31.0000005,11.285335
2012-07-10 18:24:47.0000002,11.284451
2012-07-10 18:24:47.0000001,11.284515
2012-07-10 18:24:47.0000003,11.284362
2013-05-14 03:15:31.0000001,11.2845335
2009-04-20 21:08:35.0000006,11.284683
2009-04-20 21:08:35.0000003,11.284302
2009-04-20 21:08:35.0000002,11.284706
2009-04-20 21:08:35.0000001,11.284627
2011-01-19 08:30:47.0000003,11.28432
2011-01-19 08:30:47.0000002,11.28425
2011-01-19 08:30:47.0000001,11.28462
2009-09-25 10:19:35.0000003,11.284305
2009-09-25 10:19:35.0000001,11.284392
2009-09-25 10:19:35.0000002,11.284045
2012-02-17 15:11:23.0000001,11.284096
2009-12-23 20:14:19.0000003,11.284395
2009-12-23 20:14:19.0000001,11.284539
2009-12-23 20:14:19.0000002,11.284219
2012-09-14 05:42:59.0000001,11.284526
2012-09-14 05:42:59.0000002,11.28444
2009-04-06 13:47:15.0000002,11.284338
2013-11-29 21:36:07.0000004,11.284415
2011-11-07 00:22:31.0000001,11.284513
2011-11-07 00:22:31.0000002,11.283917
2009-09-04 08:02:51.0000001,11.284504
2015-02-16 17:32:27.0000004,11.284602
2015-02-16 17:32:27.0000002,11.2843685
2015-02-16 17:32:27.0000003,11.284144
2015-02-16 17:32:27.0000001,11.284392
2012-04-14 11:59:11.0000004,11.284601
2012-04-14 11:59:11.0000002,11.284159
2012-04-14 11:59:11.0000001,11.284187
2011-12-11 11:05:51.0000001,11.284356
2011-12-11 11:05:51.0000003,11.284383
2010-01-03 13:07:27.0000001,11.283778
2009-03-06 00:13:03.0000003,11.284212
2009-03-06 00:13:03.0000001,11.284187
2010-01-04 19:54:27.0000002,11.284564
2010-01-04 19:54:27.0000001,11.284496
2010-01-04 19:54:27.0000003,11.284148
2014-08-01 16:50:03.0000004,11.28419
2014-08-01 16:50:03.0000001,11.284441
2014-08-01 16:50:03.0000003,11.284128
2014-08-01 16:50:03.0000002,11.284105
2010-11-25 16:22:19.0000001,11.284355
2010-09-04 10:06:23.0000001,11.284246
2009-04-28 13:35:27.0000002,11.284342
2009-04-28 13:35:27.0000001,11.284484
2009-04-28 13:35:27.0000003,11.2844
2009-04-28 13:35:27.0000004,11.284054
2012-07-26 00:23:59.0000006,11.284515
2012-07-26 00:23:59.0000007,11.283993
2012-07-26 00:23:59.0000001,11.284401
2012-07-26 00:23:59.0000004,11.284208
2012-07-26 00:23:59.0000005,11.28442
2012-07-26 00:23:59.0000002,11.284298
2012-07-26 00:23:59.0000003,11.284182
2014-04-29 15:15:43.0000002,11.28417
2014-04-29 15:15:43.0000001,11.2846985
2014-04-29 15:15:43.0000003,11.2843
2010-04-23 00:00:03.0000002,11.284568
2010-04-23 00:00:03.0000003,11.284547
2010-05-22 23:46:19.0000001,11.284302
2010-05-22 23:46:19.0000002,11.28468
2010-05-22 23:46:19.0000003,11.284414
2014-06-14 12:32:11.0000005,11.284543
2014-06-14 12:32:11.0000002,11.284517
2014-06-14 12:32:11.0000004,11.284541
2014-06-14 12:32:11.0000006,11.284209
2014-06-14 12:32:11.0000003,11.284204
2012-06-09 22:57:15.0000002,11.284235
2012-06-09 22:57:15.0000005,11.284597
2014-04-22 01:28:15.0000001,11.285648
2013-01-31 01:19:15.0000001,11.2842865
2013-01-31 01:19:15.0000002,11.284291
2014-12-19 21:54:27.0000003,11.284574
2014-12-19 21:54:27.0000002,11.284088
2014-12-19 21:54:27.0000004,11.284261
2014-12-19 21:54:27.0000001,11.284262
2010-10-22 20:56:51.0000004,11.284434
2010-10-22 20:56:51.0000001,11.284483
2011-10-04 11:48:35.0000004,11.284289
2011-10-04 11:48:35.0000003,11.284133
2011-10-04 11:48:35.0000002,11.284473
2010-12-31 13:32:39.0000001,11.2840805
2010-04-10 11:05:27.0000002,11.284313
2010-04-10 11:05:27.0000001,11.284405
2013-10-02 21:12:59.0000001,11.2843
2013-10-02 21:12:59.0000002,11.284519
2013-10-02 21:12:59.0000004,11.284093
2013-10-02 21:12:59.0000005,11.284439
2013-10-02 21:12:59.0000006,11.284273
2013-10-02 21:12:59.0000007,11.284164
2013-10-02 21:12:59.0000008,11.284355
2013-10-02 21:12:59.0000003,11.284445
2009-03-14 05:27:55.0000001,11.284694
2009-04-20 14:05:51.0000003,11.284196
2009-04-20 14:05:51.0000002,11.28421
2009-04-20 14:05:51.0000001,11.284277
2009-04-20 14:05:51.0000004,11.284668
2011-02-21 23:46:07.0000001,11.28433
2010-08-21 20:25:07.0000001,11.284605
2009-11-16 21:03:31.0000003,11.284307
2009-11-16 21:03:31.0000002,11.284749
2009-11-16 21:03:31.0000004,11.284313
2009-11-16 21:03:31.0000001,11.284301
2014-11-29 11:16:23.0000002,11.284573
2014-11-29 11:16:23.0000001,11.28448
2010-12-01 21:02:35.0000001,11.284461
2010-12-01 21:02:35.0000002,11.284248
2009-04-13 18:30:39.0000002,11.284315
2009-04-13 18:30:39.0000001,11.284294
2010-06-02 19:45:19.0000002,11.28433
2010-06-02 19:45:19.0000001,11.284087
2010-06-02 19:45:19.0000004,11.284153
2012-04-16 14:29:35.0000001,11.284484
2014-08-06 18:15:43.0000001,11.284192
2014-08-06 18:15:43.0000002,11.284282
2010-04-20 11:53:23.0000005,11.284227
2010-04-20 11:53:23.0000002,11.28457
2010-04-20 11:53:23.0000006,11.284302
2010-04-20 11:53:23.0000003,11.284724
2010-04-20 11:53:23.0000004,11.284036
2009-05-21 20:50:31.0000005,11.284288
2009-05-21 20:50:31.0000006,11.284384
2009-05-21 20:50:31.0000002,11.284201
2009-05-21 20:50:31.0000001,11.284608
2014-08-16 21:59:59.0000002,11.284517
2014-08-16 21:59:59.0000001,11.2842455
2010-09-13 07:05:39.0000001,11.284614
2010-09-13 07:05:39.0000002,11.284307
2010-01-28 12:25:11.0000001,11.284437
2013-10-13 19:39:55.0000005,11.28421
2013-10-13 19:39:55.0000004,11.2840395
2013-10-13 19:39:55.0000007,11.2843075
2013-10-13 19:39:55.0000001,11.284706
2013-10-13 19:39:55.0000003,11.284278
2013-10-13 19:39:55.0000006,11.284282
2013-10-13 19:39:55.0000002,11.284393
2013-09-20 13:38:55.0000003,11.284306
2013-09-20 13:38:55.0000002,11.284344
2013-09-20 13:38:55.0000006,11.284155
2013-09-20 13:38:55.0000001,11.284574
2014-11-11 12:10:59.0000003,11.283996
2014-11-11 12:10:59.0000002,11.284457
2012-09-09 23:40:03.0000001,11.284634
2013-02-18 11:13:23.0000004,11.284298
2013-02-18 11:13:23.0000001,11.284102
2013-02-18 11:13:23.0000003,11.284253
2013-02-18 11:13:23.0000002,11.284265
2011-06-05 12:38:43.0000002,11.284429
2011-06-05 12:38:43.0000003,11.284441
2011-06-05 12:38:43.0000001,11.285322
2014-11-27 07:37:55.0000001,11.284371
2010-05-23 15:28:55.0000001,11.284504
2012-10-15 20:10:31.0000001,11.284289
2012-10-15 20:10:31.0000004,11.284715
2012-10-15 20:10:31.0000002,11.28454
2012-10-15 20:10:31.0000003,11.28456
2012-06-27 06:52:39.0000001,11.284526
2013-06-07 13:52:55.0000001,11.28437
2013-06-07 13:52:55.0000002,11.284361
2013-06-07 13:52:55.0000006,11.284458
2013-06-07 13:52:55.0000003,11.284463
2013-06-07 13:52:55.0000004,11.284302
2009-06-04 19:34:15.0000003,11.284366
2009-06-04 19:34:15.0000001,11.279989
2009-06-04 19:34:15.0000004,11.284538
2009-06-04 19:34:15.0000002,11.284444
2013-09-29 22:12:07.0000002,11.284558
2013-09-29 22:12:07.0000003,11.284384
2013-12-04 08:37:11.0000003,11.28439
2013-12-04 08:37:11.0000002,11.284216
2013-12-04 08:37:11.0000001,11.284409
2010-05-02 12:39:55.0000002,11.284274
2009-07-13 01:18:55.0000002,11.284356
2009-07-13 01:18:55.0000001,11.284288
2015-05-20 00:59:15.0000004,11.284327
2015-05-20 00:59:15.0000003,11.284511
2009-12-03 18:02:47.0000001,11.284138
2014-06-24 02:41:11.0000001,11.28428
2012-01-13 02:08:43.0000001,11.284354
2012-08-06 21:07:55.0000001,11.284768
2012-08-06 21:07:55.0000002,11.283893
2012-08-06 21:07:55.0000004,11.284347
2012-08-06 21:07:55.0000005,11.284177
2012-08-06 21:07:55.0000003,11.284326
2009-07-13 07:32:31.0000001,11.284325
2009-07-13 07:32:31.0000003,11.284236
2009-07-13 07:32:31.0000002,11.2841625
2014-09-10 17:52:51.0000001,11.284769
2014-09-10 17:52:51.0000003,11.283909
2014-09-10 17:52:51.0000002,11.284415
2014-09-10 17:52:51.0000005,11.283941
2014-09-10 17:52:51.0000004,11.284605
2009-09-28 19:21:59.0000004,11.2843485
2009-09-28 19:21:59.0000005,11.284368
2009-09-28 19:21:59.0000002,11.284341
2009-09-28 19:21:59.0000008,11.284599
2009-09-28 19:21:59.0000001,11.284454
2015-05-23 12:59:39.0000004,11.284298
2015-05-23 12:59:39.0000002,11.284232
2015-05-23 12:59:39.0000001,11.284335
2010-02-10 12:16:03.0000001,11.28411
2010-02-10 12:16:03.0000002,11.284369
2014-01-11 23:10:59.0000004,11.284505
2014-01-11 23:10:59.0000003,11.284645
2014-01-11 23:10:59.0000005,11.284488
2014-01-11 23:10:59.0000001,11.284609
2014-01-11 23:10:59.0000002,11.284485
2010-04-24 20:15:07.0000002,11.28457
2013-08-07 00:31:07.0000001,11.285357
2012-10-21 19:47:23.0000001,11.28444
2012-10-21 19:47:23.0000003,11.284253
2012-10-21 19:47:23.0000004,11.28427
2013-05-24 07:22:51.0000002,11.284171
2009-09-13 20:12:31.0000002,11.284498
2009-09-13 20:12:31.0000001,11.284104
2010-10-31 08:51:59.0000002,11.28422
2010-10-31 08:51:59.0000001,11.284425
2013-06-04 23:58:11.0000007,11.284339
2013-06-04 23:58:11.0000001,11.284349
2013-06-04 23:58:11.0000003,11.28429
2013-06-04 23:58:11.0000005,11.284509
2013-06-04 23:58:11.0000002,11.284498
2013-06-04 23:58:11.0000004,11.284593
2013-06-04 23:58:11.0000008,11.284508
2010-03-22 22:11:31.0000001,11.284049
2010-03-22 22:11:31.0000002,11.284496
2011-01-15 12:49:59.0000002,11.284185
2011-01-15 12:49:59.0000001,11.284393
2009-06-13 18:36:47.0000001,11.284376
2009-06-13 18:36:47.0000002,11.284304
2009-06-13 18:36:47.0000003,11.284588
2009-05-06 16:41:35.0000001,11.284081
2014-08-08 17:32:47.0000004,11.2842245
2014-08-08 17:32:47.0000001,11.284524
2014-08-08 17:32:47.0000002,11.284646
2014-04-02 11:55:15.0000001,11.284409
2014-04-02 11:55:15.0000002,11.284218
2011-01-04 10:12:51.0000003,11.2844305
2011-01-04 10:12:51.0000004,11.284178
2011-01-04 10:12:51.0000001,11.284705
2011-01-04 10:12:51.0000005,11.284313
2010-09-22 09:42:31.0000002,11.284311
2010-09-22 09:42:31.0000004,11.28419
2010-09-22 09:42:31.0000001,11.28448
2013-08-19 19:39:23.0000003,11.284363
2013-08-19 19:39:23.0000001,11.284445
2014-07-08 10:21:39.0000002,11.284414
2014-07-08 10:21:39.0000006,11.284582
2014-07-08 10:21:39.0000003,11.284136
2014-07-08 10:21:39.0000005,11.284593
2014-07-08 10:21:39.0000004,11.28414
2014-07-08 10:21:39.0000001,11.284001
2015-03-11 16:36:39.0000003,11.284662
2015-03-11 16:36:39.0000001,11.284555
2015-03-11 16:36:39.0000002,11.284577
2015-05-29 18:59:35.0000005,11.284248
2015-05-29 18:59:35.0000004,11.284337
2015-05-29 18:59:35.0000002,11.284264
2015-05-29 18:59:35.0000001,11.284428
2011-10-26 17:48:43.0000001,11.284309
2011-10-26 17:48:43.0000008,11.284241
2011-10-26 17:48:43.0000002,11.284278
2011-10-26 17:48:43.0000004,11.284506
2011-10-26 17:48:43.0000003,11.284176
2011-10-26 17:48:43.0000007,11.2841215
2014-06-24 09:49:55.0000004,11.284312
2014-06-24 09:49:55.0000007,11.284407
2014-06-24 09:49:55.0000001,11.2844715
2014-06-24 09:49:55.0000006,11.284391
2014-06-24 09:49:55.0000002,11.284154
2014-06-24 09:49:55.0000003,11.284291
2014-06-24 09:49:55.0000005,11.2845335
2009-03-14 20:59:19.0000001,11.2843685
2009-01-29 18:38:03.0000002,11.284054
2009-01-29 18:38:03.0000001,11.284194
2010-07-23 00:03:59.0000001,11.2846365
2013-01-11 12:28:03.0000004,11.284369
2013-01-11 12:28:03.0000003,11.28437
2013-01-11 12:28:03.0000002,11.28465
2013-01-11 12:28:03.0000005,11.284387
2013-01-11 12:28:03.0000001,11.284367
2013-02-20 02:00:23.0000001,11.284527
2013-02-20 02:00:23.0000002,11.283987
2013-02-20 02:00:23.0000003,11.284664
2009-11-03 19:53:27.0000004,11.284262
2009-11-03 19:53:27.0000003,11.2844095
2009-12-19 21:56:15.0000002,11.284547
2009-12-19 21:56:15.0000001,11.284291
2014-03-22 12:24:03.0000001,11.284528
2014-03-22 12:24:03.0000002,11.284313
2009-12-21 21:20:43.0000003,11.284449
2009-12-21 21:20:43.0000001,11.284545
2009-08-21 15:35:07.0000002,11.284268
2009-08-21 15:35:07.0000004,11.285379
2009-08-21 15:35:07.0000003,11.284249
2010-04-25 13:28:47.0000002,11.284059
2010-04-25 13:28:47.0000003,11.284607
2010-11-02 18:49:59.0000001,11.284148
2010-11-02 18:49:59.0000003,11.284236
2010-11-02 18:49:59.0000002,11.284003
2011-04-02 00:27:03.0000006,11.284367
2011-04-02 00:27:03.0000002,11.284622
2011-04-02 00:27:03.0000004,11.284433
2011-04-02 00:27:03.0000003,11.284616
2011-04-02 00:27:03.0000005,11.284593
2011-04-02 00:27:03.0000001,11.284364
2013-12-29 12:31:55.0000001,11.284492
2013-12-29 12:31:55.0000002,11.284091
2013-12-29 12:31:55.0000003,11.284361
2012-05-02 12:02:03.0000003,11.28466
2012-05-02 12:02:03.0000002,11.28401
2012-05-02 12:02:03.0000004,11.284385
2012-05-02 12:02:03.0000005,11.284637
2012-05-02 12:02:03.0000001,11.284267
2009-07-21 10:36:43.0000001,11.284365
2009-07-21 10:36:43.0000003,11.284462
2009-07-21 10:36:43.0000002,11.284216
2012-09-16 18:14:55.0000003,11.284504
2012-09-16 18:14:55.0000001,11.284341
2012-09-16 18:14:55.0000004,11.284219
2010-04-21 06:28:47.0000002,11.284211
2009-03-02 09:30:07.0000001,11.284194
2009-03-02 09:30:07.0000002,11.284264
2010-12-18 15:32:19.0000001,11.284305
2013-02-20 08:23:31.0000001,11.284475
2015-02-11 20:51:51.0000006,11.284492
2015-02-11 20:51:51.0000002,11.284217
2015-02-11 20:51:51.0000003,11.284338
2015-02-11 20:51:51.0000005,11.284207
2015-02-11 20:51:51.0000007,11.28446
2015-02-11 20:51:51.0000004,11.284489
2013-12-07 01:41:59.0000001,11.28435
2013-12-07 01:41:59.0000003,11.284642
2014-03-04 12:06:35.0000002,11.284375
2014-03-04 12:06:35.0000004,11.284423
2014-03-04 12:06:35.0000003,11.284111
2014-03-04 12:06:35.0000001,11.2844
2013-05-21 06:52:59.0000001,11.283983
2013-05-21 06:52:59.0000004,11.284333
2013-05-21 06:52:59.0000002,11.284457
2009-09-09 08:09:19.0000002,11.284269
2009-09-09 08:09:19.0000001,11.284517
2012-06-22 20:50:55.0000001,11.284768
2010-04-06 09:14:59.0000001,11.284294
2010-04-06 09:14:59.0000003,11.284072
2010-04-06 09:14:59.0000002,11.284566
2009-04-03 07:49:39.0000002,11.284166
2009-04-03 07:49:39.0000001,11.284475
2011-08-28 16:06:43.0000001,11.284324
2010-12-19 15:52:31.0000001,11.284189
2010-12-19 15:52:31.0000002,11.28426
2010-12-19 15:52:31.0000004,11.284237
2010-12-19 15:52:31.0000003,11.28471
2014-07-12 00:15:59.0000004,11.284631
2014-07-12 00:15:59.0000003,11.284905
2014-07-12 00:15:59.0000002,11.285234
2009-03-31 10:27:19.0000004,11.284207
2009-03-31 10:27:19.0000002,11.28475
2009-03-31 10:27:19.0000001,11.284031
2014-07-31 10:39:39.0000002,11.283922
2012-06-02 07:16:31.0000001,11.284462
2012-06-02 07:16:31.0000003,11.284708
2012-06-02 07:16:31.0000002,11.28454
2012-09-27 15:03:15.0000001,11.284419
2012-07-05 02:23:47.0000001,11.284514
2013-09-14 18:28:03.0000002,11.284832
2013-09-14 18:28:03.0000003,11.28475
2009-04-22 04:26:35.0000001,11.284559
2015-02-14 09:08:11.0000003,11.285082
2012-01-19 20:26:35.0000004,11.284033
2012-01-19 20:26:35.0000005,11.284722
2012-01-19 20:26:35.0000001,11.284291
2015-03-13 13:04:59.0000001,11.284344
2015-03-13 13:04:59.0000002,11.28429
2015-03-13 13:04:59.0000006,11.284217
2015-03-13 13:04:59.0000004,11.284303
2015-03-13 13:04:59.0000007,11.284111
2015-03-13 13:04:59.0000003,11.284321
2015-03-13 13:04:59.0000005,11.284325
2013-07-25 13:47:39.0000002,11.284392
2013-07-25 13:47:39.0000001,11.284367
2014-03-07 11:45:35.0000001,11.284045
2014-03-07 11:45:35.0000002,11.284536
2013-10-31 06:09:15.0000001,11.2843
2014-09-11 06:41:15.0000001,11.284216
2014-09-11 06:41:15.0000002,11.284628
2014-09-11 06:41:15.0000004,11.284048
2014-09-11 06:41:15.0000003,11.284434
2012-06-04 09:50:39.0000005,11.284261
2012-06-04 09:50:39.0000003,11.284711
2012-06-04 09:50:39.0000001,11.284146
2012-06-04 09:50:39.0000004,11.284271
2012-06-04 09:50:39.0000002,11.284248
2010-06-07 07:37:55.0000002,11.284365
2010-06-07 07:37:55.0000003,11.284619
2010-06-07 07:37:55.0000001,11.284242
2010-06-07 07:37:55.0000004,11.284259
2015-02-25 18:00:51.0000009,11.284137
2015-02-25 18:00:51.0000006,11.284433
2015-02-25 18:00:51.0000002,11.2841
2015-02-25 18:00:51.0000003,11.284102
2015-02-25 18:00:51.00000010,11.284358
2015-02-25 18:00:51.0000004,11.284305
2015-02-25 18:00:51.0000005,11.284659
2015-02-08 08:44:03.0000001,11.283971
2010-12-11 15:16:35.0000001,11.284382
2010-12-11 15:16:35.0000002,11.28457
2014-05-19 18:38:19.0000002,11.284277
2014-05-19 18:38:19.0000001,11.284462
2009-07-19 08:38:51.0000001,11.284235
2013-08-20 12:05:47.0000001,11.284193
2013-08-20 12:05:47.0000003,11.284423
2013-08-20 12:05:47.0000004,11.284287
2013-08-20 12:05:47.0000002,11.284284
2014-03-11 19:48:15.0000007,11.284265
2014-03-11 19:48:15.0000001,11.284469
2014-03-11 19:48:15.0000005,11.284387
2014-03-11 19:48:15.0000006,11.284424
2014-03-11 19:48:15.0000004,11.284689
2014-03-11 19:48:15.0000002,11.284551
2014-03-11 19:48:15.0000003,11.28431
2013-01-09 02:05:51.0000002,11.284349
2009-08-08 11:41:51.0000001,11.284262
2009-08-08 11:41:51.0000004,11.284267
2009-08-08 11:41:51.0000002,11.283947
2014-06-18 16:08:03.0000001,11.284435
2014-06-18 16:08:03.0000002,11.2843895
2013-06-02 16:26:47.0000003,11.284306
2013-06-02 16:26:47.0000002,11.284443
2009-07-29 10:02:47.0000002,11.284393
2009-07-29 10:02:47.0000001,11.284568
2013-02-16 14:26:51.0000002,11.28467
2012-05-11 03:48:31.0000001,11.284561
2010-01-22 05:47:59.0000001,11.284019
2012-11-12 11:57:03.0000002,11.284754
2012-01-04 00:06:39.0000001,11.284444
2010-12-28 20:17:27.0000002,11.284269
2010-12-28 20:17:27.0000001,11.284616
2010-12-28 20:17:27.0000004,11.28435
2009-03-18 08:03:07.0000002,11.284655
2009-03-18 08:03:07.0000001,11.284425
2011-10-07 12:38:19.0000004,11.284618
2011-10-07 12:38:19.0000003,11.284155
2011-10-07 12:38:19.0000002,11.284774
2011-10-07 12:38:19.0000005,11.284374
2009-12-12 22:01:31.0000005,11.284411
2009-12-12 22:01:31.0000002,11.284553
2009-12-12 22:01:31.0000004,11.284294
2009-12-12 22:01:31.0000006,11.284473
2009-12-12 22:01:31.0000003,11.284272
2015-04-19 20:44:15.0000003,11.284539
2015-04-19 20:44:15.0000002,11.284713
2015-04-19 20:44:15.0000004,11.284184
2012-03-23 01:36:31.0000002,11.284277
2012-03-23 01:36:31.0000001,11.2842045
2014-10-08 21:24:47.0000001,11.28467
2014-10-08 21:24:47.0000002,11.284393
2011-02-03 01:27:31.0000001,11.284215
2011-05-20 23:42:59.0000002,11.284298
2014-01-04 10:54:59.0000001,11.284039
2014-01-04 10:54:59.0000003,11.284097
2009-11-23 05:45:11.0000001,11.284382
2013-01-22 16:25:11.0000003,11.2843685
2013-01-22 16:25:11.0000002,11.284243
2013-01-22 16:25:11.0000001,11.283988
2015-05-12 08:31:07.0000007,11.284321
2015-05-12 08:31:07.0000008,11.284606
2015-05-12 08:31:07.0000001,11.284441
2015-05-12 08:31:07.0000009,11.284006
2015-05-12 08:31:07.0000005,11.28417
2015-05-12 08:31:07.0000006,11.284438
2015-05-12 08:31:07.0000002,11.284287
2015-05-12 08:31:07.0000004,11.283773
2013-09-26 06:58:55.0000001,11.284497
2013-09-26 06:58:55.0000002,11.283963
2014-09-14 23:26:11.0000003,11.284217
2014-09-14 23:26:11.0000002,11.2841625
2009-08-26 08:06:15.0000002,11.284098
2009-08-26 08:06:15.0000003,11.284266
2009-08-26 08:06:15.0000001,11.2844
2014-10-13 06:14:51.0000001,11.284398
2013-02-02 16:07:55.0000002,11.284461
2013-02-02 16:07:55.0000001,11.2841835
2013-02-02 16:07:55.0000003,11.284434
2014-04-05 01:52:27.0000005,11.284366
2014-04-05 01:52:27.0000001,11.284695
2010-02-23 20:29:51.0000002,11.284308
2010-02-23 20:29:51.0000003,11.284505
2011-01-25 00:01:03.0000002,11.284346
2011-01-25 00:01:03.0000001,11.284426
2013-11-01 13:07:47.0000002,11.284569
2013-11-01 13:07:47.0000001,11.284333
2013-11-01 13:07:47.0000005,11.284354
2013-11-01 13:07:47.0000004,11.284543
2015-03-07 15:25:59.0000004,11.284596
2015-03-07 15:25:59.0000002,11.283986
2015-03-07 15:25:59.0000001,11.284198
2013-10-06 21:05:11.0000002,11.284557
2013-10-06 21:05:11.0000001,11.28435
2009-04-16 15:57:31.0000002,11.284451
2012-02-21 20:45:03.0000002,11.28467
2012-02-21 20:45:03.0000001,11.284351
2010-01-10 12:55:43.0000002,11.284081
2015-01-31 01:05:19.0000004,11.284368
2015-01-31 01:05:19.0000007,11.284682
2015-01-31 01:05:19.0000006,11.28459
2015-01-31 01:05:19.0000001,11.284443
2015-01-31 01:05:19.0000003,11.284615
2015-01-31 01:05:19.0000002,11.284534
2011-10-23 17:43:43.0000001,11.284104
2015-03-16 21:12:19.0000003,11.284642
2015-03-16 21:12:19.0000004,11.284613
2015-03-16 21:12:19.0000005,11.284432
2015-03-16 21:12:19.0000008,11.284513
2015-03-16 21:12:19.0000001,11.284216
2012-09-29 20:16:51.0000001,11.284224
2012-09-29 20:16:51.0000002,11.284363
2012-09-29 20:16:51.0000003,11.284731
2012-09-29 20:16:51.0000005,11.284483
2009-08-03 16:28:07.0000001,11.284157
2009-08-03 16:28:07.0000003,11.284386
2009-08-03 16:28:07.0000004,11.284094
2009-08-03 16:28:07.0000002,11.2845545
2009-07-30 15:49:15.0000003,11.284549
2009-07-30 15:49:15.0000001,11.284086
2009-07-30 15:49:15.0000005,11.284156
2015-01-18 14:06:23.0000005,11.284704
2015-01-18 14:06:23.0000002,11.284245
2015-03-02 14:08:03.0000002,11.284565
2015-03-02 14:08:03.0000001,11.284373
2009-09-07 19:35:39.0000003,11.284652
2009-09-07 19:35:39.0000002,11.284252
2014-07-01 15:15:23.0000004,11.284437
2014-07-01 15:15:23.0000002,11.284693
2014-07-01 15:15:23.0000005,11.283877
2014-07-01 15:15:23.0000006,11.284426
2014-07-01 15:15:23.0000001,11.2842245
2013-04-18 02:55:07.0000001,11.284514
2010-02-10 16:57:19.0000001,11.2842865
2013-02-15 18:45:39.0000001,11.284357
2011-06-22 01:50:11.0000001,11.284616
2014-05-06 23:54:59.0000002,11.284741
2014-05-06 23:54:59.0000004,11.284416
2014-05-06 23:54:59.0000003,11.28404
2014-05-06 23:54:59.0000001,11.284447
2012-04-23 21:05:31.0000003,11.284475
2012-04-23 21:05:31.0000004,11.283847
2012-04-23 21:05:31.0000002,11.284329
2012-04-23 21:05:31.0000006,11.284234
2012-04-23 21:05:31.0000001,11.283811
2012-04-23 21:05:31.0000005,11.2845955
2009-03-20 07:29:39.0000003,11.28426
2009-03-20 07:29:39.0000001,11.284474
2009-03-20 07:29:39.0000002,11.284465
2014-06-25 15:08:19.0000001,11.2846
2014-06-25 15:08:19.0000002,11.284662
2011-06-09 14:51:15.0000003,11.284419
2011-06-09 14:51:15.0000004,11.284346
2011-06-09 14:51:15.0000001,11.284487
2011-06-09 14:51:15.0000002,11.284037
2015-01-27 13:08:24.0000001,11.371567
2011-07-24 14:52:56.0000001,11.371351
2011-10-08 11:53:44.0000001,11.371641
2012-12-01 21:12:12.0000004,11.371716
2013-11-22 15:43:12.0000001,11.371241
2012-07-15 16:45:04.0000005,11.371457
2012-07-15 16:45:04.0000001,11.371692
2014-06-14 13:39:00.00000014,11.371801
2014-06-14 13:39:00.000000113,11.371646
2014-06-14 13:39:00.0000006,11.371541
2014-06-14 13:39:00.000000139,11.371658
2014-06-14 13:39:00.0000004,11.371903
2014-06-14 13:39:00.000000171,11.371835
2014-06-14 13:39:00.00000011,11.371514
2014-06-14 13:39:00.00000064,11.371484
2014-06-14 13:39:00.00000090,11.371519
2014-06-14 13:39:00.00000041,11.371676
2014-06-14 13:39:00.00000081,11.371316
2014-06-14 13:39:00.000000164,11.371614
2014-06-14 13:39:00.00000080,11.37184
2014-06-14 13:39:00.00000026,11.37115
2014-06-14 13:39:00.00000058,11.3716345
2014-06-14 13:39:00.000000150,11.371259
2014-06-14 13:39:00.00000030,11.37159
2014-06-14 13:39:00.00000091,11.37142
2014-06-14 13:39:00.000000175,11.371838
2014-06-14 13:39:00.000000101,11.371453
2014-06-14 13:39:00.00000085,11.370793
2014-06-14 13:39:00.000000105,11.371847
2014-06-14 13:39:00.00000069,11.371973
2014-06-14 13:39:00.000000149,11.371193
2010-08-22 21:14:08.0000004,11.371638
2011-06-24 20:34:48.0000003,11.371597
2011-06-24 20:34:48.0000004,11.371621
2011-03-28 20:38:36.0000001,11.371535
2009-10-21 02:11:24.0000001,11.371887
2011-05-21 13:16:20.0000002,11.371515
2015-01-31 20:54:04.0000003,11.371805
2010-05-10 10:37:04.0000001,11.371529
2010-03-20 21:35:20.0000001,11.371392
2010-03-20 21:35:20.0000002,11.3717375
2012-08-22 22:39:20.0000004,11.371589
2012-08-22 22:39:20.0000002,11.371542
2012-12-23 02:29:16.0000002,11.371613
2011-10-02 23:36:00.00000031,11.371575
2011-10-02 23:36:00.00000070,11.371435
2011-10-02 23:36:00.00000068,11.371743
2011-10-02 23:36:00.00000034,11.371596
2011-10-02 23:36:00.00000042,11.371514
2011-10-02 23:36:00.00000032,11.371674
2011-10-02 23:36:00.00000028,11.371302
2011-10-02 23:36:00.00000078,11.371596
2011-10-02 23:36:00.00000027,11.371443
2011-10-02 23:36:00.00000018,11.3720665
2011-10-02 23:36:00.00000061,11.371783
2011-10-02 23:36:00.00000045,11.371825
2011-10-02 23:36:00.00000016,11.371909
2011-10-02 23:36:00.00000052,11.371485
2011-10-02 23:36:00.00000098,11.371654
2011-10-02 23:36:00.00000048,11.371777
2013-03-21 12:47:28.0000004,11.371486
2013-03-21 12:47:28.0000007,11.371458
2010-09-05 22:31:32.0000001,11.371731
2013-07-12 23:33:24.0000003,11.371858
2015-06-08 20:02:56.0000002,11.371842
2011-10-11 22:13:48.0000001,11.3715
2011-10-11 22:13:48.0000004,11.371275
2013-09-14 16:53:20.0000004,11.37154
2013-09-14 16:53:20.0000003,11.371993
2014-02-06 09:09:56.0000002,11.371706
2009-06-10 16:55:00.00000028,11.371408
2009-06-10 16:55:00.00000020,11.371338
2009-06-10 16:55:00.0000001,11.3715725
2009-06-10 16:55:00.000000133,11.371559
2009-06-10 16:55:00.00000026,11.371594
2009-06-10 16:55:00.000000142,11.371568
2009-06-10 16:55:00.00000038,11.371648
2009-06-10 16:55:00.00000042,11.371723
2009-06-10 16:55:00.000000112,11.371496
2009-06-10 16:55:00.00000096,11.371586
2009-06-10 16:55:00.00000050,11.371618
2009-06-10 16:55:00.00000092,11.371815
2009-06-10 16:55:00.000000167,11.371704
2009-06-10 16:55:00.000000110,11.371692
2009-06-10 16:55:00.00000015,11.371506
2009-06-10 16:55:00.000000104,11.371569
2009-06-10 16:55:00.00000019,11.372577
2009-06-10 16:55:00.000000168,11.37135
2009-06-10 16:55:00.00000059,11.371799
2009-06-10 16:55:00.000000136,11.371722
2009-06-10 16:55:00.00000087,11.371792
2009-06-10 16:55:00.000000134,11.371371
2009-06-10 16:55:00.00000032,11.371551
2013-06-26 11:19:36.0000001,11.371725
2009-05-02 20:11:32.0000002,11.371924
2009-05-02 20:11:32.0000003,11.37131
2011-06-24 12:03:00.00000031,11.37182
2011-06-24 12:03:00.00000064,11.371706
2011-06-24 12:03:00.000000153,11.372064
2011-06-24 12:03:00.00000014,11.371525
2011-06-24 12:03:00.000000192,11.371535
2011-06-24 12:03:00.000000121,11.371373
2011-06-24 12:03:00.000000140,11.371548
2011-06-24 12:03:00.000000155,11.371697
2011-06-24 12:03:00.00000016,11.371618
2011-06-24 12:03:00.00000084,11.371396
2011-06-24 12:03:00.00000080,11.371385
2011-06-24 12:03:00.000000123,11.371479
2011-06-24 12:03:00.000000125,11.371615
2011-06-24 12:03:00.00000032,11.371481
2011-06-24 12:03:00.000000178,11.371995
2011-06-24 12:03:00.00000090,11.371628
2011-06-24 12:03:00.000000166,11.372733
2011-06-24 12:03:00.000000108,11.371517
2011-06-24 12:03:00.00000098,11.371615
2011-06-24 12:03:00.000000104,11.37176
2011-06-24 12:03:00.00000027,11.371522
2011-06-24 12:03:00.000000151,11.371712
2011-06-24 12:03:00.00000099,11.3716545
2011-06-24 12:03:00.00000077,11.372241
2011-06-24 12:03:00.00000019,11.371921
2011-06-24 12:03:00.00000091,11.371895
2011-06-24 12:03:00.000000132,11.371753
2011-06-24 12:03:00.000000161,11.371641
2011-06-24 12:03:00.00000024,11.371335
2011-06-24 12:03:00.00000034,11.371451
2011-06-24 12:03:00.00000050,11.371933
2011-06-24 12:03:00.00000023,11.372207
2011-06-24 12:03:00.00000049,11.371759
2011-06-24 12:03:00.000000115,11.371781
2011-06-24 12:03:00.0000008,11.371253
2014-06-15 07:06:00.00000021,11.373062
2014-06-15 07:06:00.00000032,11.3716135
2014-06-15 07:06:00.00000029,11.371577
2014-06-15 07:06:00.00000043,11.37173
2014-06-15 07:06:00.0000007,11.371635
2014-06-15 07:06:00.00000038,11.371467
2014-06-15 07:06:00.00000020,11.371577
2014-06-15 07:06:00.00000027,11.372027
2012-08-09 01:30:36.0000001,11.371955
2015-05-30 21:29:04.0000002,11.37294
2015-05-30 21:29:04.0000005,11.371433
2009-10-26 12:01:36.0000004,11.37184
2013-02-02 15:45:08.0000004,11.371899
2010-12-14 23:27:36.0000003,11.372228
2010-12-14 23:27:36.0000004,11.371171
2010-12-14 23:27:36.0000002,11.371936
2014-04-14 13:48:32.0000001,11.371713
2014-04-14 13:48:32.0000002,11.371749
2014-08-07 16:57:56.0000001,11.371528
2009-09-14 02:19:00.00000022,11.371884
2009-09-14 02:19:00.00000010,11.371687
2009-09-14 02:19:00.0000004,11.371692
2009-09-14 02:19:00.00000011,11.371401
2009-09-14 02:19:00.00000023,11.371899
2009-09-14 02:19:00.00000041,11.371564
2009-09-14 02:19:00.00000013,11.371863
2014-03-17 16:07:56.0000001,11.371458
2011-06-12 11:31:48.0000003,11.371549
2011-06-12 11:31:48.0000001,11.371205
2011-06-12 11:31:48.0000002,11.372011
2015-06-24 14:19:52.0000003,11.371344
2010-08-21 22:21:32.0000003,11.371828
2012-01-26 11:17:36.0000001,11.371538
2015-02-27 14:15:52.0000001,11.371353
2015-02-27 14:15:52.0000002,11.371725
2014-09-14 17:22:12.0000004,11.371584
2009-01-02 17:45:40.0000004,11.372851
2009-01-02 17:45:40.0000001,11.371575
2009-01-02 17:45:40.0000002,11.371771
2009-01-02 17:45:40.0000003,11.371617
2009-01-01 11:04:24.0000003,11.371455
2009-01-01 11:04:24.0000001,11.371682
2014-04-28 19:46:36.0000001,11.371803
2011-06-01 07:37:00.000000192,11.372136
2011-06-01 07:37:00.000000115,11.371221
2011-06-01 07:37:00.00000089,11.37158
2011-06-01 07:37:00.00000087,11.371679
2011-06-01 07:37:00.000000173,11.371587
2011-06-01 07:37:00.000000166,11.371372
2011-06-01 07:37:00.00000081,11.371333
2011-06-01 07:37:00.00000041,11.371405
2011-06-01 07:37:00.000000102,11.371379
2011-06-01 07:37:00.000000215,11.371711
2011-06-01 07:37:00.0000006,11.371492
2011-06-01 07:37:00.000000161,11.371478
2011-06-01 07:37:00.000000123,11.371606
2011-06-01 07:37:00.000000117,11.3714695
2011-06-01 07:37:00.0000004,11.37159
2011-06-01 07:37:00.000000133,11.371333
2011-06-01 07:37:00.000000160,11.371561
2011-06-01 07:37:00.000000136,11.371789
2011-06-01 07:37:00.000000214,11.371734
2011-06-01 07:37:00.00000047,11.3716
2011-06-01 07:37:00.0000001,11.371505
2011-06-01 07:37:00.00000096,11.371488
2011-06-01 07:37:00.000000150,11.371532
2011-06-01 07:37:00.00000072,11.372057
2011-06-01 07:37:00.00000064,11.3713875
2010-08-27 18:45:00.00000048,11.372001
2010-08-27 18:45:00.000000210,11.371417
2010-08-27 18:45:00.000000159,11.371517
2010-08-27 18:45:00.00000083,11.371992
2010-08-27 18:45:00.000000145,11.371401
2010-08-27 18:45:00.00000096,11.372095
2010-08-27 18:45:00.00000036,11.371211
2010-08-27 18:45:00.00000088,11.371596
2010-08-27 18:45:00.000000116,11.371647
2010-08-27 18:45:00.000000193,11.371795
2010-08-27 18:45:00.000000121,11.37152
2010-08-27 18:45:00.00000074,11.371512
2010-08-27 18:45:00.00000075,11.371655
2010-08-27 18:45:00.000000130,11.3715725
2010-08-27 18:45:00.000000224,11.371709
2010-08-27 18:45:00.00000072,11.37157
2010-08-27 18:45:00.000000128,11.371636
2010-08-27 18:45:00.000000163,11.37169
2010-08-27 18:45:00.000000171,11.371847
2010-08-27 18:45:00.000000157,11.371647
2010-08-27 18:45:00.000000147,11.371667
2010-08-27 18:45:00.000000119,11.372815
2010-08-27 18:45:00.000000111,11.37148
2010-08-27 18:45:00.00000015,11.372039
2010-08-27 18:45:00.00000062,11.371732
2010-08-27 18:45:00.000000127,11.371635
2010-08-27 18:45:00.000000223,11.371261
2010-08-27 18:45:00.000000112,11.371625
2010-08-27 18:45:00.000000201,11.371621
2010-08-27 18:45:00.000000135,11.371688
2010-08-27 18:45:00.00000092,11.371681
2010-08-27 18:45:00.00000056,11.371472
2010-08-27 18:45:00.000000105,11.37178
2010-08-27 18:45:00.000000222,11.371656
2010-08-27 18:45:00.00000023,11.371629
2011-02-12 00:43:24.0000002,11.371544
2014-05-07 06:50:20.0000004,11.371248
2010-08-14 02:13:00.000000131,11.371819
2010-08-14 02:13:00.00000097,11.371452
2010-08-14 02:13:00.00000086,11.371788
2010-08-14 02:13:00.00000051,11.371662
2010-08-14 02:13:00.000000128,11.371638
2010-08-14 02:13:00.00000074,11.371894
2010-08-14 02:13:00.000000169,11.371685
2010-08-14 02:13:00.000000127,11.371727
2010-08-14 02:13:00.00000036,11.371763
2010-08-14 02:13:00.00000068,11.371739
2010-08-14 02:13:00.00000042,11.371491
2010-08-14 02:13:00.000000115,11.371669
2010-08-14 02:13:00.00000029,11.371648
2010-08-14 02:13:00.0000003,11.370786
2010-08-14 02:13:00.00000037,11.371391
2010-08-14 02:13:00.000000121,11.3714695
2010-08-14 02:13:00.00000031,11.371686
2010-08-14 02:13:00.00000094,11.371999
2010-08-14 02:13:00.000000136,11.371896
2010-08-14 02:13:00.00000018,11.371873
2010-08-14 02:13:00.000000125,11.371727
2010-08-14 02:13:00.00000041,11.372132
2010-08-14 02:13:00.000000163,11.371679
2010-08-14 02:13:00.000000126,11.371927
2010-08-14 02:13:00.0000008,11.371698
2010-08-14 02:13:00.00000057,11.371634
2010-08-14 02:13:00.00000050,11.371732
2010-08-14 02:13:00.000000152,11.371808
2014-03-25 23:47:00.00000083,11.371359
2014-03-25 23:47:00.000000139,11.371349
2014-03-25 23:47:00.000000122,11.372103
2014-03-25 23:47:00.00000093,11.371764
2014-03-25 23:47:00.00000039,11.371891
2014-03-25 23:47:00.000000119,11.371897
2014-03-25 23:47:00.00000067,11.371827
2014-03-25 23:47:00.00000034,11.371507
2014-03-25 23:47:00.00000040,11.371536
2014-03-25 23:47:00.000000137,11.371607
2014-03-25 23:47:00.00000076,11.371726
2014-03-25 23:47:00.00000057,11.371812
2014-03-25 23:47:00.000000104,11.371668
2014-03-25 23:47:00.00000069,11.37133
2015-06-05 08:38:56.0000008,11.371583
2010-08-06 20:27:12.0000003,11.3717575
2012-08-03 12:33:08.0000001,11.37186
2010-09-29 16:43:00.00000088,11.371726
2010-09-29 16:43:00.00000034,11.371604
2010-09-29 16:43:00.00000069,11.371507
2010-09-29 16:43:00.000000172,11.371404
2010-09-29 16:43:00.000000152,11.371648
2010-09-29 16:43:00.00000084,11.371537
2010-09-29 16:43:00.000000136,11.371508
2010-09-29 16:43:00.000000126,11.371443
2010-09-29 16:43:00.000000171,11.371847
2010-09-29 16:43:00.000000139,11.371556
2010-09-29 16:43:00.0000002,11.371646
2010-09-29 16:43:00.00000070,11.371324
2010-09-29 16:43:00.00000045,11.371877
2010-09-29 16:43:00.0000009,11.371431
2010-09-29 16:43:00.00000057,11.371376
2010-09-29 16:43:00.000000118,11.371422
2010-09-29 16:43:00.00000042,11.371581
2010-09-29 16:43:00.000000130,11.371764
2010-09-29 16:43:00.00000039,11.37188
2010-09-29 16:43:00.00000032,11.371536
2014-10-27 14:58:00.000000101,11.371444
2014-10-27 14:58:00.00000023,11.371367
2014-10-27 14:58:00.0000006,11.371708
2014-10-27 14:58:00.000000113,11.371795
2014-10-27 14:58:00.000000143,11.371424
2014-10-27 14:58:00.00000090,11.371248
2014-10-27 14:58:00.000000104,11.371405
2014-10-27 14:58:00.000000148,11.371461
2014-10-27 14:58:00.00000060,11.371462
2014-10-27 14:58:00.000000129,11.372061
2014-10-27 14:58:00.00000012,11.371798
2014-10-27 14:58:00.00000035,11.371778
2014-10-27 14:58:00.00000036,11.371394
2014-10-27 14:58:00.000000150,11.371693
2014-10-27 14:58:00.00000050,11.371714
2014-10-27 14:58:00.000000103,11.371328
2014-10-27 14:58:00.00000067,11.371434
2014-10-27 14:58:00.00000066,11.371237
2009-10-08 23:44:56.0000003,11.37176
2012-11-03 17:11:00.00000064,11.371843
2012-11-03 17:11:00.00000074,11.371593
2012-11-03 17:11:00.000000132,11.372581
2012-11-03 17:11:00.00000031,11.37173
2012-11-03 17:11:00.00000028,11.371382
2012-11-03 17:11:00.000000102,11.371399
2012-11-03 17:11:00.00000067,11.371423
2012-11-03 17:11:00.000000162,11.371463
2012-11-03 17:11:00.00000054,11.371635
2012-11-03 17:11:00.00000046,11.371616
2012-11-03 17:11:00.000000113,11.371761
2012-11-03 17:11:00.00000093,11.371512
2012-11-03 17:11:00.00000032,11.372937
2012-11-03 17:11:00.00000052,11.371903
2012-11-03 17:11:00.000000147,11.371345
2012-11-03 17:11:00.000000125,11.371628
2012-11-03 17:11:00.00000086,11.371428
2012-11-03 17:11:00.0000009,11.371587
2012-11-03 17:11:00.000000136,11.371504
2012-11-03 17:11:00.00000077,11.371526
2012-11-03 17:11:00.00000099,11.371405
2012-11-03 17:11:00.00000096,11.371936
2012-11-03 17:11:00.000000161,11.371569
2012-11-03 17:11:00.000000124,11.371811
2012-11-03 17:11:00.00000016,11.372876
2012-11-03 17:11:00.00000058,11.371539
2012-11-03 17:11:00.00000083,11.371596
2012-11-03 17:11:00.00000082,11.371441
2012-11-03 17:11:00.00000075,11.371563
2012-11-03 17:11:00.00000061,11.371457
2012-11-03 17:11:00.00000012,11.371638
2012-11-03 17:11:00.00000057,11.371284
2012-11-03 17:11:00.00000037,11.371465
2012-11-03 17:11:00.000000106,11.371909
2009-05-07 13:58:32.0000002,11.371823
2011-05-28 17:29:44.0000001,11.372025
2011-05-28 17:29:44.0000004,11.371678
2011-12-25 21:26:32.0000002,11.37148
2009-05-06 01:49:12.0000002,11.371695
2009-05-06 01:49:12.0000004,11.371839
2011-03-11 01:44:00.00000030,11.37164
2011-03-11 01:44:00.00000027,11.371864
2011-03-11 01:44:00.0000009,11.371717
2011-03-11 01:44:00.00000047,11.371489
2011-03-11 01:44:00.00000092,11.371597
2011-03-11 01:44:00.0000006,11.371916
2011-03-11 01:44:00.00000056,11.371518
2011-03-11 01:44:00.00000081,11.371977
2011-03-11 01:44:00.00000039,11.371644
2011-03-11 01:44:00.00000077,11.371879
2011-03-11 01:44:00.00000059,11.371367
2011-03-11 01:44:00.00000028,11.371648
2011-03-11 01:44:00.00000036,11.371968
2011-03-11 01:44:00.00000038,11.371613
2011-03-11 01:44:00.00000065,11.371619
2011-03-11 01:44:00.0000003,11.371626
2013-01-27 00:09:12.0000003,11.37168
2012-01-07 11:21:56.0000003,11.371596
2012-01-07 11:21:56.0000001,11.371558
2012-10-31 12:17:24.0000002,11.371805
2012-10-20 02:05:08.0000003,11.371709
2014-10-11 15:11:24.0000003,11.371525
2009-08-17 12:27:08.0000002,11.371513
2014-04-09 09:23:12.0000004,11.371389
2009-11-25 19:32:52.0000004,11.371577
2014-05-30 00:09:16.0000007,11.371686
2014-05-30 00:09:16.0000006,11.371661
2013-01-07 17:08:32.0000002,11.371522
2013-02-18 17:37:28.0000001,11.371191
2011-10-04 09:37:00.00000038,11.372152
2011-10-04 09:37:00.00000095,11.371588
2011-10-04 09:37:00.00000015,11.371628
2011-10-04 09:37:00.00000022,11.371901
2011-10-04 09:37:00.00000052,11.371501
2011-10-04 09:37:00.000000141,11.371543
2011-10-04 09:37:00.000000179,11.371855
2011-10-04 09:37:00.000000148,11.371461
2011-10-04 09:37:00.00000014,11.371398
2011-10-04 09:37:00.00000085,11.371889
2011-10-04 09:37:00.000000162,11.371469
2011-10-04 09:37:00.00000034,11.371768
2011-10-04 09:37:00.00000037,11.371582
2011-10-04 09:37:00.000000111,11.371641
2011-10-04 09:37:00.00000061,11.371464
2011-10-04 09:37:00.000000199,11.371607
2011-10-04 09:37:00.000000158,11.373006
2011-10-04 09:37:00.000000149,11.37175
2011-10-04 09:37:00.00000069,11.371746
2011-10-04 09:37:00.00000077,11.371207
2011-10-04 09:37:00.000000165,11.37202
2011-10-04 09:37:00.00000044,11.372019
2011-10-04 09:37:00.000000191,11.3713455
2011-10-04 09:37:00.000000164,11.371793
2011-10-04 09:37:00.000000135,11.371602
2011-10-04 09:37:00.000000190,11.371453
2011-10-04 09:37:00.000000163,11.371937
2011-10-04 09:37:00.00000054,11.372228
2011-10-04 09:37:00.000000177,11.371706
2011-10-04 09:37:00.00000064,11.371564
2011-10-04 09:37:00.0000003,11.371529
2011-10-04 09:37:00.000000196,11.371986
2011-10-04 09:37:00.000000155,11.371726
2012-10-23 14:15:04.0000002,11.371374
2012-10-18 21:06:20.0000009,11.37141
2012-10-18 21:06:20.0000007,11.3716545
2014-12-24 03:00:00.00000016,11.371616
2014-12-24 03:00:00.00000025,11.371444
2014-12-24 03:00:00.00000029,11.370839
2014-12-24 03:00:00.00000040,11.371286
2014-12-24 03:00:00.0000007,11.371614
2014-12-24 03:00:00.00000019,11.371717
2014-12-24 03:00:00.00000039,11.371417
2010-10-07 10:54:20.0000003,11.371751
2011-02-21 20:11:08.0000006,11.3716345
2009-10-04 22:54:56.0000002,11.371293
2015-04-11 20:31:32.00000011,11.371581
2015-04-11 20:31:32.0000005,11.371854
2011-02-20 12:31:04.0000002,11.3716545
2013-01-01 22:04:56.0000002,11.371481
2013-01-01 22:04:56.0000003,11.371445
2013-04-23 17:52:44.0000003,11.372605
2010-01-01 13:19:40.0000004,11.371661
2010-03-06 23:51:08.0000003,11.371635
2014-04-27 02:57:00.000000155,11.371925
2014-04-27 02:57:00.00000072,11.37155
2014-04-27 02:57:00.00000043,11.371841
2014-04-27 02:57:00.00000073,11.371959
2014-04-27 02:57:00.00000013,11.371795
2014-04-27 02:57:00.000000191,11.371871
2014-04-27 02:57:00.000000171,11.372008
2014-04-27 02:57:00.000000162,11.372045
2014-04-27 02:57:00.00000082,11.37163
2014-04-27 02:57:00.00000023,11.371692
2014-04-27 02:57:00.000000137,11.372108
2014-04-27 02:57:00.00000057,11.371815
2014-04-27 02:57:00.000000174,11.371906
2014-04-27 02:57:00.00000012,11.371891
2014-04-27 02:57:00.000000158,11.371808
2014-04-27 02:57:00.000000138,11.371836
2014-04-27 02:57:00.000000172,11.371719
2014-04-27 02:57:00.000000195,11.371903
2014-04-27 02:57:00.000000131,11.371805
2014-04-27 02:57:00.000000140,11.371835
2014-04-27 02:57:00.000000154,11.371715
2014-04-27 02:57:00.00000036,11.371664
2014-04-27 02:57:00.000000153,11.371771
2014-04-27 02:57:00.000000164,11.371898
2014-04-27 02:57:00.00000031,11.37187
2014-04-27 02:57:00.000000116,11.371844
2014-04-27 02:57:00.000000187,11.371814
2011-01-18 10:26:40.0000001,11.371458
2011-12-13 22:00:00.000000185,11.371732
2011-12-13 22:00:00.000000117,11.3718815
2011-12-13 22:00:00.00000037,11.371533
2011-12-13 22:00:00.000000171,11.371464
2011-12-13 22:00:00.000000194,11.371487
2011-12-13 22:00:00.000000237,11.371504
2011-12-13 22:00:00.000000160,11.371583
2011-12-13 22:00:00.000000145,11.371414
2011-12-13 22:00:00.00000035,11.3716135
2011-12-13 22:00:00.00000081,11.371998
2011-12-13 22:00:00.00000015,11.371498
2011-12-13 22:00:00.000000118,11.371731
2011-12-13 22:00:00.000000140,11.371411
2011-12-13 22:00:00.00000092,11.371842
2011-12-13 22:00:00.00000047,11.371864
2011-12-13 22:00:00.000000119,11.37154
2011-12-13 22:00:00.00000077,11.371564
2011-12-13 22:00:00.00000096,11.371736
2011-12-13 22:00:00.000000152,11.371573
2011-12-13 22:00:00.000000198,11.3719845
2011-12-13 22:00:00.00000043,11.371512
2011-12-13 22:00:00.000000115,11.371427
2011-12-13 22:00:00.000000236,11.371936
2011-12-13 22:00:00.000000200,11.371457
2011-12-13 22:00:00.0000001,11.371568
2011-12-13 22:00:00.000000251,11.371591
2011-12-13 22:00:00.00000049,11.371864
2011-12-13 22:00:00.00000034,11.371608
2011-12-13 22:00:00.000000262,11.371655
2011-12-13 22:00:00.00000018,11.371687
2011-12-13 22:00:00.000000108,11.37184
2011-12-13 22:00:00.00000084,11.371477
2014-05-13 07:33:52.0000005,11.371243
2011-06-30 09:37:08.0000001,11.371605
2009-01-28 16:36:28.0000004,11.371468
2010-07-21 22:06:12.0000004,11.371798
2013-05-24 13:37:32.0000003,11.371613
2013-05-24 13:37:32.0000002,11.371557
2014-03-05 21:07:12.0000002,11.371181
2014-03-05 21:07:12.0000005,11.3718605
2009-11-28 15:07:24.0000002,11.371625
2010-07-31 15:47:28.0000002,11.371251
2013-11-22 15:36:36.0000001,11.371364
2011-06-26 18:48:08.0000003,11.37199
2011-10-17 18:49:20.0000001,11.371504
2011-10-17 18:49:20.0000004,11.371636
2014-07-21 18:19:00.00000053,11.371774
2014-07-21 18:19:00.00000085,11.371609
2014-07-21 18:19:00.000000175,11.371648
2014-07-21 18:19:00.00000076,11.371491
2014-07-21 18:19:00.000000147,11.371608
2014-07-21 18:19:00.0000001,11.371812
2014-07-21 18:19:00.0000007,11.371664
2014-07-21 18:19:00.000000234,11.37162
2014-07-21 18:19:00.000000188,11.371632
2014-07-21 18:19:00.00000024,11.371283
2014-07-21 18:19:00.000000158,11.371495
2014-07-21 18:19:00.00000093,11.371374
2014-07-21 18:19:00.00000081,11.371842
2014-07-21 18:19:00.000000206,11.371774
2014-07-21 18:19:00.00000095,11.371642
2014-07-21 18:19:00.000000164,11.371289
2014-07-21 18:19:00.00000062,11.371522
2014-07-21 18:19:00.000000140,11.371695
2014-07-21 18:19:00.000000155,11.371667
2014-07-21 18:19:00.000000170,11.371526
2014-07-21 18:19:00.000000238,11.371981
2014-07-21 18:19:00.000000207,11.371533
2014-07-21 18:19:00.00000016,11.371561
2014-07-21 18:19:00.000000237,11.371405
2014-07-21 18:19:00.00000045,11.371589
2014-07-21 18:19:00.000000110,11.371252
2014-07-21 18:19:00.000000157,11.371597
2014-07-21 18:19:00.000000236,11.371691
2014-07-21 18:19:00.000000151,11.371721
2014-07-21 18:19:00.000000192,11.371554
2014-07-21 18:19:00.00000086,11.371686
2014-07-21 18:19:00.00000040,11.371803
2014-07-21 18:19:00.000000209,11.371146
2014-07-21 18:19:00.000000138,11.371513
2014-07-21 18:19:00.000000131,11.371505
2014-07-21 18:19:00.000000243,11.371626
2014-07-21 18:19:00.000000199,11.371896
2014-07-21 18:19:00.00000041,11.371546
2014-07-21 18:19:00.000000180,11.371764
2014-07-21 18:19:00.00000052,11.371528
2014-07-21 18:19:00.00000084,11.371611
2011-06-13 09:55:04.0000006,11.371616
2011-06-13 09:55:04.0000002,11.371484
2014-12-27 22:31:56.0000001,11.371746
2014-12-27 22:31:56.0000003,11.371515
2010-09-20 16:48:00.00000050,11.371665
2010-09-20 16:48:00.00000055,11.371496
2010-09-20 16:48:00.000000154,11.371557
2010-09-20 16:48:00.000000106,11.371615
2010-09-20 16:48:00.000000163,11.371454
2010-09-20 16:48:00.000000121,11.372687
2010-09-20 16:48:00.000000111,11.372625
2010-09-20 16:48:00.000000124,11.371578
2010-09-20 16:48:00.000000143,11.37107
2010-09-20 16:48:00.000000131,11.371525
2010-09-20 16:48:00.000000137,11.37162
2010-09-20 16:48:00.000000142,11.371543
2010-09-20 16:48:00.00000036,11.371529
2010-09-20 16:48:00.0000007,11.371442
2010-09-20 16:48:00.000000112,11.371383
2010-09-20 16:48:00.000000104,11.371628
2010-09-20 16:48:00.00000056,11.371804
2010-09-20 16:48:00.000000114,11.371593
2010-09-20 16:48:00.000000152,11.371672
2010-09-20 16:48:00.00000072,11.371545
2010-09-20 16:48:00.0000004,11.371377
2010-09-20 16:48:00.00000058,11.371539
2010-09-20 16:48:00.00000081,11.371657
2010-09-20 16:48:00.000000116,11.371515
2010-09-20 16:48:00.00000040,11.371499
2010-09-20 16:48:00.00000019,11.371837
2010-09-20 16:48:00.000000134,11.371634
2010-09-20 16:48:00.00000084,11.37262
2010-09-20 16:48:00.00000016,11.371848
2010-09-20 16:48:00.000000103,11.371597
2012-08-20 14:47:36.0000001,11.371648
2011-12-01 01:36:08.0000001,11.371832
2014-03-29 14:59:28.0000001,11.371376
2014-08-18 01:19:48.0000001,11.371816
2012-04-30 20:04:20.0000001,11.371687
2013-07-13 18:28:20.0000003,11.372043
2014-10-07 19:04:08.0000003,11.371692
2014-10-07 19:04:08.0000001,11.371523
2013-08-21 09:32:24.0000001,11.371927
2015-01-26 07:13:44.0000001,11.371773
2011-03-06 21:01:00.0000003,11.371912
2011-03-06 21:01:00.000000155,11.37159
2011-03-06 21:01:00.000000164,11.371896
2011-03-06 21:01:00.000000131,11.371733
2011-03-06 21:01:00.00000091,11.371535
2011-03-06 21:01:00.000000144,11.371904
2011-03-06 21:01:00.000000132,11.371662
2011-03-06 21:01:00.000000134,11.371522
2011-03-06 21:01:00.000000110,11.371521
2011-03-06 21:01:00.00000058,11.371687
2011-03-06 21:01:00.00000081,11.372895
2011-03-06 21:01:00.00000048,11.371681
2011-03-06 21:01:00.00000079,11.371647
2011-03-06 21:01:00.000000142,11.371691
2011-03-06 21:01:00.00000090,11.371789
2011-03-06 21:01:00.000000125,11.371815
2011-03-06 21:01:00.000000119,11.371279
2011-03-06 21:01:00.000000117,11.371547
2011-03-06 21:01:00.00000065,11.371783
2011-03-06 21:01:00.000000163,11.371505
2011-03-06 21:01:00.000000159,11.37158
2011-03-06 21:01:00.000000112,11.3716755
2011-03-06 21:01:00.00000013,11.371489
2011-03-06 21:01:00.000000121,11.371732
2011-03-06 21:01:00.000000152,11.37156
2011-03-06 21:01:00.00000059,11.371735
2011-03-06 21:01:00.00000041,11.37167
2011-03-06 21:01:00.000000174,11.3719845
2011-03-06 21:01:00.000000171,11.371376
2011-03-06 21:01:00.00000069,11.371547
2011-03-06 21:01:00.00000050,11.371812
2011-03-06 21:01:00.00000039,11.371691
2011-03-06 21:01:00.00000082,11.37152
2011-03-06 21:01:00.000000165,11.371365
2011-03-06 21:01:00.000000103,11.3714075
2011-03-06 21:01:00.00000063,11.371452
2011-03-06 21:01:00.000000100,11.371586
2011-03-06 21:01:00.000000124,11.371812
2011-03-06 21:01:00.000000126,11.371457
2011-03-06 21:01:00.00000068,11.371627
2011-03-06 21:01:00.00000030,11.37125
2009-11-24 08:58:48.0000008,11.371444
2009-11-24 08:58:48.0000004,11.371496
2011-05-30 09:32:56.0000002,11.371616
2010-01-02 12:20:32.0000001,11.371739
2010-10-05 02:09:00.00000026,11.371684
2010-10-05 02:09:00.00000016,11.3713875
2010-10-05 02:09:00.00000019,11.371278
2010-10-05 02:09:00.00000014,11.37154
2010-10-05 02:09:00.0000004,11.371772
2010-10-05 02:09:00.00000025,11.371598
2010-10-05 02:09:00.0000009,11.371793
2012-01-25 22:43:44.0000005,11.371467
2010-12-01 22:04:52.0000002,11.371947
2013-06-23 02:54:32.0000001,11.371681
2013-11-18 15:07:28.0000003,11.37156
2013-08-06 23:56:32.0000002,11.3715315
2013-08-06 23:56:32.0000001,11.371918
2012-03-10 02:36:04.0000004,11.372349
2014-04-13 17:35:52.0000001,11.371543
2013-09-14 16:03:12.0000001,11.371522
2013-09-14 16:03:12.0000002,11.371636
2013-09-14 16:03:12.0000003,11.371787
2014-04-05 18:27:08.0000001,11.371535
2014-04-05 18:27:08.0000002,11.371659
2009-12-02 15:59:56.0000003,11.371546
2010-01-03 02:03:40.0000001,11.371495
2011-01-30 14:38:24.0000001,11.371379
2011-04-16 21:23:16.0000005,11.371385
2009-05-31 21:24:56.0000002,11.371447
2009-07-14 17:59:12.0000002,11.371907
2009-12-18 12:37:04.0000003,11.37202
2012-11-21 15:12:48.0000002,11.3716
2011-10-07 22:08:20.0000002,11.37175
2011-10-07 22:08:20.0000001,11.371812
2011-10-07 22:08:20.0000004,11.371619
2013-09-24 21:16:40.0000008,11.371449
2013-09-24 21:16:40.0000005,11.371626
2014-01-25 12:36:52.0000003,11.371594
2012-01-26 07:33:00.000000101,11.371556
2012-01-26 07:33:00.00000057,11.371828
2012-01-26 07:33:00.000000175,11.371744
2012-01-26 07:33:00.00000024,11.371396
2012-01-26 07:33:00.00000097,11.371571
2012-01-26 07:33:00.000000115,11.371989
2012-01-26 07:33:00.00000039,11.371848
2012-01-26 07:33:00.000000161,11.371269
2012-01-26 07:33:00.000000173,11.372125
2012-01-26 07:33:00.000000183,11.371484
2012-01-26 07:33:00.00000020,11.371766
2012-01-26 07:33:00.00000022,11.371383
2012-01-26 07:33:00.000000136,11.3715925
2012-01-26 07:33:00.0000008,11.37172
2012-01-26 07:33:00.000000100,11.371323
2012-01-26 07:33:00.00000023,11.37167
2012-01-26 07:33:00.00000056,11.3718605
2012-01-26 07:33:00.00000018,11.371783
2012-01-26 07:33:00.00000076,11.371469
2012-01-26 07:33:00.00000080,11.371653
2012-01-26 07:33:00.000000104,11.37176
2012-01-26 07:33:00.00000082,11.371556
2012-01-26 07:33:00.00000025,11.371578
2012-01-26 07:33:00.000000181,11.364235
2012-01-26 07:33:00.000000105,11.371716
2015-03-20 23:34:40.0000001,11.3716755
2015-03-20 23:34:40.0000008,11.371954
2015-03-20 23:34:40.0000003,11.371578
2013-12-14 03:20:48.0000003,11.372056
2010-12-09 07:29:00.000000164,11.371345
2010-12-09 07:29:00.000000141,11.371612
2010-12-09 07:29:00.00000073,11.371465
2010-12-09 07:29:00.00000062,11.371582
2010-12-09 07:29:00.000000139,11.371748
2010-12-09 07:29:00.00000079,11.37199
2010-12-09 07:29:00.000000145,11.371441
2010-12-09 07:29:00.0000006,11.371541
2010-12-09 07:29:00.00000066,11.371625
2010-12-09 07:29:00.000000171,11.371894
2010-12-09 07:29:00.000000136,11.371384
2010-12-09 07:29:00.00000026,11.371381
2010-12-09 07:29:00.00000044,11.371615
2010-12-09 07:29:00.00000083,11.371666
2010-12-09 07:29:00.00000028,11.371661
2010-12-09 07:29:00.000000168,11.371454
2010-12-09 07:29:00.000000180,11.371642
2010-12-09 07:29:00.00000094,11.371815
2010-12-09 07:29:00.00000080,11.3720045
2010-12-09 07:29:00.000000181,11.371371
2010-12-09 07:29:00.00000086,11.371662
2011-09-25 13:01:20.0000002,11.371368
2014-02-20 18:49:04.0000001,11.3718605
2010-08-21 23:02:28.0000004,11.371519
2010-08-21 23:02:28.0000001,11.371947
2010-08-21 23:02:28.0000002,11.371595
2012-05-08 03:50:00.00000017,11.371834
2012-05-08 03:50:00.00000010,11.371721
2012-05-08 03:50:00.0000005,11.3712015
2009-07-31 07:30:56.0000003,11.371573
2012-03-06 07:33:04.0000001,11.371941
2015-03-12 19:43:24.0000006,11.371454
2014-01-18 17:43:28.0000001,11.371725
2011-09-04 01:36:36.0000001,11.371559
2010-08-09 08:53:56.0000001,11.371716
2015-02-01 00:48:44.0000002,11.371731
2014-01-26 15:28:52.0000001,11.3714695
2014-01-26 15:28:52.0000002,11.3718605
2011-12-06 11:07:40.0000004,11.371121
2011-07-12 19:41:48.0000001,11.37148
2010-09-16 14:27:16.0000002,11.37169
2015-02-14 20:20:56.0000003,11.371398
2009-01-22 12:27:20.0000002,11.371475
2011-04-23 21:22:20.0000003,11.371511
2011-04-23 21:22:20.0000004,11.37158
2015-02-21 18:39:16.0000003,11.371973
2015-02-21 18:39:16.0000004,11.371702
2009-04-23 00:05:40.0000002,11.371736
2013-03-09 21:40:52.0000001,11.371664
2010-07-22 09:37:12.0000002,11.371452
2012-07-31 02:46:40.0000001,11.371588
2015-02-21 17:23:28.0000004,11.371374
2012-11-19 22:15:32.0000001,11.371477
2009-01-26 18:26:48.0000005,11.371903
2009-09-22 11:47:24.0000001,11.371975
2012-07-05 18:30:36.0000004,11.371826
2012-11-20 21:54:00.000000225,11.371781
2012-11-20 21:54:00.00000025,11.371433
2012-11-20 21:54:00.00000036,11.371507
2012-11-20 21:54:00.000000102,11.371515
2012-11-20 21:54:00.000000105,11.371546
2012-11-20 21:54:00.000000167,11.371601
2012-11-20 21:54:00.000000186,11.371598
2012-11-20 21:54:00.000000172,11.371545
2012-11-20 21:54:00.000000202,11.371369
2012-11-20 21:54:00.000000179,11.371912
2012-11-20 21:54:00.000000110,11.371516
2012-11-20 21:54:00.00000076,11.371483
2012-11-20 21:54:00.000000195,11.371775
2012-11-20 21:54:00.000000131,11.371901
2012-11-20 21:54:00.0000002,11.371825
2012-11-20 21:54:00.00000068,11.3715
2012-11-20 21:54:00.000000138,11.371646
2012-11-20 21:54:00.00000090,11.371466
2012-11-20 21:54:00.000000169,11.371616
2012-11-20 21:54:00.00000065,11.371756
2012-11-20 21:54:00.000000121,11.371754
2012-11-20 21:54:00.00000024,11.3716755
2012-11-20 21:54:00.000000123,11.371599
2012-11-20 21:54:00.000000100,11.37196
2012-11-20 21:54:00.0000004,11.371521
2012-11-20 21:54:00.00000098,11.371607
2012-11-20 21:54:00.000000205,11.371672
2012-11-20 21:54:00.000000103,11.37209
2012-11-20 21:54:00.00000092,11.371799
2012-11-20 21:54:00.00000040,11.371691
2012-11-20 21:54:00.00000069,11.371661
2012-11-20 21:54:00.000000148,11.3715105
2012-11-20 21:54:00.000000233,11.371983
2014-06-23 00:16:00.00000054,11.371786
2014-06-23 00:16:00.00000059,11.371687
2014-06-23 00:16:00.00000051,11.371982
2014-06-23 00:16:00.00000012,11.371785
2014-06-23 00:16:00.00000046,11.372132
2014-06-23 00:16:00.00000032,11.371731
2014-06-23 00:16:00.00000017,11.371394
2014-06-23 00:16:00.0000006,11.372074
2014-06-23 00:16:00.00000084,11.371666
2014-06-23 00:16:00.00000021,11.372668
2014-06-23 00:16:00.0000007,11.371687
2014-06-23 00:16:00.00000045,11.37177
2014-06-23 00:16:00.00000083,11.371269
2014-06-23 00:16:00.00000048,11.371516
2014-06-23 00:16:00.00000058,11.371902
2014-06-23 00:16:00.00000075,11.371317
2014-06-23 00:16:00.00000027,11.371408
2014-06-23 00:16:00.00000031,11.371492
2009-04-25 10:52:56.0000001,11.371176
2009-04-25 10:52:56.0000003,11.371181
2009-04-20 11:11:40.0000002,11.371582
2009-10-22 21:57:36.0000001,11.371754
2013-11-28 11:00:04.0000001,11.371833
2014-05-25 15:07:04.0000001,11.371474
2011-08-18 13:00:16.0000001,11.371414
2013-09-25 22:00:00.000000167,11.371589
2013-09-25 22:00:00.00000033,11.371786
2013-09-25 22:00:00.000000122,11.371604
2013-09-25 22:00:00.000000236,11.371442
2013-09-25 22:00:00.000000193,11.371702
2013-09-25 22:00:00.000000239,11.371557
2013-09-25 22:00:00.00000086,11.371531
2013-09-25 22:00:00.000000201,11.371751
2013-09-25 22:00:00.000000170,11.371796
2013-09-25 22:00:00.00000080,11.3717
2013-09-25 22:00:00.00000021,11.371189
2013-09-25 22:00:00.000000240,11.371485
2013-09-25 22:00:00.00000046,11.371774
2013-09-25 22:00:00.000000231,11.371543
2013-09-25 22:00:00.00000027,11.371639
2013-09-25 22:00:00.00000045,11.371714
2013-09-25 22:00:00.000000108,11.371366
2013-09-25 22:00:00.000000125,11.371854
2013-09-25 22:00:00.000000232,11.371716
2013-09-25 22:00:00.000000184,11.371727
2013-09-25 22:00:00.00000096,11.371802
2013-09-25 22:00:00.000000158,11.371595
2013-09-25 22:00:00.000000131,11.371404
2013-09-25 22:00:00.000000207,11.371536
2013-09-25 22:00:00.00000068,11.371674
2013-09-25 22:00:00.000000194,11.371799
2013-09-25 22:00:00.00000011,11.37261
2013-09-25 22:00:00.000000243,11.3718405
2013-09-25 22:00:00.000000138,11.371249
2013-09-25 22:00:00.00000069,11.371319
2013-09-25 22:00:00.00000067,11.371691
2013-09-25 22:00:00.000000152,11.371524
2013-07-20 12:06:44.0000002,11.371737
2013-07-20 12:06:44.0000001,11.371525
2014-07-11 12:36:08.0000003,11.371861
2014-01-31 11:11:05.0000002,11.371731
2014-08-31 04:03:29.0000002,11.371668
2014-08-31 04:03:29.0000003,11.371701
2014-08-01 18:38:09.0000004,11.3718605
2014-08-01 18:38:09.0000003,11.371409
2009-05-16 14:53:41.0000005,11.371414
2009-05-16 14:53:41.0000001,11.371585
2009-05-16 14:53:41.0000004,11.371781
2013-08-26 11:47:37.0000001,11.3715315
2010-10-30 13:31:13.0000001,11.371838
2014-05-09 00:30:41.0000004,11.371174
2012-03-05 13:24:37.0000002,11.371812
2010-07-01 22:11:33.0000005,11.371782
2010-07-01 22:11:33.0000006,11.371317
2012-01-07 21:39:05.0000001,11.372536
2012-05-26 00:31:25.0000001,11.37164
2014-10-07 11:52:13.0000006,11.371385
2015-06-13 19:17:09.0000005,11.371588
2009-11-28 13:50:17.0000004,11.371488
2009-11-28 13:50:17.0000002,11.371444
2015-01-13 12:07:53.0000005,11.371543
2015-01-13 12:07:53.0000003,11.371565
2012-01-31 09:15:49.0000001,11.371456
2011-03-22 12:59:49.0000002,11.371348
2011-03-22 12:59:49.0000006,11.371695
2013-07-05 00:58:17.0000001,11.371448
2010-01-30 00:57:21.0000002,11.371838
2009-10-16 16:14:41.0000002,11.371607
2011-03-13 05:34:57.0000002,11.371948
2015-02-26 23:20:13.00000010,11.371659
2013-10-09 15:11:41.0000004,11.3717985
2011-09-01 09:53:49.0000004,11.371603
2010-09-28 00:16:53.0000003,11.371377
2010-07-25 04:03:17.0000003,11.371978
2010-07-25 04:03:17.0000002,11.371773
2013-09-19 21:24:21.0000001,11.371553
2011-02-04 09:12:53.0000004,11.371435
2012-03-08 12:33:25.0000003,11.371598
2009-07-31 18:15:57.0000001,11.371463
2009-07-10 20:17:05.0000003,11.371406
2010-08-21 21:56:25.0000002,11.371528
2010-10-09 17:11:17.0000001,11.371674
2009-09-25 15:13:57.0000001,11.371483
2009-09-25 15:13:57.0000003,11.371245
2009-09-25 15:13:57.0000002,11.371357
2010-05-03 08:36:41.0000004,11.371518
2011-01-24 20:18:49.0000003,11.371464
2010-01-23 14:32:17.0000003,11.371347
2012-06-02 01:16:05.0000004,11.371651
2011-10-20 13:46:33.0000003,11.371663
2014-10-28 12:23:09.0000001,11.371916
2011-07-11 20:43:33.0000004,11.371668
2011-07-11 20:43:33.0000005,11.37149
2011-07-11 20:43:33.0000001,11.3715515
2013-02-23 14:25:29.0000002,11.371656
2010-01-30 18:58:33.0000008,11.371671
2010-01-30 18:58:33.0000006,11.371552
2010-01-30 18:58:33.0000001,11.371423
2014-06-22 14:49:13.0000001,11.371432
2014-06-22 14:49:13.0000005,11.371301
2015-03-14 02:23:17.0000006,11.372017
2015-03-14 02:23:17.0000002,11.371181
2015-03-14 02:23:17.0000004,11.372358
2012-03-12 01:08:09.0000001,11.371939
2014-09-25 20:52:09.0000002,11.371786
2014-09-25 20:52:09.0000005,11.371843
2012-12-15 06:35:45.0000001,11.3721285
2012-01-05 05:51:01.0000001,11.371825
2013-10-15 08:16:21.0000002,11.372006
2014-08-26 23:35:49.0000002,11.371401
2009-08-28 23:01:41.0000001,11.371787
2009-08-28 23:01:41.0000006,11.371769
2014-12-16 13:40:25.0000003,11.371553
2012-12-09 22:30:13.0000006,11.371542
2012-12-09 22:30:13.0000002,11.371725
2012-12-09 22:30:13.0000004,11.371554
2011-05-11 19:56:09.0000001,11.371932
2014-08-08 00:02:41.0000004,11.371744
2014-08-08 00:02:41.0000002,11.371838
2013-09-12 12:50:13.0000007,11.371636
2013-09-12 12:50:13.0000003,11.371533
2013-09-12 12:50:13.0000001,11.371189
2011-06-26 03:33:25.0000002,11.371523
2011-09-18 18:33:13.0000003,11.371829
2014-03-04 16:24:45.0000001,11.371165
2014-11-10 10:52:41.0000001,11.37173
2009-12-22 15:59:53.0000003,11.371498
2014-05-08 21:23:41.0000001,11.371708
2012-07-15 03:53:37.0000001,11.37156
2012-07-15 03:53:37.0000002,11.371702
2012-07-15 03:53:37.0000003,11.371207
2013-06-10 11:29:13.0000001,11.371814
2015-04-25 01:06:17.0000007,11.371914
2015-04-25 01:06:17.0000003,11.371488
2012-10-28 13:55:57.0000001,11.3718605
2011-06-12 01:07:57.0000003,11.371808
2014-12-11 15:20:49.0000001,11.371665
2011-06-19 04:08:49.0000002,11.371885
2012-04-14 22:29:37.0000001,11.371957
2015-06-02 09:11:17.0000007,11.371751
2011-10-08 12:54:49.0000002,11.371539
2009-06-02 08:34:33.0000001,11.371979
2011-10-01 15:04:57.0000001,11.371731
2013-06-22 01:59:25.0000002,11.371787
2010-12-15 08:39:33.0000005,11.371864
2012-05-26 11:54:53.0000001,11.371367
2012-05-26 11:54:53.0000002,11.371369
2014-01-11 19:20:17.0000001,11.371595
2015-01-05 21:43:13.0000001,11.37173
2011-07-19 22:20:41.0000002,11.371981
2011-07-19 22:20:41.0000004,11.371824
2011-07-19 22:20:41.0000001,11.3716135
2012-03-18 02:27:41.0000001,11.371645
2009-01-19 19:48:17.0000001,11.371569
2009-01-19 19:48:17.0000002,11.371913
2013-01-13 00:20:53.0000001,11.371467
2013-11-28 13:17:13.0000002,11.371822
2012-06-10 00:46:17.0000006,11.371617
2012-06-10 00:46:17.0000003,11.372026
2012-06-10 00:46:17.0000005,11.371503
2010-02-20 04:04:13.0000004,11.371868
2014-01-01 16:33:01.0000005,11.371634
2010-10-01 13:11:05.0000001,11.37156
2012-04-14 14:20:33.0000001,11.371994
2015-05-17 04:17:33.0000005,11.371817
2014-07-26 23:31:41.0000003,11.371628
2014-07-26 23:31:41.0000002,11.3715725
2009-11-07 16:37:49.0000004,11.37151
2011-01-07 09:25:57.0000003,11.371459
2012-07-18 16:28:21.0000001,11.371566
2013-03-08 19:03:09.0000003,11.37175
2009-12-10 22:45:01.0000004,11.371856
2012-07-13 11:00:05.0000004,11.371499
2013-04-28 10:36:37.0000001,11.371717
2009-04-23 02:42:05.0000003,11.371774
2013-06-08 16:55:13.0000003,11.371572
2012-10-25 16:20:37.0000004,11.37145
2012-10-25 16:20:37.0000003,11.371481
2012-07-31 20:04:53.0000006,11.371514
2012-07-31 20:04:53.0000002,11.371705
2009-07-14 22:41:09.0000003,11.371518
2011-09-03 19:22:17.0000001,11.371772
2011-09-03 19:22:17.0000003,11.371734
2011-09-03 19:22:17.0000002,11.371609
2013-11-21 14:19:21.0000001,11.372731
2015-01-02 11:55:57.0000003,11.37163
2013-11-23 22:19:37.0000004,11.3713255
2013-11-23 22:19:37.0000003,11.371771
2013-11-23 22:19:37.0000005,11.371497
2011-04-04 19:54:33.0000001,11.371836
2014-07-14 16:18:37.0000002,11.37177
2014-03-18 19:55:17.0000001,11.371908
2010-06-05 23:05:25.0000006,11.371427
2014-09-09 22:48:37.0000001,11.371552
2014-09-09 22:48:37.0000002,11.371367
2014-03-28 21:55:17.0000003,11.37192
2014-03-28 21:55:17.0000001,11.371496
2009-09-24 22:41:17.0000001,11.371715
2012-04-27 18:37:09.0000002,11.371741
2014-04-05 18:11:33.0000002,11.371628
2013-11-07 22:25:25.0000003,11.371826
2013-11-07 22:25:25.0000001,11.371767
2012-06-30 03:53:29.0000002,11.37171
2011-05-19 16:01:41.0000001,11.371719
2010-01-11 12:38:33.0000002,11.371285
2010-10-16 09:26:33.0000001,11.371368
2010-10-16 09:26:33.0000003,11.371508
2014-07-25 18:06:37.0000007,11.371676
2014-05-13 21:07:29.0000004,11.372044
2014-05-13 21:07:29.0000001,11.3719225
2013-11-16 18:33:25.0000005,11.3715725
2009-08-02 14:01:33.0000004,11.371555
2015-01-12 15:36:37.0000008,11.37134
2013-05-26 15:18:37.0000005,11.371906
2013-05-26 15:18:37.0000001,11.37194
2013-05-26 15:18:37.0000003,11.371669
2009-09-20 23:07:01.0000001,11.371517
2009-09-25 21:43:49.0000004,11.371626
2009-09-25 21:43:49.00000010,11.371978
2009-03-22 20:58:33.0000003,11.371523
2011-12-09 21:19:25.0000001,11.371906
2013-07-05 20:44:49.0000001,11.371841
2013-12-20 15:58:29.0000006,11.371914
2013-12-20 15:58:29.0000001,11.371508
2014-10-06 14:37:25.0000005,11.372598
2015-01-18 23:09:25.0000001,11.371556
2014-02-06 13:26:49.0000002,11.371659
2013-02-27 19:25:13.0000001,11.371768
2009-09-15 08:28:53.0000003,11.371797
2012-07-18 22:34:53.0000003,11.3716545
2011-05-17 22:09:17.0000002,11.371802
2010-09-19 17:13:29.0000008,11.371876
2010-09-19 17:13:29.0000006,11.372066
2013-03-19 18:08:29.0000002,11.371294
2013-03-19 18:08:29.0000001,11.371395
2011-04-23 11:01:49.0000001,11.371707
2013-07-04 05:39:13.0000001,11.371471
2010-11-08 10:01:37.0000003,11.371611
2009-04-01 19:28:09.0000001,11.371362
2011-11-26 02:04:29.0000004,11.371888
2011-11-26 02:04:29.0000003,11.37154
2009-01-11 07:56:01.0000001,11.371502
2012-05-30 09:19:13.0000002,11.371499
2014-10-28 22:42:33.0000003,11.371503
2014-07-19 21:05:37.0000002,11.371379
2012-10-02 14:17:13.0000001,11.371858
2012-10-20 00:36:37.0000002,11.371511
2014-06-19 22:37:09.0000006,11.371488
2014-06-19 22:37:09.0000004,11.371531
2011-05-11 13:24:37.0000002,11.371941
2014-10-13 00:42:05.0000002,11.371897
2013-12-08 10:41:05.0000007,11.371498
2009-07-04 13:00:57.0000002,11.3713665
2015-06-30 04:09:45.0000001,11.371731
2013-09-08 03:47:57.0000002,11.371396
2009-05-15 21:19:13.0000004,11.371731
2010-01-29 08:32:53.0000002,11.371098
2015-05-15 01:51:49.0000003,11.371567
2012-11-12 10:06:17.0000003,11.371732
2013-12-01 22:23:57.0000003,11.372672
2014-01-03 15:48:49.0000001,11.371509
2013-01-19 20:19:45.0000002,11.371834
2015-03-17 21:44:26.0000002,11.371558
2009-01-06 07:36:34.0000005,11.371258
2013-01-20 20:41:26.0000002,11.371481
2015-06-07 00:38:14.0000001,11.371558
2009-01-03 00:51:02.0000002,11.371976
2009-01-03 00:51:02.0000001,11.371364
2009-08-02 05:08:42.0000001,11.37189
2013-10-18 09:06:14.0000002,11.371489
2009-04-26 17:29:42.0000001,11.371629
2015-02-25 22:00:38.0000002,11.372211
2010-10-06 23:31:54.0000001,11.371664
2009-01-21 20:04:30.0000006,11.371775
2013-12-18 14:26:58.0000002,11.371856
2014-04-26 18:02:26.0000003,11.371809
2014-10-05 13:58:18.0000002,11.371759
2014-10-05 13:58:18.0000001,11.371645
2013-05-23 23:54:42.0000004,11.371323
2009-11-23 19:06:14.0000005,11.371158
2010-09-01 08:23:54.0000002,11.371812
2011-12-10 23:39:06.0000001,11.37184
2009-12-17 15:54:46.0000002,11.371484
2010-06-16 18:41:54.0000003,11.37178
2011-11-02 08:21:50.0000003,11.37188
2011-11-02 08:21:50.0000001,11.371599
2009-03-15 03:31:14.0000003,11.371709
2014-09-08 19:07:46.0000001,11.371586
2010-04-24 23:31:50.0000004,11.371899
2010-04-24 23:31:50.0000002,11.371841
2011-03-03 21:31:42.0000004,11.371659
2011-03-03 21:31:42.0000002,11.371503
2011-09-05 10:47:26.0000001,11.37156
2012-09-16 12:48:06.0000002,11.371776
2015-04-10 11:56:54.0000005,11.371648
2013-10-15 23:31:26.0000002,11.371773
2013-06-21 18:06:14.0000002,11.371524
2009-05-19 15:44:30.0000001,11.371391
2014-01-26 08:48:30.0000003,11.371517
2014-12-25 21:32:58.0000002,11.371561
2011-07-30 15:27:58.0000001,11.371644
2010-09-24 22:40:06.0000007,11.371728
2010-02-06 17:37:10.0000005,11.371974
2010-02-06 17:37:10.0000001,11.371585
2012-08-13 15:02:26.0000001,11.371363
2013-01-14 18:42:54.0000004,11.371857
2013-01-14 18:42:54.0000005,11.371627
2009-11-11 21:20:18.0000002,11.371925
2009-04-18 02:44:34.0000004,11.371994
2009-04-18 02:44:34.0000001,11.37163
2014-01-10 12:28:38.0000002,11.371602
2014-10-11 00:26:38.0000004,11.371656
2010-01-30 02:13:06.0000004,11.371797
2009-08-26 23:55:38.0000001,11.37188
2012-09-07 23:20:34.0000002,11.371758
2012-09-07 23:20:34.0000005,11.37184
2015-01-10 14:32:14.0000002,11.372156
2010-05-31 20:43:42.0000001,11.371606
2010-05-31 20:43:42.0000003,11.371648
2014-05-18 14:43:26.0000004,11.371715
2011-10-08 18:18:26.0000002,11.371538
2011-10-08 18:18:26.0000003,11.371859
2010-03-23 13:23:34.0000003,11.371585
2010-12-21 08:46:02.0000001,11.371477
2010-12-21 08:46:02.0000002,11.37128
2010-06-19 22:52:30.0000003,11.371682
2013-01-03 01:43:10.0000002,11.371674
2013-11-24 03:44:46.0000001,11.3718815
2011-04-16 12:57:18.0000002,11.371686
2012-10-11 22:24:18.0000002,11.37168
2011-05-17 23:42:46.0000006,11.371707
2011-05-17 23:42:46.0000003,11.371575
2014-01-09 17:27:18.0000003,11.371389
2014-01-09 17:27:18.0000004,11.371714
2010-01-09 13:24:22.0000002,11.372101
2010-01-09 13:24:22.0000001,11.371342
2009-03-11 21:46:54.0000006,11.371371
2012-08-22 20:54:46.0000004,11.371584
2012-08-22 20:54:46.0000005,11.371595
2009-02-21 20:49:34.0000002,11.371632
2012-08-10 14:04:14.0000001,11.371636
2009-10-17 03:52:42.0000005,11.371899
2014-02-27 09:36:26.0000001,11.371858
2014-03-11 20:24:02.0000005,11.371832
2014-03-11 20:24:02.0000001,11.371512
2015-05-07 15:33:26.0000004,11.371296
2012-09-10 21:07:54.0000008,11.371626
2012-04-20 00:06:10.0000003,11.371534
2012-04-20 00:06:10.0000004,11.371884
2012-06-12 23:10:42.0000004,11.371514
2013-04-21 19:50:54.0000002,11.371614
2013-02-06 18:21:18.0000005,11.371927
2014-05-01 21:05:34.0000001,11.371877
2011-04-22 19:23:54.0000004,11.3717165
2011-09-17 15:41:06.0000002,11.371633
2015-03-05 13:21:58.0000001,11.372516
2015-06-21 17:16:10.0000001,11.371746
2010-06-02 22:04:10.0000002,11.371818
2010-06-02 22:04:10.0000001,11.371739
2015-02-27 19:36:02.0000008,11.371616
2015-02-27 19:36:02.0000005,11.371409
2013-04-06 19:16:10.0000002,11.372198
2014-03-08 16:08:26.0000006,11.371148
2014-03-08 16:08:26.0000005,11.371482
2013-12-06 23:40:42.0000004,11.371536
2013-12-06 23:40:42.0000005,11.371901
2014-09-13 19:05:02.0000001,11.372005
2015-03-12 13:01:54.0000003,11.371706
2015-03-12 13:01:54.0000006,11.371446
2014-10-04 21:48:22.0000001,11.371538
2012-01-22 04:13:34.0000001,11.371756
2012-01-22 04:13:34.0000003,11.371725
2010-12-17 10:33:34.0000003,11.371969
2010-12-17 10:33:34.0000001,11.371807
2012-06-04 11:34:58.0000002,11.371619
2012-12-08 20:08:38.0000001,11.371884
2012-12-08 20:08:38.0000002,11.37151
2013-12-29 01:20:50.0000002,11.371789
2014-03-28 22:34:26.0000002,11.372225
2013-09-07 19:43:18.0000002,11.371594
2013-09-07 19:43:18.0000007,11.371356
2010-03-07 00:47:26.0000002,11.371854
2010-03-07 00:47:26.0000003,11.371803
2010-10-31 18:45:58.0000004,11.371446
2015-02-03 09:00:58.0000003,11.371523
2012-08-08 08:58:50.0000002,11.37154
2011-04-08 15:01:02.0000002,11.3715515
2015-01-10 09:38:54.0000006,11.371699
2015-01-10 09:38:54.0000002,11.371642
2015-01-10 09:38:54.0000005,11.3713455
2015-01-10 09:38:54.0000001,11.371561
2014-10-03 00:50:06.0000003,11.372054
2010-06-18 19:19:26.0000004,11.371659
2013-06-21 00:00:34.0000004,11.371881
2012-02-29 12:03:34.0000003,11.371303
2013-09-16 14:16:34.0000002,11.371652
2011-03-10 18:16:14.0000002,11.37171
2011-05-19 02:06:46.0000001,11.371542
2014-08-08 15:26:18.0000001,11.371577
2009-03-11 12:01:30.0000003,11.371612
2012-07-26 12:40:38.0000004,11.371584
2014-05-26 22:57:10.0000001,11.371764
2010-09-04 18:31:42.0000004,11.371497
2011-09-22 20:05:22.0000002,11.371401
2011-09-22 20:05:22.0000004,11.371812
2014-08-09 01:27:30.0000001,11.371863
2014-10-31 12:04:26.0000003,11.371865
2013-04-10 21:03:42.0000006,11.371523
2011-12-29 19:29:50.0000002,11.371647
2013-03-14 21:43:46.0000002,11.371639
2009-02-08 00:04:06.0000003,11.371838
2012-02-04 22:47:18.0000002,11.371738
2012-05-06 03:01:10.0000001,11.372074
2014-07-08 08:56:58.0000002,11.37139
2014-07-08 08:56:58.0000005,11.3715315
2014-07-08 08:56:58.0000004,11.371806
2014-07-08 08:56:58.0000003,11.371656
2011-02-19 10:14:58.0000001,11.37236
2010-08-16 17:14:18.0000002,11.371855
2012-12-27 21:01:54.0000002,11.371561
2015-05-31 20:48:54.0000002,11.37192
2013-01-06 12:39:54.0000006,11.371603
2010-12-24 04:23:06.0000001,11.372067
2010-11-10 23:21:50.0000001,11.371712
2011-10-01 00:42:26.0000002,11.371625
2013-03-31 00:09:58.0000001,11.372392
2011-07-20 08:05:02.0000001,11.371459
2009-05-03 16:02:54.0000004,11.371421
2012-09-06 17:58:06.0000002,11.371469
2014-04-06 16:47:14.0000001,11.371483
2014-04-06 16:47:14.0000002,11.372917
2014-09-06 03:52:50.0000001,11.371821
2014-01-01 13:06:34.0000002,11.371858
2011-12-25 15:35:54.0000002,11.371792
2011-12-25 15:35:54.0000005,11.371561
2011-12-25 15:35:54.0000001,11.371628
2015-05-14 23:11:58.0000004,11.3723545
2015-04-22 09:54:06.0000001,11.371619
2012-09-01 19:04:18.0000001,11.371503
2013-06-06 02:54:50.0000001,11.37201
2011-09-03 00:03:42.0000007,11.3725395
2013-07-02 22:27:14.0000002,11.371493
2011-07-18 00:04:54.0000001,11.37202
2011-04-03 03:46:18.0000001,11.372009
2010-06-25 14:00:14.0000001,11.371673
2014-09-10 16:40:02.0000001,11.37167
2011-03-01 07:23:14.0000002,11.371561
2011-06-24 13:23:18.0000005,11.372104
2012-01-01 18:02:46.0000001,11.371699
2015-03-28 19:31:26.0000004,11.371517
2010-07-13 11:53:15.0000006,11.371629
2010-07-13 11:53:15.0000005,11.371519
2010-07-13 11:53:15.0000003,11.371654
2013-02-07 13:47:59.0000002,11.37138
2015-05-19 13:58:11.0000006,11.371705
2015-05-19 13:58:11.0000009,11.371401
2012-07-31 22:21:11.0000003,11.371351
2013-01-03 08:50:31.0000003,11.371567
2010-03-18 00:05:43.0000001,11.371848
2009-04-14 17:43:23.0000001,11.372558
2009-04-14 17:43:23.0000002,11.371416
2015-06-15 14:34:03.0000001,11.371493
2014-11-26 06:46:23.0000002,11.371555
2010-12-19 16:25:15.0000002,11.371684
2015-06-18 20:56:55.0000004,11.371592
2015-06-18 20:56:55.0000008,11.371479
2015-04-28 20:15:27.0000003,11.371583
2013-01-23 13:49:19.0000001,11.371533
2012-01-03 08:49:15.0000005,11.371929
2012-06-09 19:03:11.0000005,11.371658
2012-06-09 19:03:11.0000007,11.371682
2009-05-27 02:00:51.0000001,11.3717985
2014-06-07 12:21:11.0000003,11.371642
2011-09-08 22:37:43.0000001,11.371488
2010-06-18 22:52:11.0000001,11.37217
2011-09-13 13:31:51.0000001,11.371805
2011-09-13 13:31:51.0000005,11.371351
2014-10-06 09:24:11.0000005,11.371383
2012-03-15 18:23:55.0000002,11.371463
2013-12-22 21:24:47.0000002,11.371529
2011-11-23 21:07:43.0000001,11.371882
2010-11-17 19:10:23.0000003,11.371797
2010-11-17 19:10:23.0000005,11.371689
2015-02-14 13:15:19.0000007,11.371824
2013-01-12 22:40:39.0000008,11.371686
2013-01-12 22:40:39.0000009,11.371756
2013-01-12 22:40:39.0000007,11.371746
2010-02-15 14:20:31.0000002,11.37171
2010-02-15 14:20:31.0000003,11.371642
2013-03-23 15:41:07.0000003,11.37166
2009-05-08 22:14:51.0000002,11.371559
2010-01-31 00:33:03.0000005,11.371594
2009-01-18 18:22:07.0000002,11.371588
2009-01-28 11:27:19.0000001,11.371617
2015-05-20 19:39:11.0000003,11.371741
2014-01-11 17:47:47.0000001,11.371377
2012-07-12 02:46:07.0000001,11.371532
2014-03-05 23:16:07.0000001,11.371538
2014-12-17 20:56:31.0000003,11.372342
2010-10-09 15:48:51.0000003,11.371459
2013-10-10 11:09:23.0000001,11.3717985
2014-10-12 09:23:55.0000001,11.371283
2013-01-08 07:03:07.0000001,11.371366
2012-10-28 17:21:19.0000001,11.371534
2012-10-28 17:21:19.0000003,11.371452
2014-12-26 20:46:23.0000001,11.371945
2015-05-10 12:37:51.0000003,11.37142
2010-12-11 13:31:11.0000003,11.371527
2010-03-01 22:21:55.0000003,11.371823
2010-03-01 22:21:55.0000002,11.371507
2015-03-08 14:59:23.0000001,11.373095
2015-03-08 14:59:23.0000003,11.371471
2009-06-08 11:06:23.0000001,11.371417
2014-01-26 13:51:39.0000001,11.371538
2014-11-30 15:46:23.0000003,11.371727
2011-08-20 15:50:39.0000001,11.37193
2010-06-22 14:25:19.0000008,11.372583
2010-06-22 14:25:19.0000001,11.371599
2014-05-25 19:46:59.0000003,11.372975
2014-04-04 05:47:11.0000002,11.371489
2013-01-11 20:08:07.0000003,11.371485
2013-01-11 20:08:07.0000001,11.371512
2013-10-09 17:27:39.0000001,11.372614
2015-01-12 17:05:51.0000004,11.371526
2009-01-12 07:47:39.0000001,11.371506
2011-04-28 19:39:43.0000003,11.371351
2014-11-17 00:03:47.0000003,11.371474
2014-11-17 00:03:47.0000001,11.371877
2013-08-18 00:32:15.0000003,11.371918
2013-05-23 12:09:23.0000005,11.371322
2013-05-23 12:09:23.0000004,11.371288
2014-12-11 08:20:39.0000001,11.373093
2014-12-11 08:20:39.0000004,11.371875
2013-12-10 14:00:35.0000002,11.371781
2011-09-10 20:44:59.0000003,11.371677
2011-04-28 09:50:03.0000001,11.371575
2010-02-26 18:34:51.0000001,11.3715105
2013-12-05 23:29:15.0000002,11.3721485
2012-12-13 19:05:27.0000004,11.37153
2012-11-09 18:17:35.0000002,11.371125
2010-07-05 19:21:35.0000001,11.37185
2011-11-29 22:19:51.0000003,11.371431
2009-01-30 22:47:07.0000002,11.371293
2009-01-30 22:47:07.0000005,11.371708
2013-09-26 20:54:19.0000001,11.37184
2014-09-16 18:22:23.0000001,11.371509
2011-06-25 23:18:27.0000003,11.371375
2011-06-25 23:18:27.0000002,11.371708
2009-01-17 02:21:55.0000003,11.371451
2014-11-01 15:31:15.0000001,11.371679
2013-07-12 23:17:31.0000003,11.37166
2013-07-12 23:17:31.0000002,11.371475
2013-07-12 23:17:31.0000001,11.371817
2009-09-24 04:23:47.0000001,11.371327
2009-04-20 21:08:35.0000005,11.3714695
2009-04-20 21:08:35.0000004,11.371792
2009-04-06 13:47:15.0000001,11.371666
2013-11-29 21:36:07.0000002,11.371981
2013-11-29 21:36:07.0000001,11.371555
2012-04-14 11:59:11.0000003,11.371346
2009-03-06 00:13:03.0000002,11.3715315
2010-04-23 00:00:03.0000001,11.371506
2010-05-22 23:46:19.0000004,11.371639
2012-06-09 22:57:15.0000004,11.37145
2010-10-27 02:29:39.0000001,11.371675
2010-10-22 20:56:51.0000003,11.371945
2013-10-07 08:53:39.0000001,11.371611
2011-10-04 11:48:35.0000001,11.371642
2010-12-31 13:32:39.0000002,11.3716955
2010-08-21 20:25:07.0000002,11.371617
2009-11-16 21:03:31.0000005,11.371586
2009-11-16 21:03:31.0000006,11.371689
2010-12-01 21:02:35.0000003,11.37186
2010-04-20 11:53:23.0000001,11.371601
2013-09-20 13:38:55.0000005,11.371592
2013-09-20 13:38:55.0000004,11.371948
2012-09-09 23:40:03.0000002,11.371711
2012-09-09 23:40:03.0000004,11.371488
2010-05-23 15:28:55.0000002,11.371508
2012-10-15 20:10:31.0000005,11.371649
2013-06-07 13:52:55.0000005,11.371615
2009-06-04 19:34:15.0000005,11.371725
2013-09-29 22:12:07.0000001,11.371502
2010-05-02 12:39:55.0000003,11.3718195
2010-05-02 12:39:55.0000001,11.371412
2015-05-20 00:59:15.0000001,11.371575
2009-12-03 18:02:47.0000003,11.371523
2009-12-03 18:02:47.0000002,11.372643
2009-09-28 19:21:59.0000007,11.371545
2009-09-28 19:21:59.0000006,11.371298
2015-05-23 12:59:39.0000003,11.371374
2014-01-11 23:10:59.0000006,11.371457
2010-04-24 20:15:07.0000001,11.37175
2013-05-24 07:22:51.0000001,11.371261
2009-08-06 02:50:03.0000001,11.371798
2014-08-08 17:32:47.0000003,11.371488
2010-09-22 09:42:31.0000003,11.371512
2013-08-19 19:39:23.0000002,11.371849
2015-03-11 16:36:39.0000004,11.371287
2015-05-29 18:59:35.0000006,11.37138
2011-10-26 17:48:43.0000005,11.37163
2009-11-03 19:53:27.0000002,11.372124
2009-11-03 19:53:27.0000001,11.371569
2009-12-19 21:56:15.0000004,11.371906
2009-12-21 21:20:43.0000002,11.371533
2009-08-21 15:35:07.0000001,11.371538
2010-04-25 13:28:47.0000001,11.37154
2010-11-02 18:49:59.0000004,11.371398
2010-04-21 06:28:47.0000001,11.372621
2015-02-11 20:51:51.0000001,11.371463
2013-12-07 01:41:59.0000002,11.371854
2013-05-21 06:52:59.0000003,11.371722
2014-07-12 00:15:59.0000001,11.371826
2010-06-13 19:39:51.0000002,11.371706
2009-03-31 10:27:19.0000003,11.371583
2013-09-14 18:28:03.0000001,11.371315
2015-02-14 09:08:11.0000002,11.371567
2012-01-19 20:26:35.0000002,11.371445
2012-01-19 20:26:35.0000003,11.3718195
2012-01-19 20:26:35.0000006,11.37142
2015-02-25 18:00:51.0000001,11.371392
2015-02-25 18:00:51.0000007,11.371663
2009-08-08 11:41:51.0000003,11.371766
2013-06-02 16:26:47.0000001,11.371582
2011-09-14 00:50:15.0000001,11.371723
2013-02-16 14:26:51.0000003,11.3716135
2012-11-12 11:57:03.0000001,11.371546
2012-01-04 00:06:39.0000002,11.371824
2013-06-21 02:39:47.0000001,11.371285
2010-12-28 20:17:27.0000005,11.371744
2010-12-28 20:17:27.0000003,11.371845
2009-12-12 22:01:31.0000001,11.3716135
2011-05-20 23:42:59.0000001,11.371747
2014-01-04 10:54:59.0000005,11.371728
2014-01-04 10:54:59.0000002,11.371626
2012-02-11 04:52:35.0000001,11.371714
2014-09-14 23:26:11.0000001,11.371895
2014-04-05 01:52:27.0000002,11.371604
2010-02-23 20:29:51.0000004,11.371395
2013-11-01 13:07:47.0000003,11.371615
2015-03-07 15:25:59.0000003,11.371634
2009-04-16 15:57:31.0000001,11.371688
2010-01-10 12:55:43.0000003,11.371418
2010-01-10 12:55:43.0000004,11.371156
2010-01-10 12:55:43.0000001,11.371576
2015-03-16 21:12:19.0000002,11.371803
2015-03-16 21:12:19.0000006,11.3715515
2012-09-29 20:16:51.0000004,11.371821
2009-07-30 15:49:15.0000002,11.367245
2009-07-30 15:49:15.0000004,11.371633
2013-11-18 16:18:39.0000001,11.3726015
2015-01-18 14:06:23.0000001,11.371745
2015-01-18 14:06:23.0000004,11.37143
2015-01-18 14:06:23.0000003,11.371576
2009-09-07 19:35:39.0000001,11.371515
2014-06-14 13:39:00.000000155,11.45868
2014-06-14 13:39:00.000000174,11.4587
2014-06-14 13:39:00.000000104,11.458822
2014-06-14 13:39:00.00000083,11.459867
2014-06-14 13:39:00.00000056,11.459161
2014-06-14 13:39:00.000000102,11.459228
2014-06-14 13:39:00.00000065,11.459267
2014-06-14 13:39:00.000000137,11.458756
2014-06-14 13:39:00.0000002,11.459815
2014-06-14 13:39:00.00000028,11.458698
2014-06-14 13:39:00.000000194,11.458682
2013-06-27 00:20:40.0000002,11.458904
2014-12-30 20:29:24.0000001,11.458463
2011-03-24 15:57:04.0000002,11.4587965
2012-06-09 16:53:44.0000001,11.458714
2011-10-02 23:36:00.0000001,11.459539
2011-10-02 23:36:00.00000050,11.458995
2011-10-02 23:36:00.00000069,11.458864
2011-10-02 23:36:00.00000093,11.458914
2011-10-02 23:36:00.00000010,11.459518
2011-10-02 23:36:00.00000017,11.45918
2011-10-02 23:36:00.00000072,11.459027
2011-10-02 23:36:00.00000025,11.459097
2011-10-02 23:36:00.00000019,11.458949
2013-03-21 12:47:28.0000001,11.458865
2013-06-07 03:02:56.0000003,11.458774
2009-06-10 16:55:00.000000123,11.458774
2009-06-10 16:55:00.000000150,11.459077
2009-06-10 16:55:00.00000064,11.458811
2009-06-10 16:55:00.00000062,11.45907
2009-06-10 16:55:00.0000005,11.459011
2009-06-10 16:55:00.0000006,11.458581
2009-06-10 16:55:00.000000130,11.459003
2009-06-10 16:55:00.000000175,11.45883
2009-06-10 16:55:00.00000041,11.459865
2009-06-10 16:55:00.000000152,11.458837
2009-06-10 16:55:00.000000155,11.459187
2009-06-10 16:55:00.00000061,11.4588995
2011-06-24 12:03:00.000000131,11.458662
2011-06-24 12:03:00.000000184,11.45867
2011-06-24 12:03:00.00000081,11.459094
2011-06-24 12:03:00.0000007,11.458433
2011-06-24 12:03:00.00000028,11.459177
2011-06-24 12:03:00.000000198,11.458915
2014-06-15 07:06:00.0000004,11.458793
2014-06-15 07:06:00.00000011,11.458774
2014-06-06 16:22:20.0000001,11.458654
2009-09-14 02:19:00.00000043,11.4588175
2009-09-14 02:19:00.00000027,11.458471
2009-09-14 02:19:00.00000042,11.459077
2009-09-14 02:19:00.00000034,11.459147
2009-09-14 02:19:00.00000033,11.459019
2010-08-21 22:21:32.0000001,11.459137
2010-08-21 22:21:32.0000002,11.458769
2012-05-06 23:37:24.0000003,11.459131
2013-12-21 17:20:32.0000002,11.459235
2014-04-28 19:46:36.0000002,11.458799
2011-06-01 07:37:00.00000080,11.458977
2011-06-01 07:37:00.000000164,11.4586315
2011-06-01 07:37:00.00000074,11.458791
2011-06-01 07:37:00.00000085,11.458965
2011-06-01 07:37:00.0000003,11.4588585
2011-06-01 07:37:00.000000159,11.458757
2011-06-01 07:37:00.00000052,11.459366
2011-06-01 07:37:00.000000218,11.459194
2011-06-01 07:37:00.00000062,11.45866
2011-06-01 07:37:00.00000031,11.458696
2010-08-27 18:45:00.000000170,11.458962
2010-08-27 18:45:00.00000044,11.458767
2010-08-27 18:45:00.000000146,11.458734
2010-08-27 18:45:00.00000035,11.458885
2010-08-27 18:45:00.000000139,11.459087
2010-08-27 18:45:00.00000051,11.45899
2010-08-27 18:45:00.000000186,11.458963
2010-08-27 18:45:00.000000102,11.458928
2010-08-27 18:45:00.000000164,11.458772
2010-08-27 18:45:00.000000199,11.4586935
2010-08-27 18:45:00.000000174,11.458802
2010-08-27 18:45:00.000000187,11.458888
2010-08-27 18:45:00.000000172,11.458966
2010-08-14 02:13:00.000000105,11.45897
2010-08-14 02:13:00.000000159,11.45893
2010-08-14 02:13:00.00000040,11.459271
2010-08-14 02:13:00.000000147,11.459105
2010-08-14 02:13:00.000000145,11.45881
2010-08-14 02:13:00.00000061,11.458633
2010-08-14 02:13:00.000000150,11.459159
2010-08-14 02:13:00.00000024,11.458959
2010-08-14 02:13:00.000000167,11.458985
2010-08-14 02:13:00.00000099,11.459551
2010-08-14 02:13:00.000000120,11.458758
2010-08-14 02:13:00.00000027,11.459141
2010-08-14 02:13:00.00000063,11.459075
2010-08-14 02:13:00.000000164,11.459039
2010-08-14 02:13:00.000000143,11.458904
2010-08-14 02:13:00.000000156,11.459015
2010-08-14 02:13:00.000000123,11.459173
2014-03-25 23:47:00.00000013,11.458827
2014-03-25 23:47:00.000000116,11.458631
2014-03-25 23:47:00.000000141,11.458861
2014-03-25 23:47:00.000000107,11.458931
2014-03-25 23:47:00.00000068,11.45894
2014-03-25 23:47:00.00000098,11.458878
2014-03-25 23:47:00.000000138,11.458752
2014-03-25 23:47:00.000000120,11.459042
2015-06-05 08:38:56.0000003,11.458746
2010-09-29 16:43:00.000000154,11.459969
2010-09-29 16:43:00.000000157,11.458668
2010-09-29 16:43:00.00000099,11.458981
2010-09-29 16:43:00.00000023,11.458701
2010-09-29 16:43:00.000000148,11.459293
2014-10-27 14:58:00.00000028,11.458699
2014-10-27 14:58:00.00000069,11.45893
2014-10-27 14:58:00.000000106,11.4587145
2014-10-27 14:58:00.00000070,11.458902
2014-10-27 14:58:00.000000121,11.458778
2014-10-27 14:58:00.00000022,11.458752
2014-10-27 14:58:00.00000057,11.460105
2009-10-08 23:44:56.0000002,11.458834
2012-11-03 17:11:00.00000080,11.45924
2012-11-03 17:11:00.00000030,11.458809
2012-11-03 17:11:00.000000149,11.458579
2012-11-03 17:11:00.00000078,11.458501
2012-11-03 17:11:00.00000063,11.459033
2012-11-03 17:11:00.000000142,11.458797
2012-11-03 17:11:00.000000101,11.458866
2011-05-28 17:29:44.0000003,11.458792
2011-03-11 01:44:00.00000023,11.4590435
2011-03-11 01:44:00.00000014,11.459213
2011-03-11 01:44:00.00000067,11.458969
2011-03-11 01:44:00.00000019,11.459146
2011-03-11 01:44:00.00000082,11.460295
2011-03-11 01:44:00.00000084,11.458766
2011-03-11 01:44:00.00000033,11.458732
2011-03-11 01:44:00.00000051,11.4591675
2011-03-11 01:44:00.00000011,11.458959
2013-12-16 19:06:44.0000001,11.45913
2009-05-08 18:00:36.0000001,11.458796
2013-01-27 00:09:12.0000008,11.459114
2013-09-15 02:37:52.0000002,11.458986
2009-04-05 09:48:20.0000001,11.45882
2009-11-25 19:32:52.0000001,11.4538965
2011-10-04 09:37:00.00000099,11.458941
2011-10-04 09:37:00.00000019,11.459116
2011-10-04 09:37:00.000000132,11.458697
2011-10-04 09:37:00.00000043,11.459371
2011-10-04 09:37:00.000000122,11.4587345
2011-10-04 09:37:00.0000002,11.458995
2011-10-04 09:37:00.000000109,11.458863
2014-04-29 08:15:56.0000003,11.4589615
2014-12-24 03:00:00.00000035,11.459178
2009-10-04 22:54:56.0000001,11.458984
2015-04-11 20:31:32.0000008,11.459034
2015-04-11 20:31:32.00000013,11.459018
2011-02-06 17:08:24.0000003,11.458916
2014-04-27 02:57:00.00000010,11.458692
2014-04-27 02:57:00.00000053,11.458971
2014-04-27 02:57:00.000000128,11.459104
2014-04-27 02:57:00.0000008,11.45878
2014-04-27 02:57:00.00000067,11.459015
2014-04-27 02:57:00.0000009,11.458872
2014-04-27 02:57:00.000000159,11.459141
2014-04-27 02:57:00.000000127,11.458787
2014-04-27 02:57:00.000000112,11.459227
2011-12-13 22:00:00.000000147,11.459235
2011-12-13 22:00:00.000000164,11.459097
2011-12-13 22:00:00.00000078,11.458886
2011-12-13 22:00:00.000000103,11.458782
2011-12-13 22:00:00.000000226,11.458889
2011-12-13 22:00:00.000000215,11.458793
2011-12-13 22:00:00.00000013,11.458912
2011-12-13 22:00:00.000000258,11.458976
2011-12-13 22:00:00.00000087,11.459126
2011-12-13 22:00:00.000000270,11.458807
2011-12-13 22:00:00.00000073,11.458708
2011-12-13 22:00:00.000000203,11.459053
2011-12-13 22:00:00.000000184,11.458667
2011-12-13 22:00:00.00000019,11.458753
2011-12-13 22:00:00.000000101,11.458832
2011-12-13 22:00:00.000000122,11.459158
2011-12-13 22:00:00.000000190,11.458697
2011-12-13 22:00:00.00000021,11.458821
2011-12-13 22:00:00.00000051,11.458783
2011-12-13 22:00:00.00000036,11.459006
2011-12-13 22:00:00.00000022,11.458735
2009-04-12 16:00:56.0000002,11.458791
2014-03-05 21:07:12.0000001,11.458832
2015-04-11 14:16:12.0000009,11.4588175
2014-07-21 18:19:00.000000203,11.458404
2014-07-21 18:19:00.000000229,11.459022
2014-07-21 18:19:00.000000146,11.458493
2014-07-21 18:19:00.000000108,11.459047
2014-07-21 18:19:00.000000171,11.458791
2014-07-21 18:19:00.00000090,11.458894
2014-07-21 18:19:00.00000020,11.459109
2014-07-21 18:19:00.00000059,11.459082
2014-07-21 18:19:00.000000185,11.458891
2014-07-21 18:19:00.000000186,11.458823
2014-07-21 18:19:00.000000201,11.458792
2014-07-21 18:19:00.000000217,11.4586935
2014-07-21 18:19:00.00000017,11.45878
2014-07-21 18:19:00.00000079,11.458833
2014-07-21 18:19:00.00000087,11.458634
2011-06-13 09:55:04.0000003,11.458752
2010-09-20 16:48:00.00000025,11.458921
2010-09-20 16:48:00.00000085,11.459879
2010-09-20 16:48:00.00000069,11.458701
2010-09-20 16:48:00.00000086,11.458986
2010-09-20 16:48:00.00000021,11.459138
2010-09-20 16:48:00.00000024,11.459005
2010-09-20 16:48:00.000000100,11.459006
2010-09-20 16:48:00.0000008,11.459013
2010-09-20 16:48:00.00000074,11.4590225
2012-08-20 14:47:36.0000002,11.45899
2014-12-01 00:12:44.0000002,11.459027
2009-03-16 09:55:24.0000001,11.458649
2011-03-06 21:01:00.00000017,11.458859
2011-03-06 21:01:00.000000161,11.458662
2011-03-06 21:01:00.000000170,11.459027
2011-03-06 21:01:00.00000078,11.459076
2011-03-06 21:01:00.000000160,11.458834
2013-02-26 01:38:20.0000001,11.458998
2014-09-22 07:14:16.0000001,11.458994
2010-10-05 02:09:00.00000017,11.458988
2010-10-05 02:09:00.00000024,11.459388
2010-10-05 02:09:00.00000020,11.458667
2011-04-16 21:23:16.0000001,11.459128
2013-10-05 19:51:04.0000001,11.458773
2011-10-07 22:08:20.0000005,11.459065
2012-03-14 19:10:48.0000003,11.458748
2009-06-21 04:28:48.0000001,11.458817
2011-06-25 11:42:36.0000001,11.458641
2012-01-26 07:33:00.000000145,11.4586935
2012-01-26 07:33:00.00000030,11.458894
2012-01-26 07:33:00.000000121,11.458897
2012-01-26 07:33:00.000000151,11.458873
2012-01-26 07:33:00.00000044,11.458881
2015-03-20 23:34:40.0000009,11.458893
2015-03-20 23:34:40.0000005,11.4587965
2015-05-21 07:08:08.0000001,11.458886
2010-12-09 07:29:00.000000156,11.4589405
2010-12-09 07:29:00.0000002,11.459148
2010-12-09 07:29:00.00000081,11.458485
2010-08-21 23:02:28.0000003,11.458824
2009-10-29 10:48:40.0000003,11.458856
2015-02-01 00:48:44.0000003,11.458755
2015-02-01 00:48:44.0000005,11.459172
2011-12-06 11:07:40.0000002,11.458822
2011-12-06 11:07:40.0000003,11.458796
2013-05-18 15:28:40.0000001,11.458675
2013-09-01 17:57:04.0000001,11.459001
2015-02-21 18:39:16.0000001,11.458445
2013-07-22 15:05:16.0000005,11.458918
2010-12-25 13:54:12.0000002,11.45919
2013-11-29 20:09:12.0000001,11.458873
2011-10-25 20:34:20.0000002,11.459135
2012-11-20 21:54:00.000000152,11.4588175
2012-11-20 21:54:00.00000071,11.459261
2012-11-20 21:54:00.00000078,11.458901
2012-11-20 21:54:00.00000073,11.459203
2012-11-20 21:54:00.00000066,11.458829
2012-11-20 21:54:00.000000189,11.458715
2012-11-20 21:54:00.00000016,11.458766
2012-11-20 21:54:00.0000007,11.458847
2012-11-20 21:54:00.000000161,11.458669
2012-11-20 21:54:00.000000174,11.458603
2012-11-20 21:54:00.00000084,11.458769
2012-11-20 21:54:00.000000173,11.459157
2014-06-23 00:16:00.00000086,11.458913
2014-06-23 00:16:00.00000042,11.460007
2014-06-23 00:16:00.00000010,11.458922
2011-09-30 03:23:32.0000001,11.458931
2011-01-03 21:51:28.0000003,11.458594
2013-09-25 22:00:00.00000018,11.458717
2013-09-25 22:00:00.00000071,11.458866
2013-09-25 22:00:00.000000114,11.458856
2013-09-25 22:00:00.000000191,11.459133
2013-09-25 22:00:00.0000006,11.458643
2013-09-25 22:00:00.000000113,11.458752
2013-09-25 22:00:00.000000212,11.459034
2013-09-25 22:00:00.00000066,11.458789
2011-07-06 18:07:44.0000004,11.459082
2014-07-11 12:36:08.0000001,11.45905
2015-02-20 11:08:29.0000007,11.459037
2009-05-16 14:53:41.0000003,11.459071
2010-07-01 22:11:33.0000003,11.458833
2014-10-07 11:52:13.0000008,11.458645
2015-02-26 23:20:13.0000008,11.458905
2011-11-28 14:13:37.0000002,11.458799
2013-08-30 11:20:21.0000003,11.459059
2014-10-25 23:23:05.0000001,11.458944
2014-10-25 23:23:05.0000002,11.458853
2011-07-02 00:38:01.0000001,11.459097
2014-02-08 17:24:57.0000002,11.458706
2013-02-16 16:03:17.0000001,11.458683
2011-01-24 20:18:49.0000005,11.459127
2012-04-07 12:14:05.0000001,11.459021
2011-10-20 13:46:33.0000002,11.458586
2013-11-29 15:09:45.0000003,11.459164
2014-06-22 14:49:13.0000002,11.4590225
2009-08-28 23:01:41.0000002,11.458952
2010-06-11 13:37:21.0000003,11.458694
2013-06-17 06:37:49.0000002,11.458804
2015-06-02 09:11:17.0000002,11.458732
2014-12-07 19:56:45.0000001,11.458928
2013-04-23 13:19:17.0000001,11.458878
2013-11-28 13:17:13.0000003,11.458795
2012-06-10 00:46:17.0000001,11.458921
2010-02-27 22:55:09.0000001,11.458799
2012-04-14 14:20:33.0000002,11.45891
2013-03-08 19:03:09.0000002,11.458615
2012-07-13 11:00:05.0000005,11.458531
2014-07-01 11:05:21.0000003,11.4586
2012-10-25 16:20:37.0000005,11.458649
2011-03-24 17:44:01.0000002,11.4586525
2014-07-25 18:06:37.0000006,11.458995
2009-08-02 14:01:33.0000005,11.459099
2009-09-25 21:43:49.0000009,11.458896
2011-12-09 21:19:25.0000003,11.458844
2011-12-09 21:19:25.0000004,11.45884
2012-02-08 11:14:49.0000003,11.459145
2012-07-18 22:34:53.0000002,11.458971
2012-07-18 22:34:53.0000004,11.458832
2009-09-04 18:43:33.0000002,11.458616
2011-04-23 11:01:49.0000002,11.458709
2014-10-28 22:42:33.0000004,11.459312
2010-06-20 12:42:37.0000002,11.458841
2015-02-19 11:39:21.0000004,11.458752
2013-12-08 10:41:05.0000002,11.458808
2009-05-15 21:19:13.0000003,11.458944
2011-08-18 08:36:13.0000005,11.459016
2012-12-20 23:43:09.0000004,11.459246
2009-06-13 18:40:13.0000001,11.459137
2009-01-06 07:36:34.0000001,11.458714
2015-04-12 21:56:22.0000003,11.459029
2010-03-21 16:52:58.0000003,11.458892
2013-07-09 21:59:42.0000001,11.460208
2012-06-23 09:43:42.0000002,11.458655
2012-06-23 09:43:42.0000004,11.458841
2013-10-26 10:46:46.0000003,11.458752
2013-09-14 18:51:46.0000001,11.458419
2009-11-23 19:06:14.0000001,11.458802
2010-01-24 14:09:58.0000002,11.459276
2011-12-10 23:39:06.0000003,11.459115
2011-01-15 04:13:38.0000001,11.458766
2011-03-03 21:31:42.0000003,11.458888
2012-08-04 23:34:58.0000003,11.45891
2015-04-10 11:56:54.0000006,11.458857
2015-05-05 12:32:14.0000008,11.458657
2013-10-13 19:52:54.0000002,11.4598875
2015-06-25 01:01:46.0000004,11.458916
2009-05-19 15:44:30.0000002,11.458982
2010-02-06 17:37:10.0000002,11.458869
2013-01-14 18:42:54.0000003,11.458879
2014-01-05 17:47:02.0000001,11.458623
2009-07-28 11:13:10.0000002,11.458971
2012-01-12 18:05:10.0000002,11.458745
2010-12-21 08:46:02.0000006,11.459234
2013-11-24 03:44:46.0000003,11.45887
2013-06-30 03:37:26.0000003,11.459331
2011-05-26 21:36:54.0000004,11.458852
2009-03-11 21:46:54.0000002,11.45906
2012-12-26 17:12:30.0000002,11.458901
2013-04-21 19:50:54.0000001,11.458582
2013-02-06 18:21:18.0000001,11.459108
2013-07-21 11:41:26.0000003,11.458621
2011-09-17 15:41:06.0000004,11.458857
2015-06-21 17:16:10.0000005,11.45871
2015-02-27 19:36:02.00000013,11.458429
2015-06-15 01:00:06.0000001,11.459065
2014-03-08 16:08:26.0000001,11.4586525
2014-03-08 16:08:26.0000003,11.458545
2014-09-13 19:05:02.0000002,11.458859
2010-12-04 21:08:38.0000004,11.460126
2010-03-07 00:47:26.0000001,11.45916
2009-12-30 16:54:50.0000001,11.458651
2009-03-11 16:02:14.0000007,11.458914
2010-03-13 01:23:10.0000001,11.458827
2012-05-30 02:28:50.0000002,11.458946
2010-09-04 18:31:42.0000003,11.45869
2009-11-20 23:19:58.0000003,11.458049
2011-09-22 20:05:22.0000003,11.458626
2009-02-08 00:04:06.0000001,11.459021
2014-05-17 10:51:46.0000003,11.458896
2010-05-06 11:35:26.0000002,11.458623
2011-10-01 00:42:26.0000001,11.458999
2014-12-26 20:19:38.0000001,11.459236
2015-04-22 09:54:06.0000004,11.458951
2009-01-25 21:17:18.0000001,11.459112
2011-08-01 17:44:30.0000003,11.458893
2012-03-25 04:50:39.0000001,11.45894
2012-12-26 18:28:55.0000004,11.458678
2011-07-06 19:56:23.0000005,11.458802
2012-08-19 12:06:39.0000002,11.458881
2015-04-28 20:15:27.0000004,11.458954
2015-04-28 20:15:27.0000007,11.458819
2014-06-07 12:21:11.0000002,11.45875
2013-12-22 21:24:47.0000001,11.458989
2011-11-23 21:07:43.0000004,11.458592
2011-08-08 11:18:15.0000001,11.458751
2015-05-20 19:39:11.0000004,11.459177
2015-03-20 16:33:07.0000003,11.458749
2015-04-26 21:44:23.0000002,11.458929
2010-10-09 15:48:51.0000004,11.4587965
2012-04-27 22:32:19.0000002,11.459045
2012-10-12 15:21:55.0000002,11.458943
2009-12-26 09:23:19.0000001,11.458877
2014-11-30 15:46:23.0000002,11.458871
2010-06-22 14:25:19.0000007,11.458655
2013-01-03 11:41:47.0000002,11.4581175
2015-01-12 17:05:51.0000005,11.458955
2013-04-07 00:24:27.0000002,11.458921
2010-01-13 08:28:59.0000002,11.458841
2012-06-16 14:33:19.0000001,11.458765
2009-03-25 01:20:55.0000002,11.459097
2010-07-13 07:38:03.0000003,11.45885
2012-11-09 18:17:35.0000004,11.458571
2009-06-21 00:54:23.0000002,11.458882
2009-12-23 20:14:19.0000004,11.458962
2013-11-29 21:36:07.0000003,11.458782
2012-06-09 22:57:15.0000003,11.458837
2010-10-22 20:56:51.0000002,11.458757
2011-02-21 23:46:07.0000002,11.459164
2012-07-30 18:18:19.0000001,11.4589405
2010-06-02 19:45:19.0000003,11.458788
2009-05-21 20:50:31.0000003,11.458972
2014-11-11 12:10:59.0000001,11.458871
2012-09-09 23:40:03.0000003,11.458879
2011-04-28 01:29:51.0000001,11.458711
2009-09-28 19:21:59.0000003,11.459157
2012-10-21 19:47:23.0000002,11.458809
2013-06-04 23:58:11.0000006,11.458904
2014-08-08 17:32:47.0000005,11.459852
2011-01-04 10:12:51.0000002,11.458911
2011-10-26 17:48:43.0000006,11.459128
2009-12-19 21:56:15.0000003,11.45907
2010-06-13 19:39:51.0000001,11.4592
2015-02-14 09:08:11.0000001,11.459021
2015-02-14 09:08:11.0000004,11.458757
2013-01-09 02:05:51.0000001,11.459047
2013-06-21 02:39:47.0000002,11.4589815
2011-10-07 12:38:19.0000001,11.458773
2013-02-02 16:07:55.0000004,11.458834
2014-04-05 01:52:27.0000004,11.459114
2014-04-05 01:52:27.0000003,11.459108
2010-02-23 20:29:51.0000001,11.459101
2014-07-01 15:15:23.0000003,11.458658
2012-12-01 21:12:12.0000001,11.546417
2014-06-14 13:39:00.00000071,11.546274
2013-11-09 18:52:40.0000001,11.546381
2013-11-09 18:52:40.0000003,11.545654
2014-12-30 20:29:24.0000002,11.546242
2010-05-10 10:37:04.0000004,11.546036
2013-07-12 23:33:24.0000002,11.545993
2009-06-10 16:55:00.000000132,11.545849
2009-06-10 16:55:00.000000163,11.5464735
2009-06-10 16:55:00.00000084,11.545892
2009-03-22 04:31:40.0000001,11.546434
2011-06-24 12:03:00.0000009,11.545946
2011-06-24 12:03:00.000000174,11.546023
2011-06-24 12:03:00.000000158,11.545865
2014-06-15 07:06:00.00000044,11.546943
2015-05-30 21:29:04.0000006,11.54633
2009-09-14 02:19:00.00000037,11.546253
2011-10-02 22:31:44.0000001,11.546196
2011-07-20 16:34:48.0000002,11.546347
2011-06-01 07:37:00.00000012,11.546207
2011-06-01 07:37:00.000000111,11.545901
2011-06-01 07:37:00.00000014,11.546161
2010-08-27 18:45:00.0000002,11.546274
2010-08-27 18:45:00.000000118,11.546024
2010-08-27 18:45:00.000000143,11.546118
2010-08-27 18:45:00.000000233,11.546081
2010-08-27 18:45:00.000000156,11.545977
2010-08-27 18:45:00.000000167,11.546653
2010-08-27 18:45:00.000000168,11.5460415
2010-08-27 18:45:00.000000149,11.546013
2010-08-27 18:45:00.00000091,11.546221
2010-08-27 18:45:00.000000126,11.546178
2010-08-27 18:45:00.00000020,11.545937
2010-08-14 02:13:00.000000154,11.546264
2010-08-14 02:13:00.00000098,11.5461855
2015-04-16 22:32:48.0000003,11.54642
2014-03-25 23:47:00.00000021,11.545774
2014-03-25 23:47:00.00000084,11.546394
2010-09-29 16:43:00.000000161,11.546059
2010-09-29 16:43:00.00000093,11.546081
2014-10-27 14:58:00.00000088,11.545876
2014-10-27 14:58:00.00000092,11.547094
2014-10-27 14:58:00.00000094,11.546243
2012-11-03 17:11:00.00000013,11.546288
2012-11-03 17:11:00.0000001,11.54568
2012-11-03 17:11:00.000000150,11.546109
2011-05-28 17:29:44.0000002,11.54602
2013-09-28 00:06:20.0000005,11.546071
2013-09-28 00:06:20.0000003,11.546365
2011-03-11 01:44:00.00000095,11.546082
2011-03-11 01:44:00.00000029,11.546334
2011-10-04 09:37:00.00000080,11.545979
2011-10-04 09:37:00.000000113,11.546072
2011-10-04 09:37:00.000000160,11.545935
2011-10-04 09:37:00.0000006,11.546064
2014-12-24 03:00:00.00000020,11.545707
2009-05-16 23:36:24.0000003,11.545923
2014-04-27 02:57:00.00000064,11.546721
2014-04-27 02:57:00.00000083,11.546376
2014-04-27 02:57:00.00000069,11.5463705
2014-04-27 02:57:00.0000007,11.546396
2011-12-13 22:00:00.000000102,11.546178
2011-12-13 22:00:00.000000214,11.54765
2011-12-13 22:00:00.000000128,11.546154
2011-12-13 22:00:00.000000249,11.546403
2011-12-13 22:00:00.00000052,11.546269
2011-12-13 22:00:00.000000168,11.546063
2011-12-13 22:00:00.00000079,11.546419
2011-12-13 22:00:00.00000050,11.546434
2015-04-11 14:16:12.0000005,11.545996
2014-07-21 18:19:00.000000205,11.546076
2014-07-21 18:19:00.00000023,11.546479
2014-07-21 18:19:00.00000046,11.546222
2014-07-21 18:19:00.00000096,11.546437
2014-07-21 18:19:00.000000156,11.545901
2010-09-20 16:48:00.0000002,11.546192
2010-09-20 16:48:00.000000156,11.546026
2010-09-20 16:48:00.00000041,11.546159
2010-09-20 16:48:00.00000083,11.546169
2010-09-20 16:48:00.000000122,11.545945
2011-03-06 21:01:00.00000036,11.546365
2011-03-06 21:01:00.00000019,11.546089
2011-03-06 21:01:00.000000123,11.546535
2011-03-06 21:01:00.000000166,11.546037
2011-03-06 21:01:00.000000140,11.545795
2011-03-06 21:01:00.00000060,11.546217
2012-05-23 16:25:16.0000001,11.547081
2011-04-16 21:23:16.0000003,11.546024
2013-10-05 19:51:04.0000004,11.546399
2012-03-14 19:10:48.0000007,11.545919
2012-01-26 07:33:00.00000064,11.546125
2012-01-26 07:33:00.000000131,11.54575
2012-01-26 07:33:00.00000071,11.545909
2012-01-26 07:33:00.00000028,11.545999
2012-01-26 07:33:00.00000072,11.545988
2010-12-09 07:29:00.00000093,11.545937
2010-12-09 07:29:00.000000123,11.546285
2010-12-09 07:29:00.00000056,11.545811
2014-05-17 02:47:12.0000001,11.546335
2009-01-22 12:27:20.0000001,11.54592
2011-04-23 21:22:20.0000002,11.546271
2012-11-20 21:54:00.00000062,11.546034
2012-11-20 21:54:00.000000207,11.546133
2012-11-20 21:54:00.00000014,11.546114
2012-11-20 21:54:00.000000246,11.546089
2012-11-20 21:54:00.000000164,11.547105
2014-06-23 00:16:00.00000011,11.546229
2014-06-23 00:16:00.00000091,11.54624
2013-09-25 22:00:00.000000144,11.546144
2013-09-25 22:00:00.000000100,11.547094
2013-09-25 22:00:00.000000166,11.546096
2013-09-25 22:00:00.000000105,11.5461645
2013-09-25 22:00:00.00000015,11.546264
2011-07-06 18:07:44.0000002,11.5469885
2009-05-16 14:53:41.0000002,11.545898
2013-10-17 22:21:57.0000003,11.546264
2015-03-04 21:42:57.00000011,11.5460825
2011-03-22 12:59:49.0000001,11.54637
2013-07-05 00:58:17.0000004,11.546254
2010-01-30 00:57:21.0000001,11.545582
2012-04-02 08:39:21.0000002,11.546158
2010-07-25 04:03:17.0000001,11.546173
2012-07-01 22:30:29.0000002,11.546224
2014-02-08 17:24:57.0000003,11.546132
2012-06-02 01:16:05.0000003,11.546424
2012-06-02 01:16:05.0000001,11.545997
2014-01-11 06:18:37.0000001,11.546076
2012-12-09 22:30:13.0000005,11.546073
2011-10-01 15:04:57.0000002,11.54609
2012-01-01 00:37:29.0000004,11.546199
2012-04-14 14:20:33.0000003,11.546356
2010-02-01 20:28:45.0000004,11.546255
2013-08-19 16:21:05.0000001,11.546063
2014-06-05 22:56:05.0000004,11.546066
2013-11-07 22:25:25.0000004,11.54596
2010-06-19 03:06:33.0000001,11.546441
2012-07-18 09:44:53.0000003,11.546154
2009-09-25 21:43:49.0000002,11.5459585
2009-09-04 18:43:33.0000001,11.546156
2012-10-20 00:36:37.0000001,11.546236
2014-06-19 22:37:09.0000002,11.546003
2012-12-20 23:43:09.0000001,11.5464735
2015-05-23 01:00:22.0000002,11.546242
2012-11-18 14:55:42.0000001,11.546082
2010-01-24 14:09:58.0000003,11.545912
2014-07-27 11:25:18.0000003,11.5461035
2009-03-15 03:31:14.0000004,11.54612
2010-09-24 22:40:06.0000004,11.545905
2009-04-18 23:09:34.0000001,11.546011
2014-08-26 16:39:54.0000001,11.54638
2009-05-31 20:56:38.0000004,11.546041
2015-05-29 10:02:42.0000002,11.546209
2011-04-17 14:55:58.0000002,11.546022
2011-05-26 21:36:54.0000003,11.546204
2011-05-26 21:36:54.0000002,11.546412
2013-11-23 16:33:30.0000002,11.546051
2009-06-03 09:11:30.0000001,11.545992
2010-12-04 21:08:38.0000005,11.545987
2013-09-07 19:43:18.0000003,11.546062
2011-03-10 18:16:14.0000005,11.545966
2011-05-19 02:06:46.0000002,11.546327
2009-08-03 17:06:06.0000002,11.546527
2015-04-14 19:20:46.0000008,11.546027
2011-09-08 13:39:06.0000002,11.546045
2012-03-03 02:30:54.0000003,11.546324
2012-12-27 21:01:54.0000004,11.546302
2012-12-27 21:01:54.0000005,11.546307
2014-06-20 02:16:34.0000002,11.546438
2014-01-14 18:48:06.0000008,11.546016
2011-09-03 00:03:42.0000008,11.546149
2013-07-02 22:27:14.0000004,11.545996
2013-07-02 22:27:14.0000001,11.547363
2015-05-09 11:33:58.0000002,11.546279
2015-03-28 19:31:26.0000003,11.546177
2013-08-08 14:38:43.0000002,11.546037
2009-11-19 22:48:27.0000001,11.546378
2011-07-06 19:56:23.0000001,11.546476
2015-06-18 20:56:55.0000002,11.546204
2015-02-14 13:15:19.0000002,11.546102
2013-01-12 22:40:39.0000002,11.5462885
2013-03-23 15:41:07.0000002,11.545978
2010-01-31 00:33:03.0000006,11.546251
2014-06-09 14:51:39.0000001,11.546102
2015-03-20 16:33:07.0000004,11.546576
2015-01-04 00:28:11.0000004,11.546079
2010-10-04 16:17:03.0000001,11.5462675
2011-05-17 07:53:55.0000003,11.546062
2012-12-26 20:55:27.0000001,11.546068
2012-12-26 20:55:27.0000003,11.545716
2011-12-17 16:19:47.0000002,11.546476
2010-02-15 10:14:23.0000001,11.54621
2010-12-11 16:12:35.0000003,11.546009
2011-12-11 11:05:51.0000002,11.546069
2014-06-14 12:32:11.0000001,11.545881
2012-06-09 22:57:15.0000001,11.546089
2009-05-21 20:50:31.0000004,11.546261
2010-09-22 09:42:31.0000005,11.546004
2014-07-08 10:21:39.0000007,11.546086
2012-09-16 18:14:55.0000002,11.546068
2013-10-05 13:45:39.0000001,11.546123
2014-07-31 10:39:39.0000001,11.54612
2013-02-16 14:26:51.0000001,11.546152
2014-01-04 10:54:59.0000004,11.547117
2015-03-07 15:25:59.0000005,11.545849
2009-04-16 15:57:31.0000003,11.546096
2011-10-23 17:43:43.0000002,11.546017
2014-06-14 13:39:00.000000189,11.633488
2014-06-14 13:39:00.000000153,11.633603
2014-06-14 13:39:00.00000088,11.633524
2014-06-14 13:39:00.000000157,11.633348
2014-06-14 13:39:00.00000046,11.633374
2014-06-14 13:39:00.000000110,11.63337
2014-06-14 13:39:00.000000106,11.633643
2014-06-14 13:39:00.00000019,11.633292
2014-06-14 13:39:00.000000186,11.633305
2014-06-14 13:39:00.00000037,11.6332855
2014-06-14 13:39:00.00000057,11.633387
2014-06-14 13:39:00.000000127,11.633572
2014-06-14 13:39:00.0000009,11.633601
2014-06-14 13:39:00.000000173,11.6342535
2014-06-14 13:39:00.00000027,11.633349
2014-06-14 13:39:00.000000100,11.633678
2011-10-02 23:36:00.00000060,11.634676
2011-10-02 23:36:00.00000057,11.633624
2011-10-02 23:36:00.00000044,11.633312
2011-10-02 23:36:00.00000087,11.633709
2011-10-02 23:36:00.00000084,11.633368
2011-10-02 23:36:00.00000046,11.633176
2011-10-02 23:36:00.0000006,11.633472
2011-10-02 23:36:00.00000033,11.633477
2011-10-02 23:36:00.00000064,11.63357
2011-10-02 23:36:00.00000094,11.6334915
2011-10-02 23:36:00.00000049,11.633788
2011-10-02 23:36:00.00000066,11.633314
2011-10-02 23:36:00.00000080,11.633162
2011-10-02 23:36:00.00000029,11.634486
2011-10-02 23:36:00.00000055,11.633169
2011-10-02 23:36:00.00000079,11.633299
2011-10-02 23:36:00.00000053,11.6333685
2009-06-10 16:55:00.00000014,11.633609
2009-06-10 16:55:00.00000052,11.633375
2009-06-10 16:55:00.00000065,11.633215
2009-06-10 16:55:00.000000169,11.633449
2009-06-10 16:55:00.000000172,11.633284
2009-06-10 16:55:00.000000105,11.633301
2009-06-10 16:55:00.00000073,11.633158
2009-06-10 16:55:00.000000157,11.633422
2009-06-10 16:55:00.000000156,11.633044
2009-06-10 16:55:00.000000116,11.633171
2009-06-10 16:55:00.00000022,11.633254
2009-06-10 16:55:00.00000013,11.633304
2009-06-10 16:55:00.000000126,11.6333
2009-06-10 16:55:00.00000023,11.63343
2009-06-10 16:55:00.00000086,11.633061
2009-06-10 16:55:00.00000040,11.633402
2009-06-10 16:55:00.00000058,11.633299
2009-06-10 16:55:00.000000170,11.633099
2009-06-10 16:55:00.00000027,11.633253
2009-06-10 16:55:00.00000011,11.632915
2009-06-10 16:55:00.000000129,11.633318
2009-06-10 16:55:00.000000121,11.6334
2009-06-10 16:55:00.00000080,11.633545
2009-06-10 16:55:00.00000089,11.63339
2009-06-10 16:55:00.000000103,11.6333885
2009-06-10 16:55:00.00000051,11.633179
2009-06-10 16:55:00.00000063,11.633502
2009-06-10 16:55:00.000000106,11.63343
2009-06-10 16:55:00.00000091,11.63344
2009-06-10 16:55:00.00000095,11.632998
2009-06-10 16:55:00.000000137,11.633176
2009-06-10 16:55:00.000000113,11.633222
2009-06-10 16:55:00.000000173,11.633286
2009-06-10 16:55:00.00000077,11.633374
2009-06-10 16:55:00.00000036,11.633399
2011-06-24 12:03:00.000000148,11.633043
2011-06-24 12:03:00.00000070,11.633557
2011-06-24 12:03:00.000000129,11.633305
2011-06-24 12:03:00.000000130,11.633533
2011-06-24 12:03:00.000000160,11.633245
2011-06-24 12:03:00.000000167,11.633489
2011-06-24 12:03:00.00000059,11.633199
2011-06-24 12:03:00.000000128,11.633278
2011-06-24 12:03:00.000000112,11.633226
2011-06-24 12:03:00.000000134,11.633396
2011-06-24 12:03:00.00000021,11.633297
2011-06-24 12:03:00.00000039,11.6335745
2011-06-24 12:03:00.00000083,11.633543
2011-06-24 12:03:00.00000029,11.633149
2011-06-24 12:03:00.00000037,11.63316
2011-06-24 12:03:00.0000004,11.633236
2011-06-24 12:03:00.000000117,11.633491
2011-06-24 12:03:00.000000147,11.633297
2011-06-24 12:03:00.00000043,11.633377
2011-06-24 12:03:00.000000172,11.634178
2011-06-24 12:03:00.00000011,11.633297
2011-06-24 12:03:00.00000036,11.633221
2011-06-24 12:03:00.00000015,11.633445
2011-06-24 12:03:00.00000065,11.633481
2011-06-24 12:03:00.000000169,11.633288
2011-06-24 12:03:00.000000164,11.63377
2011-06-24 12:03:00.000000163,11.633488
2011-06-24 12:03:00.00000096,11.63339
2011-06-24 12:03:00.00000030,11.6333275
2014-06-15 07:06:00.00000018,11.633109
2014-06-15 07:06:00.00000034,11.633299
2014-06-15 07:06:00.00000022,11.633556
2014-06-15 07:06:00.00000012,11.633188
2014-06-15 07:06:00.0000005,11.633298
2014-06-15 07:06:00.00000023,11.633236
2014-06-15 07:06:00.0000001,11.633468
2009-09-14 02:19:00.0000005,11.633202
2009-09-14 02:19:00.00000032,11.63365
2009-09-14 02:19:00.00000015,11.633373
2009-09-14 02:19:00.00000029,11.633624
2009-09-14 02:19:00.00000012,11.633361
2009-09-14 02:19:00.00000019,11.633439
2011-06-01 07:37:00.000000193,11.633485
2011-06-01 07:37:00.000000135,11.6330805
2011-06-01 07:37:00.000000124,11.633267
2011-06-01 07:37:00.00000071,11.63348
2011-06-01 07:37:00.000000191,11.63381
2011-06-01 07:37:00.00000073,11.633436
2011-06-01 07:37:00.000000134,11.633462
2011-06-01 07:37:00.000000195,11.633488
2011-06-01 07:37:00.000000130,11.6336
2011-06-01 07:37:00.00000039,11.633298
2011-06-01 07:37:00.000000188,11.633034
2011-06-01 07:37:00.00000030,11.633157
2011-06-01 07:37:00.00000040,11.633314
2011-06-01 07:37:00.00000011,11.633228
2011-06-01 07:37:00.00000093,11.633355
2011-06-01 07:37:00.000000121,11.633874
2011-06-01 07:37:00.000000224,11.63339
2011-06-01 07:37:00.000000153,11.633193
2011-06-01 07:37:00.00000033,11.63302
2011-06-01 07:37:00.000000213,11.633191
2011-06-01 07:37:00.00000076,11.633353
2011-06-01 07:37:00.00000018,11.633456
2011-06-01 07:37:00.00000021,11.633535
2011-06-01 07:37:00.000000126,11.633686
2011-06-01 07:37:00.000000202,11.6334715
2011-06-01 07:37:00.00000035,11.633193
2011-06-01 07:37:00.000000216,11.633233
2011-06-01 07:37:00.00000067,11.633167
2011-06-01 07:37:00.00000013,11.633599
2011-06-01 07:37:00.00000024,11.633143
2011-06-01 07:37:00.000000148,11.633554
2011-06-01 07:37:00.000000200,11.633286
2011-06-01 07:37:00.00000042,11.632933
2011-06-01 07:37:00.00000066,11.633207
2011-06-01 07:37:00.00000056,11.633608
2011-06-01 07:37:00.00000063,11.633686
2011-06-01 07:37:00.0000009,11.633216
2011-06-01 07:37:00.000000187,11.633102
2011-06-01 07:37:00.000000225,11.633386
2010-08-27 18:45:00.0000009,11.634526
2010-08-27 18:45:00.000000120,11.633568
2010-08-27 18:45:00.00000019,11.633348
2010-08-27 18:45:00.0000001,11.63333
2010-08-27 18:45:00.00000080,11.633371
2010-08-27 18:45:00.00000082,11.633428
2010-08-27 18:45:00.000000180,11.633708
2010-08-27 18:45:00.00000058,11.633058
2010-08-27 18:45:00.000000178,11.633545
2010-08-27 18:45:00.000000117,11.633509
2010-08-27 18:45:00.00000079,11.633332
2010-08-27 18:45:00.000000200,11.633404
2010-08-27 18:45:00.000000108,11.633323
2010-08-27 18:45:00.00000098,11.633281
2010-08-27 18:45:00.00000059,11.634352
2010-08-27 18:45:00.000000138,11.633144
2010-08-27 18:45:00.000000232,11.633202
2010-08-27 18:45:00.00000032,11.633476
2010-08-27 18:45:00.00000047,11.63297
2010-08-27 18:45:00.000000100,11.6333475
2010-08-27 18:45:00.000000154,11.633516
2010-08-27 18:45:00.000000211,11.633315
2010-08-27 18:45:00.000000114,11.633481
2010-08-27 18:45:00.00000042,11.633465
2010-08-27 18:45:00.000000104,11.6333
2010-08-27 18:45:00.000000162,11.633057
2010-08-27 18:45:00.00000095,11.633364
2010-08-27 18:45:00.000000150,11.633058
2010-08-27 18:45:00.00000052,11.633259
2010-08-27 18:45:00.000000225,11.633626
2010-08-27 18:45:00.00000064,11.6334305
2010-08-27 18:45:00.000000215,11.633469
2010-08-27 18:45:00.000000206,11.63333
2010-08-27 18:45:00.000000122,11.633281
2010-08-27 18:45:00.000000221,11.633161
2010-08-27 18:45:00.00000027,11.633324
2010-08-27 18:45:00.000000115,11.633002
2010-08-27 18:45:00.000000218,11.633488
2010-08-27 18:45:00.000000212,11.633266
2010-08-27 18:45:00.000000229,11.633414
2010-08-27 18:45:00.000000213,11.633513
2010-08-27 18:45:00.00000099,11.634348
2010-08-27 18:45:00.000000176,11.633556
2010-08-27 18:45:00.000000132,11.633723
2010-08-27 18:45:00.0000007,11.633615
2010-08-27 18:45:00.000000151,11.633269
2010-08-27 18:45:00.000000137,11.633527
2010-08-27 18:45:00.00000021,11.633634
2010-08-27 18:45:00.000000185,11.633253
2010-08-27 18:45:00.00000041,11.633332
2010-08-14 02:13:00.000000129,11.633636
2010-08-14 02:13:00.0000006,11.633355
2010-08-14 02:13:00.00000045,11.633316
2010-08-14 02:13:00.000000117,11.633073
2010-08-14 02:13:00.00000079,11.633556
2010-08-14 02:13:00.000000112,11.633675
2010-08-14 02:13:00.00000088,11.633714
2010-08-14 02:13:00.0000005,11.633455
2010-08-14 02:13:00.00000016,11.633672
2010-08-14 02:13:00.0000002,11.6334095
2010-08-14 02:13:00.00000071,11.633439
2010-08-14 02:13:00.00000019,11.633631
2010-08-14 02:13:00.000000113,11.633543
2010-08-14 02:13:00.000000151,11.633293
2010-08-14 02:13:00.000000104,11.633771
2010-08-14 02:13:00.00000095,11.633572
2010-08-14 02:13:00.00000053,11.633688
2010-08-14 02:13:00.00000046,11.633541
2010-08-14 02:13:00.00000011,11.633551
2010-08-14 02:13:00.000000124,11.633604
2010-08-14 02:13:00.000000153,11.633575
2010-08-14 02:13:00.00000081,11.633502
2010-08-14 02:13:00.00000062,11.633626
2010-08-14 02:13:00.000000103,11.633794
2010-08-14 02:13:00.000000144,11.633369
2010-08-14 02:13:00.00000082,11.633613
2010-08-14 02:13:00.00000093,11.633377
2010-08-14 02:13:00.00000058,11.633512
2010-08-14 02:13:00.000000107,11.633605
2010-08-14 02:13:00.000000157,11.633401
2010-08-14 02:13:00.00000013,11.63343
2010-08-14 02:13:00.000000138,11.633656
2010-08-14 02:13:00.000000119,11.633547
2010-08-14 02:13:00.00000065,11.633453
2010-08-14 02:13:00.00000039,11.6336155
2010-08-14 02:13:00.000000118,11.633465
2010-08-14 02:13:00.00000048,11.63361
2010-08-14 02:13:00.00000067,11.633646
2010-08-14 02:13:00.00000096,11.633741
2010-08-14 02:13:00.00000091,11.633729
2010-08-14 02:13:00.000000114,11.633369
2010-08-14 02:13:00.00000023,11.633814
2010-08-14 02:13:00.000000106,11.633539
2014-03-25 23:47:00.000000102,11.633457
2014-03-25 23:47:00.00000026,11.633197
2014-03-25 23:47:00.00000042,11.633403
2014-03-25 23:47:00.00000051,11.633477
2014-03-25 23:47:00.00000052,11.6331
2014-03-25 23:47:00.00000031,11.633459
2014-03-25 23:47:00.00000096,11.633439
2014-03-25 23:47:00.000000134,11.633767
2014-03-25 23:47:00.00000019,11.633654
2014-03-25 23:47:00.00000020,11.633309
2014-03-25 23:47:00.000000115,11.634589
2014-03-25 23:47:00.00000035,11.633424
2014-03-25 23:47:00.000000132,11.633736
2014-03-25 23:47:00.00000085,11.633273
2014-03-25 23:47:00.00000064,11.63436
2014-03-25 23:47:00.00000011,11.633081
2014-03-25 23:47:00.000000124,11.633488
2014-03-25 23:47:00.000000112,11.633612
2014-03-25 23:47:00.000000127,11.633678
2014-03-25 23:47:00.00000028,11.633732
2014-03-25 23:47:00.00000055,11.632717
2014-03-25 23:47:00.00000036,11.633162
2014-03-25 23:47:00.000000135,11.6336155
2014-03-25 23:47:00.000000108,11.633433
2014-03-25 23:47:00.00000012,11.633569
2010-09-29 16:43:00.000000162,11.633296
2010-09-29 16:43:00.00000078,11.633409
2010-09-29 16:43:00.00000015,11.633397
2010-09-29 16:43:00.0000001,11.633417
2010-09-29 16:43:00.000000119,11.633352
2010-09-29 16:43:00.000000140,11.633188
2010-09-29 16:43:00.00000041,11.63362
2010-09-29 16:43:00.000000135,11.6333065
2010-09-29 16:43:00.000000117,11.633233
2010-09-29 16:43:00.00000059,11.63369
2010-09-29 16:43:00.00000014,11.633187
2010-09-29 16:43:00.00000012,11.633459
2010-09-29 16:43:00.000000170,11.633489
2010-09-29 16:43:00.00000013,11.633397
2010-09-29 16:43:00.000000145,11.633272
2010-09-29 16:43:00.000000174,11.633705
2010-09-29 16:43:00.000000164,11.633625
2010-09-29 16:43:00.00000037,11.633612
2010-09-29 16:43:00.000000159,11.633448
2010-09-29 16:43:00.000000113,11.633469
2010-09-29 16:43:00.00000094,11.633124
2010-09-29 16:43:00.00000011,11.633245
2010-09-29 16:43:00.000000168,11.633354
2010-09-29 16:43:00.000000114,11.634405
2010-09-29 16:43:00.00000019,11.6333
2010-09-29 16:43:00.00000022,11.633297
2010-09-29 16:43:00.00000040,11.633615
2010-09-29 16:43:00.00000016,11.633394
2010-09-29 16:43:00.000000144,11.633427
2010-09-29 16:43:00.00000044,11.633575
2010-09-29 16:43:00.00000062,11.633355
2010-09-29 16:43:00.00000074,11.633231
2010-09-29 16:43:00.00000064,11.63358
2010-09-29 16:43:00.000000110,11.633593
2010-09-29 16:43:00.000000122,11.633398
2010-09-29 16:43:00.000000142,11.633077
2010-09-29 16:43:00.00000080,11.633391
2014-10-27 14:58:00.000000149,11.6343565
2014-10-27 14:58:00.000000125,11.633374
2014-10-27 14:58:00.000000130,11.633431
2014-10-27 14:58:00.000000146,11.633369
2014-10-27 14:58:00.00000040,11.6332245
2014-10-27 14:58:00.000000136,11.633269
2014-10-27 14:58:00.000000123,11.633139
2014-10-27 14:58:00.000000115,11.633292
2014-10-27 14:58:00.00000046,11.633023
2014-10-27 14:58:00.0000009,11.633688
2014-10-27 14:58:00.00000059,11.6343155
2014-10-27 14:58:00.000000111,11.633425
2014-10-27 14:58:00.00000054,11.634359
2014-10-27 14:58:00.00000024,11.633209
2014-10-27 14:58:00.00000065,11.633167
2014-10-27 14:58:00.00000087,11.633324
2014-10-27 14:58:00.00000099,11.633426
2014-10-27 14:58:00.000000144,11.633267
2014-10-27 14:58:00.00000081,11.633049
2014-10-27 14:58:00.00000056,11.633478
2012-11-03 17:11:00.000000115,11.633522
2012-11-03 17:11:00.00000079,11.633205
2012-11-03 17:11:00.00000081,11.633442
2012-11-03 17:11:00.00000085,11.6335
2012-11-03 17:11:00.000000128,11.633321
2012-11-03 17:11:00.000000160,11.6337
2012-11-03 17:11:00.000000118,11.633292
2012-11-03 17:11:00.00000076,11.633014
2012-11-03 17:11:00.000000114,11.633326
2012-11-03 17:11:00.00000091,11.633017
2012-11-03 17:11:00.00000060,11.633447
2012-11-03 17:11:00.000000155,11.633353
2012-11-03 17:11:00.000000117,11.633516
2012-11-03 17:11:00.000000105,11.633434
2012-11-03 17:11:00.0000007,11.633347
2012-11-03 17:11:00.00000055,11.63342
2012-11-03 17:11:00.000000103,11.63315
2012-11-03 17:11:00.00000053,11.633376
2011-03-11 01:44:00.00000064,11.633216
2011-03-11 01:44:00.00000016,11.63341
2011-03-11 01:44:00.00000072,11.633261
2011-03-11 01:44:00.00000057,11.633495
2011-03-11 01:44:00.00000040,11.634159
2011-03-11 01:44:00.00000021,11.633418
2011-03-11 01:44:00.00000046,11.633717
2011-03-11 01:44:00.00000034,11.633439
2011-03-11 01:44:00.00000083,11.634321
2011-03-11 01:44:00.00000032,11.633555
2011-03-11 01:44:00.00000075,11.633477
2011-03-11 01:44:00.00000085,11.633381
2011-03-11 01:44:00.00000044,11.633352
2011-03-11 01:44:00.0000005,11.63347
2011-03-11 01:44:00.00000074,11.633681
2011-03-11 01:44:00.00000041,11.632958
2011-03-11 01:44:00.00000042,11.633389
2011-03-11 01:44:00.00000035,11.633734
2011-03-11 01:44:00.00000052,11.633549
2011-10-04 09:37:00.000000194,11.6334
2011-10-04 09:37:00.000000183,11.633225
2011-10-04 09:37:00.000000157,11.633464
2011-10-04 09:37:00.000000176,11.633382
2011-10-04 09:37:00.000000170,11.633495
2011-10-04 09:37:00.00000036,11.633446
2011-10-04 09:37:00.00000017,11.633073
2011-10-04 09:37:00.000000114,11.633227
2011-10-04 09:37:00.000000184,11.633101
2011-10-04 09:37:00.00000047,11.633459
2011-10-04 09:37:00.00000055,11.6333275
2011-10-04 09:37:00.00000031,11.633343
2011-10-04 09:37:00.00000049,11.6343565
2011-10-04 09:37:00.0000005,11.633166
2011-10-04 09:37:00.00000067,11.633612
2011-10-04 09:37:00.000000134,11.633344
2011-10-04 09:37:00.00000025,11.633434
2011-10-04 09:37:00.000000185,11.6331835
2011-10-04 09:37:00.000000180,11.633239
2011-10-04 09:37:00.00000088,11.633364
2011-10-04 09:37:00.000000108,11.633357
2011-10-04 09:37:00.000000107,11.633194
2011-10-04 09:37:00.00000062,11.63396
2011-10-04 09:37:00.00000045,11.633141
2011-10-04 09:37:00.00000028,11.633492
2011-10-04 09:37:00.00000057,11.633504
2011-10-04 09:37:00.00000013,11.633557
2011-10-04 09:37:00.00000056,11.633891
2011-10-04 09:37:00.000000106,11.633394
2011-10-04 09:37:00.000000136,11.633085
2014-12-24 03:00:00.0000005,11.632979
2014-12-24 03:00:00.00000017,11.633635
2014-12-24 03:00:00.00000036,11.633563
2014-12-24 03:00:00.00000033,11.6335945
2014-12-24 03:00:00.00000026,11.632839
2014-12-24 03:00:00.00000031,11.633598
2014-12-24 03:00:00.00000015,11.633558
2015-02-12 05:37:56.0000001,11.633241
2014-04-27 02:57:00.000000124,11.633627
2014-04-27 02:57:00.00000017,11.633744
2014-04-27 02:57:00.000000151,11.633344
2014-04-27 02:57:00.000000168,11.633255
2014-04-27 02:57:00.00000039,11.633496
2014-04-27 02:57:00.00000097,11.633302
2014-04-27 02:57:00.00000033,11.632982
2014-04-27 02:57:00.000000129,11.633297
2014-04-27 02:57:00.000000141,11.63361
2014-04-27 02:57:00.00000074,11.633666
2014-04-27 02:57:00.00000047,11.633806
2014-04-27 02:57:00.00000076,11.633328
2014-04-27 02:57:00.000000142,11.6336775
2014-04-27 02:57:00.000000143,11.633681
2014-04-27 02:57:00.00000090,11.633484
2014-04-27 02:57:00.000000106,11.633663
2014-04-27 02:57:00.000000167,11.63349
2014-04-27 02:57:00.000000145,11.63327
2011-12-13 22:00:00.00000085,11.633534
2011-12-13 22:00:00.000000264,11.633305
2011-12-13 22:00:00.000000138,11.633595
2011-12-13 22:00:00.000000135,11.63358
2011-12-13 22:00:00.000000197,11.633531
2011-12-13 22:00:00.000000143,11.633322
2011-12-13 22:00:00.000000134,11.633507
2011-12-13 22:00:00.00000033,11.633453
2011-12-13 22:00:00.00000058,11.633506
2011-12-13 22:00:00.000000205,11.633142
2011-12-13 22:00:00.000000173,11.633296
2011-12-13 22:00:00.000000248,11.633389
2011-12-13 22:00:00.00000074,11.63361
2011-12-13 22:00:00.00000098,11.633488
2011-12-13 22:00:00.00000095,11.633287
2011-12-13 22:00:00.000000229,11.633283
2011-12-13 22:00:00.000000186,11.633337
2011-12-13 22:00:00.0000005,11.633239
2011-12-13 22:00:00.000000246,11.633296
2011-12-13 22:00:00.000000180,11.633484
2011-12-13 22:00:00.00000044,11.63348
2011-12-13 22:00:00.000000110,11.633618
2011-12-13 22:00:00.000000231,11.633287
2011-12-13 22:00:00.000000144,11.633585
2011-12-13 22:00:00.00000070,11.633596
2011-12-13 22:00:00.000000116,11.633347
2011-12-13 22:00:00.000000156,11.633313
2011-12-13 22:00:00.000000148,11.633411
2011-12-13 22:00:00.00000072,11.633484
2011-12-13 22:00:00.00000028,11.6334715
2011-12-13 22:00:00.00000066,11.633746
2011-12-13 22:00:00.000000121,11.633551
2011-12-13 22:00:00.00000094,11.634422
2011-12-13 22:00:00.000000266,11.633241
2015-04-11 14:16:12.0000004,11.633584
2015-05-10 19:54:00.0000002,11.633471
2014-07-21 18:19:00.00000054,11.633367
2014-07-21 18:19:00.000000230,11.633518
2014-07-21 18:19:00.000000187,11.633453
2014-07-21 18:19:00.000000100,11.633292
2014-07-21 18:19:00.00000071,11.633341
2014-07-21 18:19:00.000000172,11.633184
2014-07-21 18:19:00.00000025,11.633394
2014-07-21 18:19:00.000000191,11.633279
2014-07-21 18:19:00.00000034,11.633337
2014-07-21 18:19:00.000000176,11.633309
2014-07-21 18:19:00.00000037,11.633471
2014-07-21 18:19:00.000000160,11.633265
2014-07-21 18:19:00.00000077,11.633268
2014-07-21 18:19:00.00000013,11.633539
2014-07-21 18:19:00.000000184,11.633423
2014-07-21 18:19:00.000000232,11.633353
2014-07-21 18:19:00.000000116,11.633066
2014-07-21 18:19:00.00000048,11.633362
2014-07-21 18:19:00.00000067,11.633152
2014-07-21 18:19:00.00000099,11.633711
2014-07-21 18:19:00.000000223,11.63345
2014-07-21 18:19:00.000000162,11.633154
2014-07-21 18:19:00.00000068,11.633236
2014-07-21 18:19:00.000000144,11.633269
2014-07-21 18:19:00.00000035,11.633292
2014-07-21 18:19:00.00000029,11.63351
2014-07-21 18:19:00.00000032,11.633648
2014-07-21 18:19:00.00000082,11.633414
2014-07-21 18:19:00.000000132,11.633296
2014-07-21 18:19:00.000000152,11.633406
2014-07-21 18:19:00.00000039,11.633139
2014-07-21 18:19:00.000000241,11.633311
2014-07-21 18:19:00.00000088,11.633276
2010-09-20 16:48:00.000000159,11.633917
2010-09-20 16:48:00.0000006,11.633381
2010-09-20 16:48:00.000000166,11.633341
2010-09-20 16:48:00.000000110,11.633309
2010-09-20 16:48:00.000000139,11.633304
2010-09-20 16:48:00.00000015,11.632394
2010-09-20 16:48:00.00000068,11.632921
2010-09-20 16:48:00.000000158,11.634359
2010-09-20 16:48:00.00000035,11.633528
2010-09-20 16:48:00.000000148,11.633371
2010-09-20 16:48:00.00000023,11.633401
2010-09-20 16:48:00.00000027,11.633473
2010-09-20 16:48:00.00000092,11.633278
2010-09-20 16:48:00.000000151,11.63323
2010-09-20 16:48:00.00000071,11.6333475
2010-09-20 16:48:00.000000132,11.633471
2010-09-20 16:48:00.00000099,11.633298
2010-09-20 16:48:00.0000001,11.633101
2010-09-20 16:48:00.0000005,11.633547
2011-03-06 21:01:00.00000037,11.633327
2011-03-06 21:01:00.00000028,11.633354
2011-03-06 21:01:00.00000025,11.633422
2011-03-06 21:01:00.000000139,11.633255
2011-03-06 21:01:00.00000083,11.633937
2011-03-06 21:01:00.000000173,11.633802
2011-03-06 21:01:00.00000051,11.633392
2011-03-06 21:01:00.000000116,11.633277
2011-03-06 21:01:00.00000057,11.633552
2011-03-06 21:01:00.000000168,11.6334305
2011-03-06 21:01:00.000000138,11.633884
2011-03-06 21:01:00.00000043,11.633331
2011-03-06 21:01:00.000000127,11.633575
2011-03-06 21:01:00.00000096,11.633232
2011-03-06 21:01:00.00000074,11.633311
2011-03-06 21:01:00.000000113,11.633672
2011-03-06 21:01:00.000000120,11.6336
2011-03-06 21:01:00.00000018,11.633642
2011-03-06 21:01:00.00000071,11.633488
2011-03-06 21:01:00.000000137,11.633294
2011-03-06 21:01:00.00000011,11.63328
2011-03-06 21:01:00.000000146,11.633036
2011-03-06 21:01:00.000000149,11.633652
2011-03-06 21:01:00.00000056,11.633598
2011-03-06 21:01:00.00000052,11.633441
2011-03-06 21:01:00.000000109,11.633567
2012-01-26 07:33:00.000000167,11.633525
2012-01-26 07:33:00.000000114,11.633585
2012-01-26 07:33:00.00000031,11.63357
2012-01-26 07:33:00.000000133,11.633673
2012-01-26 07:33:00.000000180,11.633276
2012-01-26 07:33:00.000000120,11.633469
2012-01-26 07:33:00.000000168,11.633508
2012-01-26 07:33:00.000000122,11.633479
2012-01-26 07:33:00.000000166,11.633681
2012-01-26 07:33:00.000000186,11.633323
2012-01-26 07:33:00.00000068,11.633191
2012-01-26 07:33:00.00000085,11.633887
2012-01-26 07:33:00.000000103,11.633244
2012-01-26 07:33:00.00000081,11.634897
2012-01-26 07:33:00.00000099,11.633223
2012-01-26 07:33:00.00000051,11.633422
2012-01-26 07:33:00.000000160,11.632958
2012-01-26 07:33:00.00000091,11.633329
2012-01-26 07:33:00.00000089,11.633161
2012-01-26 07:33:00.000000189,11.633463
2010-12-09 07:29:00.0000003,11.633209
2010-12-09 07:29:00.00000078,11.633279
2010-12-09 07:29:00.000000127,11.633288
2010-12-09 07:29:00.00000050,11.633423
2010-12-09 07:29:00.000000135,11.633251
2010-12-09 07:29:00.000000196,11.63372
2010-12-09 07:29:00.000000183,11.633462
2010-12-09 07:29:00.000000152,11.63322
2010-12-09 07:29:00.00000098,11.633231
2010-12-09 07:29:00.00000090,11.633549
2010-12-09 07:29:00.00000025,11.633605
2010-12-09 07:29:00.000000150,11.63315
2010-12-09 07:29:00.00000041,11.633871
2010-12-09 07:29:00.000000143,11.633397
2010-12-09 07:29:00.000000148,11.63334
2010-12-09 07:29:00.000000151,11.633425
2010-12-09 07:29:00.0000007,11.633363
2010-12-09 07:29:00.00000069,11.633139
2010-12-09 07:29:00.00000036,11.633282
2010-12-09 07:29:00.00000046,11.633493
2010-12-09 07:29:00.000000195,11.633606
2010-12-09 07:29:00.000000115,11.63372
2010-12-09 07:29:00.000000134,11.6333475
2010-12-09 07:29:00.00000067,11.633241
2010-12-09 07:29:00.000000112,11.633259
2010-12-09 07:29:00.00000015,11.633339
2010-12-09 07:29:00.00000031,11.633145
2010-12-09 07:29:00.000000193,11.633454
2010-12-09 07:29:00.00000012,11.633132
2010-12-09 07:29:00.0000005,11.634369
2010-12-09 07:29:00.00000038,11.633227
2010-12-09 07:29:00.00000097,11.633472
2010-12-09 07:29:00.000000102,11.633409
2010-12-09 07:29:00.00000089,11.633129
2010-12-09 07:29:00.00000068,11.633369
2010-12-09 07:29:00.00000071,11.633479
2010-12-09 07:29:00.000000186,11.633322
2012-05-08 03:50:00.0000009,11.633451
2012-05-08 03:50:00.0000001,11.633433
2012-05-08 03:50:00.00000012,11.633612
2012-05-08 03:50:00.0000006,11.633471
2015-03-12 19:43:24.0000005,11.633516
2015-02-01 00:48:44.0000001,11.633421
2015-02-21 18:39:16.0000005,11.633509
2011-01-24 20:47:04.0000001,11.633322
2010-12-25 13:54:12.0000001,11.633537
2015-04-07 14:31:12.0000001,11.633298
2012-11-20 21:54:00.00000086,11.633731
2012-11-20 21:54:00.000000150,11.633125
2012-11-20 21:54:00.000000184,11.63333
2012-11-20 21:54:00.00000080,11.63325
2012-11-20 21:54:00.00000021,11.633454
2012-11-20 21:54:00.00000019,11.633176
2012-11-20 21:54:00.00000087,11.63323
2012-11-20 21:54:00.00000077,11.63345
2012-11-20 21:54:00.000000216,11.633426
2012-11-20 21:54:00.00000010,11.633202
2012-11-20 21:54:00.000000104,11.633228
2012-11-20 21:54:00.00000048,11.633646
2012-11-20 21:54:00.000000221,11.633931
2012-11-20 21:54:00.00000030,11.633422
2012-11-20 21:54:00.00000085,11.633469
2012-11-20 21:54:00.000000133,11.633234
2012-11-20 21:54:00.000000144,11.633511
2012-11-20 21:54:00.00000047,11.63344
2012-11-20 21:54:00.000000229,11.633385
2012-11-20 21:54:00.00000015,11.633602
2012-11-20 21:54:00.000000101,11.633605
2012-11-20 21:54:00.000000238,11.633436
2012-11-20 21:54:00.00000097,11.633452
2012-11-20 21:54:00.00000049,11.633408
2012-11-20 21:54:00.000000209,11.633381
2012-11-20 21:54:00.00000012,11.633255
2012-11-20 21:54:00.000000132,11.633665
2012-11-20 21:54:00.000000197,11.6334505
2012-11-20 21:54:00.000000211,11.633538
2012-11-20 21:54:00.00000083,11.633515
2012-11-20 21:54:00.000000127,11.633271
2012-11-20 21:54:00.000000223,11.63367
2012-11-20 21:54:00.000000130,11.633504
2012-11-20 21:54:00.000000149,11.633772
2012-11-20 21:54:00.000000196,11.633578
2012-11-20 21:54:00.00000056,11.633354
2012-11-20 21:54:00.00000026,11.633483
2012-11-20 21:54:00.00000055,11.633433
2012-11-20 21:54:00.000000135,11.632546
2014-06-23 00:16:00.00000023,11.633498
2014-06-23 00:16:00.00000014,11.633439
2014-06-23 00:16:00.00000080,11.633356
2014-06-23 00:16:00.0000003,11.633347
2014-06-23 00:16:00.00000029,11.633362
2014-06-23 00:16:00.00000055,11.633643
2014-06-23 00:16:00.00000050,11.634189
2014-06-23 00:16:00.0000002,11.633405
2014-06-23 00:16:00.00000072,11.633644
2014-06-23 00:16:00.00000020,11.633678
2013-09-25 22:00:00.00000052,11.632972
2013-09-25 22:00:00.000000129,11.6334
2013-09-25 22:00:00.000000226,11.634369
2013-09-25 22:00:00.00000029,11.633187
2013-09-25 22:00:00.000000141,11.63336
2013-09-25 22:00:00.000000206,11.633363
2013-09-25 22:00:00.00000051,11.633357
2013-09-25 22:00:00.000000238,11.633356
2013-09-25 22:00:00.000000251,11.633325
2013-09-25 22:00:00.00000031,11.633498
2013-09-25 22:00:00.000000124,11.633379
2013-09-25 22:00:00.000000102,11.633324
2013-09-25 22:00:00.000000198,11.63333
2013-09-25 22:00:00.000000208,11.633334
2013-09-25 22:00:00.00000087,11.633314
2013-09-25 22:00:00.000000116,11.633645
2013-09-25 22:00:00.00000034,11.63316
2013-09-25 22:00:00.000000104,11.63339
2013-09-25 22:00:00.00000088,11.633349
2013-09-25 22:00:00.000000218,11.633303
2013-09-25 22:00:00.00000065,11.633222
2013-09-25 22:00:00.000000115,11.633507
2013-09-25 22:00:00.00000042,11.633638
2013-09-25 22:00:00.000000234,11.63326
2013-09-25 22:00:00.000000247,11.633615
2013-09-25 22:00:00.000000147,11.633575
2013-09-25 22:00:00.000000248,11.633633
2013-09-25 22:00:00.000000162,11.633656
2013-09-25 22:00:00.000000130,11.633671
2013-09-25 22:00:00.000000174,11.633621
2015-03-04 21:42:57.0000006,11.633361
2015-04-25 01:06:17.0000005,11.63339
2015-02-19 11:39:21.0000001,11.633373
2015-01-29 13:15:50.0000001,11.63363
2015-05-07 15:33:26.0000005,11.63321
2015-02-09 07:16:26.0000005,11.633679
2015-04-16 18:45:22.0000004,11.633589
2015-05-31 20:48:54.0000006,11.634511
2015-05-31 20:48:54.0000003,11.633246
2015-06-18 20:56:55.0000001,11.633804
2015-02-14 13:15:19.0000005,11.633136
2015-05-10 12:37:51.0000007,11.633255
2015-05-10 12:37:51.0000005,11.63349
2015-05-20 00:59:15.0000002,11.633228
2015-05-29 18:59:35.0000003,11.63345
2015-02-25 18:00:51.0000008,11.633351
2015-02-08 08:44:03.0000002,11.633098
2015-05-12 08:31:07.0000003,11.633335
2015-03-16 21:12:19.0000007,11.633062
2014-06-14 13:39:00.000000117,11.720564
2014-06-14 13:39:00.000000187,11.720557
2014-06-14 13:39:00.00000099,11.720641
2014-06-14 13:39:00.000000112,11.72068
2014-06-14 13:39:00.00000039,11.720866
2014-06-14 13:39:00.00000078,11.72106
2014-06-14 13:39:00.00000084,11.72075
2014-06-14 13:39:00.000000166,11.720555
2014-06-14 13:39:00.00000089,11.720556
2014-06-14 13:39:00.00000047,11.720795
2014-06-14 13:39:00.0000001,11.720441
2015-01-31 20:54:04.0000002,11.720803
2011-10-02 23:36:00.0000002,11.720712
2011-10-02 23:36:00.00000051,11.72042
2011-06-24 12:03:00.000000182,11.720622
2011-06-24 12:03:00.000000103,11.720655
2011-06-24 12:03:00.0000003,11.720626
2011-06-01 07:37:00.00000050,11.720798
2010-08-27 18:45:00.000000216,11.720543
2010-08-14 02:13:00.000000135,11.720813
2014-03-25 23:47:00.00000022,11.720532
2014-03-25 23:47:00.000000128,11.721058
2014-03-25 23:47:00.000000105,11.720529
2014-03-25 23:47:00.00000091,11.72087
2014-03-25 23:47:00.00000054,11.720584
2014-03-25 23:47:00.000000129,11.72075
2014-03-25 23:47:00.00000063,11.720521
2014-03-25 23:47:00.00000060,11.720715
2014-03-25 23:47:00.00000075,11.720871
2010-09-29 16:43:00.00000083,11.720544
2014-10-27 14:58:00.000000145,11.720526
2014-10-27 14:58:00.0000007,11.720295
2014-10-27 14:58:00.00000031,11.720372
2014-10-27 14:58:00.000000128,11.720775
2014-10-27 14:58:00.00000097,11.720404
2014-10-27 14:58:00.00000078,11.720755
2014-10-27 14:58:00.000000135,11.720751
2012-11-03 17:11:00.00000044,11.720565
2012-11-03 17:11:00.00000050,11.7202
2012-11-03 17:11:00.00000024,11.720729
2012-11-03 17:11:00.00000072,11.720564
2012-11-03 17:11:00.000000159,11.720576
2012-11-03 17:11:00.000000126,11.720518
2012-11-03 17:11:00.00000090,11.720655
2011-03-11 01:44:00.00000062,11.72062
2015-02-22 09:48:32.0000004,11.720495
2011-10-04 09:37:00.000000102,11.720692
2011-10-04 09:37:00.00000023,11.720492
2014-12-24 03:00:00.0000003,11.720667
2014-12-24 03:00:00.00000014,11.7204685
2014-12-24 03:00:00.0000002,11.720728
2014-12-24 03:00:00.00000027,11.7209215
2015-04-11 20:31:32.0000004,11.720776
2014-04-27 02:57:00.000000123,11.72076
2014-04-27 02:57:00.00000078,11.720509
2014-04-27 02:57:00.00000075,11.72074
2014-04-27 02:57:00.000000178,11.720636
2014-04-27 02:57:00.0000004,11.720798
2014-04-27 02:57:00.000000166,11.720704
2014-04-27 02:57:00.00000091,11.721224
2014-04-27 02:57:00.000000173,11.720718
2014-04-27 02:57:00.00000066,11.720882
2014-04-27 02:57:00.000000183,11.720864
2014-04-27 02:57:00.000000179,11.720935
2014-04-27 02:57:00.000000144,11.720707
2014-04-27 02:57:00.00000025,11.720946
2014-04-27 02:57:00.00000052,11.720824
2014-04-27 02:57:00.00000094,11.720868
2014-04-27 02:57:00.000000189,11.721282
2011-12-13 22:00:00.00000040,11.720437
2011-12-13 22:00:00.000000228,11.720651
2011-12-13 22:00:00.000000130,11.72049
2011-12-13 22:00:00.000000141,11.720771
2011-12-13 22:00:00.000000149,11.720613
2011-12-13 22:00:00.000000224,11.720871
2011-12-13 22:00:00.000000154,11.720409
2011-12-13 22:00:00.000000131,11.720654
2011-12-13 22:00:00.0000002,11.720745
2011-12-13 22:00:00.000000221,11.720472
2011-12-13 22:00:00.00000056,11.720427
2011-12-13 22:00:00.000000195,11.720377
2011-12-13 22:00:00.000000191,11.720593
2011-12-13 22:00:00.00000059,11.720563
2015-02-26 15:55:48.0000001,11.7210245
2014-07-21 18:19:00.000000197,11.720477
2014-07-21 18:19:00.000000153,11.720552
2014-07-21 18:19:00.000000159,11.720698
2014-07-21 18:19:00.000000212,11.720572
2014-07-21 18:19:00.00000091,11.720616
2014-07-21 18:19:00.0000002,11.72074
2014-07-21 18:19:00.000000142,11.720373
2014-07-21 18:19:00.000000141,11.720722
2014-07-21 18:19:00.000000149,11.720649
2014-07-21 18:19:00.00000065,11.720439
2014-07-21 18:19:00.00000033,11.72086
2010-09-20 16:48:00.000000146,11.720612
2010-09-20 16:48:00.00000047,11.720913
2010-09-20 16:48:00.000000129,11.720673
2015-01-26 07:13:44.0000005,11.721675
2011-03-06 21:01:00.00000033,11.720614
2012-01-26 07:33:00.00000090,11.72074
2012-01-26 07:33:00.00000087,11.720651
2012-01-26 07:33:00.00000012,11.720272
2012-01-26 07:33:00.000000171,11.720774
2012-01-26 07:33:00.00000065,11.720684
2012-01-26 07:33:00.00000088,11.72083
2012-01-26 07:33:00.000000119,11.720495
2015-03-20 23:34:40.0000004,11.720563
2010-12-09 07:29:00.0000001,11.720759
2012-05-08 03:50:00.00000013,11.720781
2015-03-12 19:43:24.0000003,11.720456
2012-11-20 21:54:00.00000034,11.720927
2012-11-20 21:54:00.000000170,11.720599
2012-11-20 21:54:00.000000108,11.720677
2012-11-20 21:54:00.00000031,11.720634
2012-11-20 21:54:00.000000171,11.720572
2012-11-20 21:54:00.00000023,11.720695
2012-11-20 21:54:00.00000074,11.720852
2012-11-20 21:54:00.000000122,11.720167
2012-11-20 21:54:00.0000006,11.720563
2012-11-20 21:54:00.000000160,11.720591
2012-11-20 21:54:00.00000042,11.7206
2012-11-20 21:54:00.00000039,11.720704
2012-11-20 21:54:00.00000043,11.720758
2012-11-20 21:54:00.000000219,11.720572
2012-11-20 21:54:00.00000020,11.720936
2012-11-20 21:54:00.000000222,11.720664
2012-11-20 21:54:00.0000005,11.720786
2012-11-20 21:54:00.000000154,11.720497
2014-06-23 00:16:00.00000060,11.720628
2014-06-23 00:16:00.0000008,11.720898
2014-06-23 00:16:00.00000035,11.720582
2014-06-23 00:16:00.00000052,11.720762
2014-06-23 00:16:00.00000053,11.720941
2013-09-25 22:00:00.00000056,11.721008
2013-09-25 22:00:00.00000083,11.720894
2013-09-25 22:00:00.000000128,11.720848
2013-09-25 22:00:00.00000037,11.72064
2013-09-25 22:00:00.00000013,11.720899
2013-09-25 22:00:00.000000168,11.720931
2013-09-25 22:00:00.000000181,11.720517
2013-09-25 22:00:00.00000016,11.720539
2013-09-25 22:00:00.00000063,11.720577
2013-09-25 22:00:00.00000047,11.720746
2013-09-25 22:00:00.000000220,11.720831
2013-09-25 22:00:00.000000163,11.720522
2013-09-25 22:00:00.00000077,11.7211075
2013-09-25 22:00:00.00000060,11.721966
2013-09-25 22:00:00.000000213,11.72091
2013-09-25 22:00:00.000000150,11.720638
2013-09-25 22:00:00.00000010,11.720358
2013-09-25 22:00:00.000000146,11.720545
2013-09-25 22:00:00.00000041,11.7210455
2013-09-25 22:00:00.000000109,11.720636
2013-09-25 22:00:00.000000210,11.720588
2013-09-25 22:00:00.000000151,11.720615
2013-09-25 22:00:00.000000190,11.7203045
2013-09-25 22:00:00.000000153,11.720808
2013-09-25 22:00:00.000000241,11.720966
2013-09-25 22:00:00.000000127,11.720426
2015-02-20 11:08:29.0000001,11.720186
2015-01-12 15:36:37.0000002,11.720399
2015-06-07 00:38:14.0000002,11.720633
2015-04-12 21:56:22.0000005,11.720452
2015-04-10 11:56:54.0000004,11.720541
2015-06-25 01:01:46.0000002,11.720853
2015-05-29 10:02:42.0000001,11.7207365
2015-06-30 20:03:50.0000002,11.7217655
2015-02-27 19:36:02.0000006,11.720476
2015-06-15 01:00:06.0000002,11.720934
2015-02-03 09:00:58.0000001,11.720525
2015-05-19 13:58:11.0000001,11.720947
2015-05-10 12:37:51.0000002,11.720278
2015-01-12 17:05:51.0000001,11.720225
2015-04-19 20:44:15.0000001,11.721249
2015-01-31 01:05:19.0000005,11.7207985
2015-01-18 14:06:23.0000006,11.720594
